{"2009110800":{"home":{"score":{"1":14,"2":10,"3":0,"4":7,"5":0,"T":31},"abbr":"ATL","to":1,"stats":{"passing":{"00-0026143":{"name":"M.Ryan","att":24,"cmp":17,"yds":135,"tds":1,"ints":1,"twopta":0,"twoptm":0}},"rushing":{"00-0022821":{"name":"M.Turner","att":18,"yds":166,"tds":2,"lng":58,"twopta":0,"twoptm":0},"00-0026143":{"name":"M.Ryan","att":5,"yds":6,"tds":0,"lng":5,"twopta":0,"twoptm":0},"00-0015601":{"name":"A.Stecker","att":2,"yds":6,"tds":0,"lng":6,"twopta":0,"twoptm":0},"00-0023462":{"name":"R.White","att":1,"yds":2,"tds":0,"lng":2,"twopta":0,"twoptm":0},"00-0024535":{"name":"E.Weems","att":1,"yds":1,"tds":0,"lng":1,"twopta":0,"twoptm":0}},"receiving":{"00-0006101":{"name":"T.Gonzalez","rec":5,"yds":41,"tds":1,"lng":13,"twopta":0,"twoptm":0},"00-0023462":{"name":"R.White","rec":3,"yds":27,"tds":0,"lng":12,"twopta":0,"twoptm":0},"00-0015601":{"name":"A.Stecker","rec":3,"yds":22,"tds":0,"lng":14,"twopta":0,"twoptm":0},"00-0022821":{"name":"M.Turner","rec":2,"yds":14,"tds":0,"lng":8,"twopta":0,"twoptm":0},"00-0005231":{"name":"B.Finneran","rec":1,"yds":9,"tds":0,"lng":9,"twopta":0,"twoptm":0},"00-0001477":{"name":"M.Booker","rec":1,"yds":9,"tds":0,"lng":9,"twopta":0,"twoptm":0},"00-0022143":{"name":"O.Mughelli","rec":1,"yds":8,"tds":0,"lng":8,"twopta":0,"twoptm":0},"00-0022781":{"name":"M.Jenkins","rec":1,"yds":5,"tds":0,"lng":5,"twopta":0,"twoptm":0}},"kicking":{"00-0004811":{"name":"J.Elam","fgm":1,"fga":1,"fgyds":33,"totpfg":3,"xpmade":4,"xpmissed":0,"xpa":4,"xpb":0,"xptot":4}},"punting":{"00-0023234":{"name":"M.Koenen","pts":3,"yds":126,"avg":43,"i20":3,"lng":48}},"kickret":{"00-0024535":{"name":"E.Weems","ret":4,"avg":24,"tds":0,"lng":38}},"puntret":{"00-0024535":{"name":"E.Weems","ret":2,"avg":6,"tds":0,"lng":10}},"defense":{"00-0023494":{"name":"J.Babineaux","tkl":9,"ast":1,"sk":2.5,"int":0,"ffum":0},"00-0012871":{"name":"M.Peterson","tkl":8,"ast":0,"sk":0,"int":0,"ffum":0},"00-0022218":{"name":"E.Coleman","tkl":7,"ast":1,"sk":0,"int":0,"ffum":0},"00-0026177":{"name":"C.Lofton","tkl":5,"ast":3,"sk":0,"int":0,"ffum":0},"00-0025428":{"name":"C.Houston","tkl":5,"ast":0,"sk":0,"int":0,"ffum":0},"00-0019546":{"name":"J.Abraham","tkl":3,"ast":1,"sk":0.5,"int":0,"ffum":0},"00-0026208":{"name":"C.Jackson","tkl":3,"ast":0,"sk":1,"int":0,"ffum":0},"00-0026942":{"name":"V.Walker","tkl":3,"ast":0,"sk":0,"int":0,"ffum":0},"00-0025496":{"name":"S.Nicholas","tkl":2,"ast":1,"sk":0,"int":0,"ffum":0},"00-0026238":{"name":"T.DeCoud","tkl":2,"ast":1,"sk":0,"int":0,"ffum":0},"00-0026294":{"name":"K.Biermann","tkl":2,"ast":0,"sk":1,"int":0,"ffum":0},"00-0025395":{"name":"J.Anderson","tkl":1,"ast":1,"sk":0,"int":0,"ffum":0},"00-0025572":{"name":"T.Lewis","tkl":1,"ast":0,"sk":0,"int":0,"ffum":0},"00-0024183":{"name":"B.Grimes","tkl":1,"ast":0,"sk":0,"int":0,"ffum":0},"00-0024230":{"name":"T.Hill","tkl":0,"ast":0,"sk":0,"int":1,"ffum":0}},"team":{"totfd":18,"totyds":306,"pyds":125,"ryds":181,"pen":7,"penyds":54,"trnovr":1,"pt":3,"ptyds":126,"ptavg":43,"top":"26:28"}},"players":null},"away":{"score":{"1":0,"2":3,"3":7,"4":7,"5":0,"T":17},"abbr":"WAS","to":0,"stats":{"passing":{"00-0023460":{"name":"J.Campbell","att":22,"cmp":15,"yds":196,"tds":1,"ints":1,"twopta":0,"twoptm":0},"00-0003315":{"name":"T.Collins","att":5,"cmp":4,"yds":12,"tds":0,"ints":0,"twopta":0,"twoptm":0}},"rushing":{"00-0021184":{"name":"L.Betts","att":15,"yds":70,"tds":1,"lng":15,"twopta":0,"twoptm":0},"00-0023460":{"name":"J.Campbell","att":5,"yds":40,"tds":0,"lng":19,"twopta":0,"twoptm":0},"00-0021357":{"name":"R.Cartwright","att":7,"yds":16,"tds":0,"lng":7,"twopta":0,"twoptm":0},"00-0020494":{"name":"S.Moss","att":1,"yds":6,"tds":0,"lng":6,"twopta":0,"twoptm":0},"00-0021179":{"name":"C.Portis","att":4,"yds":4,"tds":0,"lng":5,"twopta":0,"twoptm":0}},"receiving":{"00-0020494":{"name":"S.Moss","rec":5,"yds":47,"tds":0,"lng":25,"twopta":0,"twoptm":0},"00-0014655":{"name":"M.Sellers","rec":3,"yds":56,"tds":0,"lng":47,"twopta":0,"twoptm":0},"00-0021190":{"name":"A.Randle El","rec":3,"yds":28,"tds":0,"lng":13,"twopta":0,"twoptm":0},"00-0026188":{"name":"F.Davis","rec":2,"yds":26,"tds":0,"lng":16,"twopta":0,"twoptm":0},"00-0026959":{"name":"M.Mitchell","rec":2,"yds":22,"tds":0,"lng":11,"twopta":0,"twoptm":0},"00-0021184":{"name":"L.Betts","rec":1,"yds":23,"tds":0,"lng":23,"twopta":0,"twoptm":0},"00-0026191":{"name":"M.Kelly","rec":1,"yds":4,"tds":0,"lng":4,"twopta":0,"twoptm":0},"00-0019127":{"name":"T.Yoder","rec":1,"yds":3,"tds":1,"lng":3,"twopta":0,"twoptm":0},"00-0021357":{"name":"R.Cartwright","rec":1,"yds":-1,"tds":0,"lng":-1,"twopta":0,"twoptm":0}},"kicking":{"00-0023001":{"name":"S.Suisham","fgm":1,"fga":1,"fgyds":48,"totpfg":3,"xpmade":2,"xpmissed":0,"xpa":2,"xpb":0,"xptot":2}},"punting":{"00-0025728":{"name":"S.Paulescu","pts":3,"yds":150,"avg":46,"i20":0,"lng":53}},"kickret":{"00-0021357":{"name":"R.Cartwright","ret":3,"avg":18,"tds":0,"lng":22}},"puntret":{"00-0022923":{"name":"D.Hall","ret":1,"avg":-2,"tds":0,"lng":-2}},"defense":{"00-0026389":{"name":"C.Horton","tkl":6,"ast":0,"sk":0,"int":0,"ffum":0},"00-0024387":{"name":"R.Doughty","tkl":6,"ast":0,"sk":0,"int":0,"ffum":0},"00-0025393":{"name":"L.Landry","tkl":5,"ast":0,"sk":0,"int":0,"ffum":0},"00-0021149":{"name":"A.Haynesworth","tkl":4,"ast":0,"sk":0,"int":0,"ffum":0},"00-0026989":{"name":"B.Orakpo","tkl":3,"ast":1,"sk":2,"int":0,"ffum":0},"00-0005322":{"name":"L.Fletcher","tkl":3,"ast":1,"sk":0,"int":0,"ffum":0},"00-0024410":{"name":"K.Golston","tkl":2,"ast":0,"sk":1,"int":0,"ffum":0},"00-0024250":{"name":"R.McIntosh","tkl":2,"ast":0,"sk":0,"int":1,"ffum":0},"00-0023444":{"name":"C.Rogers","tkl":2,"ast":0,"sk":0,"int":0,"ffum":0},"00-0022923":{"name":"D.Hall","tkl":2,"ast":0,"sk":0,"int":0,"ffum":0},"00-0003874":{"name":"P.Daniels","tkl":1,"ast":1,"sk":0,"int":0,"ffum":0},"00-0020489":{"name":"A.Carter","tkl":1,"ast":0,"sk":0,"int":0,"ffum":0},"00-0025566":{"name":"H.Blades","tkl":1,"ast":0,"sk":0,"int":0,"ffum":0},"00-0026264":{"name":"J.Tryon","tkl":1,"ast":0,"sk":0,"int":0,"ffum":0},"00-0019700":{"name":"C.Griffin","tkl":1,"ast":0,"sk":0,"int":0,"ffum":0}},"team":{"totfd":17,"totyds":312,"pyds":176,"ryds":136,"pen":10,"penyds":88,"trnovr":1,"pt":3,"ptyds":150,"ptavg":46,"top":"33:32"}},"players":null},"drives":{"1":{"posteam":"ATL","qtr":1,"redzone":true,"plays":{"36":{"sp":0,"qtr":1,"down":0,"time":"15:00","yrdln":"WAS 30","ydstogo":0,"ydsnet":0,"posteam":"WAS","desc":"S.Suisham kicks 63 yards from WAS 30 to ATL 7. E.Weems to ATL 26 for 19 yards (R.Cartwright).","note":"KICKOFF","players":{"00-0023001":[{"sequence":1,"clubcode":"WAS","playerName":"S.Suisham","statId":41,"yards":63}],"00-0021357":[{"sequence":3,"clubcode":"WAS","playerName":"R.Cartwright","statId":79,"yards":0}],"00-0024535":[{"sequence":2,"clubcode":"ATL","playerName":"E.Weems","statId":45,"yards":19}]}},"58":{"sp":0,"qtr":1,"down":1,"time":"15:00","yrdln":"ATL 26","ydstogo":10,"ydsnet":5,"posteam":"ATL","desc":"(15:00) PENALTY on WAS-A.Haynesworth, Encroachment, 5 yards, enforced at ATL 26 - No Play.","note":"PENALTY","players":{"00-0021149":[{"sequence":1,"clubcode":"WAS","playerName":"A.Haynesworth","statId":93,"yards":5}]}},"81":{"sp":0,"qtr":1,"down":1,"time":"14:49","yrdln":"ATL 31","ydstogo":5,"ydsnet":7,"posteam":"ATL","desc":"(14:49) M.Turner left guard to ATL 33 for 2 yards (A.Haynesworth).","note":null,"players":{"00-0022821":[{"sequence":1,"clubcode":"ATL","playerName":"M.Turner","statId":10,"yards":2}],"00-0021149":[{"sequence":2,"clubcode":"WAS","playerName":"A.Haynesworth","statId":79,"yards":0}]}},"102":{"sp":0,"qtr":1,"down":2,"time":"14:15","yrdln":"ATL 33","ydstogo":3,"ydsnet":12,"posteam":"ATL","desc":"(14:15) M.Ryan scrambles right end to ATL 38 for 5 yards (C.Rogers).","note":null,"players":{"00-0026143":[{"sequence":2,"clubcode":"ATL","playerName":"M.Ryan","statId":10,"yards":5}],"00-0023444":[{"sequence":3,"clubcode":"WAS","playerName":"C.Rogers","statId":79,"yards":0}],"0":[{"sequence":1,"clubcode":"ATL","playerName":"","statId":3,"yards":0}]}},"123":{"sp":0,"qtr":1,"down":1,"time":"13:38","yrdln":"ATL 38","ydstogo":10,"ydsnet":25,"posteam":"ATL","desc":"(13:38) M.Ryan pass short left to T.Gonzalez to WAS 49 for 13 yards (L.Landry).","note":null,"players":{"00-0025393":[{"sequence":7,"clubcode":"WAS","playerName":"L.Landry","statId":79,"yards":0}],"00-0026143":[{"sequence":2,"clubcode":"ATL","playerName":"M.Ryan","statId":15,"yards":13},{"sequence":3,"clubcode":"ATL","playerName":"M.Ryan","statId":111,"yards":10}],"00-0006101":[{"sequence":4,"clubcode":"ATL","playerName":"T.Gonzalez","statId":21,"yards":13},{"sequence":5,"clubcode":"ATL","playerName":"T.Gonzalez","statId":115,"yards":0},{"sequence":6,"clubcode":"ATL","playerName":"T.Gonzalez","statId":113,"yards":3}],"0":[{"sequence":1,"clubcode":"ATL","playerName":"","statId":4,"yards":0}]}},"147":{"sp":0,"qtr":1,"down":1,"time":"12:59","yrdln":"WAS 49","ydstogo":10,"ydsnet":24,"posteam":"ATL","desc":"(12:59) M.Turner up the middle to WAS 50 for -1 yards (A.Carter).","note":null,"players":{"00-0022821":[{"sequence":1,"clubcode":"ATL","playerName":"M.Turner","statId":10,"yards":-1}],"0":[{"sequence":2,"clubcode":"ATL","playerName":"","statId":95,"yards":-1}],"00-0020489":[{"sequence":3,"clubcode":"WAS","playerName":"A.Carter","statId":79,"yards":0},{"sequence":4,"clubcode":"WAS","playerName":"A.Carter","statId":120,"yards":0}]}},"168":{"sp":0,"qtr":1,"down":2,"time":"12:22","yrdln":"WAS 50","ydstogo":11,"ydsnet":57,"posteam":"ATL","desc":"(12:22) M.Turner left end pushed ob at WAS 17 for 33 yards (L.Landry).","note":null,"players":{"00-0025393":[{"sequence":3,"clubcode":"WAS","playerName":"L.Landry","statId":79,"yards":0}],"00-0022821":[{"sequence":2,"clubcode":"ATL","playerName":"M.Turner","statId":10,"yards":33}],"0":[{"sequence":1,"clubcode":"ATL","playerName":"","statId":3,"yards":0}]}},"189":{"sp":0,"qtr":1,"down":1,"time":"11:47","yrdln":"WAS 17","ydstogo":10,"ydsnet":57,"posteam":"ATL","desc":"(11:47) M.Ryan pass incomplete short right to M.Turner.","note":null,"players":{"00-0022821":[{"sequence":2,"clubcode":"ATL","playerName":"M.Turner","statId":115,"yards":0}],"00-0026143":[{"sequence":1,"clubcode":"ATL","playerName":"M.Ryan","statId":14,"yards":0},{"sequence":3,"clubcode":"ATL","playerName":"M.Ryan","statId":112,"yards":-6}]}},"211":{"sp":0,"qtr":1,"down":2,"time":"11:42","yrdln":"WAS 17","ydstogo":10,"ydsnet":57,"posteam":"ATL","desc":"(11:42) M.Ryan sacked at WAS 17 for 0 yards (K.Golston).","note":null,"players":{"00-0026143":[{"sequence":1,"clubcode":"ATL","playerName":"M.Ryan","statId":20,"yards":0}],"00-0024410":[{"sequence":2,"clubcode":"WAS","playerName":"K.Golston","statId":83,"yards":0},{"sequence":3,"clubcode":"WAS","playerName":"K.Golston","statId":110,"yards":0},{"sequence":4,"clubcode":"WAS","playerName":"K.Golston","statId":79,"yards":0}]}},"234":{"sp":0,"qtr":1,"down":3,"time":"11:11","yrdln":"WAS 17","ydstogo":10,"ydsnet":66,"posteam":"ATL","desc":"(11:11) (Shotgun) M.Ryan pass short right to B.Finneran to WAS 8 for 9 yards (J.Tryon).","note":null,"players":{"00-0026143":[{"sequence":2,"clubcode":"ATL","playerName":"M.Ryan","statId":15,"yards":9},{"sequence":3,"clubcode":"ATL","playerName":"M.Ryan","statId":111,"yards":7}],"00-0026264":[{"sequence":7,"clubcode":"WAS","playerName":"J.Tryon","statId":79,"yards":0}],"0":[{"sequence":1,"clubcode":"ATL","playerName":"","statId":7,"yards":0}],"00-0005231":[{"sequence":4,"clubcode":"ATL","playerName":"B.Finneran","statId":21,"yards":9},{"sequence":5,"clubcode":"ATL","playerName":"B.Finneran","statId":115,"yards":0},{"sequence":6,"clubcode":"ATL","playerName":"B.Finneran","statId":113,"yards":2}]}},"258":{"sp":0,"qtr":1,"down":4,"time":"10:23","yrdln":"WAS 8","ydstogo":1,"ydsnet":70,"posteam":"ATL","desc":"(10:23) (Run formation) PENALTY on WAS-A.Haynesworth, Defensive Offside, 4 yards, enforced at WAS 8 - No Play.","note":"PENALTY","players":{"0":[{"sequence":1,"clubcode":"ATL","playerName":"","statId":5,"yards":0}],"00-0021149":[{"sequence":2,"clubcode":"WAS","playerName":"A.Haynesworth","statId":93,"yards":4}]}},"281":{"sp":0,"qtr":1,"down":1,"time":"10:05","yrdln":"WAS 4","ydstogo":4,"ydsnet":72,"posteam":"ATL","desc":"(10:05) M.Turner up the middle to WAS 2 for 2 yards (R.McIntosh).","note":null,"players":{"00-0022821":[{"sequence":1,"clubcode":"ATL","playerName":"M.Turner","statId":10,"yards":2}],"00-0024250":[{"sequence":2,"clubcode":"WAS","playerName":"R.McIntosh","statId":79,"yards":0}]}},"302":{"sp":1,"qtr":1,"down":2,"time":"09:22","yrdln":"WAS 2","ydstogo":2,"ydsnet":74,"posteam":"ATL","desc":"(9:22) M.Ryan pass short left to T.Gonzalez for 2 yards, TOUCHDOWN.","note":"TD","players":{"00-0026143":[{"sequence":2,"clubcode":"ATL","playerName":"M.Ryan","statId":16,"yards":2},{"sequence":3,"clubcode":"ATL","playerName":"M.Ryan","statId":111,"yards":2}],"00-0006101":[{"sequence":4,"clubcode":"ATL","playerName":"T.Gonzalez","statId":22,"yards":2},{"sequence":5,"clubcode":"ATL","playerName":"T.Gonzalez","statId":115,"yards":0},{"sequence":6,"clubcode":"ATL","playerName":"T.Gonzalez","statId":113,"yards":0}],"0":[{"sequence":1,"clubcode":"ATL","playerName":"","statId":4,"yards":0}]}},"322":{"sp":1,"qtr":1,"down":0,"time":"09:18","yrdln":"WAS 2","ydstogo":0,"ydsnet":74,"posteam":"ATL","desc":"J.Elam extra point is GOOD, Center-B.Pittman, Holder-M.Koenen.","note":"XP","players":{"00-0004811":[{"sequence":1,"clubcode":"ATL","playerName":"J.Elam","statId":72,"yards":0}]}}},"fds":5,"result":"Touchdown","penyds":9,"ydsgained":65,"numplays":14,"postime":"5:42","start":{"qtr":1,"time":"15:00","yrdln":"ATL 26","team":"ATL"},"end":{"qtr":1,"time":"09:18","yrdln":"WAS 2","team":"ATL"}},"2":{"posteam":"WAS","qtr":1,"redzone":true,"plays":{"338":{"sp":0,"qtr":1,"down":0,"time":"09:18","yrdln":"ATL 30","ydstogo":0,"ydsnet":0,"posteam":"ATL","desc":"M.Koenen kicks 66 yards from ATL 30 to WAS 4. R.Cartwright pushed ob at WAS 24 for 20 yards (E.Weems).","note":"KICKOFF","players":{"00-0023234":[{"sequence":1,"clubcode":"ATL","playerName":"M.Koenen","statId":41,"yards":66}],"00-0021357":[{"sequence":2,"clubcode":"WAS","playerName":"R.Cartwright","statId":45,"yards":20}],"00-0024535":[{"sequence":3,"clubcode":"ATL","playerName":"E.Weems","statId":79,"yards":0}]}},"365":{"sp":0,"qtr":1,"down":1,"time":"09:13","yrdln":"WAS 24","ydstogo":10,"ydsnet":1,"posteam":"WAS","desc":"(9:13) C.Portis left guard to WAS 25 for 1 yard (J.Babineaux).","note":null,"players":{"00-0021179":[{"sequence":1,"clubcode":"WAS","playerName":"C.Portis","statId":10,"yards":1}],"00-0023494":[{"sequence":2,"clubcode":"ATL","playerName":"J.Babineaux","statId":79,"yards":0}]}},"386":{"sp":0,"qtr":1,"down":2,"time":"08:37","yrdln":"WAS 25","ydstogo":9,"ydsnet":1,"posteam":"WAS","desc":"(8:37) C.Portis left end to WAS 25 for no gain (J.Babineaux).","note":null,"players":{"00-0021179":[{"sequence":1,"clubcode":"WAS","playerName":"C.Portis","statId":10,"yards":0}],"00-0023494":[{"sequence":2,"clubcode":"ATL","playerName":"J.Babineaux","statId":79,"yards":0}]}},"407":{"sp":0,"qtr":1,"down":3,"time":"07:55","yrdln":"WAS 25","ydstogo":9,"ydsnet":-7,"posteam":"WAS","desc":"(7:55) (Shotgun) J.Campbell sacked at WAS 17 for -8 yards (K.Biermann).","note":null,"players":{"00-0023460":[{"sequence":2,"clubcode":"WAS","playerName":"J.Campbell","statId":20,"yards":-8}],"00-0026294":[{"sequence":3,"clubcode":"ATL","playerName":"K.Biermann","statId":83,"yards":-8},{"sequence":4,"clubcode":"ATL","playerName":"K.Biermann","statId":110,"yards":0},{"sequence":5,"clubcode":"ATL","playerName":"K.Biermann","statId":79,"yards":0},{"sequence":6,"clubcode":"ATL","playerName":"K.Biermann","statId":120,"yards":0}],"0":[{"sequence":1,"clubcode":"WAS","playerName":"","statId":7,"yards":0}]}},"426":{"sp":0,"qtr":1,"down":4,"time":"07:31","yrdln":"WAS 17","ydstogo":17,"ydsnet":-7,"posteam":"WAS","desc":"(7:31) S.Paulescu punts 47 yards to ATL 36, Center-E.Albright. E.Weems to ATL 46 for 10 yards (K.Moore).","note":"PUNT","players":{"00-0026320":[{"sequence":3,"clubcode":"WAS","playerName":"K.Moore","statId":79,"yards":0}],"00-0024535":[{"sequence":2,"clubcode":"ATL","playerName":"E.Weems","statId":33,"yards":10}],"00-0025728":[{"sequence":1,"clubcode":"WAS","playerName":"S.Paulescu","statId":29,"yards":47}]}}},"fds":0,"result":"Punt","penyds":0,"ydsgained":-7,"numplays":5,"postime":"1:58","start":{"qtr":1,"time":"09:18","yrdln":"WAS 24","team":"WAS"},"end":{"qtr":1,"time":"07:20","yrdln":"WAS 17","team":"WAS"}},"3":{"posteam":"ATL","qtr":1,"redzone":true,"plays":{"451":{"sp":0,"qtr":1,"down":1,"time":"07:20","yrdln":"ATL 46","ydstogo":10,"ydsnet":1,"posteam":"ATL","desc":"(7:20) E.Weems left end to ATL 47 for 1 yard (C.Horton, B.Orakpo).","note":null,"players":{"00-0026989":[{"sequence":3,"clubcode":"WAS","playerName":"B.Orakpo","statId":82,"yards":0}],"00-0026389":[{"sequence":2,"clubcode":"WAS","playerName":"C.Horton","statId":80,"yards":0}],"00-0024535":[{"sequence":1,"clubcode":"ATL","playerName":"E.Weems","statId":10,"yards":1}]}},"472":{"sp":0,"qtr":1,"down":2,"time":"06:42","yrdln":"ATL 47","ydstogo":9,"ydsnet":7,"posteam":"ATL","desc":"(6:42) M.Ryan pass short middle to M.Turner to WAS 47 for 6 yards (L.Fletcher).","note":null,"players":{"00-0022821":[{"sequence":3,"clubcode":"ATL","playerName":"M.Turner","statId":21,"yards":6},{"sequence":4,"clubcode":"ATL","playerName":"M.Turner","statId":115,"yards":0},{"sequence":5,"clubcode":"ATL","playerName":"M.Turner","statId":113,"yards":2}],"00-0026143":[{"sequence":1,"clubcode":"ATL","playerName":"M.Ryan","statId":15,"yards":6},{"sequence":2,"clubcode":"ATL","playerName":"M.Ryan","statId":111,"yards":4}],"00-0005322":[{"sequence":6,"clubcode":"WAS","playerName":"L.Fletcher","statId":79,"yards":0}]}},"496":{"sp":0,"qtr":1,"down":3,"time":"06:04","yrdln":"WAS 47","ydstogo":3,"ydsnet":6,"posteam":"ATL","desc":"(6:04) (Shotgun) M.Ryan sacked at WAS 48 for -1 yards (B.Orakpo).","note":null,"players":{"00-0026989":[{"sequence":3,"clubcode":"WAS","playerName":"B.Orakpo","statId":83,"yards":-1},{"sequence":4,"clubcode":"WAS","playerName":"B.Orakpo","statId":110,"yards":0},{"sequence":5,"clubcode":"WAS","playerName":"B.Orakpo","statId":79,"yards":0},{"sequence":6,"clubcode":"WAS","playerName":"B.Orakpo","statId":120,"yards":0}],"00-0026143":[{"sequence":2,"clubcode":"ATL","playerName":"M.Ryan","statId":20,"yards":-1}],"0":[{"sequence":1,"clubcode":"ATL","playerName":"","statId":7,"yards":0}]}},"519":{"sp":0,"qtr":1,"down":4,"time":"05:36","yrdln":"WAS 48","ydstogo":4,"ydsnet":6,"posteam":"ATL","desc":"(5:36) M.Koenen punts 36 yards to WAS 12, Center-B.Pittman, fair catch by A.Randle El. PENALTY on WAS-R.Doughty, Defensive Offside, 5 yards, enforced at WAS 48 - No Play.","note":"PENALTY","players":{"00-0024387":[{"sequence":2,"clubcode":"WAS","playerName":"R.Doughty","statId":93,"yards":5}],"0":[{"sequence":1,"clubcode":"ATL","playerName":"","statId":5,"yards":0}]}},"553":{"sp":0,"qtr":1,"down":1,"time":"05:23","yrdln":"WAS 43","ydstogo":10,"ydsnet":6,"posteam":"ATL","desc":"(5:23) PENALTY on ATL-T.McClure, False Start, 5 yards, enforced at WAS 43 - No Play.","note":"PENALTY","players":{"00-0010711":[{"sequence":1,"clubcode":"ATL","playerName":"T.McClure","statId":93,"yards":5}]}},"576":{"sp":0,"qtr":1,"down":1,"time":"05:23","yrdln":"WAS 48","ydstogo":15,"ydsnet":6,"posteam":"ATL","desc":"(5:23) M.Ryan pass deep left intended for M.Booker INTERCEPTED by R.McIntosh at WAS 29. R.McIntosh to WAS 47 for 18 yards (M.Turner).","note":"INT","players":{"00-0022821":[{"sequence":6,"clubcode":"ATL","playerName":"M.Turner","statId":79,"yards":0}],"00-0024250":[{"sequence":4,"clubcode":"WAS","playerName":"R.McIntosh","statId":25,"yards":18},{"sequence":5,"clubcode":"WAS","playerName":"R.McIntosh","statId":85,"yards":0}],"00-0026143":[{"sequence":1,"clubcode":"ATL","playerName":"M.Ryan","statId":19,"yards":0},{"sequence":3,"clubcode":"ATL","playerName":"M.Ryan","statId":112,"yards":19}],"00-0001477":[{"sequence":2,"clubcode":"ATL","playerName":"M.Booker","statId":115,"yards":0}]}}},"fds":1,"result":"Interception","penyds":0,"ydsgained":6,"numplays":6,"postime":"2:13","start":{"qtr":1,"time":"07:20","yrdln":"ATL 46","team":"ATL"},"end":{"qtr":1,"time":"05:07","yrdln":"WAS 48","team":"ATL"}},"4":{"posteam":"WAS","qtr":1,"redzone":true,"plays":{"612":{"sp":0,"qtr":1,"down":1,"time":"05:07","yrdln":"WAS 47","ydstogo":10,"ydsnet":5,"posteam":"WAS","desc":"(5:07) C.Portis right tackle to ATL 48 for 5 yards (M.Peterson).","note":null,"players":{"00-0021179":[{"sequence":1,"clubcode":"WAS","playerName":"C.Portis","statId":10,"yards":5}],"00-0012871":[{"sequence":2,"clubcode":"ATL","playerName":"M.Peterson","statId":79,"yards":0}]}},"633":{"sp":0,"qtr":1,"down":2,"time":"04:33","yrdln":"ATL 48","ydstogo":5,"ydsnet":5,"posteam":"WAS","desc":"(4:33) J.Campbell pass incomplete deep left to D.Thomas (C.Houston).","note":null,"players":{"00-0023460":[{"sequence":1,"clubcode":"WAS","playerName":"J.Campbell","statId":14,"yards":0},{"sequence":4,"clubcode":"WAS","playerName":"J.Campbell","statId":112,"yards":23}],"00-0025428":[{"sequence":3,"clubcode":"ATL","playerName":"C.Houston","statId":85,"yards":0}],"00-0026174":[{"sequence":2,"clubcode":"WAS","playerName":"D.Thomas","statId":115,"yards":0}]}},"655":{"sp":0,"qtr":1,"down":3,"time":"04:27","yrdln":"ATL 48","ydstogo":5,"ydsnet":17,"posteam":"WAS","desc":"(4:27) (Shotgun) J.Campbell scrambles right end ran ob at ATL 34 for 14 yards (M.Peterson).","note":null,"players":{"00-0023460":[{"sequence":3,"clubcode":"WAS","playerName":"J.Campbell","statId":10,"yards":14}],"0":[{"sequence":1,"clubcode":"WAS","playerName":"","statId":3,"yards":0},{"sequence":2,"clubcode":"WAS","playerName":"","statId":6,"yards":0}],"00-0012871":[{"sequence":4,"clubcode":"ATL","playerName":"M.Peterson","statId":79,"yards":0}]}},"676":{"sp":0,"qtr":1,"down":1,"time":"04:01","yrdln":"ATL 34","ydstogo":10,"ydsnet":17,"posteam":"WAS","desc":"(4:01) C.Portis right end to ATL 36 for -2 yards (J.Babineaux, J.Anderson).","note":null,"players":{"00-0021179":[{"sequence":1,"clubcode":"WAS","playerName":"C.Portis","statId":10,"yards":-2}],"00-0023494":[{"sequence":3,"clubcode":"ATL","playerName":"J.Babineaux","statId":80,"yards":0},{"sequence":5,"clubcode":"ATL","playerName":"J.Babineaux","statId":120,"yards":0}],"0":[{"sequence":2,"clubcode":"WAS","playerName":"","statId":95,"yards":-2}],"00-0025395":[{"sequence":4,"clubcode":"ATL","playerName":"J.Anderson","statId":82,"yards":0}]}},"697":{"sp":0,"qtr":1,"down":2,"time":"03:26","yrdln":"ATL 36","ydstogo":12,"ydsnet":7,"posteam":"WAS","desc":"(3:26) C.Portis left tackle to ATL 36 for no gain (C.Jackson, T.DeCoud). WAS-C.Portis was injured during the play. His return is Questionable.  PENALTY on WAS-C.Rabach, Offensive Holding, 10 yards, enforced at ATL 36 - No Play.","note":"PENALTY","players":{"00-0020450":[{"sequence":1,"clubcode":"WAS","playerName":"C.Rabach","statId":93,"yards":10}]}},"732":{"sp":1,"qtr":1,"down":2,"time":"03:01","yrdln":"ATL 46","ydstogo":22,"ydsnet":7,"posteam":"WAS","desc":"(3:01) J.Campbell pass short right intended for F.Davis INTERCEPTED by T.Hill at ATL 38. T.Hill for 62 yards, TOUCHDOWN.","note":"TD","players":{"00-0023460":[{"sequence":1,"clubcode":"WAS","playerName":"J.Campbell","statId":19,"yards":0},{"sequence":3,"clubcode":"WAS","playerName":"J.Campbell","statId":112,"yards":8}],"00-0024230":[{"sequence":4,"clubcode":"ATL","playerName":"T.Hill","statId":26,"yards":62},{"sequence":5,"clubcode":"ATL","playerName":"T.Hill","statId":85,"yards":0}],"00-0026188":[{"sequence":2,"clubcode":"WAS","playerName":"F.Davis","statId":115,"yards":0}]}}},"fds":1,"result":"Interception","penyds":-10,"ydsgained":17,"numplays":6,"postime":"2:20","start":{"qtr":1,"time":"05:07","yrdln":"WAS 47","team":"WAS"},"end":{"qtr":1,"time":"02:47","yrdln":"ATL 46","team":"WAS"}},"5":{"posteam":"WAS","qtr":2,"redzone":true,"plays":{"770":{"sp":0,"qtr":1,"down":0,"time":"02:47","yrdln":"ATL 30","ydstogo":0,"ydsnet":0,"posteam":"ATL","desc":"M.Koenen kicks 68 yards from ATL 30 to WAS 2. R.Cartwright to WAS 14 for 12 yards (K.Biermann).","note":"KICKOFF","players":{"00-0023234":[{"sequence":1,"clubcode":"ATL","playerName":"M.Koenen","statId":41,"yards":68},{"sequence":3,"clubcode":"ATL","playerName":"M.Koenen","statId":42,"yards":0}],"00-0021357":[{"sequence":2,"clubcode":"WAS","playerName":"R.Cartwright","statId":45,"yards":12}],"00-0026294":[{"sequence":4,"clubcode":"ATL","playerName":"K.Biermann","statId":79,"yards":0}]}},"792":{"sp":0,"qtr":1,"down":1,"time":"02:42","yrdln":"WAS 14","ydstogo":10,"ydsnet":0,"posteam":"WAS","desc":"(2:42) J.Campbell pass incomplete short right to D.Thomas.","note":null,"players":{"00-0023460":[{"sequence":1,"clubcode":"WAS","playerName":"J.Campbell","statId":14,"yards":0},{"sequence":3,"clubcode":"WAS","playerName":"J.Campbell","statId":112,"yards":6}],"00-0026174":[{"sequence":2,"clubcode":"WAS","playerName":"D.Thomas","statId":115,"yards":0}]}},"814":{"sp":0,"qtr":1,"down":2,"time":"02:33","yrdln":"WAS 14","ydstogo":10,"ydsnet":3,"posteam":"WAS","desc":"(2:33) L.Betts up the middle to WAS 17 for 3 yards (T.Lewis).","note":null,"players":{"00-0025572":[{"sequence":2,"clubcode":"ATL","playerName":"T.Lewis","statId":79,"yards":0}],"00-0021184":[{"sequence":1,"clubcode":"WAS","playerName":"L.Betts","statId":10,"yards":3}]}},"835":{"sp":0,"qtr":1,"down":3,"time":"01:57","yrdln":"WAS 17","ydstogo":7,"ydsnet":13,"posteam":"WAS","desc":"(1:57) (Shotgun) J.Campbell pass short right to F.Davis to WAS 27 for 10 yards (J.Babineaux, C.Lofton).","note":null,"players":{"00-0023460":[{"sequence":3,"clubcode":"WAS","playerName":"J.Campbell","statId":15,"yards":10},{"sequence":4,"clubcode":"WAS","playerName":"J.Campbell","statId":111,"yards":8}],"00-0026177":[{"sequence":9,"clubcode":"ATL","playerName":"C.Lofton","statId":82,"yards":0}],"00-0023494":[{"sequence":8,"clubcode":"ATL","playerName":"J.Babineaux","statId":80,"yards":0}],"0":[{"sequence":1,"clubcode":"WAS","playerName":"","statId":4,"yards":0},{"sequence":2,"clubcode":"WAS","playerName":"","statId":6,"yards":0}],"00-0026188":[{"sequence":5,"clubcode":"WAS","playerName":"F.Davis","statId":21,"yards":10},{"sequence":6,"clubcode":"WAS","playerName":"F.Davis","statId":115,"yards":0},{"sequence":7,"clubcode":"WAS","playerName":"F.Davis","statId":113,"yards":2}]}},"859":{"sp":0,"qtr":1,"down":1,"time":"01:19","yrdln":"WAS 27","ydstogo":10,"ydsnet":17,"posteam":"WAS","desc":"(1:19) L.Betts right end to WAS 31 for 4 yards (B.Grimes).","note":null,"players":{"00-0021184":[{"sequence":1,"clubcode":"WAS","playerName":"L.Betts","statId":10,"yards":4}],"00-0024183":[{"sequence":2,"clubcode":"ATL","playerName":"B.Grimes","statId":79,"yards":0}]}},"880":{"sp":0,"qtr":1,"down":2,"time":"00:44","yrdln":"WAS 31","ydstogo":6,"ydsnet":16,"posteam":"WAS","desc":"(:44) (Shotgun) J.Campbell pass short right to R.Cartwright to WAS 30 for -1 yards (V.Walker).","note":null,"players":{"00-0023460":[{"sequence":1,"clubcode":"WAS","playerName":"J.Campbell","statId":15,"yards":-1},{"sequence":2,"clubcode":"WAS","playerName":"J.Campbell","statId":111,"yards":-4}],"00-0021357":[{"sequence":3,"clubcode":"WAS","playerName":"R.Cartwright","statId":21,"yards":-1},{"sequence":4,"clubcode":"WAS","playerName":"R.Cartwright","statId":115,"yards":0},{"sequence":5,"clubcode":"WAS","playerName":"R.Cartwright","statId":113,"yards":3}],"00-0026942":[{"sequence":6,"clubcode":"ATL","playerName":"V.Walker","statId":79,"yards":0},{"sequence":7,"clubcode":"ATL","playerName":"V.Walker","statId":120,"yards":0}]}},"904":{"sp":0,"qtr":1,"down":0,"time":"","yrdln":"","ydstogo":0,"ydsnet":16,"posteam":"","desc":"END QUARTER 1","note":null,"players":{}},"920":{"sp":0,"qtr":2,"down":3,"time":"15:00","yrdln":"WAS 30","ydstogo":7,"ydsnet":13,"posteam":"WAS","desc":"(15:00) (Shotgun) J.Campbell sacked at WAS 27 for -3 yards (J.Babineaux). Penalty on WAS-C.Rabach, Offensive Holding, declined.","note":null,"players":{"00-0023460":[{"sequence":2,"clubcode":"WAS","playerName":"J.Campbell","statId":20,"yards":-3}],"00-0023494":[{"sequence":3,"clubcode":"ATL","playerName":"J.Babineaux","statId":83,"yards":-3},{"sequence":4,"clubcode":"ATL","playerName":"J.Babineaux","statId":110,"yards":0},{"sequence":5,"clubcode":"ATL","playerName":"J.Babineaux","statId":79,"yards":0},{"sequence":6,"clubcode":"ATL","playerName":"J.Babineaux","statId":120,"yards":0}],"0":[{"sequence":1,"clubcode":"WAS","playerName":"","statId":7,"yards":0}]}},"950":{"sp":0,"qtr":2,"down":4,"time":"14:45","yrdln":"WAS 27","ydstogo":10,"ydsnet":13,"posteam":"WAS","desc":"(14:45) S.Paulescu punts 53 yards to ATL 20, Center-E.Albright, out of bounds. PENALTY on WAS-J.Tryon, Unsportsmanlike Conduct, 15 yards, enforced at ATL 20.","note":"PUNT","players":{"00-0026264":[{"sequence":3,"clubcode":"WAS","playerName":"J.Tryon","statId":93,"yards":15}],"0":[{"sequence":2,"clubcode":"ATL","playerName":"","statId":37,"yards":0}],"00-0025728":[{"sequence":1,"clubcode":"WAS","playerName":"S.Paulescu","statId":29,"yards":53}]}}},"fds":1,"result":"Punt","penyds":0,"ydsgained":13,"numplays":9,"postime":"3:08","start":{"qtr":1,"time":"02:47","yrdln":"WAS 14","team":"WAS"},"end":{"qtr":1,"time":"14:39","yrdln":"WAS 27","team":"WAS"}},"6":{"posteam":"ATL","qtr":2,"redzone":true,"plays":{"979":{"sp":0,"qtr":2,"down":1,"time":"14:39","yrdln":"ATL 35","ydstogo":10,"ydsnet":2,"posteam":"ATL","desc":"(14:39) M.Turner up the middle to ATL 37 for 2 yards (R.McIntosh, P.Daniels).","note":null,"players":{"00-0022821":[{"sequence":1,"clubcode":"ATL","playerName":"M.Turner","statId":10,"yards":2}],"00-0024250":[{"sequence":2,"clubcode":"WAS","playerName":"R.McIntosh","statId":80,"yards":0}],"00-0003874":[{"sequence":3,"clubcode":"WAS","playerName":"P.Daniels","statId":82,"yards":0}]}},"1000":{"sp":0,"qtr":2,"down":2,"time":"14:01","yrdln":"ATL 37","ydstogo":8,"ydsnet":8,"posteam":"ATL","desc":"(14:01) A.Stecker left end to ATL 43 for 6 yards (A.Haynesworth).","note":null,"players":{"00-0015601":[{"sequence":1,"clubcode":"ATL","playerName":"A.Stecker","statId":10,"yards":6}],"00-0021149":[{"sequence":2,"clubcode":"WAS","playerName":"A.Haynesworth","statId":79,"yards":0}]}},"1021":{"sp":0,"qtr":2,"down":3,"time":"13:17","yrdln":"ATL 43","ydstogo":2,"ydsnet":13,"posteam":"ATL","desc":"(13:17) (Shotgun) M.Turner left tackle to ATL 48 for 5 yards (L.Fletcher).","note":null,"players":{"00-0022821":[{"sequence":3,"clubcode":"ATL","playerName":"M.Turner","statId":10,"yards":5}],"00-0005322":[{"sequence":4,"clubcode":"WAS","playerName":"L.Fletcher","statId":79,"yards":0}],"0":[{"sequence":1,"clubcode":"ATL","playerName":"","statId":3,"yards":0},{"sequence":2,"clubcode":"ATL","playerName":"","statId":6,"yards":0}]}},"1042":{"sp":0,"qtr":2,"down":1,"time":"12:44","yrdln":"ATL 48","ydstogo":10,"ydsnet":15,"posteam":"ATL","desc":"(12:44) R.White right end to ATL 50 for 2 yards (L.Landry).","note":null,"players":{"00-0025393":[{"sequence":2,"clubcode":"WAS","playerName":"L.Landry","statId":79,"yards":0}],"00-0023462":[{"sequence":1,"clubcode":"ATL","playerName":"R.White","statId":10,"yards":2}]}},"1063":{"sp":0,"qtr":2,"down":2,"time":"12:03","yrdln":"ATL 50","ydstogo":8,"ydsnet":6,"posteam":"ATL","desc":"(12:03) M.Turner right tackle to WAS 13 for 37 yards (D.Hall). PENALTY on ATL-T.Clabo, Offensive Holding, 10 yards, enforced at WAS 49.","note":"PENALTY","players":{"00-0022821":[{"sequence":1,"clubcode":"ATL","playerName":"M.Turner","statId":10,"yards":1}],"00-0022923":[{"sequence":2,"clubcode":"WAS","playerName":"D.Hall","statId":79,"yards":0}],"00-0022245":[{"sequence":3,"clubcode":"ATL","playerName":"T.Clabo","statId":93,"yards":10}]}},"1096":{"sp":0,"qtr":2,"down":2,"time":"11:35","yrdln":"ATL 41","ydstogo":17,"ydsnet":11,"posteam":"ATL","desc":"(11:35) M.Ryan pass short right to M.Jenkins to ATL 46 for 5 yards (H.Blades).","note":null,"players":{"00-0025566":[{"sequence":6,"clubcode":"WAS","playerName":"H.Blades","statId":79,"yards":0}],"00-0022781":[{"sequence":3,"clubcode":"ATL","playerName":"M.Jenkins","statId":21,"yards":5},{"sequence":4,"clubcode":"ATL","playerName":"M.Jenkins","statId":115,"yards":0},{"sequence":5,"clubcode":"ATL","playerName":"M.Jenkins","statId":113,"yards":0}],"00-0026143":[{"sequence":1,"clubcode":"ATL","playerName":"M.Ryan","statId":15,"yards":5},{"sequence":2,"clubcode":"ATL","playerName":"M.Ryan","statId":111,"yards":5}]}},"1120":{"sp":0,"qtr":2,"down":3,"time":"10:55","yrdln":"ATL 46","ydstogo":12,"ydsnet":6,"posteam":"ATL","desc":"(10:55) (Shotgun) PENALTY on ATL-E.Weems, False Start, 5 yards, enforced at ATL 46 - No Play.","note":"PENALTY","players":{"00-0024535":[{"sequence":1,"clubcode":"ATL","playerName":"E.Weems","statId":93,"yards":5}]}},"1143":{"sp":0,"qtr":2,"down":3,"time":"10:32","yrdln":"ATL 41","ydstogo":17,"ydsnet":15,"posteam":"ATL","desc":"(10:32) M.Ryan pass short right to A.Stecker to ATL 50 for 9 yards (K.Golston).","note":null,"players":{"00-0026143":[{"sequence":2,"clubcode":"ATL","playerName":"M.Ryan","statId":15,"yards":9},{"sequence":3,"clubcode":"ATL","playerName":"M.Ryan","statId":111,"yards":-2}],"00-0015601":[{"sequence":4,"clubcode":"ATL","playerName":"A.Stecker","statId":21,"yards":9},{"sequence":5,"clubcode":"ATL","playerName":"A.Stecker","statId":115,"yards":0},{"sequence":6,"clubcode":"ATL","playerName":"A.Stecker","statId":113,"yards":11}],"00-0024410":[{"sequence":7,"clubcode":"WAS","playerName":"K.Golston","statId":79,"yards":0}],"0":[{"sequence":1,"clubcode":"ATL","playerName":"","statId":7,"yards":0}]}},"1167":{"sp":0,"qtr":2,"down":4,"time":"09:54","yrdln":"ATL 50","ydstogo":8,"ydsnet":15,"posteam":"ATL","desc":"(9:54) M.Koenen punts 32 yards to WAS 18, Center-B.Pittman, fair catch by D.Hall.","note":"PUNT","players":{"00-0023234":[{"sequence":1,"clubcode":"ATL","playerName":"M.Koenen","statId":29,"yards":32},{"sequence":2,"clubcode":"ATL","playerName":"M.Koenen","statId":30,"yards":0}],"00-0022923":[{"sequence":3,"clubcode":"WAS","playerName":"D.Hall","statId":39,"yards":0}]}}},"fds":1,"result":"Punt","penyds":-15,"ydsgained":30,"numplays":9,"postime":"4:54","start":{"qtr":2,"time":"14:39","yrdln":"ATL 35","team":"ATL"},"end":{"qtr":2,"time":"09:45","yrdln":"ATL 50","team":"ATL"}},"7":{"posteam":"WAS","qtr":2,"redzone":true,"plays":{"1186":{"sp":0,"qtr":2,"down":1,"time":"09:45","yrdln":"WAS 18","ydstogo":10,"ydsnet":3,"posteam":"WAS","desc":"(9:45) L.Betts up the middle to WAS 21 for 3 yards (M.Peterson, C.Lofton).","note":null,"players":{"00-0026177":[{"sequence":3,"clubcode":"ATL","playerName":"C.Lofton","statId":82,"yards":0}],"00-0021184":[{"sequence":1,"clubcode":"WAS","playerName":"L.Betts","statId":10,"yards":3}],"00-0012871":[{"sequence":2,"clubcode":"ATL","playerName":"M.Peterson","statId":80,"yards":0}]}},"1207":{"sp":0,"qtr":2,"down":2,"time":"09:10","yrdln":"WAS 21","ydstogo":7,"ydsnet":7,"posteam":"WAS","desc":"(9:10) J.Campbell pass short right to S.Moss to WAS 25 for 4 yards (J.Anderson).","note":null,"players":{"00-0023460":[{"sequence":1,"clubcode":"WAS","playerName":"J.Campbell","statId":15,"yards":4},{"sequence":2,"clubcode":"WAS","playerName":"J.Campbell","statId":111,"yards":-3}],"00-0020494":[{"sequence":3,"clubcode":"WAS","playerName":"S.Moss","statId":21,"yards":4},{"sequence":4,"clubcode":"WAS","playerName":"S.Moss","statId":115,"yards":0},{"sequence":5,"clubcode":"WAS","playerName":"S.Moss","statId":113,"yards":7}],"00-0025395":[{"sequence":6,"clubcode":"ATL","playerName":"J.Anderson","statId":79,"yards":0}]}},"1231":{"sp":0,"qtr":2,"down":3,"time":"08:29","yrdln":"WAS 25","ydstogo":3,"ydsnet":54,"posteam":"WAS","desc":"(8:29) (Shotgun) J.Campbell pass deep middle to M.Sellers to ATL 28 for 47 yards (C.Lofton).","note":null,"players":{"00-0023460":[{"sequence":3,"clubcode":"WAS","playerName":"J.Campbell","statId":15,"yards":47},{"sequence":4,"clubcode":"WAS","playerName":"J.Campbell","statId":111,"yards":22}],"00-0026177":[{"sequence":8,"clubcode":"ATL","playerName":"C.Lofton","statId":79,"yards":0}],"00-0014655":[{"sequence":5,"clubcode":"WAS","playerName":"M.Sellers","statId":21,"yards":47},{"sequence":6,"clubcode":"WAS","playerName":"M.Sellers","statId":115,"yards":0},{"sequence":7,"clubcode":"WAS","playerName":"M.Sellers","statId":113,"yards":25}],"0":[{"sequence":1,"clubcode":"WAS","playerName":"","statId":4,"yards":0},{"sequence":2,"clubcode":"WAS","playerName":"","statId":6,"yards":0}]}},"1255":{"sp":0,"qtr":2,"down":1,"time":"07:45","yrdln":"ATL 28","ydstogo":10,"ydsnet":45,"posteam":"WAS","desc":"(7:45) J.Campbell sacked at ATL 37 for -9 yards (C.Jackson).","note":null,"players":{"00-0023460":[{"sequence":1,"clubcode":"WAS","playerName":"J.Campbell","statId":20,"yards":-9}],"00-0026208":[{"sequence":2,"clubcode":"ATL","playerName":"C.Jackson","statId":83,"yards":-9},{"sequence":3,"clubcode":"ATL","playerName":"C.Jackson","statId":110,"yards":0},{"sequence":4,"clubcode":"ATL","playerName":"C.Jackson","statId":79,"yards":0},{"sequence":5,"clubcode":"ATL","playerName":"C.Jackson","statId":120,"yards":0}]}},"1274":{"sp":0,"qtr":2,"down":2,"time":"07:13","yrdln":"ATL 37","ydstogo":19,"ydsnet":58,"posteam":"WAS","desc":"(7:13) J.Campbell pass short right to A.Randle El to ATL 24 for 13 yards (E.Coleman).","note":null,"players":{"00-0023460":[{"sequence":1,"clubcode":"WAS","playerName":"J.Campbell","statId":15,"yards":13},{"sequence":2,"clubcode":"WAS","playerName":"J.Campbell","statId":111,"yards":4}],"00-0022218":[{"sequence":6,"clubcode":"ATL","playerName":"E.Coleman","statId":79,"yards":0}],"00-0021190":[{"sequence":3,"clubcode":"WAS","playerName":"A.Randle El","statId":21,"yards":13},{"sequence":4,"clubcode":"WAS","playerName":"A.Randle El","statId":115,"yards":0},{"sequence":5,"clubcode":"WAS","playerName":"A.Randle El","statId":113,"yards":9}]}},"1298":{"sp":0,"qtr":2,"down":3,"time":"06:29","yrdln":"ATL 24","ydstogo":6,"ydsnet":52,"posteam":"WAS","desc":"(6:29) (Shotgun) J.Campbell sacked at ATL 30 for -6 yards (J.Babineaux).","note":null,"players":{"00-0023460":[{"sequence":2,"clubcode":"WAS","playerName":"J.Campbell","statId":20,"yards":-6}],"00-0023494":[{"sequence":3,"clubcode":"ATL","playerName":"J.Babineaux","statId":83,"yards":-6},{"sequence":4,"clubcode":"ATL","playerName":"J.Babineaux","statId":110,"yards":0},{"sequence":5,"clubcode":"ATL","playerName":"J.Babineaux","statId":79,"yards":0},{"sequence":6,"clubcode":"ATL","playerName":"J.Babineaux","statId":120,"yards":0}],"0":[{"sequence":1,"clubcode":"WAS","playerName":"","statId":7,"yards":0}]}},"1317":{"sp":1,"qtr":2,"down":4,"time":"06:02","yrdln":"ATL 30","ydstogo":12,"ydsnet":52,"posteam":"WAS","desc":"(6:02) S.Suisham 48 yard field goal is GOOD, Center-E.Albright, Holder-S.Paulescu.","note":"FG","players":{"00-0023001":[{"sequence":1,"clubcode":"WAS","playerName":"S.Suisham","statId":70,"yards":48}]}}},"fds":1,"result":"Field Goal","penyds":0,"ydsgained":52,"numplays":7,"postime":"3:49","start":{"qtr":2,"time":"09:45","yrdln":"WAS 18","team":"WAS"},"end":{"qtr":2,"time":"05:56","yrdln":"ATL 30","team":"WAS"}},"8":{"posteam":"ATL","qtr":2,"redzone":true,"plays":{"1336":{"sp":0,"qtr":2,"down":0,"time":"05:56","yrdln":"WAS 30","ydstogo":0,"ydsnet":0,"posteam":"WAS","desc":"S.Suisham kicks 69 yards from WAS 30 to ATL 1. E.Weems to ATL 39 for 38 yards (H.Blades).","note":"KICKOFF","players":{"00-0023001":[{"sequence":1,"clubcode":"WAS","playerName":"S.Suisham","statId":41,"yards":69}],"00-0025566":[{"sequence":3,"clubcode":"WAS","playerName":"H.Blades","statId":79,"yards":0}],"00-0024535":[{"sequence":2,"clubcode":"ATL","playerName":"E.Weems","statId":45,"yards":38}]}},"1358":{"sp":0,"qtr":2,"down":1,"time":"05:47","yrdln":"ATL 39","ydstogo":10,"ydsnet":3,"posteam":"ATL","desc":"(5:47) M.Turner up the middle to ATL 42 for 3 yards (A.Haynesworth).","note":null,"players":{"00-0022821":[{"sequence":1,"clubcode":"ATL","playerName":"M.Turner","statId":10,"yards":3}],"00-0021149":[{"sequence":2,"clubcode":"WAS","playerName":"A.Haynesworth","statId":79,"yards":0}]}},"1379":{"sp":0,"qtr":2,"down":2,"time":"05:09","yrdln":"ATL 42","ydstogo":7,"ydsnet":15,"posteam":"ATL","desc":"(5:09) M.Ryan pass short left to R.White pushed ob at WAS 46 for 12 yards (C.Horton).","note":null,"players":{"00-0026143":[{"sequence":2,"clubcode":"ATL","playerName":"M.Ryan","statId":15,"yards":12},{"sequence":3,"clubcode":"ATL","playerName":"M.Ryan","statId":111,"yards":10}],"00-0026389":[{"sequence":7,"clubcode":"WAS","playerName":"C.Horton","statId":79,"yards":0}],"0":[{"sequence":1,"clubcode":"ATL","playerName":"","statId":4,"yards":0}],"00-0023462":[{"sequence":4,"clubcode":"ATL","playerName":"R.White","statId":21,"yards":12},{"sequence":5,"clubcode":"ATL","playerName":"R.White","statId":115,"yards":0},{"sequence":6,"clubcode":"ATL","playerName":"R.White","statId":113,"yards":2}]}},"1408":{"sp":0,"qtr":2,"down":1,"time":"04:45","yrdln":"WAS 46","ydstogo":10,"ydsnet":23,"posteam":"ATL","desc":"(4:45) M.Ryan pass short left to R.White pushed ob at WAS 38 for 8 yards (C.Rogers).","note":null,"players":{"00-0026143":[{"sequence":1,"clubcode":"ATL","playerName":"M.Ryan","statId":15,"yards":8},{"sequence":2,"clubcode":"ATL","playerName":"M.Ryan","statId":111,"yards":5}],"00-0023444":[{"sequence":6,"clubcode":"WAS","playerName":"C.Rogers","statId":79,"yards":0}],"00-0023462":[{"sequence":3,"clubcode":"ATL","playerName":"R.White","statId":21,"yards":8},{"sequence":4,"clubcode":"ATL","playerName":"R.White","statId":115,"yards":0},{"sequence":5,"clubcode":"ATL","playerName":"R.White","statId":113,"yards":3}]}},"1437":{"sp":0,"qtr":2,"down":2,"time":"04:19","yrdln":"WAS 38","ydstogo":2,"ydsnet":31,"posteam":"ATL","desc":"(4:19) M.Ryan pass short middle to M.Turner to WAS 30 for 8 yards (B.Orakpo).","note":null,"players":{"00-0026989":[{"sequence":7,"clubcode":"WAS","playerName":"B.Orakpo","statId":79,"yards":0}],"00-0022821":[{"sequence":4,"clubcode":"ATL","playerName":"M.Turner","statId":21,"yards":8},{"sequence":5,"clubcode":"ATL","playerName":"M.Turner","statId":115,"yards":0},{"sequence":6,"clubcode":"ATL","playerName":"M.Turner","statId":113,"yards":4}],"00-0026143":[{"sequence":2,"clubcode":"ATL","playerName":"M.Ryan","statId":15,"yards":8},{"sequence":3,"clubcode":"ATL","playerName":"M.Ryan","statId":111,"yards":4}],"0":[{"sequence":1,"clubcode":"ATL","playerName":"","statId":4,"yards":0}]}},"1461":{"sp":1,"qtr":2,"down":1,"time":"03:44","yrdln":"WAS 30","ydstogo":10,"ydsnet":61,"posteam":"ATL","desc":"(3:44) M.Turner left end for 30 yards, TOUCHDOWN. Key block by 74-W. Svitek.","note":"TD","players":{"00-0022821":[{"sequence":2,"clubcode":"ATL","playerName":"M.Turner","statId":11,"yards":30}],"0":[{"sequence":1,"clubcode":"ATL","playerName":"","statId":3,"yards":0}]}},"1478":{"sp":1,"qtr":2,"down":0,"time":"03:36","yrdln":"WAS 2","ydstogo":0,"ydsnet":61,"posteam":"ATL","desc":"J.Elam extra point is GOOD, Center-B.Pittman, Holder-M.Koenen.","note":"XP","players":{"00-0004811":[{"sequence":1,"clubcode":"ATL","playerName":"J.Elam","statId":72,"yards":0}]}}},"fds":3,"result":"Touchdown","penyds":0,"ydsgained":61,"numplays":7,"postime":"2:20","start":{"qtr":2,"time":"05:56","yrdln":"ATL 39","team":"ATL"},"end":{"qtr":2,"time":"03:36","yrdln":"WAS 30","team":"ATL"}},"9":{"posteam":"WAS","qtr":2,"redzone":true,"plays":{"1498":{"sp":0,"qtr":2,"down":0,"time":"03:36","yrdln":"ATL 30","ydstogo":0,"ydsnet":0,"posteam":"ATL","desc":"M.Koenen kicks 63 yards from ATL 30 to WAS 7. R.Cartwright to WAS 29 for 22 yards (A.Stecker).","note":"KICKOFF","players":{"00-0023234":[{"sequence":1,"clubcode":"ATL","playerName":"M.Koenen","statId":41,"yards":63}],"00-0021357":[{"sequence":2,"clubcode":"WAS","playerName":"R.Cartwright","statId":45,"yards":22}],"00-0015601":[{"sequence":3,"clubcode":"ATL","playerName":"A.Stecker","statId":79,"yards":0}]}},"1520":{"sp":0,"qtr":2,"down":1,"time":"03:31","yrdln":"WAS 29","ydstogo":10,"ydsnet":4,"posteam":"WAS","desc":"(3:31) L.Betts up the middle to WAS 33 for 4 yards (J.Abraham).","note":null,"players":{"00-0019546":[{"sequence":2,"clubcode":"ATL","playerName":"J.Abraham","statId":79,"yards":0}],"00-0021184":[{"sequence":1,"clubcode":"WAS","playerName":"L.Betts","statId":10,"yards":4}]}},"1541":{"sp":0,"qtr":2,"down":2,"time":"02:59","yrdln":"WAS 33","ydstogo":6,"ydsnet":-2,"posteam":"WAS","desc":"(2:59) J.Campbell sacked at WAS 27 for -6 yards (sack split by J.Abraham and J.Babineaux). WAS-J.Campbell was injured during the play. His return is Probable.","note":null,"players":{"00-0023460":[{"sequence":1,"clubcode":"WAS","playerName":"J.Campbell","statId":20,"yards":-6}],"00-0019546":[{"sequence":2,"clubcode":"ATL","playerName":"J.Abraham","statId":84,"yards":-6},{"sequence":4,"clubcode":"ATL","playerName":"J.Abraham","statId":110,"yards":0},{"sequence":6,"clubcode":"ATL","playerName":"J.Abraham","statId":82,"yards":0}],"00-0023494":[{"sequence":3,"clubcode":"ATL","playerName":"J.Babineaux","statId":84,"yards":-6},{"sequence":5,"clubcode":"ATL","playerName":"J.Babineaux","statId":110,"yards":0},{"sequence":7,"clubcode":"ATL","playerName":"J.Babineaux","statId":82,"yards":0}]}},"1563":{"sp":0,"qtr":2,"down":3,"time":"02:35","yrdln":"WAS 27","ydstogo":12,"ydsnet":-6,"posteam":"WAS","desc":"(2:35) (Shotgun) T.Collins pass short left to S.Moss to WAS 23 for -4 yards (C.Houston).","note":null,"players":{"00-0025428":[{"sequence":7,"clubcode":"ATL","playerName":"C.Houston","statId":79,"yards":0},{"sequence":8,"clubcode":"ATL","playerName":"C.Houston","statId":120,"yards":0}],"00-0020494":[{"sequence":4,"clubcode":"WAS","playerName":"S.Moss","statId":21,"yards":-4},{"sequence":5,"clubcode":"WAS","playerName":"S.Moss","statId":115,"yards":0},{"sequence":6,"clubcode":"WAS","playerName":"S.Moss","statId":113,"yards":0}],"0":[{"sequence":1,"clubcode":"WAS","playerName":"","statId":7,"yards":0}],"00-0003315":[{"sequence":2,"clubcode":"WAS","playerName":"T.Collins","statId":15,"yards":-4},{"sequence":3,"clubcode":"WAS","playerName":"T.Collins","statId":111,"yards":-4}]}},"1587":{"sp":0,"qtr":2,"down":0,"time":"02:30","yrdln":"","ydstogo":0,"ydsnet":-6,"posteam":"","desc":"Timeout #1 by ATL at 02:30.","note":"TIMEOUT","players":{"0":[{"sequence":1,"clubcode":"ATL","playerName":"","statId":68,"yards":0}]}},"1604":{"sp":0,"qtr":2,"down":4,"time":"02:29","yrdln":"WAS 23","ydstogo":16,"ydsnet":-6,"posteam":"WAS","desc":"(2:29) S.Paulescu punts 50 yards to ATL 27, Center-E.Albright. E.Weems to ATL 44 for 17 yards (T.Yoder). PENALTY on ATL-L.Sidbury, Illegal Block Above the Waist, 10 yards, enforced at ATL 29.","note":"PUNT","players":{"00-0019127":[{"sequence":3,"clubcode":"WAS","playerName":"T.Yoder","statId":79,"yards":0}],"00-0027090":[{"sequence":4,"clubcode":"ATL","playerName":"L.Sidbury","statId":93,"yards":10}],"00-0024535":[{"sequence":2,"clubcode":"ATL","playerName":"E.Weems","statId":33,"yards":2}],"00-0025728":[{"sequence":1,"clubcode":"WAS","playerName":"S.Paulescu","statId":29,"yards":50}]}}},"fds":0,"result":"Punt","penyds":0,"ydsgained":-6,"numplays":6,"postime":"1:19","start":{"qtr":2,"time":"03:36","yrdln":"WAS 29","team":"WAS"},"end":{"qtr":2,"time":"02:17","yrdln":"WAS 23","team":"WAS"}},"10":{"posteam":"ATL","qtr":2,"redzone":true,"plays":{"1640":{"sp":0,"qtr":2,"down":1,"time":"02:17","yrdln":"ATL 19","ydstogo":10,"ydsnet":14,"posteam":"ATL","desc":"(2:17) (Shotgun) M.Ryan pass incomplete short left to T.Gonzalez [A.Carter].","note":null,"players":{"00-0026143":[{"sequence":1,"clubcode":"ATL","playerName":"M.Ryan","statId":14,"yards":0},{"sequence":4,"clubcode":"ATL","playerName":"M.Ryan","statId":112,"yards":7}],"00-0006101":[{"sequence":2,"clubcode":"ATL","playerName":"T.Gonzalez","statId":115,"yards":0}],"00-0020489":[{"sequence":3,"clubcode":"WAS","playerName":"A.Carter","statId":110,"yards":0}]}},"1662":{"sp":0,"qtr":2,"down":2,"time":"02:12","yrdln":"ATL 19","ydstogo":10,"ydsnet":14,"posteam":"ATL","desc":"(2:12) (Shotgun) M.Ryan pass short middle to A.Stecker to ATL 33 for 14 yards (C.Horton).","note":null,"players":{"00-0026143":[{"sequence":2,"clubcode":"ATL","playerName":"M.Ryan","statId":15,"yards":14},{"sequence":3,"clubcode":"ATL","playerName":"M.Ryan","statId":111,"yards":-4}],"00-0015601":[{"sequence":4,"clubcode":"ATL","playerName":"A.Stecker","statId":21,"yards":14},{"sequence":5,"clubcode":"ATL","playerName":"A.Stecker","statId":115,"yards":0},{"sequence":6,"clubcode":"ATL","playerName":"A.Stecker","statId":113,"yards":18}],"00-0026389":[{"sequence":7,"clubcode":"WAS","playerName":"C.Horton","statId":79,"yards":0}],"0":[{"sequence":1,"clubcode":"ATL","playerName":"","statId":4,"yards":0}]}},"1686":{"sp":0,"qtr":2,"down":0,"time":"02:00","yrdln":"","ydstogo":0,"ydsnet":14,"posteam":"","desc":"Two-Minute Warning","note":null,"players":{}},"1707":{"sp":0,"qtr":2,"down":1,"time":"02:00","yrdln":"ATL 33","ydstogo":10,"ydsnet":21,"posteam":"ATL","desc":"(2:00) (Shotgun) M.Ryan pass short right to T.Gonzalez to ATL 40 for 7 yards (C.Horton).","note":null,"players":{"00-0026143":[{"sequence":1,"clubcode":"ATL","playerName":"M.Ryan","statId":15,"yards":7},{"sequence":2,"clubcode":"ATL","playerName":"M.Ryan","statId":111,"yards":7}],"00-0006101":[{"sequence":3,"clubcode":"ATL","playerName":"T.Gonzalez","statId":21,"yards":7},{"sequence":4,"clubcode":"ATL","playerName":"T.Gonzalez","statId":115,"yards":0},{"sequence":5,"clubcode":"ATL","playerName":"T.Gonzalez","statId":113,"yards":0}],"00-0026389":[{"sequence":6,"clubcode":"WAS","playerName":"C.Horton","statId":79,"yards":0}]}},"1731":{"sp":0,"qtr":2,"down":2,"time":"01:41","yrdln":"ATL 40","ydstogo":3,"ydsnet":21,"posteam":"ATL","desc":"(1:41) (Shotgun) M.Ryan pass incomplete short right to R.White.","note":null,"players":{"00-0026143":[{"sequence":1,"clubcode":"ATL","playerName":"M.Ryan","statId":14,"yards":0},{"sequence":3,"clubcode":"ATL","playerName":"M.Ryan","statId":112,"yards":7}],"00-0023462":[{"sequence":2,"clubcode":"ATL","playerName":"R.White","statId":115,"yards":0}]}},"1753":{"sp":0,"qtr":2,"down":3,"time":"01:37","yrdln":"ATL 40","ydstogo":3,"ydsnet":66,"posteam":"ATL","desc":"(1:37) (Shotgun) M.Ryan scrambles right end ran ob at ATL 44 for 4 yards (L.Landry). PENALTY on WAS-L.Landry, Unnecessary Roughness, 15 yards, enforced at ATL 44. Penalty on WAS-A.Haynesworth, Unnecessary Roughness, declined.","note":"PENALTY","players":{"00-0025393":[{"sequence":5,"clubcode":"WAS","playerName":"L.Landry","statId":79,"yards":0},{"sequence":6,"clubcode":"WAS","playerName":"L.Landry","statId":93,"yards":15}],"00-0026143":[{"sequence":4,"clubcode":"ATL","playerName":"M.Ryan","statId":10,"yards":4}],"0":[{"sequence":1,"clubcode":"ATL","playerName":"","statId":3,"yards":0},{"sequence":2,"clubcode":"ATL","playerName":"","statId":6,"yards":0},{"sequence":3,"clubcode":"ATL","playerName":"","statId":5,"yards":0}]}},"1790":{"sp":0,"qtr":2,"down":1,"time":"01:29","yrdln":"WAS 41","ydstogo":10,"ydsnet":49,"posteam":"ATL","desc":"(1:29) (Shotgun) M.Ryan pass short right to M.Booker to WAS 32 for 9 yards (D.Hall).","note":null,"players":{"00-0026143":[{"sequence":1,"clubcode":"ATL","playerName":"M.Ryan","statId":15,"yards":9},{"sequence":2,"clubcode":"ATL","playerName":"M.Ryan","statId":111,"yards":7}],"00-0022923":[{"sequence":6,"clubcode":"WAS","playerName":"D.Hall","statId":79,"yards":0}],"00-0001477":[{"sequence":3,"clubcode":"ATL","playerName":"M.Booker","statId":21,"yards":9},{"sequence":4,"clubcode":"ATL","playerName":"M.Booker","statId":115,"yards":0},{"sequence":5,"clubcode":"ATL","playerName":"M.Booker","statId":113,"yards":2}]}},"1814":{"sp":0,"qtr":2,"down":2,"time":"01:05","yrdln":"WAS 32","ydstogo":1,"ydsnet":66,"posteam":"ATL","desc":"(1:05) (Shotgun) M.Ryan pass incomplete short middle [K.Golston]. PENALTY on ATL-M.Ryan, Intentional Grounding, 10 yards, enforced at WAS 32.","note":"PENALTY","players":{"00-0026143":[{"sequence":1,"clubcode":"ATL","playerName":"M.Ryan","statId":14,"yards":0},{"sequence":3,"clubcode":"ATL","playerName":"M.Ryan","statId":112,"yards":-5},{"sequence":4,"clubcode":"ATL","playerName":"M.Ryan","statId":93,"yards":10}],"00-0024410":[{"sequence":2,"clubcode":"WAS","playerName":"K.Golston","statId":110,"yards":0}]}},"1844":{"sp":0,"qtr":2,"down":3,"time":"00:50","yrdln":"WAS 42","ydstogo":11,"ydsnet":66,"posteam":"ATL","desc":"(:50) M.Ryan pass incomplete short left to R.White. PENALTY on WAS-L.Alexander, Roughing the Passer, 15 yards, enforced at WAS 42 - No Play. Atlanta accepts 10-second runoff on clock in lieu of timeout.","note":"PENALTY","players":{"00-0023259":[{"sequence":2,"clubcode":"WAS","playerName":"L.Alexander","statId":93,"yards":15}],"0":[{"sequence":1,"clubcode":"ATL","playerName":"","statId":5,"yards":0}]}},"1884":{"sp":0,"qtr":2,"down":1,"time":"00:39","yrdln":"WAS 27","ydstogo":10,"ydsnet":61,"posteam":"ATL","desc":"(:39) (Shotgun) M.Ryan pass short left to R.White ran ob at WAS 20 for 7 yards (C.Horton).","note":null,"players":{"00-0026143":[{"sequence":1,"clubcode":"ATL","playerName":"M.Ryan","statId":15,"yards":7},{"sequence":2,"clubcode":"ATL","playerName":"M.Ryan","statId":111,"yards":2}],"00-0026389":[{"sequence":6,"clubcode":"WAS","playerName":"C.Horton","statId":79,"yards":0}],"00-0023462":[{"sequence":3,"clubcode":"ATL","playerName":"R.White","statId":21,"yards":7},{"sequence":4,"clubcode":"ATL","playerName":"R.White","statId":115,"yards":0},{"sequence":5,"clubcode":"ATL","playerName":"R.White","statId":113,"yards":5}]}},"1909":{"sp":0,"qtr":2,"down":2,"time":"00:33","yrdln":"WAS 20","ydstogo":3,"ydsnet":52,"posteam":"ATL","desc":"(:33) (Shotgun) M.Ryan sacked at WAS 29 for -9 yards (B.Orakpo).","note":null,"players":{"00-0026989":[{"sequence":2,"clubcode":"WAS","playerName":"B.Orakpo","statId":83,"yards":-9},{"sequence":3,"clubcode":"WAS","playerName":"B.Orakpo","statId":110,"yards":0},{"sequence":4,"clubcode":"WAS","playerName":"B.Orakpo","statId":79,"yards":0},{"sequence":5,"clubcode":"WAS","playerName":"B.Orakpo","statId":120,"yards":0}],"00-0026143":[{"sequence":1,"clubcode":"ATL","playerName":"M.Ryan","statId":20,"yards":-9}]}},"1939":{"sp":0,"qtr":2,"down":0,"time":"00:28","yrdln":"","ydstogo":0,"ydsnet":52,"posteam":"","desc":"Timeout #2 by ATL at 00:28.","note":"TIMEOUT","players":{"0":[{"sequence":1,"clubcode":"ATL","playerName":"","statId":68,"yards":0}]}},"1956":{"sp":0,"qtr":2,"down":3,"time":"00:28","yrdln":"WAS 29","ydstogo":12,"ydsnet":65,"posteam":"ATL","desc":"(:28) (Shotgun) M.Ryan pass short left to T.Gonzalez to WAS 16 for 13 yards (C.Horton).","note":null,"players":{"00-0026143":[{"sequence":3,"clubcode":"ATL","playerName":"M.Ryan","statId":15,"yards":13},{"sequence":4,"clubcode":"ATL","playerName":"M.Ryan","statId":111,"yards":12}],"00-0006101":[{"sequence":5,"clubcode":"ATL","playerName":"T.Gonzalez","statId":21,"yards":13},{"sequence":6,"clubcode":"ATL","playerName":"T.Gonzalez","statId":115,"yards":0},{"sequence":7,"clubcode":"ATL","playerName":"T.Gonzalez","statId":113,"yards":1}],"00-0026389":[{"sequence":8,"clubcode":"WAS","playerName":"C.Horton","statId":79,"yards":0}],"0":[{"sequence":1,"clubcode":"ATL","playerName":"","statId":4,"yards":0},{"sequence":2,"clubcode":"ATL","playerName":"","statId":6,"yards":0}]}},"1981":{"sp":0,"qtr":2,"down":0,"time":"00:23","yrdln":"","ydstogo":0,"ydsnet":65,"posteam":"","desc":"Timeout #3 by ATL at 00:23.","note":"TIMEOUT","players":{"0":[{"sequence":1,"clubcode":"ATL","playerName":"","statId":68,"yards":0}]}},"1998":{"sp":0,"qtr":2,"down":1,"time":"00:23","yrdln":"WAS 16","ydstogo":10,"ydsnet":65,"posteam":"ATL","desc":"(:23) (Shotgun) M.Ryan pass incomplete short middle to R.White.","note":null,"players":{"00-0026143":[{"sequence":1,"clubcode":"ATL","playerName":"M.Ryan","statId":14,"yards":0},{"sequence":3,"clubcode":"ATL","playerName":"M.Ryan","statId":112,"yards":7}],"00-0023462":[{"sequence":2,"clubcode":"ATL","playerName":"R.White","statId":115,"yards":0}]}},"2020":{"sp":0,"qtr":2,"down":2,"time":"00:19","yrdln":"WAS 16","ydstogo":10,"ydsnet":66,"posteam":"ATL","desc":"(:19) M.Turner up the middle to WAS 15 for 1 yard.","note":null,"players":{"00-0022821":[{"sequence":1,"clubcode":"ATL","playerName":"M.Turner","statId":10,"yards":1}]}},"2041":{"sp":0,"qtr":2,"down":3,"time":"00:13","yrdln":"WAS 15","ydstogo":9,"ydsnet":66,"posteam":"ATL","desc":"(:13) M.Ryan spiked the ball to stop the clock.","note":null,"players":{"00-0026143":[{"sequence":2,"clubcode":"ATL","playerName":"M.Ryan","statId":14,"yards":0},{"sequence":3,"clubcode":"ATL","playerName":"M.Ryan","statId":112,"yards":0}],"0":[{"sequence":1,"clubcode":"ATL","playerName":"","statId":7,"yards":0}]}},"2070":{"sp":1,"qtr":2,"down":4,"time":"00:05","yrdln":"WAS 15","ydstogo":9,"ydsnet":66,"posteam":"ATL","desc":"(:05) J.Elam 33 yard field goal is GOOD, Center-B.Pittman, Holder-M.Koenen.","note":"FG","players":{"00-0004811":[{"sequence":1,"clubcode":"ATL","playerName":"J.Elam","statId":70,"yards":33}]}}},"fds":5,"result":"Field Goal","penyds":20,"ydsgained":46,"numplays":18,"postime":"2:17","start":{"qtr":2,"time":"02:17","yrdln":"ATL 19","team":"ATL"},"end":{"qtr":2,"time":"00:00","yrdln":"WAS 15","team":"ATL"}},"11":{"posteam":"WAS","qtr":3,"redzone":true,"plays":{"2103":{"sp":0,"qtr":3,"down":0,"time":"15:00","yrdln":"ATL 30","ydstogo":0,"ydsnet":0,"posteam":"ATL","desc":"M.Koenen kicks 70 yards from ATL 30 to end zone, Touchback.","note":"KICKOFF","players":{"00-0023234":[{"sequence":1,"clubcode":"ATL","playerName":"M.Koenen","statId":44,"yards":70}],"0":[{"sequence":2,"clubcode":"WAS","playerName":"","statId":51,"yards":0}]}},"2122":{"sp":0,"qtr":3,"down":1,"time":"15:00","yrdln":"WAS 20","ydstogo":10,"ydsnet":0,"posteam":"WAS","desc":"(15:00) J.Campbell pass incomplete short middle to S.Moss.","note":null,"players":{"00-0023460":[{"sequence":1,"clubcode":"WAS","playerName":"J.Campbell","statId":14,"yards":0},{"sequence":3,"clubcode":"WAS","playerName":"J.Campbell","statId":112,"yards":6}],"00-0020494":[{"sequence":2,"clubcode":"WAS","playerName":"S.Moss","statId":115,"yards":0}]}},"2144":{"sp":0,"qtr":3,"down":2,"time":"14:56","yrdln":"WAS 20","ydstogo":10,"ydsnet":5,"posteam":"WAS","desc":"(14:56) L.Betts left end to WAS 25 for 5 yards (S.Nicholas).","note":null,"players":{"00-0021184":[{"sequence":1,"clubcode":"WAS","playerName":"L.Betts","statId":10,"yards":5}],"00-0025496":[{"sequence":2,"clubcode":"ATL","playerName":"S.Nicholas","statId":79,"yards":0}]}},"2165":{"sp":0,"qtr":3,"down":3,"time":"14:16","yrdln":"WAS 25","ydstogo":5,"ydsnet":24,"posteam":"WAS","desc":"(14:16) (Shotgun) J.Campbell scrambles up the middle to WAS 44 for 19 yards (J.Abraham).","note":null,"players":{"00-0023460":[{"sequence":3,"clubcode":"WAS","playerName":"J.Campbell","statId":10,"yards":19}],"00-0019546":[{"sequence":4,"clubcode":"ATL","playerName":"J.Abraham","statId":79,"yards":0}],"0":[{"sequence":1,"clubcode":"WAS","playerName":"","statId":3,"yards":0},{"sequence":2,"clubcode":"WAS","playerName":"","statId":6,"yards":0}]}},"2186":{"sp":0,"qtr":3,"down":1,"time":"13:38","yrdln":"WAS 44","ydstogo":10,"ydsnet":33,"posteam":"WAS","desc":"(13:38) R.Cartwright right tackle to WAS 49 for 5 yards (S.Nicholas).","note":null,"players":{"00-0021357":[{"sequence":1,"clubcode":"WAS","playerName":"R.Cartwright","statId":10,"yards":5}],"00-0025496":[{"sequence":2,"clubcode":"ATL","playerName":"S.Nicholas","statId":79,"yards":0}]}},"2207":{"sp":0,"qtr":3,"down":2,"time":"13:09","yrdln":"WAS 49","ydstogo":5,"ydsnet":33,"posteam":"WAS","desc":"(13:09) R.Cartwright left end to ATL 47 for 4 yards (C.Lofton).","note":null,"players":{"00-0026177":[{"sequence":2,"clubcode":"ATL","playerName":"C.Lofton","statId":79,"yards":0}],"00-0021357":[{"sequence":1,"clubcode":"WAS","playerName":"R.Cartwright","statId":10,"yards":4}]}},"2228":{"sp":0,"qtr":3,"down":3,"time":"12:28","yrdln":"ATL 47","ydstogo":1,"ydsnet":44,"posteam":"WAS","desc":"(12:28) J.Campbell pass short right to M.Sellers pushed ob at ATL 36 for 11 yards (M.Peterson).","note":null,"players":{"00-0023460":[{"sequence":3,"clubcode":"WAS","playerName":"J.Campbell","statId":15,"yards":11},{"sequence":4,"clubcode":"WAS","playerName":"J.Campbell","statId":111,"yards":2}],"00-0014655":[{"sequence":5,"clubcode":"WAS","playerName":"M.Sellers","statId":21,"yards":11},{"sequence":6,"clubcode":"WAS","playerName":"M.Sellers","statId":115,"yards":0},{"sequence":7,"clubcode":"WAS","playerName":"M.Sellers","statId":113,"yards":9}],"0":[{"sequence":1,"clubcode":"WAS","playerName":"","statId":4,"yards":0},{"sequence":2,"clubcode":"WAS","playerName":"","statId":6,"yards":0}],"00-0012871":[{"sequence":8,"clubcode":"ATL","playerName":"M.Peterson","statId":79,"yards":0}]}},"2252":{"sp":0,"qtr":3,"down":1,"time":"11:48","yrdln":"ATL 36","ydstogo":10,"ydsnet":55,"posteam":"WAS","desc":"(11:48) J.Campbell pass short left to M.Mitchell to ATL 25 for 11 yards (C.Houston).","note":null,"players":{"00-0023460":[{"sequence":2,"clubcode":"WAS","playerName":"J.Campbell","statId":15,"yards":11},{"sequence":3,"clubcode":"WAS","playerName":"J.Campbell","statId":111,"yards":10}],"00-0025428":[{"sequence":7,"clubcode":"ATL","playerName":"C.Houston","statId":79,"yards":0}],"0":[{"sequence":1,"clubcode":"WAS","playerName":"","statId":4,"yards":0}],"00-0026959":[{"sequence":4,"clubcode":"WAS","playerName":"M.Mitchell","statId":21,"yards":11},{"sequence":5,"clubcode":"WAS","playerName":"M.Mitchell","statId":115,"yards":0},{"sequence":6,"clubcode":"WAS","playerName":"M.Mitchell","statId":113,"yards":1}]}},"2276":{"sp":0,"qtr":3,"down":1,"time":"11:10","yrdln":"ATL 25","ydstogo":10,"ydsnet":57,"posteam":"WAS","desc":"(11:10) L.Betts left tackle to ATL 23 for 2 yards (V.Walker).","note":null,"players":{"00-0021184":[{"sequence":1,"clubcode":"WAS","playerName":"L.Betts","statId":10,"yards":2}],"00-0026942":[{"sequence":2,"clubcode":"ATL","playerName":"V.Walker","statId":79,"yards":0}]}},"2297":{"sp":0,"qtr":3,"down":2,"time":"10:29","yrdln":"ATL 23","ydstogo":8,"ydsnet":52,"posteam":"WAS","desc":"(10:29) PENALTY on WAS-M.Sellers, False Start, 5 yards, enforced at ATL 23 - No Play.","note":"PENALTY","players":{"00-0014655":[{"sequence":1,"clubcode":"WAS","playerName":"M.Sellers","statId":93,"yards":5}]}},"2320":{"sp":0,"qtr":3,"down":2,"time":"10:02","yrdln":"ATL 28","ydstogo":13,"ydsnet":75,"posteam":"WAS","desc":"(10:02) J.Campbell pass short left to L.Betts to ATL 5 for 23 yards (E.Coleman).","note":null,"players":{"00-0023460":[{"sequence":2,"clubcode":"WAS","playerName":"J.Campbell","statId":15,"yards":23},{"sequence":3,"clubcode":"WAS","playerName":"J.Campbell","statId":111,"yards":-4}],"00-0022218":[{"sequence":7,"clubcode":"ATL","playerName":"E.Coleman","statId":79,"yards":0}],"00-0021184":[{"sequence":4,"clubcode":"WAS","playerName":"L.Betts","statId":21,"yards":23},{"sequence":5,"clubcode":"WAS","playerName":"L.Betts","statId":115,"yards":0},{"sequence":6,"clubcode":"WAS","playerName":"L.Betts","statId":113,"yards":27}],"0":[{"sequence":1,"clubcode":"WAS","playerName":"","statId":4,"yards":0}]}},"2344":{"sp":0,"qtr":3,"down":1,"time":"09:15","yrdln":"ATL 5","ydstogo":5,"ydsnet":79,"posteam":"WAS","desc":"(9:15) J.Campbell pass short left to M.Kelly to ATL 1 for 4 yards (C.Houston).","note":null,"players":{"00-0023460":[{"sequence":1,"clubcode":"WAS","playerName":"J.Campbell","statId":15,"yards":4},{"sequence":2,"clubcode":"WAS","playerName":"J.Campbell","statId":111,"yards":4}],"00-0025428":[{"sequence":6,"clubcode":"ATL","playerName":"C.Houston","statId":79,"yards":0}],"00-0026191":[{"sequence":3,"clubcode":"WAS","playerName":"M.Kelly","statId":21,"yards":4},{"sequence":4,"clubcode":"WAS","playerName":"M.Kelly","statId":115,"yards":0},{"sequence":5,"clubcode":"WAS","playerName":"M.Kelly","statId":113,"yards":0}]}},"2368":{"sp":0,"qtr":3,"down":2,"time":"08:35","yrdln":"ATL 1","ydstogo":1,"ydsnet":79,"posteam":"WAS","desc":"(8:35) R.Cartwright right tackle to ATL 1 for no gain (C.Lofton).","note":null,"players":{"00-0026177":[{"sequence":2,"clubcode":"ATL","playerName":"C.Lofton","statId":79,"yards":0}],"00-0021357":[{"sequence":1,"clubcode":"WAS","playerName":"R.Cartwright","statId":10,"yards":0}]}},"2389":{"sp":0,"qtr":3,"down":3,"time":"07:57","yrdln":"ATL 1","ydstogo":1,"ydsnet":79,"posteam":"WAS","desc":"(7:57) R.Cartwright up the middle to ATL 1 for no gain (K.Biermann).","note":null,"players":{"00-0021357":[{"sequence":2,"clubcode":"WAS","playerName":"R.Cartwright","statId":10,"yards":0}],"00-0026294":[{"sequence":3,"clubcode":"ATL","playerName":"K.Biermann","statId":79,"yards":0}],"0":[{"sequence":1,"clubcode":"WAS","playerName":"","statId":7,"yards":0}]}},"2410":{"sp":1,"qtr":3,"down":4,"time":"07:14","yrdln":"ATL 1","ydstogo":1,"ydsnet":80,"posteam":"WAS","desc":"(7:14) L.Betts left guard for 1 yard, TOUCHDOWN.","note":"TD","players":{"00-0021184":[{"sequence":3,"clubcode":"WAS","playerName":"L.Betts","statId":11,"yards":1}],"0":[{"sequence":1,"clubcode":"WAS","playerName":"","statId":3,"yards":0},{"sequence":2,"clubcode":"WAS","playerName":"","statId":8,"yards":0}]}},"2427":{"sp":1,"qtr":3,"down":0,"time":"07:10","yrdln":"ATL 2","ydstogo":0,"ydsnet":80,"posteam":"WAS","desc":"S.Suisham extra point is GOOD, Center-E.Albright, Holder-S.Paulescu.","note":"XP","players":{"00-0023001":[{"sequence":1,"clubcode":"WAS","playerName":"S.Suisham","statId":72,"yards":0}]}}},"fds":5,"result":"Touchdown","penyds":-5,"ydsgained":85,"numplays":16,"postime":"7:50","start":{"qtr":3,"time":"15:00","yrdln":"WAS 20","team":"WAS"},"end":{"qtr":3,"time":"07:10","yrdln":"ATL 1","team":"WAS"}},"12":{"posteam":"ATL","qtr":3,"redzone":true,"plays":{"2443":{"sp":0,"qtr":3,"down":0,"time":"07:10","yrdln":"WAS 30","ydstogo":0,"ydsnet":0,"posteam":"WAS","desc":"S.Suisham kicks 67 yards from WAS 30 to ATL 3. E.Weems to ATL 22 for 19 yards (L.Alexander).","note":"KICKOFF","players":{"00-0023001":[{"sequence":1,"clubcode":"WAS","playerName":"S.Suisham","statId":41,"yards":67}],"00-0023259":[{"sequence":3,"clubcode":"WAS","playerName":"L.Alexander","statId":79,"yards":0}],"00-0024535":[{"sequence":2,"clubcode":"ATL","playerName":"E.Weems","statId":45,"yards":19}]}},"2465":{"sp":0,"qtr":3,"down":1,"time":"07:04","yrdln":"ATL 22","ydstogo":10,"ydsnet":3,"posteam":"ATL","desc":"(7:04) M.Turner left tackle to ATL 25 for 3 yards (R.Doughty).","note":null,"players":{"00-0022821":[{"sequence":1,"clubcode":"ATL","playerName":"M.Turner","statId":10,"yards":3}],"00-0024387":[{"sequence":2,"clubcode":"WAS","playerName":"R.Doughty","statId":79,"yards":0}]}},"2486":{"sp":0,"qtr":3,"down":2,"time":"06:28","yrdln":"ATL 25","ydstogo":7,"ydsnet":9,"posteam":"ATL","desc":"(6:28) M.Ryan pass short right to T.Gonzalez to ATL 31 for 6 yards (R.Doughty).","note":null,"players":{"00-0026143":[{"sequence":1,"clubcode":"ATL","playerName":"M.Ryan","statId":15,"yards":6},{"sequence":2,"clubcode":"ATL","playerName":"M.Ryan","statId":111,"yards":5}],"00-0006101":[{"sequence":3,"clubcode":"ATL","playerName":"T.Gonzalez","statId":21,"yards":6},{"sequence":4,"clubcode":"ATL","playerName":"T.Gonzalez","statId":115,"yards":0},{"sequence":5,"clubcode":"ATL","playerName":"T.Gonzalez","statId":113,"yards":1}],"00-0024387":[{"sequence":6,"clubcode":"WAS","playerName":"R.Doughty","statId":79,"yards":0}]}},"2510":{"sp":0,"qtr":3,"down":3,"time":"05:50","yrdln":"ATL 31","ydstogo":1,"ydsnet":9,"posteam":"ATL","desc":"(5:50) A.Stecker left end to ATL 31 for no gain (L.Landry).","note":null,"players":{"00-0025393":[{"sequence":3,"clubcode":"WAS","playerName":"L.Landry","statId":79,"yards":0}],"00-0015601":[{"sequence":2,"clubcode":"ATL","playerName":"A.Stecker","statId":10,"yards":0}],"0":[{"sequence":1,"clubcode":"ATL","playerName":"","statId":7,"yards":0}]}},"2531":{"sp":0,"qtr":3,"down":4,"time":"05:09","yrdln":"ATL 31","ydstogo":1,"ydsnet":9,"posteam":"ATL","desc":"(5:09) M.Koenen punts 48 yards to WAS 21, Center-B.Pittman. D.Hall to WAS 19 for -2 yards (S.Nicholas).","note":"PUNT","players":{"00-0023234":[{"sequence":1,"clubcode":"ATL","playerName":"M.Koenen","statId":29,"yards":48},{"sequence":3,"clubcode":"ATL","playerName":"M.Koenen","statId":30,"yards":0}],"00-0022923":[{"sequence":2,"clubcode":"WAS","playerName":"D.Hall","statId":33,"yards":-2}],"00-0025496":[{"sequence":4,"clubcode":"ATL","playerName":"S.Nicholas","statId":79,"yards":0}]}}},"fds":0,"result":"Punt","penyds":0,"ydsgained":9,"numplays":5,"postime":"2:15","start":{"qtr":3,"time":"07:10","yrdln":"ATL 22","team":"ATL"},"end":{"qtr":3,"time":"04:55","yrdln":"ATL 31","team":"ATL"}},"13":{"posteam":"WAS","qtr":4,"redzone":true,"plays":{"2556":{"sp":0,"qtr":3,"down":1,"time":"04:55","yrdln":"WAS 19","ydstogo":10,"ydsnet":16,"posteam":"WAS","desc":"(4:55) J.Campbell pass short right to F.Davis to WAS 35 for 16 yards (E.Coleman).","note":null,"players":{"00-0023460":[{"sequence":2,"clubcode":"WAS","playerName":"J.Campbell","statId":15,"yards":16},{"sequence":3,"clubcode":"WAS","playerName":"J.Campbell","statId":111,"yards":0}],"00-0022218":[{"sequence":7,"clubcode":"ATL","playerName":"E.Coleman","statId":79,"yards":0}],"0":[{"sequence":1,"clubcode":"WAS","playerName":"","statId":4,"yards":0}],"00-0026188":[{"sequence":4,"clubcode":"WAS","playerName":"F.Davis","statId":21,"yards":16},{"sequence":5,"clubcode":"WAS","playerName":"F.Davis","statId":115,"yards":0},{"sequence":6,"clubcode":"WAS","playerName":"F.Davis","statId":113,"yards":16}]}},"2580":{"sp":0,"qtr":3,"down":1,"time":"04:22","yrdln":"WAS 35","ydstogo":10,"ydsnet":19,"posteam":"WAS","desc":"(4:22) L.Betts left tackle to WAS 38 for 3 yards (M.Peterson).","note":null,"players":{"00-0021184":[{"sequence":1,"clubcode":"WAS","playerName":"L.Betts","statId":10,"yards":3}],"00-0012871":[{"sequence":2,"clubcode":"ATL","playerName":"M.Peterson","statId":79,"yards":0}]}},"2601":{"sp":0,"qtr":3,"down":2,"time":"03:43","yrdln":"WAS 38","ydstogo":7,"ydsnet":34,"posteam":"WAS","desc":"(3:43) L.Betts left tackle to ATL 47 for 15 yards (T.DeCoud).","note":null,"players":{"00-0021184":[{"sequence":2,"clubcode":"WAS","playerName":"L.Betts","statId":10,"yards":15}],"0":[{"sequence":1,"clubcode":"WAS","playerName":"","statId":3,"yards":0}],"00-0026238":[{"sequence":3,"clubcode":"ATL","playerName":"T.DeCoud","statId":79,"yards":0}]}},"2622":{"sp":0,"qtr":3,"down":1,"time":"03:03","yrdln":"ATL 47","ydstogo":10,"ydsnet":40,"posteam":"WAS","desc":"(3:03) S.Moss left end to ATL 41 for 6 yards (E.Coleman).","note":null,"players":{"00-0022218":[{"sequence":2,"clubcode":"ATL","playerName":"E.Coleman","statId":79,"yards":0}],"00-0020494":[{"sequence":1,"clubcode":"WAS","playerName":"S.Moss","statId":10,"yards":6}]}},"2643":{"sp":0,"qtr":3,"down":2,"time":"02:27","yrdln":"ATL 41","ydstogo":4,"ydsnet":62,"posteam":"WAS","desc":"(2:27) R.Cartwright right tackle to ATL 34 for 7 yards (M.Peterson, S.Nicholas).","note":null,"players":{"00-0021357":[{"sequence":2,"clubcode":"WAS","playerName":"R.Cartwright","statId":10,"yards":7}],"00-0025496":[{"sequence":4,"clubcode":"ATL","playerName":"S.Nicholas","statId":82,"yards":0}],"0":[{"sequence":1,"clubcode":"WAS","playerName":"","statId":3,"yards":0}],"00-0012871":[{"sequence":3,"clubcode":"ATL","playerName":"M.Peterson","statId":80,"yards":0}]}},"2664":{"sp":0,"qtr":3,"down":1,"time":"01:52","yrdln":"ATL 34","ydstogo":10,"ydsnet":37,"posteam":"WAS","desc":"(1:52) R.Cartwright up the middle to ATL 34 for no gain (T.Lewis). PENALTY on WAS-M.Williams, Offensive Holding, 10 yards, enforced at ATL 34 - No Play.","note":"PENALTY","players":{"00-0021142":[{"sequence":1,"clubcode":"WAS","playerName":"M.Williams","statId":93,"yards":10}]}},"2696":{"sp":0,"qtr":3,"down":1,"time":"01:32","yrdln":"ATL 44","ydstogo":20,"ydsnet":52,"posteam":"WAS","desc":"(1:32) J.Campbell pass short left to S.Moss to ATL 29 for 15 yards (C.Houston).","note":null,"players":{"00-0023460":[{"sequence":1,"clubcode":"WAS","playerName":"J.Campbell","statId":15,"yards":15},{"sequence":2,"clubcode":"WAS","playerName":"J.Campbell","statId":111,"yards":10}],"00-0025428":[{"sequence":6,"clubcode":"ATL","playerName":"C.Houston","statId":79,"yards":0}],"00-0020494":[{"sequence":3,"clubcode":"WAS","playerName":"S.Moss","statId":21,"yards":15},{"sequence":4,"clubcode":"WAS","playerName":"S.Moss","statId":115,"yards":0},{"sequence":5,"clubcode":"WAS","playerName":"S.Moss","statId":113,"yards":5}]}},"2720":{"sp":0,"qtr":3,"down":2,"time":"00:55","yrdln":"ATL 29","ydstogo":5,"ydsnet":54,"posteam":"WAS","desc":"(:55) L.Betts right tackle to ATL 27 for 2 yards (J.Babineaux).","note":null,"players":{"00-0021184":[{"sequence":1,"clubcode":"WAS","playerName":"L.Betts","statId":10,"yards":2}],"00-0023494":[{"sequence":2,"clubcode":"ATL","playerName":"J.Babineaux","statId":79,"yards":0}]}},"2741":{"sp":0,"qtr":3,"down":3,"time":"00:12","yrdln":"ATL 27","ydstogo":3,"ydsnet":62,"posteam":"WAS","desc":"(:12) (Shotgun) J.Campbell pass short right to A.Randle El pushed ob at ATL 19 for 8 yards (M.Peterson).","note":null,"players":{"00-0023460":[{"sequence":3,"clubcode":"WAS","playerName":"J.Campbell","statId":15,"yards":8},{"sequence":4,"clubcode":"WAS","playerName":"J.Campbell","statId":111,"yards":-4}],"00-0021190":[{"sequence":5,"clubcode":"WAS","playerName":"A.Randle El","statId":21,"yards":8},{"sequence":6,"clubcode":"WAS","playerName":"A.Randle El","statId":115,"yards":0},{"sequence":7,"clubcode":"WAS","playerName":"A.Randle El","statId":113,"yards":12}],"0":[{"sequence":1,"clubcode":"WAS","playerName":"","statId":4,"yards":0},{"sequence":2,"clubcode":"WAS","playerName":"","statId":6,"yards":0}],"00-0012871":[{"sequence":8,"clubcode":"ATL","playerName":"M.Peterson","statId":79,"yards":0}]}},"2765":{"sp":0,"qtr":3,"down":0,"time":"","yrdln":"","ydstogo":0,"ydsnet":62,"posteam":"","desc":"END QUARTER 3","note":null,"players":{}},"2781":{"sp":0,"qtr":4,"down":1,"time":"15:00","yrdln":"ATL 19","ydstogo":10,"ydsnet":62,"posteam":"WAS","desc":"(15:00) J.Campbell pass incomplete short left to S.Moss (C.Houston).","note":null,"players":{"00-0023460":[{"sequence":1,"clubcode":"WAS","playerName":"J.Campbell","statId":14,"yards":0},{"sequence":4,"clubcode":"WAS","playerName":"J.Campbell","statId":112,"yards":14}],"00-0025428":[{"sequence":3,"clubcode":"ATL","playerName":"C.Houston","statId":85,"yards":0}],"00-0020494":[{"sequence":2,"clubcode":"WAS","playerName":"S.Moss","statId":115,"yards":0}]}},"2814":{"sp":0,"qtr":4,"down":2,"time":"14:56","yrdln":"ATL 19","ydstogo":10,"ydsnet":69,"posteam":"WAS","desc":"(14:56) L.Betts up the middle to ATL 12 for 7 yards (E.Coleman).","note":null,"players":{"00-0022218":[{"sequence":2,"clubcode":"ATL","playerName":"E.Coleman","statId":79,"yards":0}],"00-0021184":[{"sequence":1,"clubcode":"WAS","playerName":"L.Betts","statId":10,"yards":7}]}},"2835":{"sp":0,"qtr":4,"down":3,"time":"14:19","yrdln":"ATL 12","ydstogo":3,"ydsnet":81,"posteam":"WAS","desc":"(14:19) (Shotgun) J.Campbell scrambles left end to ATL 7 for 5 yards (C.Lofton). PENALTY on ATL-M.Peterson, Defensive Holding, 4 yards, enforced at ATL 7.","note":"PENALTY","players":{"00-0023460":[{"sequence":3,"clubcode":"WAS","playerName":"J.Campbell","statId":10,"yards":5}],"00-0026177":[{"sequence":4,"clubcode":"ATL","playerName":"C.Lofton","statId":79,"yards":0}],"0":[{"sequence":1,"clubcode":"WAS","playerName":"","statId":3,"yards":0},{"sequence":2,"clubcode":"WAS","playerName":"","statId":6,"yards":0}],"00-0012871":[{"sequence":5,"clubcode":"ATL","playerName":"M.Peterson","statId":93,"yards":4}]}},"2867":{"sp":0,"qtr":4,"down":1,"time":"13:54","yrdln":"ATL 3","ydstogo":3,"ydsnet":78,"posteam":"WAS","desc":"(13:54) (Shotgun) R.Cartwright left tackle to ATL 3 for no gain (T.DeCoud).","note":null,"players":{"00-0021357":[{"sequence":1,"clubcode":"WAS","playerName":"R.Cartwright","statId":10,"yards":0}],"00-0026238":[{"sequence":2,"clubcode":"ATL","playerName":"T.DeCoud","statId":79,"yards":0}]}},"2888":{"sp":1,"qtr":4,"down":2,"time":"13:13","yrdln":"ATL 3","ydstogo":3,"ydsnet":81,"posteam":"WAS","desc":"(13:13) J.Campbell pass short right to T.Yoder for 3 yards, TOUCHDOWN. Atlanta challenged the incomplete pass ruling, and the play was Upheld. (Timeout #1 at 13:05.)","note":"TD","players":{"00-0023460":[{"sequence":3,"clubcode":"WAS","playerName":"J.Campbell","statId":16,"yards":3},{"sequence":4,"clubcode":"WAS","playerName":"J.Campbell","statId":111,"yards":3}],"00-0019127":[{"sequence":5,"clubcode":"WAS","playerName":"T.Yoder","statId":22,"yards":3},{"sequence":6,"clubcode":"WAS","playerName":"T.Yoder","statId":115,"yards":0},{"sequence":7,"clubcode":"WAS","playerName":"T.Yoder","statId":113,"yards":0}],"0":[{"sequence":1,"clubcode":"ATL","playerName":"","statId":68,"yards":0},{"sequence":2,"clubcode":"WAS","playerName":"","statId":4,"yards":0}]}},"2942":{"sp":1,"qtr":4,"down":0,"time":"13:05","yrdln":"ATL 2","ydstogo":0,"ydsnet":81,"posteam":"WAS","desc":"S.Suisham extra point is GOOD, Center-E.Albright, Holder-S.Paulescu.","note":"XP","players":{"00-0023001":[{"sequence":1,"clubcode":"WAS","playerName":"S.Suisham","statId":72,"yards":0}]}}},"fds":6,"result":"Touchdown","penyds":-6,"ydsgained":87,"numplays":16,"postime":"6:50","start":{"qtr":3,"time":"04:55","yrdln":"WAS 19","team":"WAS"},"end":{"qtr":3,"time":"13:05","yrdln":"ATL 3","team":"WAS"}},"14":{"posteam":"ATL","qtr":4,"redzone":true,"plays":{"2958":{"sp":0,"qtr":4,"down":0,"time":"13:05","yrdln":"WAS 30","ydstogo":0,"ydsnet":0,"posteam":"WAS","desc":"S.Suisham kicks 66 yards from WAS 30 to ATL 4. E.Weems to ATL 27 for 23 yards (H.Blades).","note":"KICKOFF","players":{"00-0023001":[{"sequence":1,"clubcode":"WAS","playerName":"S.Suisham","statId":41,"yards":66}],"00-0025566":[{"sequence":3,"clubcode":"WAS","playerName":"H.Blades","statId":79,"yards":0}],"00-0024535":[{"sequence":2,"clubcode":"ATL","playerName":"E.Weems","statId":45,"yards":23}]}},"2980":{"sp":0,"qtr":4,"down":1,"time":"13:00","yrdln":"ATL 27","ydstogo":10,"ydsnet":8,"posteam":"ATL","desc":"(13:00) M.Ryan pass short right to O.Mughelli to ATL 35 for 8 yards (R.Doughty).","note":null,"players":{"00-0026143":[{"sequence":1,"clubcode":"ATL","playerName":"M.Ryan","statId":15,"yards":8},{"sequence":2,"clubcode":"ATL","playerName":"M.Ryan","statId":111,"yards":2}],"00-0024387":[{"sequence":6,"clubcode":"WAS","playerName":"R.Doughty","statId":79,"yards":0}],"00-0022143":[{"sequence":3,"clubcode":"ATL","playerName":"O.Mughelli","statId":21,"yards":8},{"sequence":4,"clubcode":"ATL","playerName":"O.Mughelli","statId":115,"yards":0},{"sequence":5,"clubcode":"ATL","playerName":"O.Mughelli","statId":113,"yards":6}]}},"3004":{"sp":0,"qtr":4,"down":2,"time":"12:22","yrdln":"ATL 35","ydstogo":2,"ydsnet":15,"posteam":"ATL","desc":"(12:22) M.Turner left end to ATL 42 for 7 yards (R.Doughty).","note":null,"players":{"00-0022821":[{"sequence":2,"clubcode":"ATL","playerName":"M.Turner","statId":10,"yards":7}],"00-0024387":[{"sequence":3,"clubcode":"WAS","playerName":"R.Doughty","statId":79,"yards":0}],"0":[{"sequence":1,"clubcode":"ATL","playerName":"","statId":3,"yards":0}]}},"3025":{"sp":1,"qtr":4,"down":1,"time":"11:36","yrdln":"ATL 42","ydstogo":10,"ydsnet":73,"posteam":"ATL","desc":"(11:36) M.Turner left tackle for 58 yards, TOUCHDOWN.","note":"TD","players":{"00-0022821":[{"sequence":2,"clubcode":"ATL","playerName":"M.Turner","statId":11,"yards":58}],"0":[{"sequence":1,"clubcode":"ATL","playerName":"","statId":3,"yards":0}]}},"3042":{"sp":1,"qtr":4,"down":0,"time":"11:23","yrdln":"WAS 2","ydstogo":0,"ydsnet":73,"posteam":"ATL","desc":"J.Elam extra point is GOOD, Center-B.Pittman, Holder-M.Koenen.","note":"XP","players":{"00-0004811":[{"sequence":1,"clubcode":"ATL","playerName":"J.Elam","statId":72,"yards":0}]}}},"fds":2,"result":"Touchdown","penyds":0,"ydsgained":73,"numplays":5,"postime":"1:42","start":{"qtr":4,"time":"13:05","yrdln":"ATL 27","team":"ATL"},"end":{"qtr":4,"time":"11:23","yrdln":"ATL 42","team":"ATL"}},"15":{"posteam":"WAS","qtr":4,"redzone":true,"plays":{"3058":{"sp":0,"qtr":4,"down":0,"time":"11:23","yrdln":"ATL 30","ydstogo":0,"ydsnet":0,"posteam":"ATL","desc":"M.Koenen kicks 70 yards from ATL 30 to end zone, Touchback.","note":"KICKOFF","players":{"00-0023234":[{"sequence":1,"clubcode":"ATL","playerName":"M.Koenen","statId":44,"yards":70}],"0":[{"sequence":2,"clubcode":"WAS","playerName":"","statId":51,"yards":0}]}},"3072":{"sp":0,"qtr":4,"down":1,"time":"11:23","yrdln":"WAS 20","ydstogo":10,"ydsnet":24,"posteam":"WAS","desc":"(11:23) J.Campbell scrambles left end to WAS 21 for 1 yard (J.Babineaux). WAS-J.Campbell was injured during the play. His return is Questionable. WAS-M.Williams was injured during the play. His return is Questionable.","note":null,"players":{"00-0023460":[{"sequence":1,"clubcode":"WAS","playerName":"J.Campbell","statId":10,"yards":1}],"00-0023494":[{"sequence":2,"clubcode":"ATL","playerName":"J.Babineaux","statId":79,"yards":0}]}},"3103":{"sp":0,"qtr":4,"down":2,"time":"10:57","yrdln":"WAS 21","ydstogo":9,"ydsnet":4,"posteam":"WAS","desc":"(10:57) L.Betts left tackle to WAS 24 for 3 yards (C.Jackson, E.Coleman).","note":null,"players":{"00-0022218":[{"sequence":3,"clubcode":"ATL","playerName":"E.Coleman","statId":82,"yards":0}],"00-0021184":[{"sequence":1,"clubcode":"WAS","playerName":"L.Betts","statId":10,"yards":3}],"00-0026208":[{"sequence":2,"clubcode":"ATL","playerName":"C.Jackson","statId":80,"yards":0}]}},"3124":{"sp":0,"qtr":4,"down":3,"time":"10:22","yrdln":"WAS 24","ydstogo":6,"ydsnet":27,"posteam":"WAS","desc":"(10:22) T.Collins pass short left to M.Mitchell to WAS 35 for 11 yards (C.Houston).","note":null,"players":{"00-0025428":[{"sequence":8,"clubcode":"ATL","playerName":"C.Houston","statId":79,"yards":0}],"0":[{"sequence":1,"clubcode":"WAS","playerName":"","statId":4,"yards":0},{"sequence":2,"clubcode":"WAS","playerName":"","statId":6,"yards":0}],"00-0026959":[{"sequence":5,"clubcode":"WAS","playerName":"M.Mitchell","statId":21,"yards":11},{"sequence":6,"clubcode":"WAS","playerName":"M.Mitchell","statId":115,"yards":0},{"sequence":7,"clubcode":"WAS","playerName":"M.Mitchell","statId":113,"yards":1}],"00-0003315":[{"sequence":3,"clubcode":"WAS","playerName":"T.Collins","statId":15,"yards":11},{"sequence":4,"clubcode":"WAS","playerName":"T.Collins","statId":111,"yards":10}]}},"3148":{"sp":0,"qtr":4,"down":1,"time":"09:44","yrdln":"WAS 35","ydstogo":10,"ydsnet":24,"posteam":"WAS","desc":"(9:44) L.Betts up the middle to WAS 44 for 9 yards (E.Coleman).","note":null,"players":{"00-0022218":[{"sequence":2,"clubcode":"ATL","playerName":"E.Coleman","statId":79,"yards":0}],"00-0021184":[{"sequence":1,"clubcode":"WAS","playerName":"L.Betts","statId":10,"yards":9}]}},"3169":{"sp":0,"qtr":4,"down":2,"time":"09:11","yrdln":"WAS 44","ydstogo":1,"ydsnet":24,"posteam":"WAS","desc":"(9:11) R.Cartwright up the middle to WAS 44 for no gain (J.Babineaux).","note":null,"players":{"00-0021357":[{"sequence":1,"clubcode":"WAS","playerName":"R.Cartwright","statId":10,"yards":0}],"00-0023494":[{"sequence":2,"clubcode":"ATL","playerName":"J.Babineaux","statId":79,"yards":0}]}},"3190":{"sp":0,"qtr":4,"down":3,"time":"08:36","yrdln":"WAS 44","ydstogo":1,"ydsnet":20,"posteam":"WAS","desc":"(8:36) PENALTY on WAS-D.Batiste, False Start, 4 yards, enforced at WAS 44 - No Play.","note":"PENALTY","players":{"00-0024483":[{"sequence":1,"clubcode":"WAS","playerName":"D.Batiste","statId":93,"yards":4}]}},"3213":{"sp":0,"qtr":4,"down":3,"time":"08:11","yrdln":"WAS 40","ydstogo":5,"ydsnet":27,"posteam":"WAS","desc":"(8:11) T.Collins pass short middle to A.Randle El to WAS 47 for 7 yards (E.Coleman).","note":null,"players":{"00-0022218":[{"sequence":8,"clubcode":"ATL","playerName":"E.Coleman","statId":79,"yards":0}],"00-0021190":[{"sequence":5,"clubcode":"WAS","playerName":"A.Randle El","statId":21,"yards":7},{"sequence":6,"clubcode":"WAS","playerName":"A.Randle El","statId":115,"yards":0},{"sequence":7,"clubcode":"WAS","playerName":"A.Randle El","statId":113,"yards":7}],"0":[{"sequence":1,"clubcode":"WAS","playerName":"","statId":4,"yards":0},{"sequence":2,"clubcode":"WAS","playerName":"","statId":6,"yards":0}],"00-0003315":[{"sequence":3,"clubcode":"WAS","playerName":"T.Collins","statId":15,"yards":7},{"sequence":4,"clubcode":"WAS","playerName":"T.Collins","statId":111,"yards":0}]}},"3241":{"sp":0,"qtr":4,"down":1,"time":"07:34","yrdln":"WAS 47","ydstogo":10,"ydsnet":27,"posteam":"WAS","desc":"(7:34) T.Collins pass incomplete deep right to S.Moss (E.Coleman) [M.Peterson].","note":null,"players":{"00-0022218":[{"sequence":3,"clubcode":"ATL","playerName":"E.Coleman","statId":85,"yards":0}],"00-0020494":[{"sequence":2,"clubcode":"WAS","playerName":"S.Moss","statId":115,"yards":0}],"00-0012871":[{"sequence":4,"clubcode":"ATL","playerName":"M.Peterson","statId":110,"yards":0}],"00-0003315":[{"sequence":1,"clubcode":"WAS","playerName":"T.Collins","statId":14,"yards":0},{"sequence":5,"clubcode":"WAS","playerName":"T.Collins","statId":112,"yards":28}]}},"3263":{"sp":0,"qtr":4,"down":2,"time":"07:27","yrdln":"WAS 47","ydstogo":10,"ydsnet":36,"posteam":"WAS","desc":"(7:27) L.Betts up the middle to ATL 44 for 9 yards (J.Abraham).","note":null,"players":{"00-0019546":[{"sequence":2,"clubcode":"ATL","playerName":"J.Abraham","statId":79,"yards":0}],"00-0021184":[{"sequence":1,"clubcode":"WAS","playerName":"L.Betts","statId":10,"yards":9}]}},"3284":{"sp":0,"qtr":4,"down":3,"time":"06:45","yrdln":"ATL 44","ydstogo":1,"ydsnet":36,"posteam":"WAS","desc":"(6:45) L.Betts left guard to ATL 44 for no gain (V.Walker).","note":null,"players":{"00-0021184":[{"sequence":2,"clubcode":"WAS","playerName":"L.Betts","statId":10,"yards":0}],"0":[{"sequence":1,"clubcode":"WAS","playerName":"","statId":7,"yards":0}],"00-0026942":[{"sequence":3,"clubcode":"ATL","playerName":"V.Walker","statId":79,"yards":0}]}},"3305":{"sp":0,"qtr":4,"down":0,"time":"06:12","yrdln":"","ydstogo":0,"ydsnet":36,"posteam":"","desc":"Timeout #1 by WAS at 06:12.","note":"TIMEOUT","players":{"0":[{"sequence":1,"clubcode":"WAS","playerName":"","statId":68,"yards":0}]}},"3322":{"sp":0,"qtr":4,"down":4,"time":"06:12","yrdln":"ATL 44","ydstogo":1,"ydsnet":34,"posteam":"WAS","desc":"(6:12) T.Collins pass short right to M.Sellers to ATL 46 for -2 yards (M.Peterson, C.Lofton).","note":null,"players":{"00-0026177":[{"sequence":8,"clubcode":"ATL","playerName":"C.Lofton","statId":82,"yards":0}],"00-0014655":[{"sequence":4,"clubcode":"WAS","playerName":"M.Sellers","statId":21,"yards":-2},{"sequence":5,"clubcode":"WAS","playerName":"M.Sellers","statId":115,"yards":0},{"sequence":6,"clubcode":"WAS","playerName":"M.Sellers","statId":113,"yards":0}],"0":[{"sequence":1,"clubcode":"WAS","playerName":"","statId":9,"yards":0}],"00-0012871":[{"sequence":7,"clubcode":"ATL","playerName":"M.Peterson","statId":80,"yards":0},{"sequence":9,"clubcode":"ATL","playerName":"M.Peterson","statId":120,"yards":0}],"00-0003315":[{"sequence":2,"clubcode":"WAS","playerName":"T.Collins","statId":15,"yards":-2},{"sequence":3,"clubcode":"WAS","playerName":"T.Collins","statId":111,"yards":-2}]}}},"fds":2,"result":"Downs","penyds":-4,"ydsgained":38,"numplays":13,"postime":"5:30","start":{"qtr":4,"time":"11:23","yrdln":"WAS 20","team":"WAS"},"end":{"qtr":4,"time":"05:53","yrdln":"ATL 44","team":"WAS"}},"16":{"posteam":"ATL","qtr":4,"redzone":true,"plays":{"3346":{"sp":0,"qtr":4,"down":1,"time":"05:53","yrdln":"ATL 46","ydstogo":10,"ydsnet":8,"posteam":"ATL","desc":"(5:53) M.Turner up the middle to WAS 46 for 8 yards (R.Doughty, L.Fletcher). WAS-R.Doughty was injured during the play. His return is Questionable.","note":null,"players":{"00-0022821":[{"sequence":1,"clubcode":"ATL","playerName":"M.Turner","statId":10,"yards":8}],"00-0005322":[{"sequence":3,"clubcode":"WAS","playerName":"L.Fletcher","statId":82,"yards":0}],"00-0024387":[{"sequence":2,"clubcode":"WAS","playerName":"R.Doughty","statId":80,"yards":0}]}},"3370":{"sp":0,"qtr":4,"down":2,"time":"05:07","yrdln":"WAS 46","ydstogo":2,"ydsnet":9,"posteam":"ATL","desc":"(5:07) M.Turner right guard to WAS 45 for 1 yard (C.Griffin).","note":null,"players":{"00-0022821":[{"sequence":1,"clubcode":"ATL","playerName":"M.Turner","statId":10,"yards":1}],"00-0019700":[{"sequence":2,"clubcode":"WAS","playerName":"C.Griffin","statId":79,"yards":0}]}},"3391":{"sp":0,"qtr":4,"down":3,"time":"04:23","yrdln":"WAS 45","ydstogo":1,"ydsnet":-1,"posteam":"ATL","desc":"(4:23) M.Turner right tackle to WAS 45 for no gain. PENALTY on ATL-T.Clabo, Offensive Holding, 10 yards, enforced at WAS 45 - No Play.","note":"PENALTY","players":{"00-0022245":[{"sequence":1,"clubcode":"ATL","playerName":"T.Clabo","statId":93,"yards":10}]}},"3423":{"sp":0,"qtr":4,"down":3,"time":"04:17","yrdln":"ATL 45","ydstogo":11,"ydsnet":-2,"posteam":"ATL","desc":"(4:17) (Shotgun) M.Ryan pass short middle to A.Stecker to ATL 44 for -1 yards (A.Haynesworth).","note":null,"players":{"00-0026143":[{"sequence":2,"clubcode":"ATL","playerName":"M.Ryan","statId":15,"yards":-1},{"sequence":3,"clubcode":"ATL","playerName":"M.Ryan","statId":111,"yards":-1}],"00-0015601":[{"sequence":4,"clubcode":"ATL","playerName":"A.Stecker","statId":21,"yards":-1},{"sequence":5,"clubcode":"ATL","playerName":"A.Stecker","statId":115,"yards":0},{"sequence":6,"clubcode":"ATL","playerName":"A.Stecker","statId":113,"yards":0}],"0":[{"sequence":1,"clubcode":"ATL","playerName":"","statId":7,"yards":0}],"00-0021149":[{"sequence":7,"clubcode":"WAS","playerName":"A.Haynesworth","statId":79,"yards":0},{"sequence":8,"clubcode":"WAS","playerName":"A.Haynesworth","statId":120,"yards":0}]}},"3447":{"sp":0,"qtr":4,"down":0,"time":"03:28","yrdln":"","ydstogo":0,"ydsnet":-2,"posteam":"","desc":"Timeout #2 by ATL at 03:28.","note":"TIMEOUT","players":{"0":[{"sequence":1,"clubcode":"ATL","playerName":"","statId":68,"yards":0}]}},"3468":{"sp":0,"qtr":4,"down":4,"time":"03:25","yrdln":"ATL 44","ydstogo":12,"ydsnet":-2,"posteam":"ATL","desc":"(3:25) M.Koenen punts 46 yards to WAS 10, Center-B.Pittman, downed by ATL-C.Jackson.","note":"PUNT","players":{"00-0023234":[{"sequence":1,"clubcode":"ATL","playerName":"M.Koenen","statId":29,"yards":46},{"sequence":2,"clubcode":"ATL","playerName":"M.Koenen","statId":30,"yards":0}],"0":[{"sequence":3,"clubcode":"WAS","playerName":"","statId":38,"yards":0}]}}},"fds":0,"result":"Punt","penyds":-10,"ydsgained":8,"numplays":6,"postime":"2:38","start":{"qtr":4,"time":"05:53","yrdln":"ATL 46","team":"ATL"},"end":{"qtr":4,"time":"03:15","yrdln":"ATL 44","team":"ATL"}},"17":{"posteam":"WAS","qtr":4,"redzone":true,"plays":{"3487":{"sp":0,"qtr":4,"down":1,"time":"03:15","yrdln":"WAS 10","ydstogo":10,"ydsnet":32,"posteam":"WAS","desc":"(3:15) (Shotgun) J.Campbell pass short right to S.Moss pushed ob at WAS 35 for 25 yards (C.Lofton, T.DeCoud).","note":null,"players":{"00-0023460":[{"sequence":2,"clubcode":"WAS","playerName":"J.Campbell","statId":15,"yards":25},{"sequence":3,"clubcode":"WAS","playerName":"J.Campbell","statId":111,"yards":-2}],"00-0026177":[{"sequence":7,"clubcode":"ATL","playerName":"C.Lofton","statId":80,"yards":0}],"00-0020494":[{"sequence":4,"clubcode":"WAS","playerName":"S.Moss","statId":21,"yards":25},{"sequence":5,"clubcode":"WAS","playerName":"S.Moss","statId":115,"yards":0},{"sequence":6,"clubcode":"WAS","playerName":"S.Moss","statId":113,"yards":27}],"0":[{"sequence":1,"clubcode":"WAS","playerName":"","statId":4,"yards":0}],"00-0026238":[{"sequence":8,"clubcode":"ATL","playerName":"T.DeCoud","statId":82,"yards":0}]}},"3511":{"sp":0,"qtr":4,"down":1,"time":"03:08","yrdln":"WAS 35","ydstogo":10,"ydsnet":32,"posteam":"WAS","desc":"(3:08) (Shotgun) J.Campbell pass short right to S.Moss to WAS 42 for 7 yards (C.Jackson).","note":null,"players":{"00-0023460":[{"sequence":1,"clubcode":"WAS","playerName":"J.Campbell","statId":15,"yards":7},{"sequence":2,"clubcode":"WAS","playerName":"J.Campbell","statId":111,"yards":7}],"00-0026208":[{"sequence":6,"clubcode":"ATL","playerName":"C.Jackson","statId":79,"yards":0}],"00-0020494":[{"sequence":3,"clubcode":"WAS","playerName":"S.Moss","statId":21,"yards":7},{"sequence":4,"clubcode":"WAS","playerName":"S.Moss","statId":115,"yards":0},{"sequence":5,"clubcode":"WAS","playerName":"S.Moss","statId":113,"yards":0}]}},"3535":{"sp":0,"qtr":4,"down":2,"time":"02:44","yrdln":"WAS 42","ydstogo":3,"ydsnet":32,"posteam":"WAS","desc":"(2:44) (Shotgun) J.Campbell pass incomplete short right to F.Davis [J.Abraham].","note":null,"players":{"00-0023460":[{"sequence":1,"clubcode":"WAS","playerName":"J.Campbell","statId":14,"yards":0},{"sequence":4,"clubcode":"WAS","playerName":"J.Campbell","statId":112,"yards":13}],"00-0019546":[{"sequence":3,"clubcode":"ATL","playerName":"J.Abraham","statId":110,"yards":0}],"00-0026188":[{"sequence":2,"clubcode":"WAS","playerName":"F.Davis","statId":115,"yards":0}]}},"3557":{"sp":0,"qtr":4,"down":3,"time":"02:41","yrdln":"WAS 42","ydstogo":3,"ydsnet":33,"posteam":"WAS","desc":"(2:41) (Shotgun) J.Campbell scrambles right end pushed ob at WAS 43 for 1 yard.","note":null,"players":{"00-0023460":[{"sequence":2,"clubcode":"WAS","playerName":"J.Campbell","statId":10,"yards":1}],"0":[{"sequence":1,"clubcode":"WAS","playerName":"","statId":7,"yards":0}]}},"3578":{"sp":0,"qtr":4,"down":4,"time":"02:34","yrdln":"WAS 43","ydstogo":2,"ydsnet":33,"posteam":"WAS","desc":"(2:34) J.Campbell pass incomplete deep left to M.Kelly.","note":null,"players":{"00-0023460":[{"sequence":2,"clubcode":"WAS","playerName":"J.Campbell","statId":14,"yards":0},{"sequence":4,"clubcode":"WAS","playerName":"J.Campbell","statId":112,"yards":32}],"00-0026191":[{"sequence":3,"clubcode":"WAS","playerName":"M.Kelly","statId":115,"yards":0}],"0":[{"sequence":1,"clubcode":"WAS","playerName":"","statId":9,"yards":0}]}}},"fds":1,"result":"Downs","penyds":0,"ydsgained":33,"numplays":5,"postime":"0:48","start":{"qtr":4,"time":"03:15","yrdln":"WAS 10","team":"WAS"},"end":{"qtr":4,"time":"02:27","yrdln":"WAS 43","team":"WAS"}},"18":{"posteam":"ATL","qtr":4,"redzone":true,"plays":{"3607":{"sp":0,"qtr":4,"down":1,"time":"02:27","yrdln":"WAS 42","ydstogo":10,"ydsnet":-1,"posteam":"ATL","desc":"(2:27) M.Turner up the middle to WAS 43 for -1 yards (R.Doughty).","note":null,"players":{"00-0022821":[{"sequence":1,"clubcode":"ATL","playerName":"M.Turner","statId":10,"yards":-1}],"00-0024387":[{"sequence":3,"clubcode":"WAS","playerName":"R.Doughty","statId":79,"yards":0},{"sequence":4,"clubcode":"WAS","playerName":"R.Doughty","statId":120,"yards":0}],"0":[{"sequence":2,"clubcode":"ATL","playerName":"","statId":95,"yards":-1}]}},"3628":{"sp":0,"qtr":4,"down":0,"time":"02:20","yrdln":"","ydstogo":0,"ydsnet":-1,"posteam":"","desc":"Timeout #2 by WAS at 02:20.","note":"TIMEOUT","players":{"0":[{"sequence":1,"clubcode":"WAS","playerName":"","statId":68,"yards":0}]}},"3645":{"sp":0,"qtr":4,"down":2,"time":"02:20","yrdln":"WAS 43","ydstogo":11,"ydsnet":9,"posteam":"ATL","desc":"(2:20) M.Turner left guard to WAS 33 for 10 yards (L.Fletcher).","note":null,"players":{"00-0022821":[{"sequence":1,"clubcode":"ATL","playerName":"M.Turner","statId":10,"yards":10}],"00-0005322":[{"sequence":2,"clubcode":"WAS","playerName":"L.Fletcher","statId":79,"yards":0}]}},"3666":{"sp":0,"qtr":4,"down":0,"time":"02:14","yrdln":"","ydstogo":0,"ydsnet":9,"posteam":"","desc":"Timeout #3 by WAS at 02:14.","note":"TIMEOUT","players":{"0":[{"sequence":1,"clubcode":"WAS","playerName":"","statId":68,"yards":0}]}},"3683":{"sp":0,"qtr":4,"down":3,"time":"02:14","yrdln":"WAS 33","ydstogo":1,"ydsnet":11,"posteam":"ATL","desc":"(2:14) M.Turner right tackle to WAS 31 for 2 yards (P.Daniels).","note":null,"players":{"00-0022821":[{"sequence":3,"clubcode":"ATL","playerName":"M.Turner","statId":10,"yards":2}],"0":[{"sequence":1,"clubcode":"ATL","playerName":"","statId":3,"yards":0},{"sequence":2,"clubcode":"ATL","playerName":"","statId":6,"yards":0}],"00-0003874":[{"sequence":4,"clubcode":"WAS","playerName":"P.Daniels","statId":79,"yards":0}]}},"3704":{"sp":0,"qtr":4,"down":0,"time":"02:00","yrdln":"","ydstogo":0,"ydsnet":11,"posteam":"","desc":"Two-Minute Warning","note":null,"players":{}},"3721":{"sp":0,"qtr":4,"down":1,"time":"02:00","yrdln":"WAS 31","ydstogo":10,"ydsnet":10,"posteam":"ATL","desc":"(2:00) M.Ryan kneels to WAS 32 for -1 yards.","note":null,"players":{"00-0026143":[{"sequence":1,"clubcode":"ATL","playerName":"M.Ryan","statId":10,"yards":-1}]}},"3742":{"sp":0,"qtr":4,"down":2,"time":"01:18","yrdln":"WAS 32","ydstogo":11,"ydsnet":9,"posteam":"ATL","desc":"(1:18) M.Ryan kneels to WAS 33 for -1 yards.","note":null,"players":{"00-0026143":[{"sequence":1,"clubcode":"ATL","playerName":"M.Ryan","statId":10,"yards":-1}]}},"3763":{"sp":0,"qtr":4,"down":3,"time":"00:39","yrdln":"WAS 33","ydstogo":12,"ydsnet":8,"posteam":"ATL","desc":"(:39) M.Ryan kneels to WAS 34 for -1 yards.","note":null,"players":{"00-0026143":[{"sequence":2,"clubcode":"ATL","playerName":"M.Ryan","statId":10,"yards":-1}],"0":[{"sequence":1,"clubcode":"ATL","playerName":"","statId":7,"yards":0}]}},"3784":{"sp":0,"qtr":4,"down":0,"time":"00:00","yrdln":"","ydstogo":0,"ydsnet":8,"posteam":"","desc":"END GAME","note":null,"players":{}}},"fds":1,"result":"End of Game","penyds":0,"ydsgained":8,"numplays":10,"postime":"2:27","start":{"qtr":4,"time":"02:27","yrdln":"WAS 42","team":"ATL"},"end":{"qtr":4,"time":"00:00","yrdln":"","team":"ATL"}},"crntdrv":18},"scrsummary":{"302":{"type":"TD","desc":"T.Gonzalez 2 yd. pass from M.Ryan (J.Elam kick is good) Drive: 10 plays, 74 yards in 5:42","qtr":1,"team":"ATL","players":{"":"0","M.Ryan":"00-0026143","T.Gonzalez":"00-0006101","J.Elam":"00-0004811"}},"732":{"type":"TD","desc":"T.Hill 62 yd. interception return (J.Elam kick is good)","qtr":1,"team":"ATL","players":{"J.Campbell":"00-0023460","F.Davis":"00-0026188","T.Hill":"00-0024230","J.Elam":"00-0004811"}},"1317":{"type":"FG","desc":"S.Suisham 48 yd. Field Goal Drive: 7 plays, 52 yards in 3:49","qtr":2,"team":"WAS","players":{"S.Suisham":"00-0023001"}},"1461":{"type":"TD","desc":"M.Turner 30 yd. run (J.Elam kick is good) Drive: 5 plays, 61 yards in 2:20","qtr":2,"team":"ATL","players":{"":"0","M.Turner":"00-0022821","J.Elam":"00-0004811"}},"2070":{"type":"FG","desc":"J.Elam 33 yd. Field Goal Drive: 14 plays, 66 yards in 2:17","qtr":2,"team":"ATL","players":{"J.Elam":"00-0004811"}},"2410":{"type":"TD","desc":"L.Betts 1 yd. run (S.Suisham kick is good) Drive: 13 plays, 80 yards in 7:50","qtr":3,"team":"WAS","players":{"":"0","L.Betts":"00-0021184","S.Suisham":"00-0023001"}},"2888":{"type":"TD","desc":"T.Yoder 3 yd. pass from J.Campbell (S.Suisham kick is good) Drive: 13 plays, 81 yards in 6:50","qtr":4,"team":"WAS","players":{"":"0","J.Campbell":"00-0023460","T.Yoder":"00-0019127","S.Suisham":"00-0023001"}},"3025":{"type":"TD","desc":"M.Turner 58 yd. run (J.Elam kick is good) Drive: 3 plays, 73 yards in 1:42","qtr":4,"team":"ATL","players":{"":"0","M.Turner":"00-0022821","J.Elam":"00-0004811"}}},"weather":null,"media":null,"yl":"","qtr":"Final","note":null,"down":0,"togo":0,"redzone":true,"clock":"00:36","posteam":"ATL","stadium":null},"nextupdate":244}