{"2009110108":{"home":{"score":{"1":7,"2":14,"3":0,"4":3,"5":0,"T":24},"abbr":"SD","to":3,"stats":{"passing":{"00-0022942":{"name":"P.Rivers","att":25,"cmp":16,"yds":249,"tds":1,"ints":1,"twopta":0,"twoptm":0}},"rushing":{"00-0020536":{"name":"L.Tomlinson","att":18,"yds":56,"tds":2,"lng":13,"twopta":0,"twoptm":0},"00-0023564":{"name":"D.Sproles","att":5,"yds":38,"tds":0,"lng":15,"twopta":0,"twoptm":0},"00-0026069":{"name":"M.Tolbert","att":2,"yds":6,"tds":0,"lng":3,"twopta":0,"twoptm":0},"00-0026209":{"name":"J.Hester","att":1,"yds":2,"tds":0,"lng":2,"twopta":0,"twoptm":0},"00-0022942":{"name":"P.Rivers","att":4,"yds":-2,"tds":0,"lng":1,"twopta":0,"twoptm":0}},"receiving":{"00-0023496":{"name":"V.Jackson","rec":8,"yds":103,"tds":1,"lng":20,"twopta":0,"twoptm":0},"00-0021547":{"name":"A.Gates","rec":3,"yds":49,"tds":0,"lng":30,"twopta":0,"twoptm":0},"00-0022414":{"name":"M.Floyd","rec":2,"yds":64,"tds":0,"lng":53,"twopta":0,"twoptm":0},"00-0020446":{"name":"C.Chambers","rec":1,"yds":20,"tds":0,"lng":20,"twopta":0,"twoptm":0},"00-0023564":{"name":"D.Sproles","rec":1,"yds":8,"tds":0,"lng":8,"twopta":0,"twoptm":0},"00-0025559":{"name":"L.Naanee","rec":1,"yds":5,"tds":0,"lng":5,"twopta":0,"twoptm":0}},"fumbles":{"00-0023564":{"name":"D.Sproles","tot":1,"rcv":0,"trcv":0,"yds":0,"lost":1}},"kicking":{"00-0022737":{"name":"N.Kaeding","fgm":1,"fga":1,"fgyds":28,"totpfg":3,"xpmade":3,"xpmissed":0,"xpa":3,"xpb":0,"xptot":3}},"punting":{"00-0022017":{"name":"M.Scifres","pts":3,"yds":125,"avg":39,"i20":2,"lng":56}},"kickret":{"00-0023564":{"name":"D.Sproles","ret":3,"avg":22,"tds":0,"lng":39}},"puntret":{"00-0023564":{"name":"D.Sproles","ret":3,"avg":5,"tds":0,"lng":9}},"defense":{"00-0021544":{"name":"S.Cooper","tkl":9,"ast":1,"sk":0,"int":0,"ffum":0},"00-0025424":{"name":"E.Weddle","tkl":5,"ast":3,"sk":0,"int":0,"ffum":0},"00-0023446":{"name":"S.Merriman","tkl":7,"ast":0,"sk":2,"int":0,"ffum":0},"00-0025627":{"name":"B.Siler","tkl":3,"ast":3,"sk":0,"int":0,"ffum":0},"00-0027127":{"name":"K.Ellison","tkl":3,"ast":2,"sk":0,"int":0,"ffum":0},"00-0023998":{"name":"S.Gregory","tkl":3,"ast":0,"sk":1,"int":0,"ffum":0},"00-0021542":{"name":"J.Cesaire","tkl":3,"ast":0,"sk":0,"int":0,"ffum":0},"00-0023450":{"name":"T.Johnson","tkl":3,"ast":0,"sk":0,"int":0,"ffum":0},"00-0022723":{"name":"S.Phillips","tkl":2,"ast":1,"sk":2,"int":0,"ffum":1},"00-0025857":{"name":"O.Nwagbuo","tkl":2,"ast":1,"sk":0,"int":0,"ffum":0},"00-0024365":{"name":"T.Dobbins","tkl":2,"ast":1,"sk":0,"int":0,"ffum":0},"00-0024234":{"name":"A.Cromartie","tkl":1,"ast":0,"sk":0,"int":1,"ffum":0},"00-0026992":{"name":"L.English","tkl":1,"ast":0,"sk":0,"int":0,"ffum":0},"00-0023463":{"name":"L.Castillo","tkl":1,"ast":0,"sk":0,"int":0,"ffum":0},"00-0021381":{"name":"Q.Jammer","tkl":1,"ast":0,"sk":0,"int":0,"ffum":0},"00-0019626":{"name":"A.Boone","tkl":0,"ast":1,"sk":0,"int":0,"ffum":0}},"team":{"totfd":20,"totyds":346,"pyds":246,"ryds":100,"pen":5,"penyds":40,"trnovr":2,"pt":3,"ptyds":125,"ptavg":39,"top":"30:29"}},"players":null},"away":{"score":{"1":0,"2":10,"3":3,"4":3,"5":0,"T":16},"abbr":"OAK","to":0,"stats":{"passing":{"00-0025388":{"name":"J.Russell","att":22,"cmp":14,"yds":109,"tds":0,"ints":1,"twopta":0,"twoptm":0}},"rushing":{"00-0022093":{"name":"J.Fargas","att":18,"yds":59,"tds":1,"lng":7,"twopta":0,"twoptm":0},"00-0025487":{"name":"M.Bush","att":7,"yds":27,"tds":0,"lng":7,"twopta":0,"twoptm":0},"00-0027089":{"name":"L.Murphy","att":1,"yds":12,"tds":0,"lng":12,"twopta":0,"twoptm":0},"00-0025388":{"name":"J.Russell","att":1,"yds":1,"tds":0,"lng":1,"twopta":0,"twoptm":0}},"receiving":{"00-0025425":{"name":"Z.Miller","rec":5,"yds":52,"tds":0,"lng":15,"twopta":0,"twoptm":0},"00-0022093":{"name":"J.Fargas","rec":3,"yds":20,"tds":0,"lng":11,"twopta":0,"twoptm":0},"00-0025487":{"name":"M.Bush","rec":2,"yds":14,"tds":0,"lng":9,"twopta":0,"twoptm":0},"00-0027135":{"name":"B.Myers","rec":2,"yds":7,"tds":0,"lng":4,"twopta":0,"twoptm":0},"00-0026983":{"name":"D.Heyward-Bey","rec":1,"yds":10,"tds":0,"lng":10,"twopta":0,"twoptm":0},"00-0025486":{"name":"J.Higgins","rec":1,"yds":6,"tds":0,"lng":6,"twopta":0,"twoptm":0}},"fumbles":{"00-0025388":{"name":"J.Russell","tot":1,"rcv":0,"trcv":0,"yds":0,"lost":0},"00-0019632":{"name":"C.Carlisle","tot":0,"rcv":1,"trcv":1,"yds":0,"lost":0},"00-0024846":{"name":"G.Russell","tot":0,"rcv":0,"trcv":1,"yds":0,"lost":0}},"kicking":{"00-0019646":{"name":"S.Janikowski","fgm":3,"fga":3,"fgyds":48,"totpfg":9,"xpmade":1,"xpmissed":0,"xpa":1,"xpb":0,"xptot":1}},"punting":{"00-0019714":{"name":"S.Lechler","pts":4,"yds":213,"avg":44,"i20":0,"lng":69}},"kickret":{"00-0025641":{"name":"J.Holland","ret":5,"avg":29,"tds":0,"lng":60}},"puntret":{"00-0025486":{"name":"J.Higgins","ret":1,"avg":9,"tds":0,"lng":9}},"defense":{"00-0026240":{"name":"T.Branch","tkl":4,"ast":2,"sk":0,"int":0,"ffum":0},"00-0027045":{"name":"M.Shaughnessy","tkl":5,"ast":0,"sk":1,"int":0,"ffum":0},"00-0021949":{"name":"C.Johnson","tkl":5,"ast":0,"sk":0,"int":1,"ffum":0},"00-0024292":{"name":"J.Alston","tkl":4,"ast":1,"sk":0,"int":0,"ffum":0},"00-0024222":{"name":"M.Huff","tkl":3,"ast":2,"sk":0,"int":0,"ffum":0},"00-0022539":{"name":"T.Kelly","tkl":4,"ast":0,"sk":0,"int":0,"ffum":0},"00-0026533":{"name":"D.Bryant","tkl":3,"ast":0,"sk":0,"int":0,"ffum":0},"00-0022077":{"name":"N.Asomugha","tkl":3,"ast":0,"sk":0,"int":0,"ffum":0},"00-0024253":{"name":"T.Howard","tkl":3,"ast":0,"sk":0,"int":0,"ffum":0},"00-0023473":{"name":"S.Routt","tkl":2,"ast":1,"sk":0,"int":0,"ffum":0},"00-0023513":{"name":"K.Morrison","tkl":2,"ast":1,"sk":0,"int":0,"ffum":0},"00-0020442":{"name":"R.Seymour","tkl":0,"ast":3,"sk":0,"int":0,"ffum":0},"00-0024201":{"name":"H.Eugene","tkl":1,"ast":0,"sk":0,"int":0,"ffum":0},"00-0004851":{"name":"G.Ellis","tkl":1,"ast":0,"sk":0,"int":0,"ffum":0}},"team":{"totfd":13,"totyds":180,"pyds":81,"ryds":99,"pen":6,"penyds":31,"trnovr":1,"pt":4,"ptyds":213,"ptavg":44,"top":"29:31"}},"players":null},"drives":{"1":{"posteam":"OAK","qtr":1,"redzone":true,"plays":{"35":{"sp":0,"qtr":1,"down":0,"time":"15:00","yrdln":"SD 30","ydstogo":0,"ydsnet":0,"posteam":"SD","desc":"N.Kaeding kicks 64 yards from SD 30 to OAK 6. J.Holland to OAK 28 for 22 yards (A.Cason).","note":"KICKOFF","players":{"00-0025641":[{"sequence":2,"clubcode":"OAK","playerName":"J.Holland","statId":45,"yards":22}],"00-0022737":[{"sequence":1,"clubcode":"SD","playerName":"N.Kaeding","statId":41,"yards":64}],"00-0026167":[{"sequence":3,"clubcode":"SD","playerName":"A.Cason","statId":79,"yards":0}]}},"57":{"sp":0,"qtr":1,"down":1,"time":"14:55","yrdln":"OAK 28","ydstogo":10,"ydsnet":5,"posteam":"OAK","desc":"(14:55) M.Bush left end to OAK 33 for 5 yards (J.Cesaire).","note":null,"players":{"00-0021542":[{"sequence":2,"clubcode":"SD","playerName":"J.Cesaire","statId":79,"yards":0}],"00-0025487":[{"sequence":1,"clubcode":"OAK","playerName":"M.Bush","statId":10,"yards":5}]}},"78":{"sp":0,"qtr":1,"down":2,"time":"14:20","yrdln":"OAK 33","ydstogo":5,"ydsnet":11,"posteam":"OAK","desc":"(14:20) M.Bush left end to OAK 39 for 6 yards (S.Merriman, S.Cooper).","note":null,"players":{"00-0021544":[{"sequence":4,"clubcode":"SD","playerName":"S.Cooper","statId":82,"yards":0}],"00-0023446":[{"sequence":3,"clubcode":"SD","playerName":"S.Merriman","statId":80,"yards":0}],"0":[{"sequence":1,"clubcode":"OAK","playerName":"","statId":3,"yards":0}],"00-0025487":[{"sequence":2,"clubcode":"OAK","playerName":"M.Bush","statId":10,"yards":6}]}},"99":{"sp":0,"qtr":1,"down":1,"time":"13:42","yrdln":"OAK 39","ydstogo":10,"ydsnet":16,"posteam":"OAK","desc":"(13:42) J.Russell pass short left to Z.Miller to OAK 44 for 5 yards (K.Ellison).","note":null,"players":{"00-0027127":[{"sequence":6,"clubcode":"SD","playerName":"K.Ellison","statId":79,"yards":0}],"00-0025425":[{"sequence":3,"clubcode":"OAK","playerName":"Z.Miller","statId":21,"yards":5},{"sequence":4,"clubcode":"OAK","playerName":"Z.Miller","statId":115,"yards":0},{"sequence":5,"clubcode":"OAK","playerName":"Z.Miller","statId":113,"yards":0}],"00-0025388":[{"sequence":1,"clubcode":"OAK","playerName":"J.Russell","statId":15,"yards":5},{"sequence":2,"clubcode":"OAK","playerName":"J.Russell","statId":111,"yards":5}]}},"123":{"sp":0,"qtr":1,"down":2,"time":"13:04","yrdln":"OAK 44","ydstogo":5,"ydsnet":22,"posteam":"OAK","desc":"(13:04) J.Fargas right tackle to 50 for 6 yards (S.Cooper).","note":null,"players":{"00-0021544":[{"sequence":3,"clubcode":"SD","playerName":"S.Cooper","statId":79,"yards":0}],"00-0022093":[{"sequence":2,"clubcode":"OAK","playerName":"J.Fargas","statId":10,"yards":6}],"0":[{"sequence":1,"clubcode":"OAK","playerName":"","statId":3,"yards":0}]}},"144":{"sp":0,"qtr":1,"down":1,"time":"12:25","yrdln":"50","ydstogo":10,"ydsnet":22,"posteam":"OAK","desc":"(12:25) J.Russell pass deep left intended for Z.Miller INTERCEPTED by A.Cromartie at SD 25. A.Cromartie to SD 41 for 16 yards (Z.Miller).","note":"INT","players":{"00-0025425":[{"sequence":2,"clubcode":"OAK","playerName":"Z.Miller","statId":115,"yards":0},{"sequence":6,"clubcode":"OAK","playerName":"Z.Miller","statId":79,"yards":0}],"00-0025388":[{"sequence":1,"clubcode":"OAK","playerName":"J.Russell","statId":19,"yards":0},{"sequence":3,"clubcode":"OAK","playerName":"J.Russell","statId":112,"yards":25}],"00-0024234":[{"sequence":4,"clubcode":"SD","playerName":"A.Cromartie","statId":25,"yards":16},{"sequence":5,"clubcode":"SD","playerName":"A.Cromartie","statId":85,"yards":0}]}}},"fds":2,"result":"Interception","penyds":0,"ydsgained":22,"numplays":6,"postime":"2:52","start":{"qtr":1,"time":"15:00","yrdln":"OAK 28","team":"OAK"},"end":{"qtr":1,"time":"12:08","yrdln":"50","team":"OAK"}},"2":{"posteam":"SD","qtr":1,"redzone":true,"plays":{"171":{"sp":0,"qtr":1,"down":1,"time":"12:08","yrdln":"SD 41","ydstogo":10,"ydsnet":53,"posteam":"SD","desc":"(12:08) P.Rivers pass deep right to M.Floyd to OAK 6 for 53 yards (M.Huff).","note":null,"players":{"00-0022942":[{"sequence":2,"clubcode":"SD","playerName":"P.Rivers","statId":15,"yards":53},{"sequence":3,"clubcode":"SD","playerName":"P.Rivers","statId":111,"yards":53}],"00-0024222":[{"sequence":7,"clubcode":"OAK","playerName":"M.Huff","statId":79,"yards":0}],"00-0022414":[{"sequence":4,"clubcode":"SD","playerName":"M.Floyd","statId":21,"yards":53},{"sequence":5,"clubcode":"SD","playerName":"M.Floyd","statId":115,"yards":0},{"sequence":6,"clubcode":"SD","playerName":"M.Floyd","statId":113,"yards":0}],"0":[{"sequence":1,"clubcode":"SD","playerName":"","statId":4,"yards":0}]}},"195":{"sp":1,"qtr":1,"down":1,"time":"11:17","yrdln":"OAK 6","ydstogo":6,"ydsnet":59,"posteam":"SD","desc":"(11:17) L.Tomlinson right tackle for 6 yards, TOUCHDOWN. Direct snap to RB.","note":"TD","players":{"00-0020536":[{"sequence":2,"clubcode":"SD","playerName":"L.Tomlinson","statId":11,"yards":6}],"0":[{"sequence":1,"clubcode":"SD","playerName":"","statId":3,"yards":0}]}},"216":{"sp":1,"qtr":1,"down":0,"time":"11:13","yrdln":"OAK 2","ydstogo":0,"ydsnet":59,"posteam":"SD","desc":"N.Kaeding extra point is GOOD, Center-D.Binn, Holder-M.Scifres.","note":"XP","players":{"00-0022737":[{"sequence":1,"clubcode":"SD","playerName":"N.Kaeding","statId":72,"yards":0}]}}},"fds":2,"result":"Touchdown","penyds":0,"ydsgained":59,"numplays":3,"postime":"0:55","start":{"qtr":1,"time":"12:08","yrdln":"SD 41","team":"SD"},"end":{"qtr":1,"time":"11:13","yrdln":"OAK 6","team":"SD"}},"3":{"posteam":"OAK","qtr":1,"redzone":true,"plays":{"232":{"sp":0,"qtr":1,"down":0,"time":"11:13","yrdln":"SD 30","ydstogo":0,"ydsnet":0,"posteam":"SD","desc":"N.Kaeding kicks 68 yards from SD 30 to OAK 2. J.Holland to OAK 21 for 19 yards (M.Tolbert).","note":"KICKOFF","players":{"00-0025641":[{"sequence":2,"clubcode":"OAK","playerName":"J.Holland","statId":45,"yards":19}],"00-0022737":[{"sequence":1,"clubcode":"SD","playerName":"N.Kaeding","statId":41,"yards":68}],"00-0026069":[{"sequence":3,"clubcode":"SD","playerName":"M.Tolbert","statId":79,"yards":0}]}},"254":{"sp":0,"qtr":1,"down":0,"time":"11:07","yrdln":"","ydstogo":0,"ydsnet":0,"posteam":"","desc":"Timeout #1 by OAK at 11:07.","note":"TIMEOUT","players":{"0":[{"sequence":1,"clubcode":"OAK","playerName":"","statId":68,"yards":0}]}},"271":{"sp":0,"qtr":1,"down":1,"time":"11:07","yrdln":"OAK 21","ydstogo":10,"ydsnet":-5,"posteam":"OAK","desc":"(11:07) PENALTY on OAK-K.Barnes, False Start, 5 yards, enforced at OAK 21 - No Play.","note":"PENALTY","players":{"00-0023487":[{"sequence":1,"clubcode":"OAK","playerName":"K.Barnes","statId":93,"yards":5}]}},"294":{"sp":0,"qtr":1,"down":1,"time":"11:07","yrdln":"OAK 16","ydstogo":15,"ydsnet":2,"posteam":"OAK","desc":"(11:07) M.Bush right tackle to OAK 23 for 7 yards (O.Nwagbuo).","note":null,"players":{"00-0025857":[{"sequence":2,"clubcode":"SD","playerName":"O.Nwagbuo","statId":79,"yards":0}],"00-0025487":[{"sequence":1,"clubcode":"OAK","playerName":"M.Bush","statId":10,"yards":7}]}},"315":{"sp":0,"qtr":1,"down":2,"time":"10:32","yrdln":"OAK 23","ydstogo":8,"ydsnet":6,"posteam":"OAK","desc":"(10:32) J.Russell pass short right to B.Myers to OAK 27 for 4 yards (S.Cooper).","note":null,"players":{"00-0021544":[{"sequence":6,"clubcode":"SD","playerName":"S.Cooper","statId":79,"yards":0}],"00-0025388":[{"sequence":1,"clubcode":"OAK","playerName":"J.Russell","statId":15,"yards":4},{"sequence":2,"clubcode":"OAK","playerName":"J.Russell","statId":111,"yards":1}],"00-0027135":[{"sequence":3,"clubcode":"OAK","playerName":"B.Myers","statId":21,"yards":4},{"sequence":4,"clubcode":"OAK","playerName":"B.Myers","statId":115,"yards":0},{"sequence":5,"clubcode":"OAK","playerName":"B.Myers","statId":113,"yards":3}]}},"339":{"sp":0,"qtr":1,"down":3,"time":"09:50","yrdln":"OAK 27","ydstogo":4,"ydsnet":6,"posteam":"OAK","desc":"(9:50) J.Russell pass incomplete deep left to Z.Miller.","note":null,"players":{"00-0025425":[{"sequence":3,"clubcode":"OAK","playerName":"Z.Miller","statId":115,"yards":0}],"00-0025388":[{"sequence":2,"clubcode":"OAK","playerName":"J.Russell","statId":14,"yards":0},{"sequence":4,"clubcode":"OAK","playerName":"J.Russell","statId":112,"yards":18}],"0":[{"sequence":1,"clubcode":"OAK","playerName":"","statId":7,"yards":0}]}},"361":{"sp":0,"qtr":1,"down":4,"time":"09:44","yrdln":"OAK 27","ydstogo":4,"ydsnet":6,"posteam":"OAK","desc":"(9:44) S.Lechler punts 46 yards to SD 27, Center-J.Condo. D.Sproles to SD 29 for 2 yards (T.Branch).","note":"PUNT","players":{"00-0023564":[{"sequence":2,"clubcode":"SD","playerName":"D.Sproles","statId":33,"yards":2}],"00-0019714":[{"sequence":1,"clubcode":"OAK","playerName":"S.Lechler","statId":29,"yards":46}],"00-0026240":[{"sequence":3,"clubcode":"OAK","playerName":"T.Branch","statId":79,"yards":0}]}}},"fds":0,"result":"Punt","penyds":-5,"ydsgained":11,"numplays":7,"postime":"1:37","start":{"qtr":1,"time":"11:13","yrdln":"OAK 21","team":"OAK"},"end":{"qtr":1,"time":"09:36","yrdln":"OAK 27","team":"OAK"}},"4":{"posteam":"SD","qtr":1,"redzone":true,"plays":{"387":{"sp":0,"qtr":1,"down":1,"time":"09:36","yrdln":"SD 29","ydstogo":10,"ydsnet":5,"posteam":"SD","desc":"(9:36) L.Tomlinson up the middle to SD 34 for 5 yards (T.Kelly).","note":null,"players":{"00-0022539":[{"sequence":2,"clubcode":"OAK","playerName":"T.Kelly","statId":79,"yards":0}],"00-0020536":[{"sequence":1,"clubcode":"SD","playerName":"L.Tomlinson","statId":10,"yards":5}]}},"408":{"sp":0,"qtr":1,"down":2,"time":"09:02","yrdln":"SD 34","ydstogo":5,"ydsnet":10,"posteam":"SD","desc":"(9:02) P.Rivers pass incomplete deep right to M.Floyd. PENALTY on OAK-C.Johnson, Illegal Contact, 5 yards, enforced at SD 34 - No Play.","note":"PENALTY","players":{"00-0021949":[{"sequence":2,"clubcode":"OAK","playerName":"C.Johnson","statId":93,"yards":5}],"0":[{"sequence":1,"clubcode":"SD","playerName":"","statId":5,"yards":0}]}},"441":{"sp":0,"qtr":1,"down":1,"time":"08:56","yrdln":"SD 39","ydstogo":10,"ydsnet":13,"posteam":"SD","desc":"(8:56) L.Tomlinson left end ran ob at SD 42 for 3 yards.","note":null,"players":{"00-0020536":[{"sequence":1,"clubcode":"SD","playerName":"L.Tomlinson","statId":10,"yards":3}]}},"462":{"sp":0,"qtr":1,"down":2,"time":"08:24","yrdln":"SD 42","ydstogo":7,"ydsnet":24,"posteam":"SD","desc":"(8:24) (Shotgun) P.Rivers pass short middle to M.Floyd to OAK 47 for 11 yards (C.Johnson, M.Huff).","note":null,"players":{"00-0022942":[{"sequence":2,"clubcode":"SD","playerName":"P.Rivers","statId":15,"yards":11},{"sequence":3,"clubcode":"SD","playerName":"P.Rivers","statId":111,"yards":10}],"00-0024222":[{"sequence":8,"clubcode":"OAK","playerName":"M.Huff","statId":82,"yards":0}],"00-0022414":[{"sequence":4,"clubcode":"SD","playerName":"M.Floyd","statId":21,"yards":11},{"sequence":5,"clubcode":"SD","playerName":"M.Floyd","statId":115,"yards":0},{"sequence":6,"clubcode":"SD","playerName":"M.Floyd","statId":113,"yards":1}],"00-0021949":[{"sequence":7,"clubcode":"OAK","playerName":"C.Johnson","statId":80,"yards":0}],"0":[{"sequence":1,"clubcode":"SD","playerName":"","statId":4,"yards":0}]}},"486":{"sp":0,"qtr":1,"down":1,"time":"07:45","yrdln":"OAK 47","ydstogo":10,"ydsnet":25,"posteam":"SD","desc":"(7:45) L.Tomlinson up the middle to OAK 46 for 1 yard (D.Bryant).","note":null,"players":{"00-0020536":[{"sequence":1,"clubcode":"SD","playerName":"L.Tomlinson","statId":10,"yards":1}],"00-0026533":[{"sequence":2,"clubcode":"OAK","playerName":"D.Bryant","statId":79,"yards":0}]}},"507":{"sp":0,"qtr":1,"down":2,"time":"07:06","yrdln":"OAK 46","ydstogo":9,"ydsnet":25,"posteam":"SD","desc":"(7:06) P.Rivers pass incomplete deep left to A.Gates.","note":null,"players":{"00-0022942":[{"sequence":1,"clubcode":"SD","playerName":"P.Rivers","statId":14,"yards":0},{"sequence":3,"clubcode":"SD","playerName":"P.Rivers","statId":112,"yards":31}],"00-0021547":[{"sequence":2,"clubcode":"SD","playerName":"A.Gates","statId":115,"yards":0}]}},"529":{"sp":0,"qtr":1,"down":3,"time":"07:00","yrdln":"OAK 46","ydstogo":9,"ydsnet":25,"posteam":"SD","desc":"(7:00) (Shotgun) P.Rivers pass incomplete deep right to M.Floyd. Penalty on SD-M.McNeill, Chop Block, declined.","note":null,"players":{"00-0022942":[{"sequence":2,"clubcode":"SD","playerName":"P.Rivers","statId":14,"yards":0},{"sequence":4,"clubcode":"SD","playerName":"P.Rivers","statId":112,"yards":26}],"00-0022414":[{"sequence":3,"clubcode":"SD","playerName":"M.Floyd","statId":115,"yards":0}],"0":[{"sequence":1,"clubcode":"SD","playerName":"","statId":7,"yards":0}]}},"562":{"sp":0,"qtr":1,"down":4,"time":"06:54","yrdln":"OAK 46","ydstogo":9,"ydsnet":25,"posteam":"SD","desc":"(6:54) M.Scifres punts 35 yards to OAK 11, Center-D.Binn, downed by SD-M.Tolbert.","note":"PUNT","players":{"00-0022017":[{"sequence":1,"clubcode":"SD","playerName":"M.Scifres","statId":29,"yards":35},{"sequence":2,"clubcode":"SD","playerName":"M.Scifres","statId":30,"yards":0}],"0":[{"sequence":3,"clubcode":"OAK","playerName":"","statId":38,"yards":0}]}}},"fds":2,"result":"Punt","penyds":5,"ydsgained":20,"numplays":8,"postime":"2:54","start":{"qtr":1,"time":"09:36","yrdln":"SD 29","team":"SD"},"end":{"qtr":1,"time":"06:42","yrdln":"OAK 46","team":"SD"}},"5":{"posteam":"OAK","qtr":1,"redzone":true,"plays":{"581":{"sp":0,"qtr":1,"down":1,"time":"06:42","yrdln":"OAK 11","ydstogo":10,"ydsnet":4,"posteam":"OAK","desc":"(6:42) J.Fargas up the middle to OAK 15 for 4 yards (K.Ellison).","note":null,"players":{"00-0027127":[{"sequence":2,"clubcode":"SD","playerName":"K.Ellison","statId":79,"yards":0}],"00-0022093":[{"sequence":1,"clubcode":"OAK","playerName":"J.Fargas","statId":10,"yards":4}]}},"602":{"sp":0,"qtr":1,"down":2,"time":"06:06","yrdln":"OAK 15","ydstogo":6,"ydsnet":5,"posteam":"OAK","desc":"(6:06) J.Fargas up the middle to OAK 16 for 1 yard (S.Cooper, S.Phillips).","note":null,"players":{"00-0021544":[{"sequence":2,"clubcode":"SD","playerName":"S.Cooper","statId":80,"yards":0}],"00-0022093":[{"sequence":1,"clubcode":"OAK","playerName":"J.Fargas","statId":10,"yards":1}],"00-0022723":[{"sequence":3,"clubcode":"SD","playerName":"S.Phillips","statId":82,"yards":0}]}},"623":{"sp":0,"qtr":1,"down":3,"time":"05:28","yrdln":"OAK 16","ydstogo":5,"ydsnet":7,"posteam":"OAK","desc":"(5:28) J.Fargas up the middle to OAK 18 for 2 yards (S.Merriman).","note":null,"players":{"00-0022093":[{"sequence":2,"clubcode":"OAK","playerName":"J.Fargas","statId":10,"yards":2}],"00-0023446":[{"sequence":3,"clubcode":"SD","playerName":"S.Merriman","statId":79,"yards":0}],"0":[{"sequence":1,"clubcode":"OAK","playerName":"","statId":7,"yards":0}]}},"644":{"sp":0,"qtr":1,"down":4,"time":"04:53","yrdln":"OAK 18","ydstogo":3,"ydsnet":7,"posteam":"OAK","desc":"(4:53) S.Lechler punts 54 yards to SD 28, Center-J.Condo. D.Sproles to SD 37 for 9 yards (T.Branch, B.Myers).","note":"PUNT","players":{"00-0023564":[{"sequence":2,"clubcode":"SD","playerName":"D.Sproles","statId":33,"yards":9}],"00-0019714":[{"sequence":1,"clubcode":"OAK","playerName":"S.Lechler","statId":29,"yards":54}],"00-0027135":[{"sequence":4,"clubcode":"OAK","playerName":"B.Myers","statId":82,"yards":0}],"00-0026240":[{"sequence":3,"clubcode":"OAK","playerName":"T.Branch","statId":80,"yards":0}]}}},"fds":0,"result":"Punt","penyds":0,"ydsgained":7,"numplays":4,"postime":"2:01","start":{"qtr":1,"time":"06:42","yrdln":"OAK 11","team":"OAK"},"end":{"qtr":1,"time":"04:41","yrdln":"OAK 18","team":"OAK"}},"6":{"posteam":"SD","qtr":1,"redzone":true,"plays":{"670":{"sp":0,"qtr":1,"down":1,"time":"04:41","yrdln":"SD 37","ydstogo":10,"ydsnet":-4,"posteam":"SD","desc":"(4:41) L.Tomlinson right end to SD 33 for -4 yards (J.Alston).","note":null,"players":{"00-0024292":[{"sequence":3,"clubcode":"OAK","playerName":"J.Alston","statId":79,"yards":0},{"sequence":4,"clubcode":"OAK","playerName":"J.Alston","statId":120,"yards":0}],"00-0020536":[{"sequence":1,"clubcode":"SD","playerName":"L.Tomlinson","statId":10,"yards":-4}],"0":[{"sequence":2,"clubcode":"SD","playerName":"","statId":95,"yards":-4}]}},"691":{"sp":0,"qtr":1,"down":2,"time":"04:06","yrdln":"SD 33","ydstogo":14,"ydsnet":-9,"posteam":"SD","desc":"(4:06) PENALTY on SD-B.Manumaleuna, False Start, 5 yards, enforced at SD 33 - No Play.","note":"PENALTY","players":{"00-0020342":[{"sequence":1,"clubcode":"SD","playerName":"B.Manumaleuna","statId":93,"yards":5}]}},"714":{"sp":0,"qtr":1,"down":2,"time":"03:47","yrdln":"SD 28","ydstogo":19,"ydsnet":9,"posteam":"SD","desc":"(3:47) P.Rivers pass short left to V.Jackson to SD 46 for 18 yards (C.Johnson, J.Alston).","note":null,"players":{"00-0024292":[{"sequence":7,"clubcode":"OAK","playerName":"J.Alston","statId":82,"yards":0}],"00-0022942":[{"sequence":1,"clubcode":"SD","playerName":"P.Rivers","statId":15,"yards":18},{"sequence":2,"clubcode":"SD","playerName":"P.Rivers","statId":111,"yards":13}],"00-0021949":[{"sequence":6,"clubcode":"OAK","playerName":"C.Johnson","statId":80,"yards":0}],"00-0023496":[{"sequence":3,"clubcode":"SD","playerName":"V.Jackson","statId":21,"yards":18},{"sequence":4,"clubcode":"SD","playerName":"V.Jackson","statId":115,"yards":0},{"sequence":5,"clubcode":"SD","playerName":"V.Jackson","statId":113,"yards":5}]}},"738":{"sp":0,"qtr":1,"down":3,"time":"03:07","yrdln":"SD 46","ydstogo":1,"ydsnet":12,"posteam":"SD","desc":"(3:07) M.Tolbert right guard to SD 49 for 3 yards (T.Branch).","note":null,"players":{"00-0026069":[{"sequence":3,"clubcode":"SD","playerName":"M.Tolbert","statId":10,"yards":3}],"0":[{"sequence":1,"clubcode":"SD","playerName":"","statId":3,"yards":0},{"sequence":2,"clubcode":"SD","playerName":"","statId":6,"yards":0}],"00-0026240":[{"sequence":4,"clubcode":"OAK","playerName":"T.Branch","statId":79,"yards":0}]}},"759":{"sp":0,"qtr":1,"down":1,"time":"02:29","yrdln":"SD 49","ydstogo":10,"ydsnet":12,"posteam":"SD","desc":"(2:29) P.Rivers pass short middle intended for V.Jackson INTERCEPTED by C.Johnson at OAK 38. C.Johnson to SD 42 for 20 yards (M.Floyd). PENALTY on SD-S.Mruczkowski, Low Block, 15 yards, enforced at SD 42.","note":"INT","players":{"00-0022942":[{"sequence":1,"clubcode":"SD","playerName":"P.Rivers","statId":19,"yards":0},{"sequence":3,"clubcode":"SD","playerName":"P.Rivers","statId":112,"yards":13}],"00-0022414":[{"sequence":6,"clubcode":"SD","playerName":"M.Floyd","statId":79,"yards":0}],"00-0021949":[{"sequence":4,"clubcode":"OAK","playerName":"C.Johnson","statId":25,"yards":20},{"sequence":5,"clubcode":"OAK","playerName":"C.Johnson","statId":85,"yards":0}],"00-0023496":[{"sequence":2,"clubcode":"SD","playerName":"V.Jackson","statId":115,"yards":0}],"00-0023674":[{"sequence":7,"clubcode":"SD","playerName":"S.Mruczkowski","statId":93,"yards":15}]}}},"fds":1,"result":"Interception","penyds":-5,"ydsgained":17,"numplays":5,"postime":"2:26","start":{"qtr":1,"time":"04:41","yrdln":"SD 37","team":"SD"},"end":{"qtr":1,"time":"02:15","yrdln":"SD 49","team":"SD"}},"7":{"posteam":"OAK","qtr":2,"redzone":true,"plays":{"797":{"sp":0,"qtr":1,"down":1,"time":"02:15","yrdln":"SD 27","ydstogo":10,"ydsnet":5,"posteam":"OAK","desc":"(2:15) J.Russell pass short middle to M.Bush to SD 22 for 5 yards (S.Cooper, T.Dobbins).","note":null,"players":{"00-0021544":[{"sequence":6,"clubcode":"SD","playerName":"S.Cooper","statId":80,"yards":0}],"00-0025388":[{"sequence":1,"clubcode":"OAK","playerName":"J.Russell","statId":15,"yards":5},{"sequence":2,"clubcode":"OAK","playerName":"J.Russell","statId":111,"yards":5}],"00-0025487":[{"sequence":3,"clubcode":"OAK","playerName":"M.Bush","statId":21,"yards":5},{"sequence":4,"clubcode":"OAK","playerName":"M.Bush","statId":115,"yards":0},{"sequence":5,"clubcode":"OAK","playerName":"M.Bush","statId":113,"yards":0}],"00-0024365":[{"sequence":7,"clubcode":"SD","playerName":"T.Dobbins","statId":82,"yards":0}]}},"821":{"sp":0,"qtr":1,"down":2,"time":"01:35","yrdln":"SD 22","ydstogo":5,"ydsnet":7,"posteam":"OAK","desc":"(1:35) M.Bush right end to SD 20 for 2 yards (S.Merriman).","note":null,"players":{"00-0023446":[{"sequence":2,"clubcode":"SD","playerName":"S.Merriman","statId":79,"yards":0}],"00-0025487":[{"sequence":1,"clubcode":"OAK","playerName":"M.Bush","statId":10,"yards":2}]}},"842":{"sp":0,"qtr":1,"down":3,"time":"01:35","yrdln":"SD 20","ydstogo":3,"ydsnet":14,"posteam":"OAK","desc":"(1:35) J.Fargas right end to SD 13 for 7 yards (T.Dobbins, E.Weddle).","note":null,"players":{"00-0022093":[{"sequence":3,"clubcode":"OAK","playerName":"J.Fargas","statId":10,"yards":7}],"00-0025424":[{"sequence":5,"clubcode":"SD","playerName":"E.Weddle","statId":82,"yards":0}],"0":[{"sequence":1,"clubcode":"OAK","playerName":"","statId":3,"yards":0},{"sequence":2,"clubcode":"OAK","playerName":"","statId":6,"yards":0}],"00-0024365":[{"sequence":4,"clubcode":"SD","playerName":"T.Dobbins","statId":80,"yards":0}]}},"863":{"sp":0,"qtr":1,"down":1,"time":"01:35","yrdln":"SD 13","ydstogo":10,"ydsnet":18,"posteam":"OAK","desc":"(1:35) J.Fargas left end to SD 9 for 4 yards (T.Dobbins).","note":null,"players":{"00-0022093":[{"sequence":1,"clubcode":"OAK","playerName":"J.Fargas","statId":10,"yards":4}],"00-0024365":[{"sequence":2,"clubcode":"SD","playerName":"T.Dobbins","statId":79,"yards":0}]}},"884":{"sp":0,"qtr":1,"down":0,"time":"","yrdln":"","ydstogo":0,"ydsnet":18,"posteam":"","desc":"END QUARTER 1","note":null,"players":{}},"900":{"sp":0,"qtr":2,"down":2,"time":"15:00","yrdln":"SD 9","ydstogo":6,"ydsnet":23,"posteam":"OAK","desc":"(15:00) J.Fargas up the middle to SD 4 for 5 yards (L.English). SD-T.Dobbins was injured during the play.","note":null,"players":{"00-0022093":[{"sequence":1,"clubcode":"OAK","playerName":"J.Fargas","statId":10,"yards":5}],"00-0026992":[{"sequence":2,"clubcode":"SD","playerName":"L.English","statId":79,"yards":0}]}},"925":{"sp":0,"qtr":2,"down":3,"time":"14:24","yrdln":"SD 4","ydstogo":1,"ydsnet":24,"posteam":"OAK","desc":"(14:24) J.Russell up the middle to SD 3 for 1 yard (B.Siler).","note":null,"players":{"00-0025388":[{"sequence":3,"clubcode":"OAK","playerName":"J.Russell","statId":10,"yards":1}],"0":[{"sequence":1,"clubcode":"OAK","playerName":"","statId":3,"yards":0},{"sequence":2,"clubcode":"OAK","playerName":"","statId":6,"yards":0}],"00-0025627":[{"sequence":4,"clubcode":"SD","playerName":"B.Siler","statId":79,"yards":0}]}},"946":{"sp":1,"qtr":2,"down":1,"time":"13:44","yrdln":"SD 3","ydstogo":3,"ydsnet":27,"posteam":"OAK","desc":"(13:44) J.Fargas right tackle for 3 yards, TOUCHDOWN.","note":"TD","players":{"00-0022093":[{"sequence":2,"clubcode":"OAK","playerName":"J.Fargas","statId":11,"yards":3}],"0":[{"sequence":1,"clubcode":"OAK","playerName":"","statId":3,"yards":0}]}},"964":{"sp":1,"qtr":2,"down":0,"time":"13:40","yrdln":"SD 2","ydstogo":0,"ydsnet":27,"posteam":"OAK","desc":"S.Janikowski extra point is GOOD, Center-J.Condo, Holder-S.Lechler.","note":"XP","players":{"00-0019646":[{"sequence":1,"clubcode":"OAK","playerName":"S.Janikowski","statId":72,"yards":0}]}}},"fds":3,"result":"Touchdown","penyds":0,"ydsgained":27,"numplays":9,"postime":"3:35","start":{"qtr":1,"time":"02:15","yrdln":"SD 27","team":"OAK"},"end":{"qtr":1,"time":"13:40","yrdln":"SD 3","team":"OAK"}},"8":{"posteam":"SD","qtr":2,"redzone":true,"plays":{"980":{"sp":0,"qtr":2,"down":0,"time":"13:40","yrdln":"OAK 30","ydstogo":0,"ydsnet":0,"posteam":"OAK","desc":"S.Janikowski kicks 71 yards from OAK 30 to SD -1. D.Sproles to SD 22 for 23 yards (J.Holland).","note":"KICKOFF","players":{"00-0025641":[{"sequence":3,"clubcode":"OAK","playerName":"J.Holland","statId":79,"yards":0}],"00-0023564":[{"sequence":2,"clubcode":"SD","playerName":"D.Sproles","statId":45,"yards":23}],"00-0019646":[{"sequence":1,"clubcode":"OAK","playerName":"S.Janikowski","statId":43,"yards":71}]}},"1002":{"sp":0,"qtr":2,"down":1,"time":"13:34","yrdln":"SD 22","ydstogo":10,"ydsnet":0,"posteam":"SD","desc":"(13:34) L.Tomlinson left tackle to SD 22 for no gain (M.Shaughnessy).","note":null,"players":{"00-0020536":[{"sequence":1,"clubcode":"SD","playerName":"L.Tomlinson","statId":10,"yards":0}],"00-0027045":[{"sequence":2,"clubcode":"OAK","playerName":"M.Shaughnessy","statId":79,"yards":0}]}},"1023":{"sp":0,"qtr":2,"down":2,"time":"12:55","yrdln":"SD 22","ydstogo":10,"ydsnet":3,"posteam":"SD","desc":"(12:55) (Shotgun) P.Rivers pass short middle to V.Jackson to SD 25 for 3 yards (N.Asomugha).","note":null,"players":{"00-0022942":[{"sequence":1,"clubcode":"SD","playerName":"P.Rivers","statId":15,"yards":3},{"sequence":2,"clubcode":"SD","playerName":"P.Rivers","statId":111,"yards":2}],"00-0022077":[{"sequence":6,"clubcode":"OAK","playerName":"N.Asomugha","statId":79,"yards":0}],"00-0023496":[{"sequence":3,"clubcode":"SD","playerName":"V.Jackson","statId":21,"yards":3},{"sequence":4,"clubcode":"SD","playerName":"V.Jackson","statId":115,"yards":0},{"sequence":5,"clubcode":"SD","playerName":"V.Jackson","statId":113,"yards":1}]}},"1047":{"sp":0,"qtr":2,"down":3,"time":"12:15","yrdln":"SD 25","ydstogo":7,"ydsnet":23,"posteam":"SD","desc":"(12:15) (Shotgun) P.Rivers pass deep left to V.Jackson to SD 45 for 20 yards (H.Eugene, S.Routt).","note":null,"players":{"00-0022942":[{"sequence":3,"clubcode":"SD","playerName":"P.Rivers","statId":15,"yards":20},{"sequence":4,"clubcode":"SD","playerName":"P.Rivers","statId":111,"yards":17}],"00-0023496":[{"sequence":5,"clubcode":"SD","playerName":"V.Jackson","statId":21,"yards":20},{"sequence":6,"clubcode":"SD","playerName":"V.Jackson","statId":115,"yards":0},{"sequence":7,"clubcode":"SD","playerName":"V.Jackson","statId":113,"yards":3}],"0":[{"sequence":1,"clubcode":"SD","playerName":"","statId":4,"yards":0},{"sequence":2,"clubcode":"SD","playerName":"","statId":6,"yards":0}],"00-0023473":[{"sequence":9,"clubcode":"OAK","playerName":"S.Routt","statId":82,"yards":0}],"00-0024201":[{"sequence":8,"clubcode":"OAK","playerName":"H.Eugene","statId":80,"yards":0}]}},"1071":{"sp":0,"qtr":2,"down":1,"time":"11:35","yrdln":"SD 45","ydstogo":10,"ydsnet":34,"posteam":"SD","desc":"(11:35) D.Sproles left end pushed ob at OAK 44 for 11 yards (N.Asomugha).","note":null,"players":{"00-0023564":[{"sequence":2,"clubcode":"SD","playerName":"D.Sproles","statId":10,"yards":11}],"00-0022077":[{"sequence":3,"clubcode":"OAK","playerName":"N.Asomugha","statId":79,"yards":0}],"0":[{"sequence":1,"clubcode":"SD","playerName":"","statId":3,"yards":0}]}},"1092":{"sp":0,"qtr":2,"down":1,"time":"11:05","yrdln":"OAK 44","ydstogo":10,"ydsnet":35,"posteam":"SD","desc":"(11:05) L.Tomlinson up the middle to OAK 43 for 1 yard (M.Shaughnessy).","note":null,"players":{"00-0020536":[{"sequence":1,"clubcode":"SD","playerName":"L.Tomlinson","statId":10,"yards":1}],"00-0027045":[{"sequence":2,"clubcode":"OAK","playerName":"M.Shaughnessy","statId":79,"yards":0}]}},"1113":{"sp":0,"qtr":2,"down":2,"time":"10:23","yrdln":"OAK 43","ydstogo":9,"ydsnet":49,"posteam":"SD","desc":"(10:23) (Shotgun) P.Rivers pass short middle to V.Jackson to OAK 29 for 14 yards (C.Johnson).","note":null,"players":{"00-0022942":[{"sequence":2,"clubcode":"SD","playerName":"P.Rivers","statId":15,"yards":14},{"sequence":3,"clubcode":"SD","playerName":"P.Rivers","statId":111,"yards":14}],"00-0021949":[{"sequence":7,"clubcode":"OAK","playerName":"C.Johnson","statId":79,"yards":0}],"00-0023496":[{"sequence":4,"clubcode":"SD","playerName":"V.Jackson","statId":21,"yards":14},{"sequence":5,"clubcode":"SD","playerName":"V.Jackson","statId":115,"yards":0},{"sequence":6,"clubcode":"SD","playerName":"V.Jackson","statId":113,"yards":0}],"0":[{"sequence":1,"clubcode":"SD","playerName":"","statId":4,"yards":0}]}},"1137":{"sp":0,"qtr":2,"down":1,"time":"09:38","yrdln":"OAK 29","ydstogo":10,"ydsnet":55,"posteam":"SD","desc":"(9:38) L.Tomlinson up the middle to OAK 23 for 6 yards (T.Kelly, T.Branch).","note":null,"players":{"00-0022539":[{"sequence":2,"clubcode":"OAK","playerName":"T.Kelly","statId":80,"yards":0}],"00-0020536":[{"sequence":1,"clubcode":"SD","playerName":"L.Tomlinson","statId":10,"yards":6}],"00-0026240":[{"sequence":3,"clubcode":"OAK","playerName":"T.Branch","statId":82,"yards":0}]}},"1158":{"sp":0,"qtr":2,"down":2,"time":"08:57","yrdln":"OAK 23","ydstogo":4,"ydsnet":50,"posteam":"SD","desc":"(8:57) L.Tomlinson right end to OAK 28 for -5 yards (M.Shaughnessy).","note":null,"players":{"00-0020536":[{"sequence":1,"clubcode":"SD","playerName":"L.Tomlinson","statId":10,"yards":-5}],"0":[{"sequence":2,"clubcode":"SD","playerName":"","statId":95,"yards":-5}],"00-0027045":[{"sequence":3,"clubcode":"OAK","playerName":"M.Shaughnessy","statId":79,"yards":0},{"sequence":4,"clubcode":"OAK","playerName":"M.Shaughnessy","statId":120,"yards":0}]}},"1179":{"sp":0,"qtr":2,"down":3,"time":"08:12","yrdln":"OAK 28","ydstogo":9,"ydsnet":64,"posteam":"SD","desc":"(8:12) (Shotgun) P.Rivers pass short left to V.Jackson to OAK 14 for 14 yards (S.Routt).","note":null,"players":{"00-0022942":[{"sequence":3,"clubcode":"SD","playerName":"P.Rivers","statId":15,"yards":14},{"sequence":4,"clubcode":"SD","playerName":"P.Rivers","statId":111,"yards":8}],"00-0023496":[{"sequence":5,"clubcode":"SD","playerName":"V.Jackson","statId":21,"yards":14},{"sequence":6,"clubcode":"SD","playerName":"V.Jackson","statId":115,"yards":0},{"sequence":7,"clubcode":"SD","playerName":"V.Jackson","statId":113,"yards":6}],"0":[{"sequence":1,"clubcode":"SD","playerName":"","statId":4,"yards":0},{"sequence":2,"clubcode":"SD","playerName":"","statId":6,"yards":0}],"00-0023473":[{"sequence":8,"clubcode":"OAK","playerName":"S.Routt","statId":79,"yards":0}]}},"1203":{"sp":0,"qtr":2,"down":1,"time":"07:34","yrdln":"OAK 14","ydstogo":10,"ydsnet":65,"posteam":"SD","desc":"(7:34) D.Sproles up the middle to OAK 13 for 1 yard (T.Howard, K.Morrison).","note":null,"players":{"00-0023564":[{"sequence":1,"clubcode":"SD","playerName":"D.Sproles","statId":10,"yards":1}],"00-0023513":[{"sequence":3,"clubcode":"OAK","playerName":"K.Morrison","statId":82,"yards":0}],"00-0024253":[{"sequence":2,"clubcode":"OAK","playerName":"T.Howard","statId":80,"yards":0}]}},"1224":{"sp":0,"qtr":2,"down":2,"time":"06:57","yrdln":"OAK 13","ydstogo":9,"ydsnet":70,"posteam":"SD","desc":"(6:57) (Shotgun) P.Rivers pass short left to L.Naanee to OAK 8 for 5 yards (T.Howard).","note":null,"players":{"00-0022942":[{"sequence":1,"clubcode":"SD","playerName":"P.Rivers","statId":15,"yards":5},{"sequence":2,"clubcode":"SD","playerName":"P.Rivers","statId":111,"yards":2}],"00-0025559":[{"sequence":3,"clubcode":"SD","playerName":"L.Naanee","statId":21,"yards":5},{"sequence":4,"clubcode":"SD","playerName":"L.Naanee","statId":115,"yards":0},{"sequence":5,"clubcode":"SD","playerName":"L.Naanee","statId":113,"yards":3}],"00-0024253":[{"sequence":6,"clubcode":"OAK","playerName":"T.Howard","statId":79,"yards":0}]}},"1248":{"sp":1,"qtr":2,"down":3,"time":"06:13","yrdln":"OAK 8","ydstogo":4,"ydsnet":78,"posteam":"SD","desc":"(6:13) (Shotgun) P.Rivers pass short right to V.Jackson for 8 yards, TOUCHDOWN.","note":"TD","players":{"00-0022942":[{"sequence":3,"clubcode":"SD","playerName":"P.Rivers","statId":16,"yards":8},{"sequence":4,"clubcode":"SD","playerName":"P.Rivers","statId":111,"yards":8}],"00-0023496":[{"sequence":5,"clubcode":"SD","playerName":"V.Jackson","statId":22,"yards":8},{"sequence":6,"clubcode":"SD","playerName":"V.Jackson","statId":115,"yards":0},{"sequence":7,"clubcode":"SD","playerName":"V.Jackson","statId":113,"yards":0}],"0":[{"sequence":1,"clubcode":"SD","playerName":"","statId":4,"yards":0},{"sequence":2,"clubcode":"SD","playerName":"","statId":6,"yards":0}]}},"1268":{"sp":1,"qtr":2,"down":0,"time":"06:09","yrdln":"OAK 2","ydstogo":0,"ydsnet":78,"posteam":"SD","desc":"N.Kaeding extra point is GOOD, Center-D.Binn, Holder-M.Scifres.","note":"XP","players":{"00-0022737":[{"sequence":1,"clubcode":"SD","playerName":"N.Kaeding","statId":72,"yards":0}]}}},"fds":5,"result":"Touchdown","penyds":0,"ydsgained":78,"numplays":14,"postime":"7:31","start":{"qtr":2,"time":"13:40","yrdln":"SD 22","team":"SD"},"end":{"qtr":2,"time":"06:09","yrdln":"OAK 8","team":"SD"}},"9":{"posteam":"OAK","qtr":2,"redzone":true,"plays":{"1284":{"sp":0,"qtr":2,"down":0,"time":"06:09","yrdln":"SD 30","ydstogo":0,"ydsnet":0,"posteam":"SD","desc":"N.Kaeding kicks 68 yards from SD 30 to OAK 2. J.Holland to OAK 25 for 23 yards (M.Tolbert).","note":"KICKOFF","players":{"00-0025641":[{"sequence":2,"clubcode":"OAK","playerName":"J.Holland","statId":45,"yards":23}],"00-0022737":[{"sequence":1,"clubcode":"SD","playerName":"N.Kaeding","statId":41,"yards":68}],"00-0026069":[{"sequence":3,"clubcode":"SD","playerName":"M.Tolbert","statId":79,"yards":0}]}},"1306":{"sp":0,"qtr":2,"down":1,"time":"06:02","yrdln":"OAK 25","ydstogo":10,"ydsnet":3,"posteam":"OAK","desc":"(6:02) M.Bush left tackle to OAK 28 for 3 yards (B.Siler).","note":null,"players":{"00-0025487":[{"sequence":1,"clubcode":"OAK","playerName":"M.Bush","statId":10,"yards":3}],"00-0025627":[{"sequence":2,"clubcode":"SD","playerName":"B.Siler","statId":79,"yards":0}]}},"1327":{"sp":0,"qtr":2,"down":2,"time":"05:28","yrdln":"OAK 28","ydstogo":7,"ydsnet":6,"posteam":"OAK","desc":"(5:28) M.Bush right end to OAK 31 for 3 yards (T.Johnson).","note":null,"players":{"00-0023450":[{"sequence":2,"clubcode":"SD","playerName":"T.Johnson","statId":79,"yards":0}],"00-0025487":[{"sequence":1,"clubcode":"OAK","playerName":"M.Bush","statId":10,"yards":3}]}},"1348":{"sp":0,"qtr":2,"down":3,"time":"04:45","yrdln":"OAK 31","ydstogo":4,"ydsnet":6,"posteam":"OAK","desc":"(4:45) (Shotgun) J.Russell pass incomplete short right to J.Higgins.","note":null,"players":{"00-0025486":[{"sequence":3,"clubcode":"OAK","playerName":"J.Higgins","statId":115,"yards":0}],"00-0025388":[{"sequence":2,"clubcode":"OAK","playerName":"J.Russell","statId":14,"yards":0},{"sequence":4,"clubcode":"OAK","playerName":"J.Russell","statId":112,"yards":14}],"0":[{"sequence":1,"clubcode":"OAK","playerName":"","statId":7,"yards":0}]}},"1370":{"sp":0,"qtr":2,"down":4,"time":"04:37","yrdln":"OAK 31","ydstogo":4,"ydsnet":6,"posteam":"OAK","desc":"(4:37) S.Lechler punts 69 yards to end zone, Center-J.Condo, Touchback.","note":"PUNT","players":{"00-0019714":[{"sequence":1,"clubcode":"OAK","playerName":"S.Lechler","statId":32,"yards":69}],"0":[{"sequence":2,"clubcode":"SD","playerName":"","statId":40,"yards":0}]}}},"fds":0,"result":"Punt","penyds":0,"ydsgained":6,"numplays":5,"postime":"1:41","start":{"qtr":2,"time":"06:09","yrdln":"OAK 25","team":"OAK"},"end":{"qtr":2,"time":"04:28","yrdln":"OAK 31","team":"OAK"}},"10":{"posteam":"SD","qtr":2,"redzone":true,"plays":{"1388":{"sp":0,"qtr":2,"down":1,"time":"04:28","yrdln":"SD 20","ydstogo":10,"ydsnet":1,"posteam":"SD","desc":"(4:28) L.Tomlinson up the middle to SD 21 for 1 yard (T.Kelly). OAK-T.Kelly was injured during the play.","note":null,"players":{"00-0022539":[{"sequence":2,"clubcode":"OAK","playerName":"T.Kelly","statId":79,"yards":0}],"00-0020536":[{"sequence":1,"clubcode":"SD","playerName":"L.Tomlinson","statId":10,"yards":1}]}},"1409":{"sp":0,"qtr":2,"down":2,"time":"03:54","yrdln":"SD 21","ydstogo":9,"ydsnet":6,"posteam":"SD","desc":"(3:54) (Shotgun) P.Rivers pass short right to A.Gates to SD 26 for 5 yards (C.Johnson).","note":null,"players":{"00-0022942":[{"sequence":1,"clubcode":"SD","playerName":"P.Rivers","statId":15,"yards":5},{"sequence":2,"clubcode":"SD","playerName":"P.Rivers","statId":111,"yards":5}],"00-0021949":[{"sequence":6,"clubcode":"OAK","playerName":"C.Johnson","statId":79,"yards":0}],"00-0021547":[{"sequence":3,"clubcode":"SD","playerName":"A.Gates","statId":21,"yards":5},{"sequence":4,"clubcode":"SD","playerName":"A.Gates","statId":115,"yards":0},{"sequence":5,"clubcode":"SD","playerName":"A.Gates","statId":113,"yards":0}]}},"1437":{"sp":0,"qtr":2,"down":3,"time":"03:16","yrdln":"SD 26","ydstogo":4,"ydsnet":36,"posteam":"SD","desc":"(3:16) (Shotgun) P.Rivers pass short left to A.Gates pushed ob at OAK 44 for 30 yards (M.Huff).","note":null,"players":{"00-0022942":[{"sequence":3,"clubcode":"SD","playerName":"P.Rivers","statId":15,"yards":30},{"sequence":4,"clubcode":"SD","playerName":"P.Rivers","statId":111,"yards":2}],"00-0024222":[{"sequence":8,"clubcode":"OAK","playerName":"M.Huff","statId":79,"yards":0}],"00-0021547":[{"sequence":5,"clubcode":"SD","playerName":"A.Gates","statId":21,"yards":30},{"sequence":6,"clubcode":"SD","playerName":"A.Gates","statId":115,"yards":0},{"sequence":7,"clubcode":"SD","playerName":"A.Gates","statId":113,"yards":28}],"0":[{"sequence":1,"clubcode":"SD","playerName":"","statId":4,"yards":0},{"sequence":2,"clubcode":"SD","playerName":"","statId":6,"yards":0}]}},"1461":{"sp":0,"qtr":2,"down":1,"time":"02:45","yrdln":"OAK 44","ydstogo":10,"ydsnet":45,"posteam":"SD","desc":"(2:45) L.Tomlinson up the middle to OAK 35 for 9 yards (T.Branch).","note":null,"players":{"00-0020536":[{"sequence":1,"clubcode":"SD","playerName":"L.Tomlinson","statId":10,"yards":9}],"00-0026240":[{"sequence":2,"clubcode":"OAK","playerName":"T.Branch","statId":79,"yards":0}]}},"1482":{"sp":0,"qtr":2,"down":2,"time":"02:16","yrdln":"OAK 35","ydstogo":1,"ydsnet":47,"posteam":"SD","desc":"(2:16) J.Hester up the middle to OAK 33 for 2 yards (D.Bryant, R.Seymour).","note":null,"players":{"00-0020442":[{"sequence":4,"clubcode":"OAK","playerName":"R.Seymour","statId":82,"yards":0}],"00-0026533":[{"sequence":3,"clubcode":"OAK","playerName":"D.Bryant","statId":80,"yards":0}],"0":[{"sequence":1,"clubcode":"SD","playerName":"","statId":3,"yards":0}],"00-0026209":[{"sequence":2,"clubcode":"SD","playerName":"J.Hester","statId":10,"yards":2}]}},"1503":{"sp":0,"qtr":2,"down":0,"time":"02:00","yrdln":"","ydstogo":0,"ydsnet":47,"posteam":"","desc":"Two-Minute Warning","note":null,"players":{}},"1520":{"sp":0,"qtr":2,"down":1,"time":"02:00","yrdln":"OAK 33","ydstogo":10,"ydsnet":55,"posteam":"SD","desc":"(2:00) (Shotgun) P.Rivers pass short right to D.Sproles to OAK 25 for 8 yards (M.Shaughnessy).","note":null,"players":{"00-0022942":[{"sequence":1,"clubcode":"SD","playerName":"P.Rivers","statId":15,"yards":8},{"sequence":2,"clubcode":"SD","playerName":"P.Rivers","statId":111,"yards":-6}],"00-0023564":[{"sequence":3,"clubcode":"SD","playerName":"D.Sproles","statId":21,"yards":8},{"sequence":4,"clubcode":"SD","playerName":"D.Sproles","statId":115,"yards":0},{"sequence":5,"clubcode":"SD","playerName":"D.Sproles","statId":113,"yards":14}],"00-0027045":[{"sequence":6,"clubcode":"OAK","playerName":"M.Shaughnessy","statId":79,"yards":0}]}},"1544":{"sp":0,"qtr":2,"down":2,"time":"01:31","yrdln":"OAK 25","ydstogo":2,"ydsnet":70,"posteam":"SD","desc":"(1:31) D.Sproles up the middle to OAK 10 for 15 yards (T.Branch).","note":null,"players":{"00-0023564":[{"sequence":2,"clubcode":"SD","playerName":"D.Sproles","statId":10,"yards":15}],"0":[{"sequence":1,"clubcode":"SD","playerName":"","statId":3,"yards":0}],"00-0026240":[{"sequence":3,"clubcode":"OAK","playerName":"T.Branch","statId":79,"yards":0}]}},"1565":{"sp":1,"qtr":2,"down":1,"time":"00:58","yrdln":"OAK 10","ydstogo":10,"ydsnet":80,"posteam":"SD","desc":"(:58) L.Tomlinson up the middle for 10 yards, TOUCHDOWN.","note":"TD","players":{"00-0020536":[{"sequence":2,"clubcode":"SD","playerName":"L.Tomlinson","statId":11,"yards":10}],"0":[{"sequence":1,"clubcode":"SD","playerName":"","statId":3,"yards":0}]}},"1583":{"sp":1,"qtr":2,"down":0,"time":"00:54","yrdln":"OAK 2","ydstogo":0,"ydsnet":80,"posteam":"SD","desc":"N.Kaeding extra point is GOOD, Center-D.Binn, Holder-M.Scifres.","note":"XP","players":{"00-0022737":[{"sequence":1,"clubcode":"SD","playerName":"N.Kaeding","statId":72,"yards":0}]}}},"fds":4,"result":"Touchdown","penyds":0,"ydsgained":80,"numplays":10,"postime":"3:34","start":{"qtr":2,"time":"04:28","yrdln":"SD 20","team":"SD"},"end":{"qtr":2,"time":"00:54","yrdln":"OAK 10","team":"SD"}},"11":{"posteam":"OAK","qtr":2,"redzone":true,"plays":{"1599":{"sp":0,"qtr":2,"down":0,"time":"00:54","yrdln":"SD 30","ydstogo":0,"ydsnet":0,"posteam":"SD","desc":"N.Kaeding kicks 67 yards from SD 30 to OAK 3. J.Holland to SD 37 for 60 yards (N.Kaeding).","note":"KICKOFF","players":{"00-0025641":[{"sequence":2,"clubcode":"OAK","playerName":"J.Holland","statId":45,"yards":60}],"00-0022737":[{"sequence":1,"clubcode":"SD","playerName":"N.Kaeding","statId":41,"yards":67},{"sequence":3,"clubcode":"SD","playerName":"N.Kaeding","statId":79,"yards":0}]}},"1621":{"sp":0,"qtr":2,"down":1,"time":"00:43","yrdln":"SD 37","ydstogo":10,"ydsnet":10,"posteam":"OAK","desc":"(:43) (Shotgun) J.Russell pass short left to D.Heyward-Bey to SD 27 for 10 yards (S.Gregory).","note":null,"players":{"00-0023998":[{"sequence":7,"clubcode":"SD","playerName":"S.Gregory","statId":79,"yards":0}],"00-0025388":[{"sequence":2,"clubcode":"OAK","playerName":"J.Russell","statId":15,"yards":10},{"sequence":3,"clubcode":"OAK","playerName":"J.Russell","statId":111,"yards":10}],"00-0026983":[{"sequence":4,"clubcode":"OAK","playerName":"D.Heyward-Bey","statId":21,"yards":10},{"sequence":5,"clubcode":"OAK","playerName":"D.Heyward-Bey","statId":115,"yards":0},{"sequence":6,"clubcode":"OAK","playerName":"D.Heyward-Bey","statId":113,"yards":0}],"0":[{"sequence":1,"clubcode":"OAK","playerName":"","statId":4,"yards":0}]}},"1645":{"sp":0,"qtr":2,"down":0,"time":"00:31","yrdln":"","ydstogo":0,"ydsnet":10,"posteam":"","desc":"Timeout #2 by OAK at 00:31.","note":"TIMEOUT","players":{"0":[{"sequence":1,"clubcode":"OAK","playerName":"","statId":68,"yards":0}]}},"1662":{"sp":0,"qtr":2,"down":1,"time":"00:31","yrdln":"SD 27","ydstogo":10,"ydsnet":7,"posteam":"OAK","desc":"(:31) (Shotgun) J.Russell sacked at SD 30 for -3 yards (S.Merriman).","note":null,"players":{"00-0025388":[{"sequence":1,"clubcode":"OAK","playerName":"J.Russell","statId":20,"yards":-3}],"00-0023446":[{"sequence":2,"clubcode":"SD","playerName":"S.Merriman","statId":83,"yards":-3},{"sequence":3,"clubcode":"SD","playerName":"S.Merriman","statId":110,"yards":0},{"sequence":4,"clubcode":"SD","playerName":"S.Merriman","statId":79,"yards":0},{"sequence":5,"clubcode":"SD","playerName":"S.Merriman","statId":120,"yards":0}]}},"1681":{"sp":0,"qtr":2,"down":0,"time":"00:20","yrdln":"","ydstogo":0,"ydsnet":7,"posteam":"","desc":"Timeout #3 by OAK at 00:20.","note":"TIMEOUT","players":{"0":[{"sequence":1,"clubcode":"OAK","playerName":"","statId":68,"yards":0}]}},"1698":{"sp":0,"qtr":2,"down":2,"time":"00:20","yrdln":"SD 30","ydstogo":13,"ydsnet":7,"posteam":"OAK","desc":"(:20) (Shotgun) J.Russell pass incomplete deep left to L.Murphy.","note":null,"players":{"00-0025388":[{"sequence":1,"clubcode":"OAK","playerName":"J.Russell","statId":14,"yards":0},{"sequence":3,"clubcode":"OAK","playerName":"J.Russell","statId":112,"yards":17}],"00-0027089":[{"sequence":2,"clubcode":"OAK","playerName":"L.Murphy","statId":115,"yards":0}]}},"1720":{"sp":1,"qtr":2,"down":3,"time":"00:15","yrdln":"SD 30","ydstogo":13,"ydsnet":7,"posteam":"OAK","desc":"(:15) S.Janikowski 48 yard field goal is GOOD, Center-J.Condo, Holder-S.Lechler.","note":"FG","players":{"00-0019646":[{"sequence":1,"clubcode":"OAK","playerName":"S.Janikowski","statId":70,"yards":48}]}}},"fds":1,"result":"Field Goal","penyds":0,"ydsgained":7,"numplays":7,"postime":"0:43","start":{"qtr":2,"time":"00:54","yrdln":"SD 37","team":"OAK"},"end":{"qtr":2,"time":"00:11","yrdln":"SD 30","team":"OAK"}},"12":{"posteam":"SD","qtr":2,"redzone":true,"plays":{"1740":{"sp":0,"qtr":2,"down":0,"time":"00:11","yrdln":"OAK 30","ydstogo":0,"ydsnet":0,"posteam":"OAK","desc":"S.Janikowski kicks 75 yards from OAK 30 to SD -5. D.Sproles, Touchback.","note":"KICKOFF","players":{"00-0019646":[{"sequence":1,"clubcode":"OAK","playerName":"S.Janikowski","statId":44,"yards":70}],"0":[{"sequence":2,"clubcode":"SD","playerName":"","statId":51,"yards":0}]}},"1758":{"sp":0,"qtr":2,"down":1,"time":"00:11","yrdln":"SD 20","ydstogo":10,"ydsnet":-1,"posteam":"SD","desc":"(:11) P.Rivers kneels, dead ball declared at SD 19 for -1 yards.","note":null,"players":{"00-0022942":[{"sequence":1,"clubcode":"SD","playerName":"P.Rivers","statId":10,"yards":-1}]}},"1778":{"sp":0,"qtr":2,"down":0,"time":"","yrdln":"","ydstogo":0,"ydsnet":-1,"posteam":"","desc":"END QUARTER 2","note":null,"players":{}}},"fds":0,"result":"End of Half","penyds":0,"ydsgained":-1,"numplays":3,"postime":"0:11","start":{"qtr":2,"time":"00:11","yrdln":"SD 20","team":"SD"},"end":{"qtr":2,"time":"00:00","yrdln":"SD 20","team":"SD"}},"13":{"posteam":"SD","qtr":3,"redzone":true,"plays":{"1794":{"sp":0,"qtr":3,"down":0,"time":"15:00","yrdln":"OAK 30","ydstogo":0,"ydsnet":0,"posteam":"OAK","desc":"S.Janikowski kicks 72 yards from OAK 30 to SD -2. D.Sproles, Touchback.","note":"KICKOFF","players":{"00-0019646":[{"sequence":1,"clubcode":"OAK","playerName":"S.Janikowski","statId":44,"yards":70}],"0":[{"sequence":2,"clubcode":"SD","playerName":"","statId":51,"yards":0}]}},"1812":{"sp":0,"qtr":3,"down":1,"time":"15:00","yrdln":"SD 20","ydstogo":10,"ydsnet":-10,"posteam":"SD","desc":"(15:00) L.Tomlinson right end to SD 20 for no gain (J.Alston, C.Johnson). PENALTY on SD-A.Gates, Offensive Holding, 10 yards, enforced at SD 20 - No Play.","note":"PENALTY","players":{"00-0021547":[{"sequence":1,"clubcode":"SD","playerName":"A.Gates","statId":93,"yards":10}]}},"1844":{"sp":0,"qtr":3,"down":1,"time":"14:36","yrdln":"SD 10","ydstogo":20,"ydsnet":-9,"posteam":"SD","desc":"(14:36) L.Tomlinson up the middle to SD 11 for 1 yard (K.Morrison).","note":null,"players":{"00-0023513":[{"sequence":2,"clubcode":"OAK","playerName":"K.Morrison","statId":79,"yards":0}],"00-0020536":[{"sequence":1,"clubcode":"SD","playerName":"L.Tomlinson","statId":10,"yards":1}]}},"1865":{"sp":0,"qtr":3,"down":2,"time":"13:59","yrdln":"SD 11","ydstogo":19,"ydsnet":-9,"posteam":"SD","desc":"(13:59) (Shotgun) P.Rivers pass incomplete deep right to V.Jackson.","note":null,"players":{"00-0022942":[{"sequence":1,"clubcode":"SD","playerName":"P.Rivers","statId":14,"yards":0},{"sequence":3,"clubcode":"SD","playerName":"P.Rivers","statId":112,"yards":49}],"00-0023496":[{"sequence":2,"clubcode":"SD","playerName":"V.Jackson","statId":115,"yards":0}]}},"1887":{"sp":0,"qtr":3,"down":3,"time":"13:52","yrdln":"SD 11","ydstogo":19,"ydsnet":-9,"posteam":"SD","desc":"(13:52) (Shotgun) P.Rivers pass incomplete deep left to M.Floyd (M.Huff).","note":null,"players":{"00-0022942":[{"sequence":2,"clubcode":"SD","playerName":"P.Rivers","statId":14,"yards":0},{"sequence":5,"clubcode":"SD","playerName":"P.Rivers","statId":112,"yards":19}],"00-0024222":[{"sequence":4,"clubcode":"OAK","playerName":"M.Huff","statId":85,"yards":0}],"00-0022414":[{"sequence":3,"clubcode":"SD","playerName":"M.Floyd","statId":115,"yards":0}],"0":[{"sequence":1,"clubcode":"SD","playerName":"","statId":7,"yards":0}]}},"1909":{"sp":0,"qtr":3,"down":4,"time":"13:46","yrdln":"SD 11","ydstogo":19,"ydsnet":-9,"posteam":"SD","desc":"(13:46) M.Scifres punts 56 yards to OAK 33, Center-D.Binn. J.Higgins to OAK 42 for 9 yards (K.Wilson). PENALTY on SD-S.Cooper, Illegal Formation, 5 yards, enforced at OAK 42.","note":"PUNT","players":{"00-0021544":[{"sequence":4,"clubcode":"SD","playerName":"S.Cooper","statId":93,"yards":5}],"00-0025486":[{"sequence":2,"clubcode":"OAK","playerName":"J.Higgins","statId":33,"yards":9}],"00-0022017":[{"sequence":1,"clubcode":"SD","playerName":"M.Scifres","statId":29,"yards":56}],"00-0022714":[{"sequence":3,"clubcode":"SD","playerName":"K.Wilson","statId":79,"yards":0}]}}},"fds":0,"result":"Punt","penyds":-10,"ydsgained":1,"numplays":6,"postime":"1:27","start":{"qtr":3,"time":"15:00","yrdln":"SD 20","team":"SD"},"end":{"qtr":3,"time":"13:33","yrdln":"SD 11","team":"SD"}},"14":{"posteam":"OAK","qtr":3,"redzone":true,"plays":{"1946":{"sp":0,"qtr":3,"down":1,"time":"13:33","yrdln":"OAK 47","ydstogo":10,"ydsnet":7,"posteam":"OAK","desc":"(13:33) J.Fargas right end to SD 46 for 7 yards (S.Merriman, B.Siler).","note":null,"players":{"00-0022093":[{"sequence":1,"clubcode":"OAK","playerName":"J.Fargas","statId":10,"yards":7}],"00-0023446":[{"sequence":2,"clubcode":"SD","playerName":"S.Merriman","statId":80,"yards":0}],"00-0025627":[{"sequence":3,"clubcode":"SD","playerName":"B.Siler","statId":82,"yards":0}]}},"1967":{"sp":0,"qtr":3,"down":2,"time":"12:55","yrdln":"SD 46","ydstogo":3,"ydsnet":9,"posteam":"OAK","desc":"(12:55) J.Fargas left guard to SD 44 for 2 yards (E.Weddle).","note":null,"players":{"00-0022093":[{"sequence":1,"clubcode":"OAK","playerName":"J.Fargas","statId":10,"yards":2}],"00-0025424":[{"sequence":2,"clubcode":"SD","playerName":"E.Weddle","statId":79,"yards":0}]}},"1988":{"sp":0,"qtr":3,"down":3,"time":"12:21","yrdln":"SD 44","ydstogo":1,"ydsnet":11,"posteam":"OAK","desc":"(12:21) J.Fargas right tackle to SD 42 for 2 yards (L.Castillo).","note":null,"players":{"00-0023463":[{"sequence":4,"clubcode":"SD","playerName":"L.Castillo","statId":79,"yards":0}],"00-0022093":[{"sequence":3,"clubcode":"OAK","playerName":"J.Fargas","statId":10,"yards":2}],"0":[{"sequence":1,"clubcode":"OAK","playerName":"","statId":3,"yards":0},{"sequence":2,"clubcode":"OAK","playerName":"","statId":6,"yards":0}]}},"2009":{"sp":0,"qtr":3,"down":1,"time":"11:42","yrdln":"SD 42","ydstogo":10,"ydsnet":22,"posteam":"OAK","desc":"(11:42) J.Russell pass short right to Z.Miller to SD 31 for 11 yards (K.Ellison, E.Weddle).","note":null,"players":{"00-0027127":[{"sequence":7,"clubcode":"SD","playerName":"K.Ellison","statId":80,"yards":0}],"00-0025425":[{"sequence":4,"clubcode":"OAK","playerName":"Z.Miller","statId":21,"yards":11},{"sequence":5,"clubcode":"OAK","playerName":"Z.Miller","statId":115,"yards":0},{"sequence":6,"clubcode":"OAK","playerName":"Z.Miller","statId":113,"yards":0}],"00-0025388":[{"sequence":2,"clubcode":"OAK","playerName":"J.Russell","statId":15,"yards":11},{"sequence":3,"clubcode":"OAK","playerName":"J.Russell","statId":111,"yards":11}],"00-0025424":[{"sequence":8,"clubcode":"SD","playerName":"E.Weddle","statId":82,"yards":0}],"0":[{"sequence":1,"clubcode":"OAK","playerName":"","statId":4,"yards":0}]}},"2033":{"sp":0,"qtr":3,"down":1,"time":"11:00","yrdln":"SD 31","ydstogo":10,"ydsnet":23,"posteam":"OAK","desc":"(11:00) M.Bush left end to SD 30 for 1 yard (O.Nwagbuo, B.Siler).","note":null,"players":{"00-0025857":[{"sequence":2,"clubcode":"SD","playerName":"O.Nwagbuo","statId":80,"yards":0}],"00-0025487":[{"sequence":1,"clubcode":"OAK","playerName":"M.Bush","statId":10,"yards":1}],"00-0025627":[{"sequence":3,"clubcode":"SD","playerName":"B.Siler","statId":82,"yards":0}]}},"2054":{"sp":0,"qtr":3,"down":2,"time":"10:21","yrdln":"SD 30","ydstogo":9,"ydsnet":22,"posteam":"OAK","desc":"(10:21) J.Russell sacked at SD 31 for -1 yards (S.Phillips).","note":null,"players":{"00-0025388":[{"sequence":1,"clubcode":"OAK","playerName":"J.Russell","statId":20,"yards":-1}],"00-0022723":[{"sequence":2,"clubcode":"SD","playerName":"S.Phillips","statId":83,"yards":-1},{"sequence":3,"clubcode":"SD","playerName":"S.Phillips","statId":110,"yards":0},{"sequence":4,"clubcode":"SD","playerName":"S.Phillips","statId":79,"yards":0},{"sequence":5,"clubcode":"SD","playerName":"S.Phillips","statId":120,"yards":0}]}},"2073":{"sp":0,"qtr":3,"down":3,"time":"09:42","yrdln":"SD 31","ydstogo":10,"ydsnet":29,"posteam":"OAK","desc":"(9:42) (Shotgun) J.Russell pass short right to J.Fargas pushed ob at SD 24 for 7 yards (B.Siler).","note":null,"players":{"00-0025388":[{"sequence":2,"clubcode":"OAK","playerName":"J.Russell","statId":15,"yards":7},{"sequence":3,"clubcode":"OAK","playerName":"J.Russell","statId":111,"yards":1}],"00-0022093":[{"sequence":4,"clubcode":"OAK","playerName":"J.Fargas","statId":21,"yards":7},{"sequence":5,"clubcode":"OAK","playerName":"J.Fargas","statId":115,"yards":0},{"sequence":6,"clubcode":"OAK","playerName":"J.Fargas","statId":113,"yards":6}],"0":[{"sequence":1,"clubcode":"OAK","playerName":"","statId":7,"yards":0}],"00-0025627":[{"sequence":7,"clubcode":"SD","playerName":"B.Siler","statId":79,"yards":0}]}},"2097":{"sp":1,"qtr":3,"down":4,"time":"09:13","yrdln":"SD 24","ydstogo":3,"ydsnet":29,"posteam":"OAK","desc":"(9:13) S.Janikowski 41 yard field goal is GOOD, Center-J.Condo, Holder-S.Lechler.","note":"FG","players":{"00-0019646":[{"sequence":1,"clubcode":"OAK","playerName":"S.Janikowski","statId":70,"yards":41}]}}},"fds":2,"result":"Field Goal","penyds":0,"ydsgained":29,"numplays":8,"postime":"4:24","start":{"qtr":3,"time":"13:33","yrdln":"OAK 47","team":"OAK"},"end":{"qtr":3,"time":"09:09","yrdln":"SD 24","team":"OAK"}},"15":{"posteam":"SD","qtr":3,"redzone":true,"plays":{"2117":{"sp":0,"qtr":3,"down":0,"time":"09:09","yrdln":"OAK 30","ydstogo":0,"ydsnet":0,"posteam":"OAK","desc":"S.Janikowski kicks 71 yards from OAK 30 to SD -1. D.Sproles to SD 38 for 39 yards (M.Mitchell, I.Ekejiuba).","note":"KICKOFF","players":{"00-0023564":[{"sequence":2,"clubcode":"SD","playerName":"D.Sproles","statId":45,"yards":39}],"00-0027023":[{"sequence":3,"clubcode":"OAK","playerName":"M.Mitchell","statId":80,"yards":0}],"00-0019646":[{"sequence":1,"clubcode":"OAK","playerName":"S.Janikowski","statId":43,"yards":71}],"00-0023313":[{"sequence":4,"clubcode":"OAK","playerName":"I.Ekejiuba","statId":82,"yards":0}]}},"2139":{"sp":0,"qtr":3,"down":1,"time":"09:01","yrdln":"SD 38","ydstogo":10,"ydsnet":11,"posteam":"SD","desc":"(9:01) P.Rivers pass short right to V.Jackson to SD 49 for 11 yards (C.Johnson).","note":null,"players":{"00-0022942":[{"sequence":2,"clubcode":"SD","playerName":"P.Rivers","statId":15,"yards":11},{"sequence":3,"clubcode":"SD","playerName":"P.Rivers","statId":111,"yards":10}],"00-0021949":[{"sequence":7,"clubcode":"OAK","playerName":"C.Johnson","statId":79,"yards":0}],"00-0023496":[{"sequence":4,"clubcode":"SD","playerName":"V.Jackson","statId":21,"yards":11},{"sequence":5,"clubcode":"SD","playerName":"V.Jackson","statId":115,"yards":0},{"sequence":6,"clubcode":"SD","playerName":"V.Jackson","statId":113,"yards":1}],"0":[{"sequence":1,"clubcode":"SD","playerName":"","statId":4,"yards":0}]}},"2163":{"sp":0,"qtr":3,"down":1,"time":"08:15","yrdln":"SD 49","ydstogo":10,"ydsnet":12,"posteam":"SD","desc":"(8:15) P.Rivers scrambles up the middle to 50 for 1 yard (J.Alston).","note":null,"players":{"00-0024292":[{"sequence":2,"clubcode":"OAK","playerName":"J.Alston","statId":79,"yards":0}],"00-0022942":[{"sequence":1,"clubcode":"SD","playerName":"P.Rivers","statId":10,"yards":1}]}},"2184":{"sp":0,"qtr":3,"down":2,"time":"07:28","yrdln":"50","ydstogo":9,"ydsnet":11,"posteam":"SD","desc":"(7:28) L.Tomlinson left end to SD 49 for -1 yards (T.Branch).","note":null,"players":{"00-0020536":[{"sequence":1,"clubcode":"SD","playerName":"L.Tomlinson","statId":10,"yards":-1}],"0":[{"sequence":2,"clubcode":"SD","playerName":"","statId":95,"yards":-1}],"00-0026240":[{"sequence":3,"clubcode":"OAK","playerName":"T.Branch","statId":79,"yards":0},{"sequence":4,"clubcode":"OAK","playerName":"T.Branch","statId":120,"yards":0}]}},"2205":{"sp":0,"qtr":3,"down":3,"time":"06:41","yrdln":"SD 49","ydstogo":10,"ydsnet":11,"posteam":"SD","desc":"(6:41) (Shotgun) P.Rivers pass incomplete short middle to A.Gates.","note":null,"players":{"00-0022942":[{"sequence":2,"clubcode":"SD","playerName":"P.Rivers","statId":14,"yards":0},{"sequence":4,"clubcode":"SD","playerName":"P.Rivers","statId":112,"yards":11}],"00-0021547":[{"sequence":3,"clubcode":"SD","playerName":"A.Gates","statId":115,"yards":0}],"0":[{"sequence":1,"clubcode":"SD","playerName":"","statId":7,"yards":0}]}},"2227":{"sp":0,"qtr":3,"down":4,"time":"06:37","yrdln":"SD 49","ydstogo":10,"ydsnet":11,"posteam":"SD","desc":"(6:37) M.Scifres punts 34 yards to OAK 17, Center-D.Binn, fair catch by J.Higgins.","note":"PUNT","players":{"00-0025486":[{"sequence":3,"clubcode":"OAK","playerName":"J.Higgins","statId":39,"yards":0}],"00-0022017":[{"sequence":1,"clubcode":"SD","playerName":"M.Scifres","statId":29,"yards":34},{"sequence":2,"clubcode":"SD","playerName":"M.Scifres","statId":30,"yards":0}]}}},"fds":1,"result":"Punt","penyds":0,"ydsgained":11,"numplays":6,"postime":"2:41","start":{"qtr":3,"time":"09:09","yrdln":"SD 38","team":"SD"},"end":{"qtr":3,"time":"06:28","yrdln":"SD 49","team":"SD"}},"16":{"posteam":"OAK","qtr":3,"redzone":true,"plays":{"2247":{"sp":0,"qtr":3,"down":1,"time":"06:28","yrdln":"OAK 17","ydstogo":10,"ydsnet":1,"posteam":"OAK","desc":"(6:28) J.Fargas left tackle to OAK 18 for 1 yard (J.Cesaire).","note":null,"players":{"00-0021542":[{"sequence":2,"clubcode":"SD","playerName":"J.Cesaire","statId":79,"yards":0}],"00-0022093":[{"sequence":1,"clubcode":"OAK","playerName":"J.Fargas","statId":10,"yards":1}]}},"2268":{"sp":0,"qtr":3,"down":2,"time":"05:52","yrdln":"OAK 18","ydstogo":9,"ydsnet":-5,"posteam":"OAK","desc":"(5:52) PENALTY on OAK-C.Carlisle, False Start, 6 yards, enforced at OAK 18 - No Play.","note":"PENALTY","players":{"00-0019632":[{"sequence":1,"clubcode":"OAK","playerName":"C.Carlisle","statId":93,"yards":6}]}},"2291":{"sp":0,"qtr":3,"down":2,"time":"05:29","yrdln":"OAK 12","ydstogo":15,"ydsnet":0,"posteam":"OAK","desc":"(5:29) J.Fargas right end to OAK 17 for 5 yards (S.Cooper).","note":null,"players":{"00-0021544":[{"sequence":2,"clubcode":"SD","playerName":"S.Cooper","statId":79,"yards":0}],"00-0022093":[{"sequence":1,"clubcode":"OAK","playerName":"J.Fargas","statId":10,"yards":5}]}},"2312":{"sp":0,"qtr":3,"down":3,"time":"04:48","yrdln":"OAK 17","ydstogo":10,"ydsnet":-8,"posteam":"OAK","desc":"(4:48) (Shotgun) J.Russell sacked at OAK 9 for -8 yards (S.Gregory).","note":null,"players":{"00-0023998":[{"sequence":3,"clubcode":"SD","playerName":"S.Gregory","statId":83,"yards":-8},{"sequence":4,"clubcode":"SD","playerName":"S.Gregory","statId":110,"yards":0},{"sequence":5,"clubcode":"SD","playerName":"S.Gregory","statId":79,"yards":0},{"sequence":6,"clubcode":"SD","playerName":"S.Gregory","statId":120,"yards":0}],"00-0025388":[{"sequence":2,"clubcode":"OAK","playerName":"J.Russell","statId":20,"yards":-8}],"0":[{"sequence":1,"clubcode":"OAK","playerName":"","statId":7,"yards":0}]}},"2331":{"sp":0,"qtr":3,"down":4,"time":"04:17","yrdln":"OAK 9","ydstogo":18,"ydsnet":-8,"posteam":"OAK","desc":"(4:17) S.Lechler punts 44 yards to SD 47, Center-J.Condo. D.Sproles to OAK 47 for 6 yards (G.Russell). FUMBLES (G.Russell), RECOVERED by OAK-G.Russell at OAK 47. G.Russell to OAK 47 for no gain (K.Osgood).","note":"FUMBLE","players":{"00-0021570":[{"sequence":8,"clubcode":"SD","playerName":"K.Osgood","statId":79,"yards":0}],"00-0023564":[{"sequence":2,"clubcode":"SD","playerName":"D.Sproles","statId":33,"yards":6},{"sequence":4,"clubcode":"SD","playerName":"D.Sproles","statId":52,"yards":0},{"sequence":5,"clubcode":"SD","playerName":"D.Sproles","statId":106,"yards":0}],"00-0024846":[{"sequence":3,"clubcode":"OAK","playerName":"G.Russell","statId":79,"yards":0},{"sequence":6,"clubcode":"OAK","playerName":"G.Russell","statId":91,"yards":0},{"sequence":7,"clubcode":"OAK","playerName":"G.Russell","statId":59,"yards":0}],"00-0019714":[{"sequence":1,"clubcode":"OAK","playerName":"S.Lechler","statId":29,"yards":44}]}}},"fds":0,"result":"Punt","penyds":-6,"ydsgained":-2,"numplays":5,"postime":"2:24","start":{"qtr":3,"time":"06:28","yrdln":"OAK 17","team":"OAK"},"end":{"qtr":3,"time":"04:04","yrdln":"OAK 9","team":"OAK"}},"17":{"posteam":"OAK","qtr":4,"redzone":true,"plays":{"2373":{"sp":0,"qtr":3,"down":1,"time":"04:04","yrdln":"OAK 47","ydstogo":10,"ydsnet":2,"posteam":"OAK","desc":"(4:04) J.Fargas left end to OAK 49 for 2 yards (T.Johnson, O.Nwagbuo).","note":null,"players":{"00-0025857":[{"sequence":3,"clubcode":"SD","playerName":"O.Nwagbuo","statId":82,"yards":0}],"00-0023450":[{"sequence":2,"clubcode":"SD","playerName":"T.Johnson","statId":80,"yards":0}],"00-0022093":[{"sequence":1,"clubcode":"OAK","playerName":"J.Fargas","statId":10,"yards":2}]}},"2394":{"sp":0,"qtr":3,"down":2,"time":"03:26","yrdln":"OAK 49","ydstogo":8,"ydsnet":5,"posteam":"OAK","desc":"(3:26) J.Fargas left end to SD 48 for 3 yards (S.Merriman).","note":null,"players":{"00-0022093":[{"sequence":1,"clubcode":"OAK","playerName":"J.Fargas","statId":10,"yards":3}],"00-0023446":[{"sequence":2,"clubcode":"SD","playerName":"S.Merriman","statId":79,"yards":0}]}},"2415":{"sp":0,"qtr":3,"down":0,"time":"02:45","yrdln":"","ydstogo":0,"ydsnet":5,"posteam":"","desc":"Timeout #1 by OAK at 02:45.","note":"TIMEOUT","players":{"0":[{"sequence":1,"clubcode":"OAK","playerName":"","statId":68,"yards":0}]}},"2432":{"sp":0,"qtr":3,"down":3,"time":"02:45","yrdln":"SD 48","ydstogo":5,"ydsnet":11,"posteam":"OAK","desc":"(2:45) (Shotgun) J.Russell pass short right to J.Higgins to SD 42 for 6 yards (E.Weddle).","note":null,"players":{"00-0025486":[{"sequence":5,"clubcode":"OAK","playerName":"J.Higgins","statId":21,"yards":6},{"sequence":6,"clubcode":"OAK","playerName":"J.Higgins","statId":115,"yards":0},{"sequence":7,"clubcode":"OAK","playerName":"J.Higgins","statId":113,"yards":0}],"00-0025388":[{"sequence":3,"clubcode":"OAK","playerName":"J.Russell","statId":15,"yards":6},{"sequence":4,"clubcode":"OAK","playerName":"J.Russell","statId":111,"yards":6}],"00-0025424":[{"sequence":8,"clubcode":"SD","playerName":"E.Weddle","statId":79,"yards":0}],"0":[{"sequence":1,"clubcode":"OAK","playerName":"","statId":4,"yards":0},{"sequence":2,"clubcode":"OAK","playerName":"","statId":6,"yards":0}]}},"2456":{"sp":0,"qtr":3,"down":1,"time":"02:05","yrdln":"SD 42","ydstogo":10,"ydsnet":11,"posteam":"OAK","desc":"(2:05) J.Russell pass incomplete deep left to L.Murphy (E.Weddle).","note":null,"players":{"00-0025388":[{"sequence":1,"clubcode":"OAK","playerName":"J.Russell","statId":14,"yards":0},{"sequence":4,"clubcode":"OAK","playerName":"J.Russell","statId":112,"yards":24}],"00-0025424":[{"sequence":3,"clubcode":"SD","playerName":"E.Weddle","statId":85,"yards":0}],"00-0027089":[{"sequence":2,"clubcode":"OAK","playerName":"L.Murphy","statId":115,"yards":0}]}},"2478":{"sp":0,"qtr":3,"down":2,"time":"01:57","yrdln":"SD 42","ydstogo":10,"ydsnet":20,"posteam":"OAK","desc":"(1:57) J.Russell pass short right to M.Bush to SD 33 for 9 yards (S.Cooper).","note":null,"players":{"00-0021544":[{"sequence":6,"clubcode":"SD","playerName":"S.Cooper","statId":79,"yards":0}],"00-0025388":[{"sequence":1,"clubcode":"OAK","playerName":"J.Russell","statId":15,"yards":9},{"sequence":2,"clubcode":"OAK","playerName":"J.Russell","statId":111,"yards":-2}],"00-0025487":[{"sequence":3,"clubcode":"OAK","playerName":"M.Bush","statId":21,"yards":9},{"sequence":4,"clubcode":"OAK","playerName":"M.Bush","statId":115,"yards":0},{"sequence":5,"clubcode":"OAK","playerName":"M.Bush","statId":113,"yards":11}]}},"2502":{"sp":0,"qtr":3,"down":3,"time":"01:15","yrdln":"SD 33","ydstogo":1,"ydsnet":23,"posteam":"OAK","desc":"(1:15) J.Fargas left tackle to SD 30 for 3 yards (S.Cooper, K.Ellison).","note":null,"players":{"00-0021544":[{"sequence":4,"clubcode":"SD","playerName":"S.Cooper","statId":80,"yards":0}],"00-0027127":[{"sequence":5,"clubcode":"SD","playerName":"K.Ellison","statId":82,"yards":0}],"00-0022093":[{"sequence":3,"clubcode":"OAK","playerName":"J.Fargas","statId":10,"yards":3}],"0":[{"sequence":1,"clubcode":"OAK","playerName":"","statId":3,"yards":0},{"sequence":2,"clubcode":"OAK","playerName":"","statId":6,"yards":0}]}},"2523":{"sp":0,"qtr":3,"down":1,"time":"00:30","yrdln":"SD 30","ydstogo":10,"ydsnet":35,"posteam":"OAK","desc":"(:30) L.Murphy right end to SD 18 for 12 yards (E.Weddle).","note":null,"players":{"00-0025424":[{"sequence":3,"clubcode":"SD","playerName":"E.Weddle","statId":79,"yards":0}],"00-0027089":[{"sequence":2,"clubcode":"OAK","playerName":"L.Murphy","statId":10,"yards":12}],"0":[{"sequence":1,"clubcode":"OAK","playerName":"","statId":3,"yards":0}]}},"2544":{"sp":0,"qtr":3,"down":0,"time":"","yrdln":"","ydstogo":0,"ydsnet":35,"posteam":"","desc":"END QUARTER 3","note":null,"players":{}},"2560":{"sp":0,"qtr":4,"down":1,"time":"15:00","yrdln":"SD 18","ydstogo":10,"ydsnet":34,"posteam":"OAK","desc":"(15:00) J.Fargas up the middle to SD 19 for -1 yards (T.Johnson, A.Boone).","note":null,"players":{"00-0023450":[{"sequence":3,"clubcode":"SD","playerName":"T.Johnson","statId":80,"yards":0},{"sequence":5,"clubcode":"SD","playerName":"T.Johnson","statId":120,"yards":0}],"00-0022093":[{"sequence":1,"clubcode":"OAK","playerName":"J.Fargas","statId":10,"yards":-1}],"0":[{"sequence":2,"clubcode":"OAK","playerName":"","statId":95,"yards":-1}],"00-0019626":[{"sequence":4,"clubcode":"SD","playerName":"A.Boone","statId":82,"yards":0}]}},"2581":{"sp":0,"qtr":4,"down":2,"time":"14:19","yrdln":"SD 19","ydstogo":11,"ydsnet":37,"posteam":"OAK","desc":"(14:19) J.Russell pass short right to B.Myers to SD 16 for 3 yards (Q.Jammer).","note":null,"players":{"00-0025388":[{"sequence":1,"clubcode":"OAK","playerName":"J.Russell","statId":15,"yards":3},{"sequence":2,"clubcode":"OAK","playerName":"J.Russell","statId":111,"yards":-1}],"00-0027135":[{"sequence":3,"clubcode":"OAK","playerName":"B.Myers","statId":21,"yards":3},{"sequence":4,"clubcode":"OAK","playerName":"B.Myers","statId":115,"yards":0},{"sequence":5,"clubcode":"OAK","playerName":"B.Myers","statId":113,"yards":4}],"00-0021381":[{"sequence":6,"clubcode":"SD","playerName":"Q.Jammer","statId":79,"yards":0}]}},"2605":{"sp":0,"qtr":4,"down":3,"time":"13:48","yrdln":"SD 16","ydstogo":8,"ydsnet":32,"posteam":"OAK","desc":"(13:48) (Shotgun) PENALTY on OAK-L.Murphy, False Start, 5 yards, enforced at SD 16 - No Play.","note":"PENALTY","players":{"00-0027089":[{"sequence":1,"clubcode":"OAK","playerName":"L.Murphy","statId":93,"yards":5}]}},"2628":{"sp":0,"qtr":4,"down":3,"time":"13:25","yrdln":"SD 21","ydstogo":13,"ydsnet":43,"posteam":"OAK","desc":"(13:25) (Shotgun) J.Russell pass short middle to J.Fargas to SD 10 for 11 yards (S.Cooper, E.Weddle).","note":null,"players":{"00-0021544":[{"sequence":7,"clubcode":"SD","playerName":"S.Cooper","statId":80,"yards":0}],"00-0025388":[{"sequence":2,"clubcode":"OAK","playerName":"J.Russell","statId":15,"yards":11},{"sequence":3,"clubcode":"OAK","playerName":"J.Russell","statId":111,"yards":7}],"00-0022093":[{"sequence":4,"clubcode":"OAK","playerName":"J.Fargas","statId":21,"yards":11},{"sequence":5,"clubcode":"OAK","playerName":"J.Fargas","statId":115,"yards":0},{"sequence":6,"clubcode":"OAK","playerName":"J.Fargas","statId":113,"yards":4}],"00-0025424":[{"sequence":8,"clubcode":"SD","playerName":"E.Weddle","statId":82,"yards":0}],"0":[{"sequence":1,"clubcode":"OAK","playerName":"","statId":7,"yards":0}]}},"2652":{"sp":1,"qtr":4,"down":4,"time":"12:42","yrdln":"SD 10","ydstogo":2,"ydsnet":43,"posteam":"OAK","desc":"(12:42) S.Janikowski 28 yard field goal is GOOD, Center-J.Condo, Holder-S.Lechler.","note":"FG","players":{"00-0019646":[{"sequence":1,"clubcode":"OAK","playerName":"S.Janikowski","statId":70,"yards":28}]}}},"fds":3,"result":"Field Goal","penyds":-5,"ydsgained":48,"numplays":14,"postime":"6:25","start":{"qtr":3,"time":"04:04","yrdln":"OAK 47","team":"OAK"},"end":{"qtr":3,"time":"12:39","yrdln":"SD 10","team":"OAK"}},"18":{"posteam":"SD","qtr":4,"redzone":true,"plays":{"2672":{"sp":0,"qtr":4,"down":0,"time":"12:39","yrdln":"OAK 30","ydstogo":0,"ydsnet":0,"posteam":"OAK","desc":"S.Janikowski kicks 67 yards from OAK 30 to SD 3. D.Sproles to SD 8 for 5 yards (H.Eugene).","note":"KICKOFF","players":{"00-0023564":[{"sequence":2,"clubcode":"SD","playerName":"D.Sproles","statId":45,"yards":5}],"00-0019646":[{"sequence":1,"clubcode":"OAK","playerName":"S.Janikowski","statId":41,"yards":67},{"sequence":3,"clubcode":"OAK","playerName":"S.Janikowski","statId":42,"yards":0}],"00-0024201":[{"sequence":4,"clubcode":"OAK","playerName":"H.Eugene","statId":79,"yards":0}]}},"2694":{"sp":0,"qtr":4,"down":1,"time":"12:37","yrdln":"SD 8","ydstogo":10,"ydsnet":0,"posteam":"SD","desc":"(12:37) P.Rivers pass incomplete deep left to A.Gates.","note":null,"players":{"00-0022942":[{"sequence":1,"clubcode":"SD","playerName":"P.Rivers","statId":14,"yards":0},{"sequence":3,"clubcode":"SD","playerName":"P.Rivers","statId":112,"yards":17}],"00-0021547":[{"sequence":2,"clubcode":"SD","playerName":"A.Gates","statId":115,"yards":0}]}},"2716":{"sp":0,"qtr":4,"down":2,"time":"12:32","yrdln":"SD 8","ydstogo":10,"ydsnet":0,"posteam":"SD","desc":"(12:32) (Shotgun) P.Rivers pass incomplete short right to V.Jackson.","note":null,"players":{"00-0022942":[{"sequence":1,"clubcode":"SD","playerName":"P.Rivers","statId":14,"yards":0},{"sequence":3,"clubcode":"SD","playerName":"P.Rivers","statId":112,"yards":15}],"00-0023496":[{"sequence":2,"clubcode":"SD","playerName":"V.Jackson","statId":115,"yards":0}]}},"2738":{"sp":0,"qtr":4,"down":3,"time":"12:28","yrdln":"SD 8","ydstogo":10,"ydsnet":20,"posteam":"SD","desc":"(12:28) (Shotgun) P.Rivers pass deep left to C.Chambers to SD 28 for 20 yards (N.Asomugha).","note":null,"players":{"00-0020446":[{"sequence":5,"clubcode":"SD","playerName":"C.Chambers","statId":21,"yards":20},{"sequence":6,"clubcode":"SD","playerName":"C.Chambers","statId":115,"yards":0},{"sequence":7,"clubcode":"SD","playerName":"C.Chambers","statId":113,"yards":2}],"00-0022942":[{"sequence":3,"clubcode":"SD","playerName":"P.Rivers","statId":15,"yards":20},{"sequence":4,"clubcode":"SD","playerName":"P.Rivers","statId":111,"yards":18}],"00-0022077":[{"sequence":8,"clubcode":"OAK","playerName":"N.Asomugha","statId":79,"yards":0}],"0":[{"sequence":1,"clubcode":"SD","playerName":"","statId":4,"yards":0},{"sequence":2,"clubcode":"SD","playerName":"","statId":6,"yards":0}]}},"2762":{"sp":0,"qtr":4,"down":1,"time":"11:57","yrdln":"SD 28","ydstogo":10,"ydsnet":21,"posteam":"SD","desc":"(11:57) L.Tomlinson up the middle to SD 29 for 1 yard (D.Bryant, R.Seymour).","note":null,"players":{"00-0020442":[{"sequence":3,"clubcode":"OAK","playerName":"R.Seymour","statId":82,"yards":0}],"00-0020536":[{"sequence":1,"clubcode":"SD","playerName":"L.Tomlinson","statId":10,"yards":1}],"00-0026533":[{"sequence":2,"clubcode":"OAK","playerName":"D.Bryant","statId":80,"yards":0}]}},"2783":{"sp":0,"qtr":4,"down":2,"time":"11:21","yrdln":"SD 29","ydstogo":9,"ydsnet":36,"posteam":"SD","desc":"(11:21) P.Rivers pass short right to V.Jackson to SD 44 for 15 yards (S.Routt).","note":null,"players":{"00-0022942":[{"sequence":2,"clubcode":"SD","playerName":"P.Rivers","statId":15,"yards":15},{"sequence":3,"clubcode":"SD","playerName":"P.Rivers","statId":111,"yards":15}],"00-0023496":[{"sequence":4,"clubcode":"SD","playerName":"V.Jackson","statId":21,"yards":15},{"sequence":5,"clubcode":"SD","playerName":"V.Jackson","statId":115,"yards":0},{"sequence":6,"clubcode":"SD","playerName":"V.Jackson","statId":113,"yards":0}],"0":[{"sequence":1,"clubcode":"SD","playerName":"","statId":4,"yards":0}],"00-0023473":[{"sequence":7,"clubcode":"OAK","playerName":"S.Routt","statId":79,"yards":0}]}},"2807":{"sp":0,"qtr":4,"down":1,"time":"10:35","yrdln":"SD 44","ydstogo":10,"ydsnet":45,"posteam":"SD","desc":"(10:35) D.Sproles right end to OAK 47 for 9 yards (G.Ellis, M.Huff).","note":null,"players":{"00-0024222":[{"sequence":3,"clubcode":"OAK","playerName":"M.Huff","statId":82,"yards":0}],"00-0023564":[{"sequence":1,"clubcode":"SD","playerName":"D.Sproles","statId":10,"yards":9}],"00-0004851":[{"sequence":2,"clubcode":"OAK","playerName":"G.Ellis","statId":80,"yards":0}]}},"2828":{"sp":0,"qtr":4,"down":2,"time":"09:56","yrdln":"OAK 47","ydstogo":1,"ydsnet":48,"posteam":"SD","desc":"(9:56) M.Tolbert up the middle to OAK 44 for 3 yards (K.Morrison).","note":null,"players":{"00-0023513":[{"sequence":3,"clubcode":"OAK","playerName":"K.Morrison","statId":79,"yards":0}],"00-0026069":[{"sequence":2,"clubcode":"SD","playerName":"M.Tolbert","statId":10,"yards":3}],"0":[{"sequence":1,"clubcode":"SD","playerName":"","statId":3,"yards":0}]}},"2849":{"sp":0,"qtr":4,"down":1,"time":"09:21","yrdln":"OAK 44","ydstogo":10,"ydsnet":53,"posteam":"SD","desc":"(9:21) L.Tomlinson up the middle to OAK 44 for no gain (T.Howard). PENALTY on OAK-J.Alston, Defensive Offside, 5 yards, enforced at OAK 44 - No Play.","note":"PENALTY","players":{"00-0024292":[{"sequence":1,"clubcode":"OAK","playerName":"J.Alston","statId":93,"yards":5}]}},"2881":{"sp":0,"qtr":4,"down":1,"time":"08:57","yrdln":"OAK 39","ydstogo":5,"ydsnet":67,"posteam":"SD","desc":"(8:57) P.Rivers pass short right to A.Gates to OAK 25 for 14 yards (M.Huff, T.Branch).","note":null,"players":{"00-0022942":[{"sequence":2,"clubcode":"SD","playerName":"P.Rivers","statId":15,"yards":14},{"sequence":3,"clubcode":"SD","playerName":"P.Rivers","statId":111,"yards":14}],"00-0024222":[{"sequence":7,"clubcode":"OAK","playerName":"M.Huff","statId":80,"yards":0}],"00-0021547":[{"sequence":4,"clubcode":"SD","playerName":"A.Gates","statId":21,"yards":14},{"sequence":5,"clubcode":"SD","playerName":"A.Gates","statId":115,"yards":0},{"sequence":6,"clubcode":"SD","playerName":"A.Gates","statId":113,"yards":0}],"0":[{"sequence":1,"clubcode":"SD","playerName":"","statId":4,"yards":0}],"00-0026240":[{"sequence":8,"clubcode":"OAK","playerName":"T.Branch","statId":82,"yards":0}]}},"2905":{"sp":0,"qtr":4,"down":1,"time":"08:14","yrdln":"OAK 25","ydstogo":10,"ydsnet":71,"posteam":"SD","desc":"(8:14) L.Tomlinson right end to OAK 21 for 4 yards (J.Alston).","note":null,"players":{"00-0024292":[{"sequence":2,"clubcode":"OAK","playerName":"J.Alston","statId":79,"yards":0}],"00-0020536":[{"sequence":1,"clubcode":"SD","playerName":"L.Tomlinson","statId":10,"yards":4}]}},"2926":{"sp":0,"qtr":4,"down":2,"time":"07:29","yrdln":"OAK 21","ydstogo":6,"ydsnet":76,"posteam":"SD","desc":"(7:29) L.Tomlinson up the middle to OAK 16 for 5 yards (J.Alston, R.Seymour).","note":null,"players":{"00-0024292":[{"sequence":2,"clubcode":"OAK","playerName":"J.Alston","statId":80,"yards":0}],"00-0020442":[{"sequence":3,"clubcode":"OAK","playerName":"R.Seymour","statId":82,"yards":0}],"00-0020536":[{"sequence":1,"clubcode":"SD","playerName":"L.Tomlinson","statId":10,"yards":5}]}},"2947":{"sp":0,"qtr":4,"down":3,"time":"06:47","yrdln":"OAK 16","ydstogo":1,"ydsnet":84,"posteam":"SD","desc":"(6:47) L.Tomlinson right tackle ran ob at OAK 3 for 13 yards (T.Howard).","note":null,"players":{"00-0020536":[{"sequence":3,"clubcode":"SD","playerName":"L.Tomlinson","statId":10,"yards":13}],"00-0024253":[{"sequence":4,"clubcode":"OAK","playerName":"T.Howard","statId":79,"yards":0}],"0":[{"sequence":1,"clubcode":"SD","playerName":"","statId":3,"yards":0},{"sequence":2,"clubcode":"SD","playerName":"","statId":6,"yards":0}]}},"2968":{"sp":0,"qtr":4,"down":1,"time":"06:27","yrdln":"OAK 3","ydstogo":3,"ydsnet":84,"posteam":"SD","desc":"(6:27) PENALTY on SD-B.Manumaleuna, False Start, 5 yards, enforced at OAK 3 - No Play.","note":"PENALTY","players":{"00-0020342":[{"sequence":1,"clubcode":"SD","playerName":"B.Manumaleuna","statId":93,"yards":5}]}},"2991":{"sp":0,"qtr":4,"down":1,"time":"06:03","yrdln":"OAK 8","ydstogo":8,"ydsnet":86,"posteam":"SD","desc":"(6:03) D.Sproles up the middle to OAK 6 for 2 yards (T.Kelly).","note":null,"players":{"00-0023564":[{"sequence":1,"clubcode":"SD","playerName":"D.Sproles","statId":10,"yards":2}],"00-0022539":[{"sequence":2,"clubcode":"OAK","playerName":"T.Kelly","statId":79,"yards":0}]}},"3012":{"sp":0,"qtr":4,"down":2,"time":"05:27","yrdln":"OAK 6","ydstogo":6,"ydsnet":83,"posteam":"SD","desc":"(5:27) P.Rivers sacked at OAK 9 for -3 yards (M.Shaughnessy).","note":null,"players":{"00-0022942":[{"sequence":1,"clubcode":"SD","playerName":"P.Rivers","statId":20,"yards":-3}],"00-0027045":[{"sequence":2,"clubcode":"OAK","playerName":"M.Shaughnessy","statId":83,"yards":-3},{"sequence":3,"clubcode":"OAK","playerName":"M.Shaughnessy","statId":110,"yards":0},{"sequence":4,"clubcode":"OAK","playerName":"M.Shaughnessy","statId":79,"yards":0},{"sequence":5,"clubcode":"OAK","playerName":"M.Shaughnessy","statId":120,"yards":0}]}},"3031":{"sp":0,"qtr":4,"down":3,"time":"04:52","yrdln":"OAK 9","ydstogo":9,"ydsnet":83,"posteam":"SD","desc":"(4:52) (Shotgun) P.Rivers pass incomplete short left to V.Jackson (M.Huff).","note":null,"players":{"00-0022942":[{"sequence":2,"clubcode":"SD","playerName":"P.Rivers","statId":14,"yards":0},{"sequence":5,"clubcode":"SD","playerName":"P.Rivers","statId":112,"yards":9}],"00-0024222":[{"sequence":4,"clubcode":"OAK","playerName":"M.Huff","statId":85,"yards":0}],"00-0023496":[{"sequence":3,"clubcode":"SD","playerName":"V.Jackson","statId":115,"yards":0}],"0":[{"sequence":1,"clubcode":"SD","playerName":"","statId":7,"yards":0}]}},"3053":{"sp":1,"qtr":4,"down":4,"time":"04:46","yrdln":"OAK 9","ydstogo":9,"ydsnet":83,"posteam":"SD","desc":"(4:46) N.Kaeding 28 yard field goal is GOOD, Center-D.Binn, Holder-M.Scifres.","note":"FG","players":{"00-0022737":[{"sequence":1,"clubcode":"SD","playerName":"N.Kaeding","statId":70,"yards":28}]}}},"fds":5,"result":"Field Goal","penyds":0,"ydsgained":83,"numplays":18,"postime":"7:56","start":{"qtr":4,"time":"12:39","yrdln":"SD 8","team":"SD"},"end":{"qtr":4,"time":"04:43","yrdln":"OAK 9","team":"SD"}},"19":{"posteam":"OAK","qtr":4,"redzone":true,"plays":{"3073":{"sp":0,"qtr":4,"down":0,"time":"04:43","yrdln":"SD 30","ydstogo":0,"ydsnet":0,"posteam":"SD","desc":"N.Kaeding kicks 65 yards from SD 30 to OAK 5. J.Holland to OAK 26 for 21 yards (M.Bennett, M.Tolbert).","note":"KICKOFF","players":{"00-0025641":[{"sequence":2,"clubcode":"OAK","playerName":"J.Holland","statId":45,"yards":21}],"00-0022737":[{"sequence":1,"clubcode":"SD","playerName":"N.Kaeding","statId":41,"yards":65}],"00-0026069":[{"sequence":4,"clubcode":"SD","playerName":"M.Tolbert","statId":82,"yards":0}],"00-0020514":[{"sequence":3,"clubcode":"SD","playerName":"M.Bennett","statId":80,"yards":0}]}},"3095":{"sp":0,"qtr":4,"down":1,"time":"04:38","yrdln":"OAK 26","ydstogo":10,"ydsnet":2,"posteam":"OAK","desc":"(4:38) J.Russell pass short right to J.Fargas to OAK 28 for 2 yards (A.Cromartie).","note":null,"players":{"00-0025388":[{"sequence":1,"clubcode":"OAK","playerName":"J.Russell","statId":15,"yards":2},{"sequence":2,"clubcode":"OAK","playerName":"J.Russell","statId":111,"yards":0}],"00-0022093":[{"sequence":3,"clubcode":"OAK","playerName":"J.Fargas","statId":21,"yards":2},{"sequence":4,"clubcode":"OAK","playerName":"J.Fargas","statId":115,"yards":0},{"sequence":5,"clubcode":"OAK","playerName":"J.Fargas","statId":113,"yards":2}],"00-0024234":[{"sequence":6,"clubcode":"SD","playerName":"A.Cromartie","statId":79,"yards":0}]}},"3119":{"sp":0,"qtr":4,"down":2,"time":"04:02","yrdln":"OAK 28","ydstogo":8,"ydsnet":17,"posteam":"OAK","desc":"(4:02) J.Russell pass short middle to Z.Miller to OAK 43 for 15 yards (E.Weddle, B.Siler).","note":null,"players":{"00-0025425":[{"sequence":4,"clubcode":"OAK","playerName":"Z.Miller","statId":21,"yards":15},{"sequence":5,"clubcode":"OAK","playerName":"Z.Miller","statId":115,"yards":0},{"sequence":6,"clubcode":"OAK","playerName":"Z.Miller","statId":113,"yards":0}],"00-0025388":[{"sequence":2,"clubcode":"OAK","playerName":"J.Russell","statId":15,"yards":15},{"sequence":3,"clubcode":"OAK","playerName":"J.Russell","statId":111,"yards":15}],"00-0025424":[{"sequence":7,"clubcode":"SD","playerName":"E.Weddle","statId":80,"yards":0}],"0":[{"sequence":1,"clubcode":"OAK","playerName":"","statId":4,"yards":0}],"00-0025627":[{"sequence":8,"clubcode":"SD","playerName":"B.Siler","statId":82,"yards":0}]}},"3143":{"sp":0,"qtr":4,"down":1,"time":"03:25","yrdln":"OAK 43","ydstogo":10,"ydsnet":20,"posteam":"OAK","desc":"(3:25) J.Fargas left end to OAK 46 for 3 yards (E.Weddle, K.Ellison).","note":null,"players":{"00-0027127":[{"sequence":3,"clubcode":"SD","playerName":"K.Ellison","statId":82,"yards":0}],"00-0022093":[{"sequence":1,"clubcode":"OAK","playerName":"J.Fargas","statId":10,"yards":3}],"00-0025424":[{"sequence":2,"clubcode":"SD","playerName":"E.Weddle","statId":80,"yards":0}]}},"3164":{"sp":0,"qtr":4,"down":2,"time":"02:41","yrdln":"OAK 46","ydstogo":7,"ydsnet":20,"posteam":"OAK","desc":"(2:41) J.Russell pass incomplete deep right to J.Higgins.","note":null,"players":{"00-0025486":[{"sequence":2,"clubcode":"OAK","playerName":"J.Higgins","statId":115,"yards":0}],"00-0025388":[{"sequence":1,"clubcode":"OAK","playerName":"J.Russell","statId":14,"yards":0},{"sequence":3,"clubcode":"OAK","playerName":"J.Russell","statId":112,"yards":19}]}},"3186":{"sp":0,"qtr":4,"down":3,"time":"02:33","yrdln":"OAK 46","ydstogo":7,"ydsnet":20,"posteam":"OAK","desc":"(2:33) (Shotgun) J.Russell pass incomplete short left to L.Murphy [S.Phillips].","note":null,"players":{"00-0025388":[{"sequence":2,"clubcode":"OAK","playerName":"J.Russell","statId":14,"yards":0},{"sequence":5,"clubcode":"OAK","playerName":"J.Russell","statId":112,"yards":9}],"00-0027089":[{"sequence":3,"clubcode":"OAK","playerName":"L.Murphy","statId":115,"yards":0}],"0":[{"sequence":1,"clubcode":"OAK","playerName":"","statId":7,"yards":0}],"00-0022723":[{"sequence":4,"clubcode":"SD","playerName":"S.Phillips","statId":110,"yards":0}]}},"3208":{"sp":0,"qtr":4,"down":0,"time":"02:28","yrdln":"","ydstogo":0,"ydsnet":20,"posteam":"","desc":"Timeout #2 by OAK at 02:28.","note":"TIMEOUT","players":{"0":[{"sequence":1,"clubcode":"OAK","playerName":"","statId":68,"yards":0}]}},"3225":{"sp":0,"qtr":4,"down":4,"time":"02:28","yrdln":"OAK 46","ydstogo":7,"ydsnet":30,"posteam":"OAK","desc":"(2:28) (Shotgun) J.Russell pass short right to Z.Miller to SD 44 for 10 yards (S.Cooper).","note":null,"players":{"00-0021544":[{"sequence":8,"clubcode":"SD","playerName":"S.Cooper","statId":79,"yards":0}],"00-0025425":[{"sequence":5,"clubcode":"OAK","playerName":"Z.Miller","statId":21,"yards":10},{"sequence":6,"clubcode":"OAK","playerName":"Z.Miller","statId":115,"yards":0},{"sequence":7,"clubcode":"OAK","playerName":"Z.Miller","statId":113,"yards":2}],"00-0025388":[{"sequence":3,"clubcode":"OAK","playerName":"J.Russell","statId":15,"yards":10},{"sequence":4,"clubcode":"OAK","playerName":"J.Russell","statId":111,"yards":8}],"0":[{"sequence":1,"clubcode":"OAK","playerName":"","statId":4,"yards":0},{"sequence":2,"clubcode":"OAK","playerName":"","statId":8,"yards":0}]}},"3249":{"sp":0,"qtr":4,"down":0,"time":"02:00","yrdln":"","ydstogo":0,"ydsnet":30,"posteam":"","desc":"Two-Minute Warning","note":null,"players":{}},"3266":{"sp":0,"qtr":4,"down":1,"time":"02:00","yrdln":"SD 44","ydstogo":10,"ydsnet":17,"posteam":"OAK","desc":"(2:00) (Shotgun) J.Russell sacked at OAK 43 for -13 yards (S.Phillips). FUMBLES (S.Phillips), recovered by OAK-C.Carlisle at OAK 43. C.Carlisle to OAK 43 for no gain (J.Cesaire).","note":"FUMBLE","players":{"00-0021542":[{"sequence":7,"clubcode":"SD","playerName":"J.Cesaire","statId":79,"yards":0},{"sequence":8,"clubcode":"SD","playerName":"J.Cesaire","statId":120,"yards":0}],"00-0025388":[{"sequence":1,"clubcode":"OAK","playerName":"J.Russell","statId":20,"yards":-13},{"sequence":4,"clubcode":"OAK","playerName":"J.Russell","statId":52,"yards":0}],"00-0022723":[{"sequence":2,"clubcode":"SD","playerName":"S.Phillips","statId":83,"yards":-13},{"sequence":3,"clubcode":"SD","playerName":"S.Phillips","statId":79,"yards":0},{"sequence":5,"clubcode":"SD","playerName":"S.Phillips","statId":91,"yards":0}],"00-0019632":[{"sequence":6,"clubcode":"OAK","playerName":"C.Carlisle","statId":55,"yards":0}]}},"3295":{"sp":0,"qtr":4,"down":2,"time":"01:20","yrdln":"OAK 43","ydstogo":23,"ydsnet":12,"posteam":"OAK","desc":"(1:20) (Shotgun) PENALTY on OAK-K.Barnes, False Start, 5 yards, enforced at OAK 43 - No Play.","note":"PENALTY","players":{"00-0023487":[{"sequence":1,"clubcode":"OAK","playerName":"K.Barnes","statId":93,"yards":5}]}},"3329":{"sp":0,"qtr":4,"down":2,"time":"01:18","yrdln":"OAK 38","ydstogo":28,"ydsnet":9,"posteam":"OAK","desc":"(1:18) (Shotgun) J.Russell sacked at OAK 35 for -3 yards (S.Merriman).","note":null,"players":{"00-0025388":[{"sequence":1,"clubcode":"OAK","playerName":"J.Russell","statId":20,"yards":-3}],"00-0023446":[{"sequence":2,"clubcode":"SD","playerName":"S.Merriman","statId":83,"yards":-3},{"sequence":3,"clubcode":"SD","playerName":"S.Merriman","statId":110,"yards":0},{"sequence":4,"clubcode":"SD","playerName":"S.Merriman","statId":79,"yards":0},{"sequence":5,"clubcode":"SD","playerName":"S.Merriman","statId":120,"yards":0}]}},"3348":{"sp":0,"qtr":4,"down":0,"time":"01:07","yrdln":"","ydstogo":0,"ydsnet":9,"posteam":"","desc":"Timeout #3 by OAK at 01:07.","note":"TIMEOUT","players":{"0":[{"sequence":1,"clubcode":"OAK","playerName":"","statId":68,"yards":0}]}},"3365":{"sp":0,"qtr":4,"down":3,"time":"01:07","yrdln":"OAK 35","ydstogo":31,"ydsnet":20,"posteam":"OAK","desc":"(1:07) (Shotgun) J.Russell pass short right to Z.Miller to OAK 46 for 11 yards (S.Gregory).","note":null,"players":{"00-0025425":[{"sequence":4,"clubcode":"OAK","playerName":"Z.Miller","statId":21,"yards":11},{"sequence":5,"clubcode":"OAK","playerName":"Z.Miller","statId":115,"yards":0},{"sequence":6,"clubcode":"OAK","playerName":"Z.Miller","statId":113,"yards":6}],"00-0023998":[{"sequence":7,"clubcode":"SD","playerName":"S.Gregory","statId":79,"yards":0}],"00-0025388":[{"sequence":2,"clubcode":"OAK","playerName":"J.Russell","statId":15,"yards":11},{"sequence":3,"clubcode":"OAK","playerName":"J.Russell","statId":111,"yards":5}],"0":[{"sequence":1,"clubcode":"OAK","playerName":"","statId":7,"yards":0}]}},"3389":{"sp":0,"qtr":4,"down":4,"time":"01:00","yrdln":"OAK 46","ydstogo":20,"ydsnet":20,"posteam":"OAK","desc":"(1:00) (Shotgun) J.Russell pass incomplete short middle to J.Higgins.","note":null,"players":{"00-0025486":[{"sequence":3,"clubcode":"OAK","playerName":"J.Higgins","statId":115,"yards":0}],"00-0025388":[{"sequence":2,"clubcode":"OAK","playerName":"J.Russell","statId":14,"yards":0},{"sequence":4,"clubcode":"OAK","playerName":"J.Russell","statId":112,"yards":14}],"0":[{"sequence":1,"clubcode":"OAK","playerName":"","statId":9,"yards":0}]}}},"fds":2,"result":"Downs","penyds":-5,"ydsgained":25,"numplays":15,"postime":"3:49","start":{"qtr":4,"time":"04:43","yrdln":"OAK 26","team":"OAK"},"end":{"qtr":4,"time":"00:54","yrdln":"OAK 46","team":"OAK"}},"20":{"posteam":"SD","qtr":4,"redzone":true,"plays":{"3423":{"sp":0,"qtr":4,"down":1,"time":"00:54","yrdln":"OAK 46","ydstogo":10,"ydsnet":-1,"posteam":"SD","desc":"(:54) P.Rivers kneels, dead ball declared at OAK 47 for -1 yards.","note":null,"players":{"00-0022942":[{"sequence":1,"clubcode":"SD","playerName":"P.Rivers","statId":10,"yards":-1}]}},"3443":{"sp":0,"qtr":4,"down":2,"time":"00:28","yrdln":"OAK 47","ydstogo":11,"ydsnet":-2,"posteam":"SD","desc":"(:28) P.Rivers kneels, dead ball declared at OAK 48 for -1 yards.","note":null,"players":{"00-0022942":[{"sequence":1,"clubcode":"SD","playerName":"P.Rivers","statId":10,"yards":-1}]}},"3463":{"sp":0,"qtr":4,"down":0,"time":"00:00","yrdln":"","ydstogo":0,"ydsnet":-2,"posteam":"","desc":"END GAME","note":null,"players":{}}},"fds":0,"result":"End of Game","penyds":0,"ydsgained":-2,"numplays":3,"postime":"0:54","start":{"qtr":4,"time":"00:54","yrdln":"OAK 46","team":"SD"},"end":{"qtr":4,"time":"00:00","yrdln":"","team":"SD"}},"crntdrv":20},"scrsummary":{"195":{"type":"TD","desc":"L.Tomlinson 6 yd. run (N.Kaeding kick is good) Drive: 2 plays, 59 yards in 0:55","qtr":1,"team":"SD","players":{"":"0","L.Tomlinson":"00-0020536","N.Kaeding":"00-0022737"}},"946":{"type":"TD","desc":"J.Fargas 3 yd. run (S.Janikowski kick is good) Drive: 7 plays, 27 yards in 3:35","qtr":2,"team":"OAK","players":{"":"0","J.Fargas":"00-0022093","S.Janikowski":"00-0019646"}},"1248":{"type":"TD","desc":"V.Jackson 8 yd. pass from P.Rivers (N.Kaeding kick is good) Drive: 12 plays, 78 yards in 7:31","qtr":2,"team":"SD","players":{"":"0","P.Rivers":"00-0022942","V.Jackson":"00-0023496","N.Kaeding":"00-0022737"}},"1565":{"type":"TD","desc":"L.Tomlinson 10 yd. run (N.Kaeding kick is good) Drive: 8 plays, 80 yards in 3:34","qtr":2,"team":"SD","players":{"":"0","L.Tomlinson":"00-0020536","N.Kaeding":"00-0022737"}},"1720":{"type":"FG","desc":"S.Janikowski 48 yd. Field Goal Drive: 4 plays, 7 yards in 0:43","qtr":2,"team":"OAK","players":{"S.Janikowski":"00-0019646"}},"2097":{"type":"FG","desc":"S.Janikowski 41 yd. Field Goal Drive: 8 plays, 29 yards in 4:24","qtr":3,"team":"OAK","players":{"S.Janikowski":"00-0019646"}},"2652":{"type":"FG","desc":"S.Janikowski 28 yd. Field Goal Drive: 11 plays, 43 yards in 6:25","qtr":4,"team":"OAK","players":{"S.Janikowski":"00-0019646"}},"3053":{"type":"FG","desc":"N.Kaeding 28 yd. Field Goal Drive: 15 plays, 83 yards in 7:56","qtr":4,"team":"SD","players":{"N.Kaeding":"00-0022737"}}},"weather":null,"media":null,"yl":"","qtr":"Final","note":null,"down":0,"togo":0,"redzone":true,"clock":"00:28","posteam":"SD","stadium":null},"nextupdate":210}