{"2009092712":{"home":{"score":{"1":0,"2":3,"3":0,"4":0,"5":0,"T":3},"abbr":"OAK","to":1,"stats":{"passing":{"00-0025388":{"name":"J.Russell","att":21,"cmp":12,"yds":61,"tds":0,"ints":2,"twopta":0,"twoptm":0}},"rushing":{"00-0026144":{"name":"D.McFadden","att":12,"yds":45,"tds":0,"lng":15,"twopta":0,"twoptm":0},"00-0025388":{"name":"J.Russell","att":3,"yds":22,"tds":0,"lng":15,"twopta":0,"twoptm":0},"00-0025487":{"name":"M.Bush","att":6,"yds":20,"tds":0,"lng":9,"twopta":0,"twoptm":0},"00-0022093":{"name":"J.Fargas","att":2,"yds":8,"tds":0,"lng":8,"twopta":0,"twoptm":0}},"receiving":{"00-0025487":{"name":"M.Bush","rec":4,"yds":20,"tds":0,"lng":8,"twopta":0,"twoptm":0},"00-0027089":{"name":"L.Murphy","rec":2,"yds":25,"tds":0,"lng":18,"twopta":0,"twoptm":0},"00-0025425":{"name":"Z.Miller","rec":2,"yds":17,"tds":0,"lng":12,"twopta":0,"twoptm":0},"00-0026144":{"name":"D.McFadden","rec":2,"yds":3,"tds":0,"lng":7,"twopta":0,"twoptm":0},"00-0022093":{"name":"J.Fargas","rec":2,"yds":-4,"tds":0,"lng":0,"twopta":0,"twoptm":0}},"fumbles":{"00-0026144":{"name":"D.McFadden","tot":3,"rcv":0,"trcv":0,"yds":0,"lost":1},"00-0024428":{"name":"C.Morris","tot":0,"rcv":1,"trcv":1,"yds":0,"lost":0},"00-0025425":{"name":"Z.Miller","tot":0,"rcv":1,"trcv":1,"yds":0,"lost":0},"00-0027023":{"name":"M.Mitchell","tot":0,"rcv":0,"trcv":1,"yds":0,"lost":0}},"kicking":{"00-0019646":{"name":"S.Janikowski","fgm":1,"fga":1,"fgyds":48,"totpfg":3,"xpmade":0,"xpmissed":0,"xpa":0,"xpb":0,"xptot":0}},"punting":{"00-0019714":{"name":"S.Lechler","pts":4,"yds":190,"avg":42,"i20":1,"lng":53}},"kickret":{"00-0025641":{"name":"J.Holland","ret":3,"avg":22,"tds":0,"lng":31}},"puntret":{"00-0025486":{"name":"J.Higgins","ret":1,"avg":7,"tds":0,"lng":7}},"defense":{"00-0026240":{"name":"T.Branch","tkl":8,"ast":2,"sk":0,"int":0,"ffum":0},"00-0023513":{"name":"K.Morrison","tkl":7,"ast":2,"sk":0,"int":0,"ffum":0},"00-0024253":{"name":"T.Howard","tkl":7,"ast":1,"sk":0,"int":0,"ffum":0},"00-0023945":{"name":"R.Brown","tkl":4,"ast":3,"sk":0,"int":0,"ffum":1},"00-0024222":{"name":"M.Huff","tkl":3,"ast":0,"sk":0,"int":0,"ffum":0},"00-0027023":{"name":"M.Mitchell","tkl":3,"ast":0,"sk":0,"int":0,"ffum":0},"00-0020442":{"name":"R.Seymour","tkl":3,"ast":0,"sk":0,"int":0,"ffum":0},"00-0022539":{"name":"T.Kelly","tkl":1,"ast":2,"sk":0,"int":0,"ffum":0},"00-0021949":{"name":"C.Johnson","tkl":2,"ast":0,"sk":0,"int":0,"ffum":0},"00-0022077":{"name":"N.Asomugha","tkl":2,"ast":0,"sk":0,"int":0,"ffum":0},"00-0004851":{"name":"G.Ellis","tkl":2,"ast":0,"sk":0,"int":0,"ffum":0},"00-0026309":{"name":"T.Scott","tkl":1,"ast":1,"sk":0,"int":0,"ffum":0},"00-0020524":{"name":"G.Warren","tkl":1,"ast":0,"sk":0,"int":0,"ffum":0},"00-0023473":{"name":"S.Routt","tkl":1,"ast":0,"sk":0,"int":0,"ffum":0},"00-0026533":{"name":"D.Bryant","tkl":1,"ast":0,"sk":0,"int":0,"ffum":0}},"team":{"totfd":9,"totyds":137,"pyds":42,"ryds":95,"pen":6,"penyds":53,"trnovr":3,"pt":4,"ptyds":190,"ptavg":42,"top":"23:45"}},"players":null},"away":{"score":{"1":10,"2":3,"3":7,"4":3,"5":0,"T":23},"abbr":"DEN","to":3,"stats":{"passing":{"00-0023541":{"name":"K.Orton","att":23,"cmp":13,"yds":157,"tds":1,"ints":0,"twopta":0,"twoptm":0}},"rushing":{"00-0020270":{"name":"C.Buckhalter","att":14,"yds":108,"tds":0,"lng":34,"twopta":0,"twoptm":0},"00-0026988":{"name":"K.Moreno","att":21,"yds":90,"tds":1,"lng":9,"twopta":0,"twoptm":0},"00-0020462":{"name":"L.Jordan","att":6,"yds":12,"tds":0,"lng":5,"twopta":0,"twoptm":0},"00-0024334":{"name":"B.Marshall","att":1,"yds":5,"tds":0,"lng":5,"twopta":0,"twoptm":0},"00-0026367":{"name":"P.Hillis","att":2,"yds":1,"tds":0,"lng":1,"twopta":0,"twoptm":0},"00-0023541":{"name":"K.Orton","att":1,"yds":-1,"tds":0,"lng":-1,"twopta":0,"twoptm":0}},"receiving":{"00-0024334":{"name":"B.Marshall","rec":5,"yds":67,"tds":1,"lng":23,"twopta":0,"twoptm":0},"00-0021163":{"name":"J.Gaffney","rec":4,"yds":39,"tds":0,"lng":15,"twopta":0,"twoptm":0},"00-0021154":{"name":"D.Graham","rec":2,"yds":33,"tds":0,"lng":24,"twopta":0,"twoptm":0},"00-0024276":{"name":"T.Scheffler","rec":1,"yds":14,"tds":0,"lng":14,"twopta":0,"twoptm":0},"00-0026182":{"name":"E.Royal","rec":1,"yds":4,"tds":0,"lng":4,"twopta":0,"twoptm":0}},"fumbles":{"00-0020270":{"name":"C.Buckhalter","tot":1,"rcv":0,"trcv":0,"yds":0,"lost":1},"00-0004073":{"name":"B.Dawkins","tot":0,"rcv":0,"trcv":1,"yds":0,"lost":0}},"kicking":{"00-0023853":{"name":"M.Prater","fgm":3,"fga":3,"fgyds":48,"totpfg":9,"xpmade":2,"xpmissed":0,"xpa":2,"xpb":0,"xptot":2}},"punting":{"00-0025825":{"name":"B.Kern","pts":2,"yds":81,"avg":27,"i20":0,"lng":48}},"kickret":{"00-0026182":{"name":"E.Royal","ret":1,"avg":25,"tds":0,"lng":25}},"puntret":{"00-0026182":{"name":"E.Royal","ret":2,"avg":10,"tds":0,"lng":17}},"defense":{"00-0022780":{"name":"D.Williams","tkl":7,"ast":0,"sk":0,"int":0,"ffum":1},"00-0024341":{"name":"E.Dumervil","tkl":5,"ast":0,"sk":2,"int":0,"ffum":0},"00-0023199":{"name":"D.Reid","tkl":3,"ast":0,"sk":1,"int":0,"ffum":0},"00-0004073":{"name":"B.Dawkins","tkl":3,"ast":0,"sk":0,"int":0,"ffum":0},"00-0026259":{"name":"J.Williams","tkl":3,"ast":0,"sk":0,"int":0,"ffum":0},"00-0022002":{"name":"K.Peterson","tkl":2,"ast":1,"sk":0,"int":0,"ffum":0},"00-0021257":{"name":"A.Davis","tkl":2,"ast":1,"sk":0,"int":0,"ffum":0},"00-0020301":{"name":"R.Hill","tkl":1,"ast":1,"sk":0,"int":1,"ffum":0},"00-0022034":{"name":"M.Haggan","tkl":1,"ast":1,"sk":0,"int":0,"ffum":1},"00-0007611":{"name":"V.Holliday","tkl":1,"ast":1,"sk":0,"int":0,"ffum":0},"00-0025828":{"name":"W.Woodyard","tkl":0,"ast":2,"sk":0,"int":0,"ffum":0},"00-0025519":{"name":"R.McBean","tkl":0,"ast":2,"sk":0,"int":0,"ffum":0},"00-0023571":{"name":"R.Fields","tkl":1,"ast":0,"sk":0,"int":0,"ffum":0},"00-0000585":{"name":"C.Bailey","tkl":1,"ast":0,"sk":0,"int":0,"ffum":0},"00-0026994":{"name":"R.Ayers","tkl":1,"ast":0,"sk":0,"int":0,"ffum":0},"00-0025508":{"name":"M.Thomas","tkl":0,"ast":1,"sk":0,"int":0,"ffum":0},"00-0027024":{"name":"D.McBath","tkl":0,"ast":1,"sk":0,"int":0,"ffum":0},"00-0021194":{"name":"A.Goodman","tkl":0,"ast":0,"sk":0,"int":1,"ffum":0}},"team":{"totfd":21,"totyds":372,"pyds":157,"ryds":215,"pen":5,"penyds":30,"trnovr":1,"pt":2,"ptyds":81,"ptavg":27,"top":"36:15"}},"players":null},"drives":{"1":{"posteam":"OAK","qtr":1,"redzone":true,"plays":{"44":{"sp":0,"qtr":1,"down":0,"time":"15:00","yrdln":"DEN 30","ydstogo":0,"ydsnet":5,"posteam":"DEN","desc":"M.Prater kicks 70 yards from DEN 30 to end zone, Touchback.","note":"KICKOFF","players":{"0":[{"sequence":2,"clubcode":"OAK","playerName":"","statId":51,"yards":0}],"00-0023853":[{"sequence":1,"clubcode":"DEN","playerName":"M.Prater","statId":44,"yards":70}]}},"63":{"sp":0,"qtr":1,"down":1,"time":"15:00","yrdln":"OAK 20","ydstogo":10,"ydsnet":1,"posteam":"OAK","desc":"(15:00) D.McFadden up the middle to OAK 21 for 1 yard.","note":null,"players":{"00-0026144":[{"sequence":1,"clubcode":"OAK","playerName":"D.McFadden","statId":10,"yards":1}]}},"84":{"sp":0,"qtr":1,"down":2,"time":"14:26","yrdln":"OAK 21","ydstogo":9,"ydsnet":-3,"posteam":"OAK","desc":"(14:26) J.Russell pass short left to D.McFadden to OAK 15 for -6 yards. FUMBLES, recovered by OAK-C.Morris at OAK 17. C.Morris to OAK 17 for no gain (D.Williams).","note":"FUMBLE","players":{"00-0025388":[{"sequence":1,"clubcode":"OAK","playerName":"J.Russell","statId":15,"yards":-4},{"sequence":2,"clubcode":"OAK","playerName":"J.Russell","statId":111,"yards":-6}],"00-0024428":[{"sequence":7,"clubcode":"OAK","playerName":"C.Morris","statId":55,"yards":0}],"00-0026144":[{"sequence":3,"clubcode":"OAK","playerName":"D.McFadden","statId":21,"yards":-4},{"sequence":4,"clubcode":"OAK","playerName":"D.McFadden","statId":115,"yards":0},{"sequence":5,"clubcode":"OAK","playerName":"D.McFadden","statId":113,"yards":2},{"sequence":6,"clubcode":"OAK","playerName":"D.McFadden","statId":53,"yards":0}],"00-0022780":[{"sequence":8,"clubcode":"DEN","playerName":"D.Williams","statId":79,"yards":0},{"sequence":9,"clubcode":"DEN","playerName":"D.Williams","statId":120,"yards":0}]}},"119":{"sp":0,"qtr":1,"down":3,"time":"14:26","yrdln":"OAK 17","ydstogo":13,"ydsnet":5,"posteam":"OAK","desc":"(14:26) (Shotgun) J.Russell pass short left to M.Bush to OAK 25 for 8 yards (D.Reid).","note":null,"players":{"00-0025388":[{"sequence":2,"clubcode":"OAK","playerName":"J.Russell","statId":15,"yards":8},{"sequence":3,"clubcode":"OAK","playerName":"J.Russell","statId":111,"yards":3}],"00-0023199":[{"sequence":7,"clubcode":"DEN","playerName":"D.Reid","statId":79,"yards":0}],"0":[{"sequence":1,"clubcode":"OAK","playerName":"","statId":7,"yards":0}],"00-0025487":[{"sequence":4,"clubcode":"OAK","playerName":"M.Bush","statId":21,"yards":8},{"sequence":5,"clubcode":"OAK","playerName":"M.Bush","statId":115,"yards":0},{"sequence":6,"clubcode":"OAK","playerName":"M.Bush","statId":113,"yards":5}]}},"143":{"sp":0,"qtr":1,"down":4,"time":"14:26","yrdln":"OAK 25","ydstogo":5,"ydsnet":5,"posteam":"OAK","desc":"(14:26) S.Lechler punts 48 yards to DEN 27, Center-J.Condo. E.Royal to DEN 31 for 4 yards (T.Stewart).","note":"PUNT","players":{"00-0026182":[{"sequence":2,"clubcode":"DEN","playerName":"E.Royal","statId":33,"yards":4}],"00-0019714":[{"sequence":1,"clubcode":"OAK","playerName":"S.Lechler","statId":29,"yards":48}],"00-0020268":[{"sequence":3,"clubcode":"OAK","playerName":"T.Stewart","statId":79,"yards":0}]}}},"fds":0,"result":"Punt","penyds":0,"ydsgained":5,"numplays":5,"postime":"2:06","start":{"qtr":1,"time":"15:00","yrdln":"OAK 20","team":"OAK"},"end":{"qtr":1,"time":"12:54","yrdln":"OAK 25","team":"OAK"}},"2":{"posteam":"DEN","qtr":1,"redzone":true,"plays":{"168":{"sp":0,"qtr":1,"down":1,"time":"12:54","yrdln":"DEN 31","ydstogo":10,"ydsnet":4,"posteam":"DEN","desc":"(12:54) C.Buckhalter right end to DEN 35 for 4 yards (R.Brown).","note":null,"players":{"00-0023945":[{"sequence":2,"clubcode":"OAK","playerName":"R.Brown","statId":79,"yards":0}],"00-0020270":[{"sequence":1,"clubcode":"DEN","playerName":"C.Buckhalter","statId":10,"yards":4}]}},"189":{"sp":0,"qtr":1,"down":2,"time":"12:22","yrdln":"DEN 35","ydstogo":6,"ydsnet":18,"posteam":"DEN","desc":"(12:22) (Shotgun) K.Orton pass short middle to B.Marshall to DEN 49 for 14 yards (T.Howard, K.Morrison).","note":null,"players":{"00-0023513":[{"sequence":8,"clubcode":"OAK","playerName":"K.Morrison","statId":82,"yards":0}],"00-0023541":[{"sequence":2,"clubcode":"DEN","playerName":"K.Orton","statId":15,"yards":14},{"sequence":3,"clubcode":"DEN","playerName":"K.Orton","statId":111,"yards":5}],"00-0024334":[{"sequence":4,"clubcode":"DEN","playerName":"B.Marshall","statId":21,"yards":14},{"sequence":5,"clubcode":"DEN","playerName":"B.Marshall","statId":115,"yards":0},{"sequence":6,"clubcode":"DEN","playerName":"B.Marshall","statId":113,"yards":9}],"00-0024253":[{"sequence":7,"clubcode":"OAK","playerName":"T.Howard","statId":80,"yards":0}],"0":[{"sequence":1,"clubcode":"DEN","playerName":"","statId":4,"yards":0}]}},"213":{"sp":0,"qtr":1,"down":1,"time":"11:34","yrdln":"DEN 49","ydstogo":10,"ydsnet":32,"posteam":"DEN","desc":"(11:34) K.Orton pass short right to T.Scheffler to OAK 37 for 14 yards (T.Branch).","note":null,"players":{"00-0023541":[{"sequence":2,"clubcode":"DEN","playerName":"K.Orton","statId":15,"yards":14},{"sequence":3,"clubcode":"DEN","playerName":"K.Orton","statId":111,"yards":12}],"0":[{"sequence":1,"clubcode":"DEN","playerName":"","statId":4,"yards":0}],"00-0026240":[{"sequence":7,"clubcode":"OAK","playerName":"T.Branch","statId":79,"yards":0}],"00-0024276":[{"sequence":4,"clubcode":"DEN","playerName":"T.Scheffler","statId":21,"yards":14},{"sequence":5,"clubcode":"DEN","playerName":"T.Scheffler","statId":115,"yards":0},{"sequence":6,"clubcode":"DEN","playerName":"T.Scheffler","statId":113,"yards":2}]}},"237":{"sp":0,"qtr":1,"down":1,"time":"11:01","yrdln":"OAK 37","ydstogo":10,"ydsnet":41,"posteam":"DEN","desc":"(11:01) K.Moreno up the middle to OAK 28 for 9 yards (K.Morrison, R.Brown).","note":null,"players":{"00-0023513":[{"sequence":2,"clubcode":"OAK","playerName":"K.Morrison","statId":80,"yards":0}],"00-0023945":[{"sequence":3,"clubcode":"OAK","playerName":"R.Brown","statId":82,"yards":0}],"00-0026988":[{"sequence":1,"clubcode":"DEN","playerName":"K.Moreno","statId":10,"yards":9}]}},"258":{"sp":0,"qtr":1,"down":2,"time":"10:32","yrdln":"OAK 28","ydstogo":1,"ydsnet":42,"posteam":"DEN","desc":"(10:32) K.Moreno left tackle to OAK 27 for 1 yard (T.Kelly).","note":null,"players":{"00-0022539":[{"sequence":3,"clubcode":"OAK","playerName":"T.Kelly","statId":79,"yards":0}],"00-0026988":[{"sequence":2,"clubcode":"DEN","playerName":"K.Moreno","statId":10,"yards":1}],"0":[{"sequence":1,"clubcode":"DEN","playerName":"","statId":3,"yards":0}]}},"279":{"sp":0,"qtr":1,"down":1,"time":"09:35","yrdln":"OAK 27","ydstogo":10,"ydsnet":53,"posteam":"DEN","desc":"(9:35) (Shotgun) K.Orton pass short middle to B.Marshall to OAK 16 for 11 yards (K.Morrison).","note":null,"players":{"00-0023513":[{"sequence":7,"clubcode":"OAK","playerName":"K.Morrison","statId":79,"yards":0}],"00-0023541":[{"sequence":2,"clubcode":"DEN","playerName":"K.Orton","statId":15,"yards":11},{"sequence":3,"clubcode":"DEN","playerName":"K.Orton","statId":111,"yards":7}],"00-0024334":[{"sequence":4,"clubcode":"DEN","playerName":"B.Marshall","statId":21,"yards":11},{"sequence":5,"clubcode":"DEN","playerName":"B.Marshall","statId":115,"yards":0},{"sequence":6,"clubcode":"DEN","playerName":"B.Marshall","statId":113,"yards":4}],"0":[{"sequence":1,"clubcode":"DEN","playerName":"","statId":4,"yards":0}]}},"303":{"sp":0,"qtr":1,"down":1,"time":"09:06","yrdln":"OAK 16","ydstogo":10,"ydsnet":61,"posteam":"DEN","desc":"(9:06) C.Buckhalter right end to OAK 8 for 8 yards (D.Bryant).","note":null,"players":{"00-0026533":[{"sequence":2,"clubcode":"OAK","playerName":"D.Bryant","statId":79,"yards":0}],"00-0020270":[{"sequence":1,"clubcode":"DEN","playerName":"C.Buckhalter","statId":10,"yards":8}]}},"324":{"sp":0,"qtr":1,"down":2,"time":"08:36","yrdln":"OAK 8","ydstogo":2,"ydsnet":68,"posteam":"DEN","desc":"(8:36) C.Buckhalter up the middle to OAK 1 for 7 yards (T.Howard, R.Brown).","note":null,"players":{"00-0023945":[{"sequence":4,"clubcode":"OAK","playerName":"R.Brown","statId":82,"yards":0}],"00-0024253":[{"sequence":3,"clubcode":"OAK","playerName":"T.Howard","statId":80,"yards":0}],"00-0020270":[{"sequence":2,"clubcode":"DEN","playerName":"C.Buckhalter","statId":10,"yards":7}],"0":[{"sequence":1,"clubcode":"DEN","playerName":"","statId":3,"yards":0}]}},"345":{"sp":0,"qtr":1,"down":1,"time":"07:56","yrdln":"OAK 1","ydstogo":1,"ydsnet":63,"posteam":"DEN","desc":"(7:56) PENALTY on DEN, False Start, 5 yards, enforced at OAK 1 - No Play.","note":"PENALTY","players":{"0":[{"sequence":1,"clubcode":"DEN","playerName":"","statId":93,"yards":5}]}},"368":{"sp":0,"qtr":1,"down":1,"time":"07:40","yrdln":"OAK 6","ydstogo":6,"ydsnet":65,"posteam":"DEN","desc":"(7:40) K.Moreno left end to OAK 4 for 2 yards (T.Branch, R.Brown).","note":null,"players":{"00-0023945":[{"sequence":3,"clubcode":"OAK","playerName":"R.Brown","statId":82,"yards":0}],"00-0026988":[{"sequence":1,"clubcode":"DEN","playerName":"K.Moreno","statId":10,"yards":2}],"00-0026240":[{"sequence":2,"clubcode":"OAK","playerName":"T.Branch","statId":80,"yards":0}]}},"389":{"sp":0,"qtr":1,"down":2,"time":"07:01","yrdln":"OAK 4","ydstogo":4,"ydsnet":67,"posteam":"DEN","desc":"(7:01) PENALTY on OAK-T.Kelly, Defensive Offside, 2 yards, enforced at OAK 4 - No Play.","note":"PENALTY","players":{"00-0022539":[{"sequence":1,"clubcode":"OAK","playerName":"T.Kelly","statId":93,"yards":2}]}},"423":{"sp":0,"qtr":1,"down":2,"time":"06:42","yrdln":"OAK 2","ydstogo":2,"ydsnet":68,"posteam":"DEN","desc":"(6:42) P.Hillis left guard to OAK 1 for 1 yard (Team).","note":null,"players":{"00-0026367":[{"sequence":1,"clubcode":"DEN","playerName":"P.Hillis","statId":10,"yards":1}],"0":[{"sequence":2,"clubcode":"OAK","playerName":"Team","statId":79,"yards":0}]}},"444":{"sp":0,"qtr":1,"down":3,"time":"06:02","yrdln":"OAK 1","ydstogo":1,"ydsnet":68,"posteam":"DEN","desc":"(6:02) P.Hillis up the middle to OAK 1 for no gain (Team).","note":null,"players":{"00-0026367":[{"sequence":2,"clubcode":"DEN","playerName":"P.Hillis","statId":10,"yards":0}],"0":[{"sequence":1,"clubcode":"DEN","playerName":"","statId":7,"yards":0},{"sequence":3,"clubcode":"OAK","playerName":"Team","statId":79,"yards":0}]}},"465":{"sp":0,"qtr":1,"down":4,"time":"05:16","yrdln":"OAK 1","ydstogo":1,"ydsnet":68,"posteam":"DEN","desc":"(5:16) L.Jordan up the middle to OAK 1 for no gain (Team).","note":null,"players":{"0":[{"sequence":1,"clubcode":"DEN","playerName":"","statId":9,"yards":0},{"sequence":3,"clubcode":"OAK","playerName":"Team","statId":79,"yards":0}],"00-0020462":[{"sequence":2,"clubcode":"DEN","playerName":"L.Jordan","statId":10,"yards":0}]}}},"fds":5,"result":"Downs","penyds":-3,"ydsgained":71,"numplays":14,"postime":"7:43","start":{"qtr":1,"time":"12:54","yrdln":"DEN 31","team":"DEN"},"end":{"qtr":1,"time":"05:11","yrdln":"OAK 1","team":"DEN"}},"3":{"posteam":"OAK","qtr":1,"redzone":true,"plays":{"486":{"sp":0,"qtr":1,"down":1,"time":"05:11","yrdln":"OAK 1","ydstogo":10,"ydsnet":0,"posteam":"OAK","desc":"(5:11) J.Russell pass incomplete short right to L.Lawton.","note":null,"players":{"00-0022529":[{"sequence":2,"clubcode":"OAK","playerName":"L.Lawton","statId":115,"yards":0}],"00-0025388":[{"sequence":1,"clubcode":"OAK","playerName":"J.Russell","statId":14,"yards":0},{"sequence":3,"clubcode":"OAK","playerName":"J.Russell","statId":112,"yards":2}]}},"508":{"sp":0,"qtr":1,"down":2,"time":"05:07","yrdln":"OAK 1","ydstogo":10,"ydsnet":0,"posteam":"OAK","desc":"(5:07) J.Russell pass deep left intended for D.Heyward-Bey INTERCEPTED by R.Hill at OAK 41. R.Hill to OAK 23 for 18 yards (T.Stewart).","note":"INT","players":{"00-0025388":[{"sequence":1,"clubcode":"OAK","playerName":"J.Russell","statId":19,"yards":0},{"sequence":3,"clubcode":"OAK","playerName":"J.Russell","statId":112,"yards":40}],"00-0026983":[{"sequence":2,"clubcode":"OAK","playerName":"D.Heyward-Bey","statId":115,"yards":0}],"00-0020268":[{"sequence":6,"clubcode":"OAK","playerName":"T.Stewart","statId":79,"yards":0}],"00-0020301":[{"sequence":4,"clubcode":"DEN","playerName":"R.Hill","statId":25,"yards":18},{"sequence":5,"clubcode":"DEN","playerName":"R.Hill","statId":85,"yards":0}]}}},"fds":0,"result":"Interception","penyds":0,"ydsgained":0,"numplays":2,"postime":"0:18","start":{"qtr":1,"time":"05:11","yrdln":"OAK 1","team":"OAK"},"end":{"qtr":1,"time":"04:53","yrdln":"OAK 1","team":"OAK"}},"4":{"posteam":"DEN","qtr":1,"redzone":true,"plays":{"534":{"sp":0,"qtr":1,"down":1,"time":"04:53","yrdln":"OAK 23","ydstogo":10,"ydsnet":5,"posteam":"DEN","desc":"(4:53) B.Marshall left end to OAK 18 for 5 yards (T.Scott).","note":null,"players":{"00-0026309":[{"sequence":2,"clubcode":"OAK","playerName":"T.Scott","statId":79,"yards":0}],"00-0024334":[{"sequence":1,"clubcode":"DEN","playerName":"B.Marshall","statId":10,"yards":5}]}},"555":{"sp":0,"qtr":1,"down":2,"time":"04:13","yrdln":"OAK 18","ydstogo":5,"ydsnet":9,"posteam":"DEN","desc":"(4:13) (Shotgun) K.Moreno up the middle to OAK 14 for 4 yards (T.Howard).","note":null,"players":{"00-0026988":[{"sequence":1,"clubcode":"DEN","playerName":"K.Moreno","statId":10,"yards":4}],"00-0024253":[{"sequence":2,"clubcode":"OAK","playerName":"T.Howard","statId":79,"yards":0}]}},"576":{"sp":0,"qtr":1,"down":3,"time":"03:34","yrdln":"OAK 14","ydstogo":1,"ydsnet":18,"posteam":"DEN","desc":"(3:34) K.Moreno right guard to OAK 5 for 9 yards (Team).","note":null,"players":{"00-0026988":[{"sequence":3,"clubcode":"DEN","playerName":"K.Moreno","statId":10,"yards":9}],"0":[{"sequence":1,"clubcode":"DEN","playerName":"","statId":3,"yards":0},{"sequence":2,"clubcode":"DEN","playerName":"","statId":6,"yards":0},{"sequence":4,"clubcode":"OAK","playerName":"Team","statId":79,"yards":0}]}},"597":{"sp":0,"qtr":1,"down":1,"time":"02:55","yrdln":"OAK 5","ydstogo":5,"ydsnet":21,"posteam":"DEN","desc":"(2:55) C.Buckhalter up the middle to OAK 2 for 3 yards (T.Kelly; T.Branch).","note":null,"players":{"00-0022539":[{"sequence":2,"clubcode":"OAK","playerName":"T.Kelly","statId":82,"yards":0}],"00-0020270":[{"sequence":1,"clubcode":"DEN","playerName":"C.Buckhalter","statId":10,"yards":3}],"00-0026240":[{"sequence":3,"clubcode":"OAK","playerName":"T.Branch","statId":82,"yards":0}]}},"618":{"sp":0,"qtr":1,"down":2,"time":"02:17","yrdln":"OAK 2","ydstogo":2,"ydsnet":21,"posteam":"DEN","desc":"(2:17) K.Orton pass incomplete short left to J.Gaffney.","note":null,"players":{"00-0023541":[{"sequence":1,"clubcode":"DEN","playerName":"K.Orton","statId":14,"yards":0},{"sequence":3,"clubcode":"DEN","playerName":"K.Orton","statId":112,"yards":2}],"00-0021163":[{"sequence":2,"clubcode":"DEN","playerName":"J.Gaffney","statId":115,"yards":0}]}},"640":{"sp":1,"qtr":1,"down":3,"time":"02:11","yrdln":"OAK 2","ydstogo":2,"ydsnet":23,"posteam":"DEN","desc":"(2:11) (Shotgun) K.Orton pass short middle to B.Marshall for 2 yards, TOUCHDOWN.","note":"TD","players":{"00-0023541":[{"sequence":3,"clubcode":"DEN","playerName":"K.Orton","statId":16,"yards":2},{"sequence":4,"clubcode":"DEN","playerName":"K.Orton","statId":111,"yards":2}],"00-0024334":[{"sequence":5,"clubcode":"DEN","playerName":"B.Marshall","statId":22,"yards":2},{"sequence":6,"clubcode":"DEN","playerName":"B.Marshall","statId":115,"yards":0},{"sequence":7,"clubcode":"DEN","playerName":"B.Marshall","statId":113,"yards":0}],"0":[{"sequence":1,"clubcode":"DEN","playerName":"","statId":4,"yards":0},{"sequence":2,"clubcode":"DEN","playerName":"","statId":6,"yards":0}]}},"660":{"sp":1,"qtr":1,"down":0,"time":"02:07","yrdln":"OAK 2","ydstogo":0,"ydsnet":23,"posteam":"DEN","desc":"M.Prater extra point is GOOD, Center-L.Paxton, Holder-B.Kern.","note":"XP","players":{"00-0023853":[{"sequence":1,"clubcode":"DEN","playerName":"M.Prater","statId":72,"yards":0}]}}},"fds":2,"result":"Touchdown","penyds":0,"ydsgained":23,"numplays":7,"postime":"2:46","start":{"qtr":1,"time":"04:53","yrdln":"OAK 23","team":"DEN"},"end":{"qtr":1,"time":"02:07","yrdln":"OAK 2","team":"DEN"}},"5":{"posteam":"OAK","qtr":1,"redzone":true,"plays":{"676":{"sp":0,"qtr":1,"down":0,"time":"02:07","yrdln":"DEN 30","ydstogo":0,"ydsnet":0,"posteam":"DEN","desc":"M.Prater kicks 70 yards from DEN 30 to end zone, Touchback.","note":"KICKOFF","players":{"0":[{"sequence":2,"clubcode":"OAK","playerName":"","statId":51,"yards":0}],"00-0023853":[{"sequence":1,"clubcode":"DEN","playerName":"M.Prater","statId":44,"yards":70}]}},"690":{"sp":0,"qtr":1,"down":1,"time":"02:07","yrdln":"OAK 20","ydstogo":10,"ydsnet":2,"posteam":"OAK","desc":"(2:07) D.McFadden left tackle to OAK 22 for 2 yards (R.Fields).","note":null,"players":{"00-0023571":[{"sequence":2,"clubcode":"DEN","playerName":"R.Fields","statId":79,"yards":0}],"00-0026144":[{"sequence":1,"clubcode":"OAK","playerName":"D.McFadden","statId":10,"yards":2}]}},"711":{"sp":0,"qtr":1,"down":2,"time":"01:37","yrdln":"OAK 22","ydstogo":8,"ydsnet":17,"posteam":"OAK","desc":"(1:37) D.McFadden right tackle to OAK 37 for 15 yards (R.Hill).","note":null,"players":{"0":[{"sequence":1,"clubcode":"OAK","playerName":"","statId":3,"yards":0}],"00-0026144":[{"sequence":2,"clubcode":"OAK","playerName":"D.McFadden","statId":10,"yards":15}],"00-0020301":[{"sequence":3,"clubcode":"DEN","playerName":"R.Hill","statId":79,"yards":0}]}},"732":{"sp":0,"qtr":1,"down":1,"time":"01:02","yrdln":"OAK 37","ydstogo":10,"ydsnet":17,"posteam":"OAK","desc":"(1:02) J.Russell pass deep left intended for D.Heyward-Bey INTERCEPTED by A.Goodman at DEN 36. A.Goodman to OAK 34 for 30 yards (D.McFadden).","note":"INT","players":{"00-0021194":[{"sequence":4,"clubcode":"DEN","playerName":"A.Goodman","statId":25,"yards":30},{"sequence":5,"clubcode":"DEN","playerName":"A.Goodman","statId":85,"yards":0}],"00-0025388":[{"sequence":1,"clubcode":"OAK","playerName":"J.Russell","statId":19,"yards":0},{"sequence":3,"clubcode":"OAK","playerName":"J.Russell","statId":112,"yards":27}],"00-0026983":[{"sequence":2,"clubcode":"OAK","playerName":"D.Heyward-Bey","statId":115,"yards":0}],"00-0026144":[{"sequence":6,"clubcode":"OAK","playerName":"D.McFadden","statId":79,"yards":0}]}}},"fds":1,"result":"Interception","penyds":0,"ydsgained":17,"numplays":4,"postime":"1:19","start":{"qtr":1,"time":"02:07","yrdln":"OAK 20","team":"OAK"},"end":{"qtr":1,"time":"00:48","yrdln":"OAK 37","team":"OAK"}},"6":{"posteam":"DEN","qtr":1,"redzone":true,"plays":{"758":{"sp":0,"qtr":1,"down":1,"time":"00:48","yrdln":"OAK 34","ydstogo":10,"ydsnet":0,"posteam":"DEN","desc":"(:48) (Shotgun) K.Orton pass incomplete short middle to B.Marshall (G.Warren).","note":null,"players":{"00-0023541":[{"sequence":1,"clubcode":"DEN","playerName":"K.Orton","statId":14,"yards":0},{"sequence":4,"clubcode":"DEN","playerName":"K.Orton","statId":112,"yards":-1}],"00-0020524":[{"sequence":3,"clubcode":"OAK","playerName":"G.Warren","statId":85,"yards":0}],"00-0024334":[{"sequence":2,"clubcode":"DEN","playerName":"B.Marshall","statId":115,"yards":0}]}},"780":{"sp":0,"qtr":1,"down":2,"time":"00:44","yrdln":"OAK 34","ydstogo":10,"ydsnet":0,"posteam":"DEN","desc":"(:44) (Shotgun) K.Orton pass incomplete short right to D.Graham.","note":null,"players":{"00-0023541":[{"sequence":1,"clubcode":"DEN","playerName":"K.Orton","statId":14,"yards":0},{"sequence":3,"clubcode":"DEN","playerName":"K.Orton","statId":112,"yards":-3}],"00-0021154":[{"sequence":2,"clubcode":"DEN","playerName":"D.Graham","statId":115,"yards":0}]}},"802":{"sp":0,"qtr":1,"down":3,"time":"00:39","yrdln":"OAK 34","ydstogo":10,"ydsnet":4,"posteam":"DEN","desc":"(:39) (Shotgun) K.Orton pass short left to E.Royal to OAK 30 for 4 yards (T.Howard).","note":null,"players":{"00-0023541":[{"sequence":2,"clubcode":"DEN","playerName":"K.Orton","statId":15,"yards":4},{"sequence":3,"clubcode":"DEN","playerName":"K.Orton","statId":111,"yards":-2}],"00-0026182":[{"sequence":4,"clubcode":"DEN","playerName":"E.Royal","statId":21,"yards":4},{"sequence":5,"clubcode":"DEN","playerName":"E.Royal","statId":115,"yards":0},{"sequence":6,"clubcode":"DEN","playerName":"E.Royal","statId":113,"yards":6}],"00-0024253":[{"sequence":7,"clubcode":"OAK","playerName":"T.Howard","statId":79,"yards":0}],"0":[{"sequence":1,"clubcode":"DEN","playerName":"","statId":7,"yards":0}]}},"826":{"sp":0,"qtr":1,"down":0,"time":"00:02","yrdln":"","ydstogo":0,"ydsnet":4,"posteam":"","desc":"Timeout #1 by DEN at 00:02.","note":"TIMEOUT","players":{"0":[{"sequence":1,"clubcode":"DEN","playerName":"","statId":68,"yards":0}]}},"849":{"sp":1,"qtr":1,"down":4,"time":"00:02","yrdln":"OAK 30","ydstogo":6,"ydsnet":4,"posteam":"DEN","desc":"(:02) M.Prater 48 yard field goal is GOOD, Center-L.Paxton, Holder-B.Kern.","note":"FG","players":{"00-0023853":[{"sequence":1,"clubcode":"DEN","playerName":"M.Prater","statId":70,"yards":48}]}}},"fds":0,"result":"Field Goal","penyds":0,"ydsgained":4,"numplays":5,"postime":"0:48","start":{"qtr":1,"time":"00:48","yrdln":"OAK 34","team":"DEN"},"end":{"qtr":1,"time":"00:00","yrdln":"OAK 30","team":"DEN"}},"7":{"posteam":"OAK","qtr":2,"redzone":true,"plays":{"882":{"sp":0,"qtr":2,"down":0,"time":"15:00","yrdln":"DEN 30","ydstogo":0,"ydsnet":0,"posteam":"DEN","desc":"M.Prater kicks 74 yards from DEN 30 to OAK -4. J.Holland to OAK 14 for 18 yards (M.Haggan).","note":"KICKOFF","players":{"00-0025641":[{"sequence":2,"clubcode":"OAK","playerName":"J.Holland","statId":45,"yards":18}],"00-0022034":[{"sequence":4,"clubcode":"DEN","playerName":"M.Haggan","statId":79,"yards":0}],"00-0023853":[{"sequence":1,"clubcode":"DEN","playerName":"M.Prater","statId":43,"yards":74},{"sequence":3,"clubcode":"DEN","playerName":"M.Prater","statId":42,"yards":0}]}},"904":{"sp":0,"qtr":2,"down":1,"time":"14:55","yrdln":"OAK 14","ydstogo":10,"ydsnet":4,"posteam":"OAK","desc":"(14:55) M.Bush up the middle to OAK 18 for 4 yards (Team).","note":null,"players":{"0":[{"sequence":2,"clubcode":"DEN","playerName":"Team","statId":79,"yards":0}],"00-0025487":[{"sequence":1,"clubcode":"OAK","playerName":"M.Bush","statId":10,"yards":4}]}},"925":{"sp":0,"qtr":2,"down":2,"time":"14:17","yrdln":"OAK 18","ydstogo":6,"ydsnet":11,"posteam":"OAK","desc":"(14:17) (Shotgun) J.Russell pass short right to D.McFadden to OAK 25 for 7 yards (C.Bailey).","note":null,"players":{"00-0025388":[{"sequence":2,"clubcode":"OAK","playerName":"J.Russell","statId":15,"yards":7},{"sequence":3,"clubcode":"OAK","playerName":"J.Russell","statId":111,"yards":0}],"0":[{"sequence":1,"clubcode":"OAK","playerName":"","statId":4,"yards":0}],"00-0026144":[{"sequence":4,"clubcode":"OAK","playerName":"D.McFadden","statId":21,"yards":7},{"sequence":5,"clubcode":"OAK","playerName":"D.McFadden","statId":115,"yards":0},{"sequence":6,"clubcode":"OAK","playerName":"D.McFadden","statId":113,"yards":7}],"00-0000585":[{"sequence":7,"clubcode":"DEN","playerName":"C.Bailey","statId":79,"yards":0}]}},"949":{"sp":0,"qtr":2,"down":1,"time":"13:41","yrdln":"OAK 25","ydstogo":10,"ydsnet":17,"posteam":"OAK","desc":"(13:41) M.Bush left tackle to OAK 31 for 6 yards (E.Dumervil, R.McBean).","note":null,"players":{"00-0024341":[{"sequence":2,"clubcode":"DEN","playerName":"E.Dumervil","statId":80,"yards":0}],"00-0025519":[{"sequence":3,"clubcode":"DEN","playerName":"R.McBean","statId":82,"yards":0}],"00-0025487":[{"sequence":1,"clubcode":"OAK","playerName":"M.Bush","statId":10,"yards":6}]}},"970":{"sp":0,"qtr":2,"down":2,"time":"13:02","yrdln":"OAK 31","ydstogo":4,"ydsnet":19,"posteam":"OAK","desc":"(13:02) (Shotgun) D.McFadden right guard to OAK 33 for 2 yards (K.Peterson).","note":null,"players":{"00-0022002":[{"sequence":2,"clubcode":"DEN","playerName":"K.Peterson","statId":79,"yards":0}],"00-0026144":[{"sequence":1,"clubcode":"OAK","playerName":"D.McFadden","statId":10,"yards":2}]}},"991":{"sp":0,"qtr":2,"down":3,"time":"12:19","yrdln":"OAK 33","ydstogo":2,"ydsnet":26,"posteam":"OAK","desc":"(12:19) (Shotgun) J.Russell pass short middle to L.Murphy to OAK 40 for 7 yards (B.Dawkins).","note":null,"players":{"00-0025388":[{"sequence":3,"clubcode":"OAK","playerName":"J.Russell","statId":15,"yards":7},{"sequence":4,"clubcode":"OAK","playerName":"J.Russell","statId":111,"yards":7}],"00-0004073":[{"sequence":8,"clubcode":"DEN","playerName":"B.Dawkins","statId":79,"yards":0}],"00-0027089":[{"sequence":5,"clubcode":"OAK","playerName":"L.Murphy","statId":21,"yards":7},{"sequence":6,"clubcode":"OAK","playerName":"L.Murphy","statId":115,"yards":0},{"sequence":7,"clubcode":"OAK","playerName":"L.Murphy","statId":113,"yards":0}],"0":[{"sequence":1,"clubcode":"OAK","playerName":"","statId":4,"yards":0},{"sequence":2,"clubcode":"OAK","playerName":"","statId":6,"yards":0}]}},"1015":{"sp":0,"qtr":2,"down":1,"time":"11:37","yrdln":"OAK 40","ydstogo":10,"ydsnet":33,"posteam":"OAK","desc":"(11:37) D.McFadden right tackle to OAK 47 for 7 yards (A.Davis).","note":null,"players":{"00-0026144":[{"sequence":1,"clubcode":"OAK","playerName":"D.McFadden","statId":10,"yards":7}],"00-0021257":[{"sequence":2,"clubcode":"DEN","playerName":"A.Davis","statId":79,"yards":0}]}},"1036":{"sp":0,"qtr":2,"down":2,"time":"11:00","yrdln":"OAK 47","ydstogo":3,"ydsnet":23,"posteam":"OAK","desc":"(11:00) M.Bush up the middle to OAK 47 for no gain (L.Smith). PENALTY on OAK-C.Morris, Offensive Holding, 10 yards, enforced at OAK 47 - No Play.","note":"PENALTY","players":{"00-0024428":[{"sequence":1,"clubcode":"OAK","playerName":"C.Morris","statId":93,"yards":10}]}},"1072":{"sp":0,"qtr":2,"down":2,"time":"10:31","yrdln":"OAK 37","ydstogo":13,"ydsnet":32,"posteam":"OAK","desc":"(10:31) M.Bush left end to OAK 46 for 9 yards (J.Williams).","note":null,"players":{"00-0026259":[{"sequence":2,"clubcode":"DEN","playerName":"J.Williams","statId":79,"yards":0}],"00-0025487":[{"sequence":1,"clubcode":"OAK","playerName":"M.Bush","statId":10,"yards":9}]}},"1093":{"sp":0,"qtr":2,"down":3,"time":"09:49","yrdln":"OAK 46","ydstogo":4,"ydsnet":50,"posteam":"OAK","desc":"(9:49) J.Russell pass short middle to L.Murphy to DEN 36 for 18 yards (B.Dawkins).","note":null,"players":{"00-0025388":[{"sequence":3,"clubcode":"OAK","playerName":"J.Russell","statId":15,"yards":18},{"sequence":4,"clubcode":"OAK","playerName":"J.Russell","statId":111,"yards":14}],"00-0004073":[{"sequence":8,"clubcode":"DEN","playerName":"B.Dawkins","statId":79,"yards":0}],"00-0027089":[{"sequence":5,"clubcode":"OAK","playerName":"L.Murphy","statId":21,"yards":18},{"sequence":6,"clubcode":"OAK","playerName":"L.Murphy","statId":115,"yards":0},{"sequence":7,"clubcode":"OAK","playerName":"L.Murphy","statId":113,"yards":4}],"0":[{"sequence":1,"clubcode":"OAK","playerName":"","statId":4,"yards":0},{"sequence":2,"clubcode":"OAK","playerName":"","statId":6,"yards":0}]}},"1117":{"sp":0,"qtr":2,"down":1,"time":"09:03","yrdln":"DEN 36","ydstogo":10,"ydsnet":50,"posteam":"OAK","desc":"(9:03) D.McFadden left guard to DEN 36 for no gain (R.McBean; M.Thomas).","note":null,"players":{"00-0025508":[{"sequence":3,"clubcode":"DEN","playerName":"M.Thomas","statId":82,"yards":0}],"00-0025519":[{"sequence":2,"clubcode":"DEN","playerName":"R.McBean","statId":82,"yards":0}],"00-0026144":[{"sequence":1,"clubcode":"OAK","playerName":"D.McFadden","statId":10,"yards":0}]}},"1142":{"sp":0,"qtr":2,"down":2,"time":"08:24","yrdln":"DEN 36","ydstogo":10,"ydsnet":44,"posteam":"OAK","desc":"(8:24) (Shotgun) D.McFadden up the middle to DEN 35 for 1 yard (M.Haggan). FUMBLES (M.Haggan), recovered by OAK-Z.Miller at DEN 42. Z.Miller to DEN 42 for no gain (K.Peterson).","note":"FUMBLE","players":{"00-0025425":[{"sequence":6,"clubcode":"OAK","playerName":"Z.Miller","statId":55,"yards":0}],"00-0022002":[{"sequence":7,"clubcode":"DEN","playerName":"K.Peterson","statId":79,"yards":0},{"sequence":8,"clubcode":"DEN","playerName":"K.Peterson","statId":120,"yards":0}],"00-0022034":[{"sequence":3,"clubcode":"DEN","playerName":"M.Haggan","statId":79,"yards":0},{"sequence":5,"clubcode":"DEN","playerName":"M.Haggan","statId":91,"yards":0}],"0":[{"sequence":2,"clubcode":"OAK","playerName":"","statId":95,"yards":-6}],"00-0026144":[{"sequence":1,"clubcode":"OAK","playerName":"D.McFadden","statId":10,"yards":-6},{"sequence":4,"clubcode":"OAK","playerName":"D.McFadden","statId":52,"yards":0}]}},"1179":{"sp":0,"qtr":2,"down":0,"time":"07:25","yrdln":"","ydstogo":0,"ydsnet":44,"posteam":"","desc":"Timeout #1 by OAK at 07:25.","note":"TIMEOUT","players":{"0":[{"sequence":1,"clubcode":"OAK","playerName":"","statId":68,"yards":0}]}},"1196":{"sp":0,"qtr":2,"down":3,"time":"07:25","yrdln":"DEN 42","ydstogo":16,"ydsnet":56,"posteam":"OAK","desc":"(7:25) (Shotgun) J.Russell pass short left to Z.Miller to DEN 30 for 12 yards (J.Williams, R.Hill).","note":null,"players":{"00-0025425":[{"sequence":4,"clubcode":"OAK","playerName":"Z.Miller","statId":21,"yards":12},{"sequence":5,"clubcode":"OAK","playerName":"Z.Miller","statId":115,"yards":0},{"sequence":6,"clubcode":"OAK","playerName":"Z.Miller","statId":113,"yards":5}],"00-0025388":[{"sequence":2,"clubcode":"OAK","playerName":"J.Russell","statId":15,"yards":12},{"sequence":3,"clubcode":"OAK","playerName":"J.Russell","statId":111,"yards":7}],"00-0026259":[{"sequence":7,"clubcode":"DEN","playerName":"J.Williams","statId":80,"yards":0}],"0":[{"sequence":1,"clubcode":"OAK","playerName":"","statId":7,"yards":0}],"00-0020301":[{"sequence":8,"clubcode":"DEN","playerName":"R.Hill","statId":82,"yards":0}]}},"1226":{"sp":1,"qtr":2,"down":4,"time":"06:42","yrdln":"DEN 30","ydstogo":4,"ydsnet":56,"posteam":"OAK","desc":"(6:42) S.Janikowski 48 yard field goal is GOOD, Center-J.Condo, Holder-S.Lechler.","note":"FG","players":{"00-0019646":[{"sequence":1,"clubcode":"OAK","playerName":"S.Janikowski","statId":70,"yards":48}]}}},"fds":3,"result":"Field Goal","penyds":-10,"ydsgained":66,"numplays":15,"postime":"8:23","start":{"qtr":2,"time":"15:00","yrdln":"OAK 14","team":"OAK"},"end":{"qtr":2,"time":"06:37","yrdln":"DEN 30","team":"OAK"}},"8":{"posteam":"DEN","qtr":2,"redzone":true,"plays":{"1250":{"sp":0,"qtr":2,"down":0,"time":"06:37","yrdln":"OAK 30","ydstogo":0,"ydsnet":0,"posteam":"OAK","desc":"S.Janikowski kicks 74 yards from OAK 30 to DEN -4. E.Royal to DEN 21 for 25 yards (J.Bowie).","note":"KICKOFF","players":{"00-0025497":[{"sequence":3,"clubcode":"OAK","playerName":"J.Bowie","statId":79,"yards":0}],"00-0026182":[{"sequence":2,"clubcode":"DEN","playerName":"E.Royal","statId":45,"yards":25}],"00-0019646":[{"sequence":1,"clubcode":"OAK","playerName":"S.Janikowski","statId":43,"yards":74}]}},"1282":{"sp":0,"qtr":2,"down":1,"time":"06:31","yrdln":"DEN 21","ydstogo":10,"ydsnet":34,"posteam":"DEN","desc":"(6:31) C.Buckhalter left guard pushed ob at OAK 45 for 34 yards (M.Huff).","note":null,"players":{"00-0024222":[{"sequence":3,"clubcode":"OAK","playerName":"M.Huff","statId":79,"yards":0}],"00-0020270":[{"sequence":2,"clubcode":"DEN","playerName":"C.Buckhalter","statId":10,"yards":34}],"0":[{"sequence":1,"clubcode":"DEN","playerName":"","statId":3,"yards":0}]}},"1303":{"sp":0,"qtr":2,"down":1,"time":"06:04","yrdln":"OAK 45","ydstogo":10,"ydsnet":29,"posteam":"DEN","desc":"(6:04) PENALTY on DEN-B.Marshall, False Start, 5 yards, enforced at OAK 45 - No Play.","note":"PENALTY","players":{"00-0024334":[{"sequence":1,"clubcode":"DEN","playerName":"B.Marshall","statId":93,"yards":5}]}},"1328":{"sp":0,"qtr":2,"down":1,"time":"05:40","yrdln":"50","ydstogo":15,"ydsnet":37,"posteam":"DEN","desc":"(5:40) (Shotgun) K.Orton pass short middle to J.Gaffney to OAK 42 for 8 yards (T.Howard).","note":null,"players":{"00-0023541":[{"sequence":1,"clubcode":"DEN","playerName":"K.Orton","statId":15,"yards":8},{"sequence":2,"clubcode":"DEN","playerName":"K.Orton","statId":111,"yards":4}],"00-0024253":[{"sequence":6,"clubcode":"OAK","playerName":"T.Howard","statId":79,"yards":0}],"00-0021163":[{"sequence":3,"clubcode":"DEN","playerName":"J.Gaffney","statId":21,"yards":8},{"sequence":4,"clubcode":"DEN","playerName":"J.Gaffney","statId":115,"yards":0},{"sequence":5,"clubcode":"DEN","playerName":"J.Gaffney","statId":113,"yards":4}]}},"1352":{"sp":0,"qtr":2,"down":2,"time":"05:00","yrdln":"OAK 42","ydstogo":7,"ydsnet":43,"posteam":"DEN","desc":"(5:00) (Shotgun) C.Buckhalter up the middle to OAK 36 for 6 yards (K.Morrison).","note":null,"players":{"00-0023513":[{"sequence":2,"clubcode":"OAK","playerName":"K.Morrison","statId":79,"yards":0}],"00-0020270":[{"sequence":1,"clubcode":"DEN","playerName":"C.Buckhalter","statId":10,"yards":6}]}},"1373":{"sp":0,"qtr":2,"down":3,"time":"04:22","yrdln":"OAK 36","ydstogo":1,"ydsnet":44,"posteam":"DEN","desc":"(4:22) K.Moreno right tackle to OAK 35 for 1 yard (G.Warren).","note":null,"players":{"00-0020524":[{"sequence":4,"clubcode":"OAK","playerName":"G.Warren","statId":79,"yards":0}],"00-0026988":[{"sequence":3,"clubcode":"DEN","playerName":"K.Moreno","statId":10,"yards":1}],"0":[{"sequence":1,"clubcode":"DEN","playerName":"","statId":3,"yards":0},{"sequence":2,"clubcode":"DEN","playerName":"","statId":6,"yards":0}]}},"1394":{"sp":0,"qtr":2,"down":1,"time":"03:43","yrdln":"OAK 35","ydstogo":10,"ydsnet":58,"posteam":"DEN","desc":"(3:43) (Shotgun) K.Orton pass short middle to J.Gaffney to OAK 21 for 14 yards (C.Johnson).","note":null,"players":{"00-0023541":[{"sequence":2,"clubcode":"DEN","playerName":"K.Orton","statId":15,"yards":14},{"sequence":3,"clubcode":"DEN","playerName":"K.Orton","statId":111,"yards":5}],"00-0021949":[{"sequence":7,"clubcode":"OAK","playerName":"C.Johnson","statId":79,"yards":0}],"0":[{"sequence":1,"clubcode":"DEN","playerName":"","statId":4,"yards":0}],"00-0021163":[{"sequence":4,"clubcode":"DEN","playerName":"J.Gaffney","statId":21,"yards":14},{"sequence":5,"clubcode":"DEN","playerName":"J.Gaffney","statId":115,"yards":0},{"sequence":6,"clubcode":"DEN","playerName":"J.Gaffney","statId":113,"yards":9}]}},"1418":{"sp":0,"qtr":2,"down":1,"time":"03:06","yrdln":"OAK 21","ydstogo":10,"ydsnet":61,"posteam":"DEN","desc":"(3:06) K.Moreno left end to OAK 18 for 3 yards (N.Asomugha).","note":null,"players":{"00-0022077":[{"sequence":2,"clubcode":"OAK","playerName":"N.Asomugha","statId":79,"yards":0}],"00-0026988":[{"sequence":1,"clubcode":"DEN","playerName":"K.Moreno","statId":10,"yards":3}]}},"1439":{"sp":0,"qtr":2,"down":2,"time":"02:26","yrdln":"OAK 18","ydstogo":7,"ydsnet":76,"posteam":"DEN","desc":"(2:26) (Shotgun) K.Orton pass short middle to J.Gaffney to OAK 3 for 15 yards (S.Routt).","note":null,"players":{"00-0023541":[{"sequence":2,"clubcode":"DEN","playerName":"K.Orton","statId":15,"yards":15},{"sequence":3,"clubcode":"DEN","playerName":"K.Orton","statId":111,"yards":4}],"0":[{"sequence":1,"clubcode":"DEN","playerName":"","statId":4,"yards":0}],"00-0023473":[{"sequence":7,"clubcode":"OAK","playerName":"S.Routt","statId":79,"yards":0}],"00-0021163":[{"sequence":4,"clubcode":"DEN","playerName":"J.Gaffney","statId":21,"yards":15},{"sequence":5,"clubcode":"DEN","playerName":"J.Gaffney","statId":115,"yards":0},{"sequence":6,"clubcode":"DEN","playerName":"J.Gaffney","statId":113,"yards":11}]}},"1463":{"sp":0,"qtr":2,"down":0,"time":"02:00","yrdln":"","ydstogo":0,"ydsnet":76,"posteam":"","desc":"Two-Minute Warning","note":null,"players":{}},"1480":{"sp":0,"qtr":2,"down":1,"time":"01:59","yrdln":"OAK 3","ydstogo":3,"ydsnet":76,"posteam":"DEN","desc":"(1:59) (Shotgun) K.Moreno up the middle to OAK 3 for no gain (R.Seymour).","note":null,"players":{"00-0020442":[{"sequence":2,"clubcode":"OAK","playerName":"R.Seymour","statId":79,"yards":0}],"00-0026988":[{"sequence":1,"clubcode":"DEN","playerName":"K.Moreno","statId":10,"yards":0}]}},"1501":{"sp":0,"qtr":2,"down":0,"time":"01:19","yrdln":"","ydstogo":0,"ydsnet":76,"posteam":"","desc":"Timeout #2 by DEN at 01:19.","note":"TIMEOUT","players":{"0":[{"sequence":1,"clubcode":"DEN","playerName":"","statId":68,"yards":0}]}},"1518":{"sp":0,"qtr":2,"down":2,"time":"01:19","yrdln":"OAK 3","ydstogo":3,"ydsnet":76,"posteam":"DEN","desc":"(1:19) (Shotgun) K.Orton pass incomplete short right to P.Hillis (T.Branch).","note":null,"players":{"00-0026367":[{"sequence":2,"clubcode":"DEN","playerName":"P.Hillis","statId":115,"yards":0}],"00-0023541":[{"sequence":1,"clubcode":"DEN","playerName":"K.Orton","statId":14,"yards":0},{"sequence":4,"clubcode":"DEN","playerName":"K.Orton","statId":112,"yards":2}],"00-0026240":[{"sequence":3,"clubcode":"OAK","playerName":"T.Branch","statId":85,"yards":0}]}},"1540":{"sp":0,"qtr":2,"down":3,"time":"01:15","yrdln":"OAK 3","ydstogo":3,"ydsnet":76,"posteam":"DEN","desc":"(1:15) (Shotgun) K.Orton pass incomplete short middle to E.Royal (M.Huff).","note":null,"players":{"00-0024222":[{"sequence":4,"clubcode":"OAK","playerName":"M.Huff","statId":85,"yards":0}],"00-0023541":[{"sequence":2,"clubcode":"DEN","playerName":"K.Orton","statId":14,"yards":0},{"sequence":5,"clubcode":"DEN","playerName":"K.Orton","statId":112,"yards":3}],"00-0026182":[{"sequence":3,"clubcode":"DEN","playerName":"E.Royal","statId":115,"yards":0}],"0":[{"sequence":1,"clubcode":"DEN","playerName":"","statId":7,"yards":0}]}},"1562":{"sp":1,"qtr":2,"down":4,"time":"01:12","yrdln":"OAK 3","ydstogo":3,"ydsnet":76,"posteam":"DEN","desc":"(1:12) M.Prater 21 yard field goal is GOOD, Center-L.Paxton, Holder-B.Kern.","note":"FG","players":{"00-0023853":[{"sequence":1,"clubcode":"DEN","playerName":"M.Prater","statId":70,"yards":21}]}}},"fds":4,"result":"Field Goal","penyds":-5,"ydsgained":81,"numplays":15,"postime":"5:28","start":{"qtr":2,"time":"06:37","yrdln":"DEN 21","team":"DEN"},"end":{"qtr":2,"time":"01:09","yrdln":"OAK 3","team":"DEN"}},"9":{"posteam":"OAK","qtr":2,"redzone":true,"plays":{"1582":{"sp":0,"qtr":2,"down":0,"time":"01:09","yrdln":"DEN 30","ydstogo":0,"ydsnet":0,"posteam":"DEN","desc":"M.Prater kicks 71 yards from DEN 30 to OAK -1. J.Holland to OAK 16 for 17 yards (W.Woodyard).","note":"KICKOFF","players":{"00-0025641":[{"sequence":2,"clubcode":"OAK","playerName":"J.Holland","statId":45,"yards":17}],"00-0025828":[{"sequence":4,"clubcode":"DEN","playerName":"W.Woodyard","statId":79,"yards":0}],"00-0023853":[{"sequence":1,"clubcode":"DEN","playerName":"M.Prater","statId":43,"yards":71},{"sequence":3,"clubcode":"DEN","playerName":"M.Prater","statId":42,"yards":0}]}},"1604":{"sp":0,"qtr":2,"down":1,"time":"01:05","yrdln":"OAK 16","ydstogo":10,"ydsnet":4,"posteam":"OAK","desc":"(1:05) (Shotgun) J.Russell pass short right to M.Bush to OAK 20 for 4 yards (D.Williams).","note":null,"players":{"00-0025388":[{"sequence":1,"clubcode":"OAK","playerName":"J.Russell","statId":15,"yards":4},{"sequence":2,"clubcode":"OAK","playerName":"J.Russell","statId":111,"yards":-3}],"00-0025487":[{"sequence":3,"clubcode":"OAK","playerName":"M.Bush","statId":21,"yards":4},{"sequence":4,"clubcode":"OAK","playerName":"M.Bush","statId":115,"yards":0},{"sequence":5,"clubcode":"OAK","playerName":"M.Bush","statId":113,"yards":7}],"00-0022780":[{"sequence":6,"clubcode":"DEN","playerName":"D.Williams","statId":79,"yards":0}]}},"1628":{"sp":0,"qtr":2,"down":2,"time":"00:42","yrdln":"OAK 20","ydstogo":6,"ydsnet":4,"posteam":"OAK","desc":"(:42) (No Huddle, Shotgun) J.Russell pass short middle to M.Bush to OAK 20 for no gain (E.Dumervil, K.Peterson).","note":null,"players":{"00-0022002":[{"sequence":7,"clubcode":"DEN","playerName":"K.Peterson","statId":82,"yards":0}],"00-0025388":[{"sequence":1,"clubcode":"OAK","playerName":"J.Russell","statId":15,"yards":0},{"sequence":2,"clubcode":"OAK","playerName":"J.Russell","statId":111,"yards":-4}],"00-0024341":[{"sequence":6,"clubcode":"DEN","playerName":"E.Dumervil","statId":80,"yards":0}],"00-0025487":[{"sequence":3,"clubcode":"OAK","playerName":"M.Bush","statId":21,"yards":0},{"sequence":4,"clubcode":"OAK","playerName":"M.Bush","statId":115,"yards":0},{"sequence":5,"clubcode":"OAK","playerName":"M.Bush","statId":113,"yards":4}]}},"1652":{"sp":0,"qtr":2,"down":0,"time":"00:33","yrdln":"","ydstogo":0,"ydsnet":4,"posteam":"","desc":"Timeout #2 by OAK at 00:33.","note":"TIMEOUT","players":{"0":[{"sequence":1,"clubcode":"OAK","playerName":"","statId":68,"yards":0}]}},"1669":{"sp":0,"qtr":2,"down":3,"time":"00:33","yrdln":"OAK 20","ydstogo":6,"ydsnet":12,"posteam":"OAK","desc":"(:33) (Shotgun) J.Russell pass short middle to M.Bush to OAK 28 for 8 yards (D.Reid).","note":null,"players":{"00-0025388":[{"sequence":3,"clubcode":"OAK","playerName":"J.Russell","statId":15,"yards":8},{"sequence":4,"clubcode":"OAK","playerName":"J.Russell","statId":111,"yards":0}],"00-0023199":[{"sequence":8,"clubcode":"DEN","playerName":"D.Reid","statId":79,"yards":0}],"0":[{"sequence":1,"clubcode":"OAK","playerName":"","statId":4,"yards":0},{"sequence":2,"clubcode":"OAK","playerName":"","statId":6,"yards":0}],"00-0025487":[{"sequence":5,"clubcode":"OAK","playerName":"M.Bush","statId":21,"yards":8},{"sequence":6,"clubcode":"OAK","playerName":"M.Bush","statId":115,"yards":0},{"sequence":7,"clubcode":"OAK","playerName":"M.Bush","statId":113,"yards":8}]}},"1693":{"sp":0,"qtr":2,"down":1,"time":"00:05","yrdln":"OAK 28","ydstogo":10,"ydsnet":12,"posteam":"OAK","desc":"(:05) (No Huddle, Shotgun) J.Russell pass deep right to Z.Miller to DEN 43 for 29 yards (D.Williams). The Replay Assistant challenged the pass completion ruling, and the play was REVERSED. (No Huddle, Shotgun) J.Russell pass incomplete deep right to Z.Miller.","note":null,"players":{"00-0025425":[{"sequence":2,"clubcode":"OAK","playerName":"Z.Miller","statId":115,"yards":0}],"00-0025388":[{"sequence":1,"clubcode":"OAK","playerName":"J.Russell","statId":14,"yards":0},{"sequence":3,"clubcode":"OAK","playerName":"J.Russell","statId":112,"yards":29}]}},"1766":{"sp":0,"qtr":2,"down":2,"time":"00:04","yrdln":"OAK 28","ydstogo":10,"ydsnet":10,"posteam":"OAK","desc":"(:04) M.Bush left end to OAK 26 for -2 yards (V.Holliday).","note":null,"players":{"00-0007611":[{"sequence":3,"clubcode":"DEN","playerName":"V.Holliday","statId":79,"yards":0},{"sequence":4,"clubcode":"DEN","playerName":"V.Holliday","statId":120,"yards":0}],"0":[{"sequence":2,"clubcode":"OAK","playerName":"","statId":95,"yards":-2}],"00-0025487":[{"sequence":1,"clubcode":"OAK","playerName":"M.Bush","statId":10,"yards":-2}]}},"1787":{"sp":0,"qtr":2,"down":0,"time":"","yrdln":"","ydstogo":0,"ydsnet":10,"posteam":"","desc":"END QUARTER 2","note":null,"players":{}}},"fds":1,"result":"End of Half","penyds":0,"ydsgained":10,"numplays":8,"postime":"1:09","start":{"qtr":2,"time":"01:09","yrdln":"OAK 16","team":"OAK"},"end":{"qtr":2,"time":"00:00","yrdln":"OAK 28","team":"OAK"}},"10":{"posteam":"DEN","qtr":3,"redzone":true,"plays":{"1803":{"sp":0,"qtr":3,"down":0,"time":"15:00","yrdln":"OAK 30","ydstogo":0,"ydsnet":0,"posteam":"OAK","desc":"S.Janikowski kicks 73 yards from OAK 30 to DEN -3. E.Royal, Touchback.","note":"KICKOFF","players":{"00-0019646":[{"sequence":1,"clubcode":"OAK","playerName":"S.Janikowski","statId":44,"yards":70}],"0":[{"sequence":2,"clubcode":"DEN","playerName":"","statId":51,"yards":0}]}},"1821":{"sp":0,"qtr":3,"down":1,"time":"15:00","yrdln":"DEN 20","ydstogo":10,"ydsnet":6,"posteam":"DEN","desc":"(15:00) K.Moreno right guard to DEN 26 for 6 yards (T.Howard; T.Kelly).","note":null,"players":{"00-0022539":[{"sequence":3,"clubcode":"OAK","playerName":"T.Kelly","statId":82,"yards":0}],"00-0026988":[{"sequence":1,"clubcode":"DEN","playerName":"K.Moreno","statId":10,"yards":6}],"00-0024253":[{"sequence":2,"clubcode":"OAK","playerName":"T.Howard","statId":82,"yards":0}]}},"1842":{"sp":0,"qtr":3,"down":2,"time":"14:25","yrdln":"DEN 26","ydstogo":4,"ydsnet":15,"posteam":"DEN","desc":"(14:25) (Shotgun) K.Orton pass short middle to D.Graham to DEN 35 for 9 yards (R.Brown).","note":null,"players":{"00-0023541":[{"sequence":2,"clubcode":"DEN","playerName":"K.Orton","statId":15,"yards":9},{"sequence":3,"clubcode":"DEN","playerName":"K.Orton","statId":111,"yards":6}],"00-0023945":[{"sequence":7,"clubcode":"OAK","playerName":"R.Brown","statId":79,"yards":0}],"00-0021154":[{"sequence":4,"clubcode":"DEN","playerName":"D.Graham","statId":21,"yards":9},{"sequence":5,"clubcode":"DEN","playerName":"D.Graham","statId":115,"yards":0},{"sequence":6,"clubcode":"DEN","playerName":"D.Graham","statId":113,"yards":3}],"0":[{"sequence":1,"clubcode":"DEN","playerName":"","statId":4,"yards":0}]}},"1866":{"sp":0,"qtr":3,"down":1,"time":"13:48","yrdln":"DEN 35","ydstogo":10,"ydsnet":24,"posteam":"DEN","desc":"(13:48) K.Moreno up the middle to DEN 44 for 9 yards (M.Huff).","note":null,"players":{"00-0024222":[{"sequence":2,"clubcode":"OAK","playerName":"M.Huff","statId":79,"yards":0}],"00-0026988":[{"sequence":1,"clubcode":"DEN","playerName":"K.Moreno","statId":10,"yards":9}]}},"1887":{"sp":0,"qtr":3,"down":2,"time":"13:15","yrdln":"DEN 44","ydstogo":1,"ydsnet":47,"posteam":"DEN","desc":"(13:15) C.Buckhalter right tackle to OAK 33 for 23 yards (M.Huff).","note":null,"players":{"00-0024222":[{"sequence":3,"clubcode":"OAK","playerName":"M.Huff","statId":79,"yards":0}],"00-0020270":[{"sequence":2,"clubcode":"DEN","playerName":"C.Buckhalter","statId":10,"yards":23}],"0":[{"sequence":1,"clubcode":"DEN","playerName":"","statId":3,"yards":0}]}},"1908":{"sp":0,"qtr":3,"down":1,"time":"12:31","yrdln":"OAK 33","ydstogo":10,"ydsnet":50,"posteam":"DEN","desc":"(12:31) (Shotgun) L.Jordan right end to OAK 30 for 3 yards (T.Branch).","note":null,"players":{"00-0026240":[{"sequence":2,"clubcode":"OAK","playerName":"T.Branch","statId":79,"yards":0}],"00-0020462":[{"sequence":1,"clubcode":"DEN","playerName":"L.Jordan","statId":10,"yards":3}]}},"1929":{"sp":0,"qtr":3,"down":2,"time":"12:04","yrdln":"OAK 30","ydstogo":7,"ydsnet":80,"posteam":"DEN","desc":"(12:04) (Shotgun) K.Orton pass short middle to J.Gaffney to OAK 28 for 2 yards (G.Ellis). PENALTY on OAK-R.Seymour, Unnecessary Roughness, 14 yards, enforced at OAK 28.","note":"PENALTY","players":{"00-0020442":[{"sequence":8,"clubcode":"OAK","playerName":"R.Seymour","statId":93,"yards":14}],"00-0023541":[{"sequence":2,"clubcode":"DEN","playerName":"K.Orton","statId":15,"yards":2},{"sequence":3,"clubcode":"DEN","playerName":"K.Orton","statId":111,"yards":2}],"00-0004851":[{"sequence":7,"clubcode":"OAK","playerName":"G.Ellis","statId":79,"yards":0}],"0":[{"sequence":1,"clubcode":"DEN","playerName":"","statId":5,"yards":0}],"00-0021163":[{"sequence":4,"clubcode":"DEN","playerName":"J.Gaffney","statId":21,"yards":2},{"sequence":5,"clubcode":"DEN","playerName":"J.Gaffney","statId":115,"yards":0},{"sequence":6,"clubcode":"DEN","playerName":"J.Gaffney","statId":113,"yards":0}]}},"1964":{"sp":0,"qtr":3,"down":1,"time":"11:34","yrdln":"OAK 14","ydstogo":10,"ydsnet":80,"posteam":"DEN","desc":"(11:34) (Shotgun) K.Moreno right end to OAK 7 for 7 yards (T.Howard).","note":null,"players":{"00-0026988":[{"sequence":1,"clubcode":"DEN","playerName":"K.Moreno","statId":10,"yards":7}],"00-0024253":[{"sequence":2,"clubcode":"OAK","playerName":"T.Howard","statId":79,"yards":0}]}},"1985":{"sp":1,"qtr":3,"down":2,"time":"11:02","yrdln":"OAK 7","ydstogo":3,"ydsnet":80,"posteam":"DEN","desc":"(11:02) K.Moreno left end for 7 yards, TOUCHDOWN.","note":"TD","players":{"00-0026988":[{"sequence":2,"clubcode":"DEN","playerName":"K.Moreno","statId":11,"yards":7}],"0":[{"sequence":1,"clubcode":"DEN","playerName":"","statId":3,"yards":0}]}},"2003":{"sp":1,"qtr":3,"down":0,"time":"10:57","yrdln":"OAK 2","ydstogo":0,"ydsnet":80,"posteam":"DEN","desc":"M.Prater extra point is GOOD, Center-L.Paxton, Holder-B.Kern.","note":"XP","players":{"00-0023853":[{"sequence":1,"clubcode":"DEN","playerName":"M.Prater","statId":72,"yards":0}]}}},"fds":4,"result":"Touchdown","penyds":14,"ydsgained":66,"numplays":10,"postime":"4:03","start":{"qtr":3,"time":"15:00","yrdln":"DEN 20","team":"DEN"},"end":{"qtr":3,"time":"10:57","yrdln":"OAK 7","team":"DEN"}},"11":{"posteam":"OAK","qtr":3,"redzone":true,"plays":{"2019":{"sp":0,"qtr":3,"down":0,"time":"10:57","yrdln":"DEN 30","ydstogo":0,"ydsnet":0,"posteam":"DEN","desc":"M.Prater kicks 71 yards from DEN 30 to OAK -1. J.Holland to OAK 30 for 31 yards (J.Williams).","note":"KICKOFF","players":{"00-0025641":[{"sequence":2,"clubcode":"OAK","playerName":"J.Holland","statId":45,"yards":31}],"00-0026259":[{"sequence":3,"clubcode":"DEN","playerName":"J.Williams","statId":79,"yards":0}],"00-0023853":[{"sequence":1,"clubcode":"DEN","playerName":"M.Prater","statId":43,"yards":71}]}},"2041":{"sp":0,"qtr":3,"down":1,"time":"10:51","yrdln":"OAK 30","ydstogo":10,"ydsnet":10,"posteam":"OAK","desc":"(10:51) D.McFadden right tackle to OAK 40 for 10 yards (B.Dawkins).","note":null,"players":{"00-0004073":[{"sequence":3,"clubcode":"DEN","playerName":"B.Dawkins","statId":79,"yards":0}],"0":[{"sequence":1,"clubcode":"OAK","playerName":"","statId":3,"yards":0}],"00-0026144":[{"sequence":2,"clubcode":"OAK","playerName":"D.McFadden","statId":10,"yards":10}]}},"2062":{"sp":0,"qtr":3,"down":1,"time":"10:13","yrdln":"OAK 40","ydstogo":10,"ydsnet":14,"posteam":"OAK","desc":"(10:13) D.McFadden left tackle to OAK 44 for 4 yards (D.Williams).","note":null,"players":{"00-0026144":[{"sequence":1,"clubcode":"OAK","playerName":"D.McFadden","statId":10,"yards":4}],"00-0022780":[{"sequence":2,"clubcode":"DEN","playerName":"D.Williams","statId":79,"yards":0}]}},"2083":{"sp":0,"qtr":3,"down":2,"time":"09:41","yrdln":"OAK 44","ydstogo":6,"ydsnet":14,"posteam":"OAK","desc":"(9:41) J.Fargas right tackle to OAK 44 for no gain (A.Davis).","note":null,"players":{"00-0022093":[{"sequence":1,"clubcode":"OAK","playerName":"J.Fargas","statId":10,"yards":0}],"00-0021257":[{"sequence":2,"clubcode":"DEN","playerName":"A.Davis","statId":79,"yards":0}]}},"2104":{"sp":0,"qtr":3,"down":3,"time":"08:58","yrdln":"OAK 44","ydstogo":6,"ydsnet":19,"posteam":"OAK","desc":"(8:58) (Shotgun) J.Russell pass short middle to Z.Miller to OAK 49 for 5 yards (J.Williams).","note":null,"players":{"00-0025425":[{"sequence":4,"clubcode":"OAK","playerName":"Z.Miller","statId":21,"yards":5},{"sequence":5,"clubcode":"OAK","playerName":"Z.Miller","statId":115,"yards":0},{"sequence":6,"clubcode":"OAK","playerName":"Z.Miller","statId":113,"yards":0}],"00-0025388":[{"sequence":2,"clubcode":"OAK","playerName":"J.Russell","statId":15,"yards":5},{"sequence":3,"clubcode":"OAK","playerName":"J.Russell","statId":111,"yards":5}],"00-0026259":[{"sequence":7,"clubcode":"DEN","playerName":"J.Williams","statId":79,"yards":0}],"0":[{"sequence":1,"clubcode":"OAK","playerName":"","statId":7,"yards":0}]}},"2128":{"sp":0,"qtr":3,"down":4,"time":"08:22","yrdln":"OAK 49","ydstogo":1,"ydsnet":20,"posteam":"OAK","desc":"(8:22) J.Russell up the middle to 50 for 1 yard (Team). PENALTY on DEN-K.Peterson, Defensive Offside, 5 yards, enforced at 50.","note":"PENALTY","players":{"00-0022002":[{"sequence":5,"clubcode":"DEN","playerName":"K.Peterson","statId":93,"yards":5}],"00-0025388":[{"sequence":3,"clubcode":"OAK","playerName":"J.Russell","statId":10,"yards":1}],"0":[{"sequence":1,"clubcode":"OAK","playerName":"","statId":3,"yards":0},{"sequence":2,"clubcode":"OAK","playerName":"","statId":8,"yards":0},{"sequence":4,"clubcode":"DEN","playerName":"Team","statId":79,"yards":0}]}},"2155":{"sp":0,"qtr":3,"down":1,"time":"08:04","yrdln":"DEN 45","ydstogo":10,"ydsnet":25,"posteam":"OAK","desc":"(8:04) J.Russell pass incomplete short middle to Z.Miller.","note":null,"players":{"00-0025425":[{"sequence":2,"clubcode":"OAK","playerName":"Z.Miller","statId":115,"yards":0}],"00-0025388":[{"sequence":1,"clubcode":"OAK","playerName":"J.Russell","statId":14,"yards":0},{"sequence":3,"clubcode":"OAK","playerName":"J.Russell","statId":112,"yards":12}]}},"2177":{"sp":0,"qtr":3,"down":2,"time":"07:57","yrdln":"DEN 45","ydstogo":10,"ydsnet":25,"posteam":"OAK","desc":"(7:57) D.McFadden right end to DEN 45 for no gain (M.Haggan; A.Davis).","note":null,"players":{"00-0022034":[{"sequence":2,"clubcode":"DEN","playerName":"M.Haggan","statId":82,"yards":0}],"00-0026144":[{"sequence":1,"clubcode":"OAK","playerName":"D.McFadden","statId":10,"yards":0}],"00-0021257":[{"sequence":3,"clubcode":"DEN","playerName":"A.Davis","statId":82,"yards":0}]}},"2198":{"sp":0,"qtr":3,"down":3,"time":"07:16","yrdln":"DEN 45","ydstogo":10,"ydsnet":20,"posteam":"OAK","desc":"(7:16) (Shotgun) J.Russell sacked at 50 for -5 yards (E.Dumervil).","note":null,"players":{"00-0025388":[{"sequence":2,"clubcode":"OAK","playerName":"J.Russell","statId":20,"yards":-5}],"00-0024341":[{"sequence":3,"clubcode":"DEN","playerName":"E.Dumervil","statId":83,"yards":-5},{"sequence":4,"clubcode":"DEN","playerName":"E.Dumervil","statId":110,"yards":0},{"sequence":5,"clubcode":"DEN","playerName":"E.Dumervil","statId":79,"yards":0},{"sequence":6,"clubcode":"DEN","playerName":"E.Dumervil","statId":120,"yards":0}],"0":[{"sequence":1,"clubcode":"OAK","playerName":"","statId":7,"yards":0}]}},"2217":{"sp":0,"qtr":3,"down":4,"time":"06:53","yrdln":"50","ydstogo":15,"ydsnet":20,"posteam":"OAK","desc":"(6:53) S.Lechler punts 44 yards to DEN 6, Center-J.Condo, downed by OAK-T.Watkins. Penalty on DEN-E.Royal, Unnecessary Roughness, declined.","note":"PUNT","players":{"00-0019714":[{"sequence":1,"clubcode":"OAK","playerName":"S.Lechler","statId":29,"yards":44},{"sequence":2,"clubcode":"OAK","playerName":"S.Lechler","statId":30,"yards":0}],"0":[{"sequence":3,"clubcode":"DEN","playerName":"","statId":38,"yards":0}]}}},"fds":2,"result":"Punt","penyds":5,"ydsgained":15,"numplays":10,"postime":"4:14","start":{"qtr":3,"time":"10:57","yrdln":"OAK 30","team":"OAK"},"end":{"qtr":3,"time":"06:43","yrdln":"50","team":"OAK"}},"12":{"posteam":"DEN","qtr":3,"redzone":true,"plays":{"2247":{"sp":0,"qtr":3,"down":1,"time":"06:43","yrdln":"DEN 6","ydstogo":10,"ydsnet":5,"posteam":"DEN","desc":"(6:43) C.Buckhalter left guard to DEN 11 for 5 yards (T.Branch).","note":null,"players":{"00-0020270":[{"sequence":1,"clubcode":"DEN","playerName":"C.Buckhalter","statId":10,"yards":5}],"00-0026240":[{"sequence":2,"clubcode":"OAK","playerName":"T.Branch","statId":79,"yards":0}]}},"2268":{"sp":0,"qtr":3,"down":2,"time":"06:07","yrdln":"DEN 11","ydstogo":5,"ydsnet":9,"posteam":"DEN","desc":"(6:07) (Shotgun) C.Buckhalter up the middle to DEN 15 for 4 yards (R.Brown). FUMBLES (R.Brown), RECOVERED by OAK-M.Mitchell at DEN 16. M.Mitchell to DEN 16 for no gain (Team).","note":"FUMBLE","players":{"00-0027023":[{"sequence":6,"clubcode":"OAK","playerName":"M.Mitchell","statId":59,"yards":0}],"00-0023945":[{"sequence":2,"clubcode":"OAK","playerName":"R.Brown","statId":79,"yards":0},{"sequence":5,"clubcode":"OAK","playerName":"R.Brown","statId":91,"yards":0}],"0":[{"sequence":7,"clubcode":"DEN","playerName":"Team","statId":79,"yards":0}],"00-0020270":[{"sequence":1,"clubcode":"DEN","playerName":"C.Buckhalter","statId":10,"yards":4},{"sequence":3,"clubcode":"DEN","playerName":"C.Buckhalter","statId":52,"yards":0},{"sequence":4,"clubcode":"DEN","playerName":"C.Buckhalter","statId":106,"yards":0}]}}},"fds":0,"result":"Fumble","penyds":0,"ydsgained":9,"numplays":2,"postime":"0:44","start":{"qtr":3,"time":"06:43","yrdln":"DEN 6","team":"DEN"},"end":{"qtr":3,"time":"05:59","yrdln":"DEN 11","team":"DEN"}},"13":{"posteam":"OAK","qtr":3,"redzone":true,"plays":{"2305":{"sp":0,"qtr":3,"down":1,"time":"05:59","yrdln":"DEN 16","ydstogo":10,"ydsnet":5,"posteam":"OAK","desc":"(5:59) D.McFadden left tackle to DEN 11 for 5 yards (Team).","note":null,"players":{"0":[{"sequence":2,"clubcode":"DEN","playerName":"Team","statId":79,"yards":0}],"00-0026144":[{"sequence":1,"clubcode":"OAK","playerName":"D.McFadden","statId":10,"yards":5}]}},"2326":{"sp":0,"qtr":3,"down":2,"time":"05:14","yrdln":"DEN 11","ydstogo":5,"ydsnet":10,"posteam":"OAK","desc":"(5:14) D.McFadden right end to DEN 5 for 6 yards (D.Williams). FUMBLES (D.Williams), RECOVERED by DEN-B.Dawkins at DEN 6. Oakland challenged the fumble ruling, and the play was Upheld. (Timeout #1 at 05:08.)","note":"FUMBLE","players":{"00-0004073":[{"sequence":7,"clubcode":"DEN","playerName":"B.Dawkins","statId":59,"yards":0}],"0":[{"sequence":1,"clubcode":"OAK","playerName":"","statId":68,"yards":0}],"00-0026144":[{"sequence":2,"clubcode":"OAK","playerName":"D.McFadden","statId":10,"yards":5},{"sequence":4,"clubcode":"OAK","playerName":"D.McFadden","statId":52,"yards":0},{"sequence":5,"clubcode":"OAK","playerName":"D.McFadden","statId":106,"yards":0}],"00-0022780":[{"sequence":3,"clubcode":"DEN","playerName":"D.Williams","statId":79,"yards":0},{"sequence":6,"clubcode":"DEN","playerName":"D.Williams","statId":91,"yards":0}]}}},"fds":0,"result":"Fumble","penyds":0,"ydsgained":10,"numplays":2,"postime":"0:54","start":{"qtr":3,"time":"05:59","yrdln":"DEN 16","team":"OAK"},"end":{"qtr":3,"time":"05:05","yrdln":"DEN 11","team":"OAK"}},"14":{"posteam":"DEN","qtr":4,"redzone":true,"plays":{"2393":{"sp":0,"qtr":3,"down":1,"time":"05:05","yrdln":"DEN 6","ydstogo":10,"ydsnet":7,"posteam":"DEN","desc":"(5:05) (Shotgun) K.Moreno right tackle to DEN 13 for 7 yards (K.Morrison).","note":null,"players":{"00-0023513":[{"sequence":2,"clubcode":"OAK","playerName":"K.Morrison","statId":79,"yards":0}],"00-0026988":[{"sequence":1,"clubcode":"DEN","playerName":"K.Moreno","statId":10,"yards":7}]}},"2414":{"sp":0,"qtr":3,"down":2,"time":"04:33","yrdln":"DEN 13","ydstogo":3,"ydsnet":13,"posteam":"DEN","desc":"(4:33) K.Moreno left guard to DEN 19 for 6 yards (T.Branch).","note":null,"players":{"00-0026988":[{"sequence":2,"clubcode":"DEN","playerName":"K.Moreno","statId":10,"yards":6}],"0":[{"sequence":1,"clubcode":"DEN","playerName":"","statId":3,"yards":0}],"00-0026240":[{"sequence":3,"clubcode":"OAK","playerName":"T.Branch","statId":79,"yards":0}]}},"2435":{"sp":0,"qtr":3,"down":1,"time":"03:59","yrdln":"DEN 19","ydstogo":10,"ydsnet":13,"posteam":"DEN","desc":"(3:59) K.Orton pass incomplete deep middle to B.Marshall.","note":null,"players":{"00-0023541":[{"sequence":1,"clubcode":"DEN","playerName":"K.Orton","statId":14,"yards":0},{"sequence":3,"clubcode":"DEN","playerName":"K.Orton","statId":112,"yards":16}],"00-0024334":[{"sequence":2,"clubcode":"DEN","playerName":"B.Marshall","statId":115,"yards":0}]}},"2457":{"sp":0,"qtr":3,"down":2,"time":"03:53","yrdln":"DEN 19","ydstogo":10,"ydsnet":12,"posteam":"DEN","desc":"(3:53) (Shotgun) C.Buckhalter up the middle to DEN 18 for -1 yards (K.Morrison; T.Scott).","note":null,"players":{"00-0023513":[{"sequence":3,"clubcode":"OAK","playerName":"K.Morrison","statId":82,"yards":0}],"00-0026309":[{"sequence":4,"clubcode":"OAK","playerName":"T.Scott","statId":82,"yards":0}],"0":[{"sequence":2,"clubcode":"DEN","playerName":"","statId":95,"yards":-1}],"00-0020270":[{"sequence":1,"clubcode":"DEN","playerName":"C.Buckhalter","statId":10,"yards":-1}]}},"2478":{"sp":0,"qtr":3,"down":3,"time":"03:16","yrdln":"DEN 18","ydstogo":11,"ydsnet":24,"posteam":"DEN","desc":"(3:16) (Shotgun) K.Orton pass incomplete short middle to J.Gaffney. PENALTY on OAK-C.Johnson, Defensive Pass Interference, 12 yards, enforced at DEN 18 - No Play.","note":"PENALTY","players":{"00-0021949":[{"sequence":2,"clubcode":"OAK","playerName":"C.Johnson","statId":93,"yards":12}],"0":[{"sequence":1,"clubcode":"DEN","playerName":"","statId":5,"yards":0}]}},"2514":{"sp":0,"qtr":3,"down":1,"time":"03:12","yrdln":"DEN 30","ydstogo":10,"ydsnet":24,"posteam":"DEN","desc":"(3:12) K.Orton pass incomplete short right.","note":null,"players":{"00-0023541":[{"sequence":1,"clubcode":"DEN","playerName":"K.Orton","statId":14,"yards":0},{"sequence":2,"clubcode":"DEN","playerName":"K.Orton","statId":112,"yards":15}]}},"2536":{"sp":0,"qtr":3,"down":2,"time":"03:04","yrdln":"DEN 30","ydstogo":10,"ydsnet":33,"posteam":"DEN","desc":"(3:04) K.Moreno left guard to DEN 39 for 9 yards (T.Branch).","note":null,"players":{"00-0026988":[{"sequence":1,"clubcode":"DEN","playerName":"K.Moreno","statId":10,"yards":9}],"00-0026240":[{"sequence":2,"clubcode":"OAK","playerName":"T.Branch","statId":79,"yards":0}]}},"2557":{"sp":0,"qtr":3,"down":3,"time":"02:22","yrdln":"DEN 39","ydstogo":1,"ydsnet":37,"posteam":"DEN","desc":"(2:22) K.Moreno right guard to DEN 43 for 4 yards (K.Morrison).","note":null,"players":{"00-0023513":[{"sequence":4,"clubcode":"OAK","playerName":"K.Morrison","statId":79,"yards":0}],"00-0026988":[{"sequence":3,"clubcode":"DEN","playerName":"K.Moreno","statId":10,"yards":4}],"0":[{"sequence":1,"clubcode":"DEN","playerName":"","statId":3,"yards":0},{"sequence":2,"clubcode":"DEN","playerName":"","statId":6,"yards":0}]}},"2578":{"sp":0,"qtr":3,"down":1,"time":"01:44","yrdln":"DEN 43","ydstogo":10,"ydsnet":37,"posteam":"DEN","desc":"(1:44) K.Orton pass incomplete short right to C.Buckhalter.","note":null,"players":{"00-0023541":[{"sequence":1,"clubcode":"DEN","playerName":"K.Orton","statId":14,"yards":0},{"sequence":3,"clubcode":"DEN","playerName":"K.Orton","statId":112,"yards":5}],"00-0020270":[{"sequence":2,"clubcode":"DEN","playerName":"C.Buckhalter","statId":115,"yards":0}]}},"2600":{"sp":0,"qtr":3,"down":2,"time":"01:35","yrdln":"DEN 43","ydstogo":10,"ydsnet":39,"posteam":"DEN","desc":"(1:35) (Shotgun) C.Buckhalter up the middle to DEN 45 for 2 yards (K.Morrison).","note":null,"players":{"00-0023513":[{"sequence":2,"clubcode":"OAK","playerName":"K.Morrison","statId":79,"yards":0}],"00-0020270":[{"sequence":1,"clubcode":"DEN","playerName":"C.Buckhalter","statId":10,"yards":2}]}},"2621":{"sp":0,"qtr":3,"down":3,"time":"00:53","yrdln":"DEN 45","ydstogo":8,"ydsnet":62,"posteam":"DEN","desc":"(:53) (Shotgun) K.Orton pass deep right to B.Marshall to OAK 32 for 23 yards (C.Johnson).","note":null,"players":{"00-0023541":[{"sequence":3,"clubcode":"DEN","playerName":"K.Orton","statId":15,"yards":23},{"sequence":4,"clubcode":"DEN","playerName":"K.Orton","statId":111,"yards":22}],"00-0021949":[{"sequence":8,"clubcode":"OAK","playerName":"C.Johnson","statId":79,"yards":0}],"00-0024334":[{"sequence":5,"clubcode":"DEN","playerName":"B.Marshall","statId":21,"yards":23},{"sequence":6,"clubcode":"DEN","playerName":"B.Marshall","statId":115,"yards":0},{"sequence":7,"clubcode":"DEN","playerName":"B.Marshall","statId":113,"yards":1}],"0":[{"sequence":1,"clubcode":"DEN","playerName":"","statId":4,"yards":0},{"sequence":2,"clubcode":"DEN","playerName":"","statId":6,"yards":0}]}},"2645":{"sp":0,"qtr":3,"down":1,"time":"00:11","yrdln":"OAK 32","ydstogo":10,"ydsnet":67,"posteam":"DEN","desc":"(:11) K.Moreno up the middle to OAK 27 for 5 yards (M.Mitchell).","note":null,"players":{"00-0027023":[{"sequence":2,"clubcode":"OAK","playerName":"M.Mitchell","statId":79,"yards":0}],"00-0026988":[{"sequence":1,"clubcode":"DEN","playerName":"K.Moreno","statId":10,"yards":5}]}},"2666":{"sp":0,"qtr":3,"down":0,"time":"","yrdln":"","ydstogo":0,"ydsnet":67,"posteam":"","desc":"END QUARTER 3","note":null,"players":{}},"2683":{"sp":0,"qtr":4,"down":2,"time":"15:00","yrdln":"OAK 27","ydstogo":5,"ydsnet":57,"posteam":"DEN","desc":"(15:00) K.Moreno left end to OAK 27 for no gain (N.Asomugha). PENALTY on DEN-D.Graham, Offensive Holding, 10 yards, enforced at OAK 27 - No Play.","note":"PENALTY","players":{"00-0021154":[{"sequence":1,"clubcode":"DEN","playerName":"D.Graham","statId":93,"yards":10}]}},"2715":{"sp":0,"qtr":4,"down":2,"time":"14:43","yrdln":"OAK 37","ydstogo":15,"ydsnet":81,"posteam":"DEN","desc":"(14:43) (Shotgun) K.Orton pass short right to D.Graham to OAK 13 for 24 yards (R.Seymour).","note":null,"players":{"00-0020442":[{"sequence":7,"clubcode":"OAK","playerName":"R.Seymour","statId":79,"yards":0}],"00-0023541":[{"sequence":2,"clubcode":"DEN","playerName":"K.Orton","statId":15,"yards":24},{"sequence":3,"clubcode":"DEN","playerName":"K.Orton","statId":111,"yards":-3}],"00-0021154":[{"sequence":4,"clubcode":"DEN","playerName":"D.Graham","statId":21,"yards":24},{"sequence":5,"clubcode":"DEN","playerName":"D.Graham","statId":115,"yards":0},{"sequence":6,"clubcode":"DEN","playerName":"D.Graham","statId":113,"yards":27}],"0":[{"sequence":1,"clubcode":"DEN","playerName":"","statId":4,"yards":0}]}},"2739":{"sp":0,"qtr":4,"down":1,"time":"13:59","yrdln":"OAK 13","ydstogo":10,"ydsnet":88,"posteam":"DEN","desc":"(13:59) C.Buckhalter left end to OAK 6 for 7 yards (T.Branch).","note":null,"players":{"00-0020270":[{"sequence":1,"clubcode":"DEN","playerName":"C.Buckhalter","statId":10,"yards":7}],"00-0026240":[{"sequence":2,"clubcode":"OAK","playerName":"T.Branch","statId":79,"yards":0}]}},"2760":{"sp":0,"qtr":4,"down":2,"time":"13:22","yrdln":"OAK 6","ydstogo":3,"ydsnet":90,"posteam":"DEN","desc":"(13:22) K.Moreno right end to OAK 4 for 2 yards (M.Mitchell, T.Branch).","note":null,"players":{"00-0027023":[{"sequence":2,"clubcode":"OAK","playerName":"M.Mitchell","statId":80,"yards":0}],"00-0026988":[{"sequence":1,"clubcode":"DEN","playerName":"K.Moreno","statId":10,"yards":2}],"00-0026240":[{"sequence":3,"clubcode":"OAK","playerName":"T.Branch","statId":82,"yards":0}]}},"2781":{"sp":0,"qtr":4,"down":3,"time":"12:41","yrdln":"OAK 4","ydstogo":1,"ydsnet":88,"posteam":"DEN","desc":"(12:41) K.Moreno left end to OAK 6 for -2 yards (T.Branch).","note":null,"players":{"00-0026988":[{"sequence":2,"clubcode":"DEN","playerName":"K.Moreno","statId":10,"yards":-2}],"0":[{"sequence":1,"clubcode":"DEN","playerName":"","statId":7,"yards":0},{"sequence":3,"clubcode":"DEN","playerName":"","statId":95,"yards":-2}],"00-0026240":[{"sequence":4,"clubcode":"OAK","playerName":"T.Branch","statId":79,"yards":0},{"sequence":5,"clubcode":"OAK","playerName":"T.Branch","statId":120,"yards":0}]}},"2803":{"sp":1,"qtr":4,"down":4,"time":"12:01","yrdln":"OAK 6","ydstogo":3,"ydsnet":88,"posteam":"DEN","desc":"(12:01) M.Prater 24 yard field goal is GOOD, Center-L.Paxton, Holder-B.Kern.","note":"FG","players":{"00-0023853":[{"sequence":1,"clubcode":"DEN","playerName":"M.Prater","statId":70,"yards":24}]}}},"fds":5,"result":"Field Goal","penyds":2,"ydsgained":86,"numplays":19,"postime":"8:08","start":{"qtr":3,"time":"05:05","yrdln":"DEN 6","team":"DEN"},"end":{"qtr":3,"time":"11:57","yrdln":"OAK 6","team":"DEN"}},"15":{"posteam":"OAK","qtr":4,"redzone":true,"plays":{"2823":{"sp":0,"qtr":4,"down":0,"time":"11:57","yrdln":"DEN 30","ydstogo":0,"ydsnet":0,"posteam":"DEN","desc":"M.Prater kicks 76 yards from DEN 30 to OAK -6. J.Holland, Touchback.","note":"KICKOFF","players":{"0":[{"sequence":2,"clubcode":"OAK","playerName":"","statId":51,"yards":0}],"00-0023853":[{"sequence":1,"clubcode":"DEN","playerName":"M.Prater","statId":44,"yards":70}]}},"2841":{"sp":0,"qtr":4,"down":1,"time":"11:57","yrdln":"OAK 20","ydstogo":10,"ydsnet":0,"posteam":"OAK","desc":"(11:57) J.Russell pass incomplete deep middle to L.Murphy.","note":null,"players":{"00-0025388":[{"sequence":1,"clubcode":"OAK","playerName":"J.Russell","statId":14,"yards":0},{"sequence":3,"clubcode":"OAK","playerName":"J.Russell","statId":112,"yards":17}],"00-0027089":[{"sequence":2,"clubcode":"OAK","playerName":"L.Murphy","statId":115,"yards":0}]}},"2863":{"sp":0,"qtr":4,"down":2,"time":"11:53","yrdln":"OAK 20","ydstogo":10,"ydsnet":-10,"posteam":"OAK","desc":"(11:53) (Shotgun) J.Russell pass short right to M.Bush to OAK 18 for -2 yards (J.Williams). PENALTY on OAK-L.Murphy, Offensive Pass Interference, 10 yards, enforced at OAK 20 - No Play.","note":"PENALTY","players":{"00-0027089":[{"sequence":1,"clubcode":"OAK","playerName":"L.Murphy","statId":93,"yards":10}]}},"2898":{"sp":0,"qtr":4,"down":2,"time":"11:24","yrdln":"OAK 10","ydstogo":20,"ydsnet":-16,"posteam":"OAK","desc":"(11:24) J.Russell sacked at OAK 6 for -4 yards (D.Reid). PENALTY on DEN-D.Reid, Illegal Use of Hands, 5 yards, enforced at OAK 6.","note":"PENALTY","players":{"00-0025388":[{"sequence":2,"clubcode":"OAK","playerName":"J.Russell","statId":20,"yards":-4}],"00-0023199":[{"sequence":3,"clubcode":"DEN","playerName":"D.Reid","statId":83,"yards":-4},{"sequence":4,"clubcode":"DEN","playerName":"D.Reid","statId":110,"yards":0},{"sequence":5,"clubcode":"DEN","playerName":"D.Reid","statId":79,"yards":0},{"sequence":6,"clubcode":"DEN","playerName":"D.Reid","statId":93,"yards":5}],"0":[{"sequence":1,"clubcode":"OAK","playerName":"","statId":5,"yards":0}]}},"2928":{"sp":0,"qtr":4,"down":1,"time":"11:03","yrdln":"OAK 11","ydstogo":10,"ydsnet":-6,"posteam":"OAK","desc":"(11:03) J.Russell pass incomplete deep left to D.McFadden. Penalty on OAK-C.Morris, Offensive Holding, offsetting, enforced at OAK 11 - No Play. Penalty on DEN-R.Fields, Roughing the Passer, offsetting.","note":null,"players":{}},"2972":{"sp":0,"qtr":4,"down":1,"time":"10:52","yrdln":"OAK 11","ydstogo":10,"ydsnet":-16,"posteam":"OAK","desc":"(10:52) M.Bush up the middle to OAK 12 for 1 yard (W.Woodyard; V.Holliday).","note":null,"players":{"00-0025828":[{"sequence":2,"clubcode":"DEN","playerName":"W.Woodyard","statId":82,"yards":0}],"00-0007611":[{"sequence":3,"clubcode":"DEN","playerName":"V.Holliday","statId":82,"yards":0}],"00-0025487":[{"sequence":1,"clubcode":"OAK","playerName":"M.Bush","statId":10,"yards":1}]}},"2993":{"sp":0,"qtr":4,"down":2,"time":"10:18","yrdln":"OAK 12","ydstogo":9,"ydsnet":-6,"posteam":"OAK","desc":"(10:18) (Shotgun) M.Bush up the middle to OAK 14 for 2 yards (R.Ayers).","note":null,"players":{"00-0026994":[{"sequence":2,"clubcode":"DEN","playerName":"R.Ayers","statId":79,"yards":0}],"00-0025487":[{"sequence":1,"clubcode":"OAK","playerName":"M.Bush","statId":10,"yards":2}]}},"3014":{"sp":0,"qtr":4,"down":3,"time":"09:50","yrdln":"OAK 14","ydstogo":7,"ydsnet":-16,"posteam":"OAK","desc":"(9:50) (Shotgun) J.Russell sacked at OAK 4 for -10 yards (E.Dumervil).","note":null,"players":{"00-0025388":[{"sequence":2,"clubcode":"OAK","playerName":"J.Russell","statId":20,"yards":-10}],"00-0024341":[{"sequence":3,"clubcode":"DEN","playerName":"E.Dumervil","statId":83,"yards":-10},{"sequence":4,"clubcode":"DEN","playerName":"E.Dumervil","statId":110,"yards":0},{"sequence":5,"clubcode":"DEN","playerName":"E.Dumervil","statId":79,"yards":0},{"sequence":6,"clubcode":"DEN","playerName":"E.Dumervil","statId":120,"yards":0}],"0":[{"sequence":1,"clubcode":"OAK","playerName":"","statId":7,"yards":0}]}},"3033":{"sp":0,"qtr":4,"down":4,"time":"09:19","yrdln":"OAK 4","ydstogo":17,"ydsnet":-16,"posteam":"OAK","desc":"(9:19) S.Lechler punts 45 yards to OAK 49, Center-J.Condo, out of bounds.","note":"PUNT","players":{"00-0019714":[{"sequence":1,"clubcode":"OAK","playerName":"S.Lechler","statId":29,"yards":45}],"0":[{"sequence":2,"clubcode":"DEN","playerName":"","statId":37,"yards":0}]}}},"fds":1,"result":"Punt","penyds":-5,"ydsgained":-11,"numplays":9,"postime":"2:46","start":{"qtr":4,"time":"11:57","yrdln":"OAK 20","team":"OAK"},"end":{"qtr":4,"time":"09:11","yrdln":"OAK 4","team":"OAK"}},"16":{"posteam":"DEN","qtr":4,"redzone":true,"plays":{"3051":{"sp":0,"qtr":4,"down":1,"time":"09:11","yrdln":"OAK 49","ydstogo":10,"ydsnet":1,"posteam":"DEN","desc":"(9:11) K.Moreno left guard to OAK 48 for 1 yard (K.Morrison).","note":null,"players":{"00-0023513":[{"sequence":2,"clubcode":"OAK","playerName":"K.Morrison","statId":79,"yards":0}],"00-0026988":[{"sequence":1,"clubcode":"DEN","playerName":"K.Moreno","statId":10,"yards":1}]}},"3072":{"sp":0,"qtr":4,"down":2,"time":"08:33","yrdln":"OAK 48","ydstogo":9,"ydsnet":1,"posteam":"DEN","desc":"(8:33) K.Orton pass incomplete deep middle to E.Royal.","note":null,"players":{"00-0023541":[{"sequence":1,"clubcode":"DEN","playerName":"K.Orton","statId":14,"yards":0},{"sequence":3,"clubcode":"DEN","playerName":"K.Orton","statId":112,"yards":28}],"00-0026182":[{"sequence":2,"clubcode":"DEN","playerName":"E.Royal","statId":115,"yards":0}]}},"3094":{"sp":0,"qtr":4,"down":3,"time":"08:27","yrdln":"OAK 48","ydstogo":9,"ydsnet":1,"posteam":"DEN","desc":"(8:27) (Shotgun) K.Orton pass incomplete short left to J.Gaffney (S.Routt).","note":null,"players":{"00-0023541":[{"sequence":2,"clubcode":"DEN","playerName":"K.Orton","statId":14,"yards":0},{"sequence":5,"clubcode":"DEN","playerName":"K.Orton","statId":112,"yards":9}],"0":[{"sequence":1,"clubcode":"DEN","playerName":"","statId":7,"yards":0}],"00-0023473":[{"sequence":4,"clubcode":"OAK","playerName":"S.Routt","statId":85,"yards":0}],"00-0021163":[{"sequence":3,"clubcode":"DEN","playerName":"J.Gaffney","statId":115,"yards":0}]}},"3116":{"sp":0,"qtr":4,"down":4,"time":"08:22","yrdln":"OAK 48","ydstogo":9,"ydsnet":1,"posteam":"DEN","desc":"(8:22) B.Kern punts 48 yards to end zone, Center-L.Paxton, Touchback.","note":"PUNT","players":{"0":[{"sequence":2,"clubcode":"OAK","playerName":"","statId":40,"yards":0}],"00-0025825":[{"sequence":1,"clubcode":"DEN","playerName":"B.Kern","statId":32,"yards":48}]}}},"fds":0,"result":"Punt","penyds":0,"ydsgained":1,"numplays":4,"postime":"0:58","start":{"qtr":4,"time":"09:11","yrdln":"OAK 49","team":"DEN"},"end":{"qtr":4,"time":"08:13","yrdln":"OAK 48","team":"DEN"}},"17":{"posteam":"OAK","qtr":4,"redzone":true,"plays":{"3133":{"sp":0,"qtr":4,"down":1,"time":"08:13","yrdln":"OAK 20","ydstogo":10,"ydsnet":0,"posteam":"OAK","desc":"(8:13) J.Russell pass incomplete short middle to L.Murphy.","note":null,"players":{"00-0025388":[{"sequence":1,"clubcode":"OAK","playerName":"J.Russell","statId":14,"yards":0},{"sequence":3,"clubcode":"OAK","playerName":"J.Russell","statId":112,"yards":5}],"00-0027089":[{"sequence":2,"clubcode":"OAK","playerName":"L.Murphy","statId":115,"yards":0}]}},"3155":{"sp":0,"qtr":4,"down":2,"time":"08:09","yrdln":"OAK 20","ydstogo":10,"ydsnet":0,"posteam":"OAK","desc":"(8:09) (Shotgun) J.Russell pass incomplete deep right to L.Murphy. Penalty on OAK-C.Green, Offensive Holding, declined.","note":null,"players":{"00-0025388":[{"sequence":1,"clubcode":"OAK","playerName":"J.Russell","statId":14,"yards":0},{"sequence":3,"clubcode":"OAK","playerName":"J.Russell","statId":112,"yards":18}],"00-0027089":[{"sequence":2,"clubcode":"OAK","playerName":"L.Murphy","statId":115,"yards":0}]}},"3188":{"sp":0,"qtr":4,"down":3,"time":"08:04","yrdln":"OAK 20","ydstogo":10,"ydsnet":0,"posteam":"OAK","desc":"(8:04) (Shotgun) J.Russell pass incomplete short right to Z.Miller.","note":null,"players":{"00-0025425":[{"sequence":3,"clubcode":"OAK","playerName":"Z.Miller","statId":115,"yards":0}],"00-0025388":[{"sequence":2,"clubcode":"OAK","playerName":"J.Russell","statId":14,"yards":0},{"sequence":4,"clubcode":"OAK","playerName":"J.Russell","statId":112,"yards":8}],"0":[{"sequence":1,"clubcode":"OAK","playerName":"","statId":7,"yards":0}]}},"3210":{"sp":0,"qtr":4,"down":4,"time":"07:56","yrdln":"OAK 20","ydstogo":10,"ydsnet":0,"posteam":"OAK","desc":"(7:56) S.Lechler punts 53 yards to DEN 27, Center-J.Condo. E.Royal to DEN 44 for 17 yards (I.Ekejiuba).","note":"PUNT","players":{"00-0026182":[{"sequence":2,"clubcode":"DEN","playerName":"E.Royal","statId":33,"yards":17}],"00-0019714":[{"sequence":1,"clubcode":"OAK","playerName":"S.Lechler","statId":29,"yards":53}],"00-0023313":[{"sequence":3,"clubcode":"OAK","playerName":"I.Ekejiuba","statId":79,"yards":0}]}}},"fds":0,"result":"Punt","penyds":0,"ydsgained":0,"numplays":4,"postime":"0:30","start":{"qtr":4,"time":"08:13","yrdln":"OAK 20","team":"OAK"},"end":{"qtr":4,"time":"07:43","yrdln":"OAK 20","team":"OAK"}},"18":{"posteam":"DEN","qtr":4,"redzone":true,"plays":{"3235":{"sp":0,"qtr":4,"down":1,"time":"07:43","yrdln":"DEN 44","ydstogo":10,"ydsnet":5,"posteam":"DEN","desc":"(7:43) (Shotgun) C.Buckhalter right tackle to DEN 49 for 5 yards (G.Ellis).","note":null,"players":{"00-0004851":[{"sequence":2,"clubcode":"OAK","playerName":"G.Ellis","statId":79,"yards":0}],"00-0020270":[{"sequence":1,"clubcode":"DEN","playerName":"C.Buckhalter","statId":10,"yards":5}]}},"3256":{"sp":0,"qtr":4,"down":2,"time":"07:01","yrdln":"DEN 49","ydstogo":5,"ydsnet":6,"posteam":"DEN","desc":"(7:01) (Shotgun) C.Buckhalter up the middle to 50 for 1 yard (R.Seymour).","note":null,"players":{"00-0020442":[{"sequence":2,"clubcode":"OAK","playerName":"R.Seymour","statId":79,"yards":0}],"00-0020270":[{"sequence":1,"clubcode":"DEN","playerName":"C.Buckhalter","statId":10,"yards":1}]}},"3277":{"sp":0,"qtr":4,"down":3,"time":"06:22","yrdln":"50","ydstogo":4,"ydsnet":6,"posteam":"DEN","desc":"(6:22) (Shotgun) K.Moreno up the middle to 50 for no gain (M.Mitchell).","note":null,"players":{"00-0027023":[{"sequence":3,"clubcode":"OAK","playerName":"M.Mitchell","statId":79,"yards":0}],"00-0026988":[{"sequence":2,"clubcode":"DEN","playerName":"K.Moreno","statId":10,"yards":0}],"0":[{"sequence":1,"clubcode":"DEN","playerName":"","statId":7,"yards":0}]}},"3298":{"sp":0,"qtr":4,"down":4,"time":"05:37","yrdln":"50","ydstogo":4,"ydsnet":6,"posteam":"DEN","desc":"(5:37) B.Kern punts 33 yards to OAK 17, Center-L.Paxton. J.Higgins to OAK 24 for 7 yards (D.Graham).","note":"PUNT","players":{"00-0025486":[{"sequence":2,"clubcode":"OAK","playerName":"J.Higgins","statId":33,"yards":7}],"00-0021154":[{"sequence":3,"clubcode":"DEN","playerName":"D.Graham","statId":79,"yards":0}],"00-0025825":[{"sequence":1,"clubcode":"DEN","playerName":"B.Kern","statId":29,"yards":33}]}}},"fds":0,"result":"Punt","penyds":0,"ydsgained":6,"numplays":4,"postime":"2:15","start":{"qtr":4,"time":"07:43","yrdln":"DEN 44","team":"DEN"},"end":{"qtr":4,"time":"05:28","yrdln":"50","team":"DEN"}},"19":{"posteam":"OAK","qtr":4,"redzone":true,"plays":{"3330":{"sp":0,"qtr":4,"down":1,"time":"05:28","yrdln":"OAK 24","ydstogo":10,"ydsnet":15,"posteam":"OAK","desc":"(5:28) (Shotgun) J.Russell scrambles up the middle to OAK 39 for 15 yards (D.McBath; W.Woodyard).","note":null,"players":{"00-0025828":[{"sequence":4,"clubcode":"DEN","playerName":"W.Woodyard","statId":82,"yards":0}],"00-0025388":[{"sequence":2,"clubcode":"OAK","playerName":"J.Russell","statId":10,"yards":15}],"0":[{"sequence":1,"clubcode":"OAK","playerName":"","statId":3,"yards":0}],"00-0027024":[{"sequence":3,"clubcode":"DEN","playerName":"D.McBath","statId":82,"yards":0}]}},"3351":{"sp":0,"qtr":4,"down":1,"time":"04:58","yrdln":"OAK 39","ydstogo":10,"ydsnet":10,"posteam":"OAK","desc":"(4:58) (No Huddle, Shotgun) PENALTY on OAK-E.Pears, False Start, 5 yards, enforced at OAK 39 - No Play.","note":"PENALTY","players":{"00-0023016":[{"sequence":1,"clubcode":"OAK","playerName":"E.Pears","statId":93,"yards":5}]}},"3374":{"sp":0,"qtr":4,"down":1,"time":"04:57","yrdln":"OAK 34","ydstogo":15,"ydsnet":16,"posteam":"OAK","desc":"(4:57) (Shotgun) J.Russell scrambles up the middle to OAK 40 for 6 yards (E.Dumervil).","note":null,"players":{"00-0025388":[{"sequence":1,"clubcode":"OAK","playerName":"J.Russell","statId":10,"yards":6}],"00-0024341":[{"sequence":2,"clubcode":"DEN","playerName":"E.Dumervil","statId":79,"yards":0}]}},"3395":{"sp":0,"qtr":4,"down":2,"time":"04:33","yrdln":"OAK 40","ydstogo":9,"ydsnet":24,"posteam":"OAK","desc":"(4:33) (No Huddle, Shotgun) J.Fargas up the middle to OAK 48 for 8 yards (D.Williams).","note":null,"players":{"00-0022093":[{"sequence":1,"clubcode":"OAK","playerName":"J.Fargas","statId":10,"yards":8}],"00-0022780":[{"sequence":2,"clubcode":"DEN","playerName":"D.Williams","statId":79,"yards":0}]}},"3416":{"sp":0,"qtr":4,"down":3,"time":"04:11","yrdln":"OAK 48","ydstogo":1,"ydsnet":20,"posteam":"OAK","desc":"(4:11) (No Huddle, Shotgun) J.Russell pass short right to J.Fargas to OAK 44 for -4 yards (D.Williams).","note":null,"players":{"00-0025388":[{"sequence":2,"clubcode":"OAK","playerName":"J.Russell","statId":15,"yards":-4},{"sequence":3,"clubcode":"OAK","playerName":"J.Russell","statId":111,"yards":-4}],"00-0022093":[{"sequence":4,"clubcode":"OAK","playerName":"J.Fargas","statId":21,"yards":-4},{"sequence":5,"clubcode":"OAK","playerName":"J.Fargas","statId":115,"yards":0},{"sequence":6,"clubcode":"OAK","playerName":"J.Fargas","statId":113,"yards":0}],"0":[{"sequence":1,"clubcode":"OAK","playerName":"","statId":7,"yards":0}],"00-0022780":[{"sequence":7,"clubcode":"DEN","playerName":"D.Williams","statId":79,"yards":0},{"sequence":8,"clubcode":"DEN","playerName":"D.Williams","statId":120,"yards":0}]}},"3440":{"sp":0,"qtr":4,"down":4,"time":"03:29","yrdln":"OAK 44","ydstogo":5,"ydsnet":20,"posteam":"OAK","desc":"(3:29) (Shotgun) J.Russell pass short left to J.Fargas to OAK 44 for no gain (D.Williams).","note":null,"players":{"00-0025388":[{"sequence":2,"clubcode":"OAK","playerName":"J.Russell","statId":15,"yards":0},{"sequence":3,"clubcode":"OAK","playerName":"J.Russell","statId":111,"yards":1}],"00-0022093":[{"sequence":4,"clubcode":"OAK","playerName":"J.Fargas","statId":21,"yards":0},{"sequence":5,"clubcode":"OAK","playerName":"J.Fargas","statId":115,"yards":0},{"sequence":6,"clubcode":"OAK","playerName":"J.Fargas","statId":113,"yards":-1}],"0":[{"sequence":1,"clubcode":"OAK","playerName":"","statId":9,"yards":0}],"00-0022780":[{"sequence":7,"clubcode":"DEN","playerName":"D.Williams","statId":79,"yards":0}]}}},"fds":1,"result":"Downs","penyds":-5,"ydsgained":25,"numplays":6,"postime":"2:06","start":{"qtr":4,"time":"05:28","yrdln":"OAK 24","team":"OAK"},"end":{"qtr":4,"time":"03:22","yrdln":"OAK 44","team":"OAK"}},"20":{"posteam":"DEN","qtr":4,"redzone":true,"plays":{"3464":{"sp":0,"qtr":4,"down":1,"time":"03:22","yrdln":"OAK 44","ydstogo":10,"ydsnet":2,"posteam":"DEN","desc":"(3:22) (Shotgun) L.Jordan left end to OAK 42 for 2 yards (T.Howard).","note":null,"players":{"00-0024253":[{"sequence":2,"clubcode":"OAK","playerName":"T.Howard","statId":79,"yards":0}],"00-0020462":[{"sequence":1,"clubcode":"DEN","playerName":"L.Jordan","statId":10,"yards":2}]}},"3485":{"sp":0,"qtr":4,"down":2,"time":"02:40","yrdln":"OAK 42","ydstogo":8,"ydsnet":7,"posteam":"DEN","desc":"(2:40) L.Jordan up the middle to OAK 37 for 5 yards (Team).","note":null,"players":{"0":[{"sequence":2,"clubcode":"OAK","playerName":"Team","statId":79,"yards":0}],"00-0020462":[{"sequence":1,"clubcode":"DEN","playerName":"L.Jordan","statId":10,"yards":5}]}},"3506":{"sp":0,"qtr":4,"down":0,"time":"02:00","yrdln":"","ydstogo":0,"ydsnet":7,"posteam":"","desc":"Two-Minute Warning","note":null,"players":{}},"3523":{"sp":0,"qtr":4,"down":3,"time":"02:00","yrdln":"OAK 37","ydstogo":3,"ydsnet":9,"posteam":"DEN","desc":"(2:00) L.Jordan up the middle to OAK 35 for 2 yards (Team).","note":null,"players":{"0":[{"sequence":1,"clubcode":"DEN","playerName":"","statId":7,"yards":0},{"sequence":3,"clubcode":"OAK","playerName":"Team","statId":79,"yards":0}],"00-0020462":[{"sequence":2,"clubcode":"DEN","playerName":"L.Jordan","statId":10,"yards":2}]}},"3544":{"sp":0,"qtr":4,"down":0,"time":"01:52","yrdln":"","ydstogo":0,"ydsnet":9,"posteam":"","desc":"Timeout #2 by OAK at 01:52.","note":"TIMEOUT","players":{"0":[{"sequence":1,"clubcode":"OAK","playerName":"","statId":68,"yards":0}]}},"3561":{"sp":0,"qtr":4,"down":4,"time":"01:52","yrdln":"OAK 35","ydstogo":1,"ydsnet":26,"posteam":"DEN","desc":"(1:52) K.Orton pass short middle to B.Marshall to OAK 18 for 17 yards (N.Asomugha).","note":null,"players":{"00-0023541":[{"sequence":3,"clubcode":"DEN","playerName":"K.Orton","statId":15,"yards":17},{"sequence":4,"clubcode":"DEN","playerName":"K.Orton","statId":111,"yards":15}],"00-0024334":[{"sequence":5,"clubcode":"DEN","playerName":"B.Marshall","statId":21,"yards":17},{"sequence":6,"clubcode":"DEN","playerName":"B.Marshall","statId":115,"yards":0},{"sequence":7,"clubcode":"DEN","playerName":"B.Marshall","statId":113,"yards":2}],"00-0022077":[{"sequence":8,"clubcode":"OAK","playerName":"N.Asomugha","statId":79,"yards":0}],"0":[{"sequence":1,"clubcode":"DEN","playerName":"","statId":4,"yards":0},{"sequence":2,"clubcode":"DEN","playerName":"","statId":8,"yards":0}]}},"3585":{"sp":0,"qtr":4,"down":1,"time":"01:08","yrdln":"OAK 18","ydstogo":10,"ydsnet":26,"posteam":"DEN","desc":"(1:08) L.Jordan up the middle to OAK 18 for no gain (R.Brown).","note":null,"players":{"00-0023945":[{"sequence":2,"clubcode":"OAK","playerName":"R.Brown","statId":79,"yards":0}],"00-0020462":[{"sequence":1,"clubcode":"DEN","playerName":"L.Jordan","statId":10,"yards":0}]}},"3606":{"sp":0,"qtr":4,"down":2,"time":"00:22","yrdln":"OAK 18","ydstogo":10,"ydsnet":25,"posteam":"DEN","desc":"(:22) K.Orton kneels to OAK 19 for -1 yards.","note":null,"players":{"00-0023541":[{"sequence":1,"clubcode":"DEN","playerName":"K.Orton","statId":10,"yards":-1}]}},"3627":{"sp":0,"qtr":4,"down":0,"time":"00:00","yrdln":"","ydstogo":0,"ydsnet":25,"posteam":"","desc":"END GAME","note":null,"players":{}}},"fds":1,"result":"End of Game","penyds":0,"ydsgained":25,"numplays":9,"postime":"3:22","start":{"qtr":4,"time":"03:22","yrdln":"OAK 44","team":"DEN"},"end":{"qtr":4,"time":"00:00","yrdln":"","team":"DEN"}},"crntdrv":20},"scrsummary":{"640":{"type":"TD","desc":"B.Marshall 2 yd. pass from K.Orton (M.Prater kick is good) Drive: 6 plays, 23 yards in 2:46","qtr":1,"team":"DEN","players":{"":"0","K.Orton":"00-0023541","B.Marshall":"00-0024334","M.Prater":"00-0023853"}},"849":{"type":"FG","desc":"M.Prater 48 yd. Field Goal Drive: 4 plays, 4 yards in 0:48","qtr":1,"team":"DEN","players":{"M.Prater":"00-0023853"}},"1226":{"type":"FG","desc":"S.Janikowski 48 yd. Field Goal Drive: 12 plays, 56 yards in 8:23","qtr":2,"team":"OAK","players":{"S.Janikowski":"00-0019646"}},"1562":{"type":"FG","desc":"M.Prater 21 yd. Field Goal Drive: 11 plays, 76 yards in 5:28","qtr":2,"team":"DEN","players":{"M.Prater":"00-0023853"}},"1985":{"type":"TD","desc":"K.Moreno 7 yd. run (M.Prater kick is good) Drive: 8 plays, 80 yards in 4:03","qtr":3,"team":"DEN","players":{"":"0","K.Moreno":"00-0026988","M.Prater":"00-0023853"}},"2803":{"type":"FG","desc":"M.Prater 24 yd. Field Goal Drive: 16 plays, 88 yards in 8:08","qtr":4,"team":"DEN","players":{"M.Prater":"00-0023853"}}},"weather":null,"media":null,"yl":"","qtr":"Final","note":null,"down":0,"togo":0,"redzone":true,"clock":"00:06","posteam":"DEN","stadium":null},"nextupdate":237}