{"2009122500":{"home":{"score":{"1":3,"2":7,"3":0,"4":7,"5":0,"T":17},"abbr":"TEN","to":3,"stats":{"passing":{"00-0024218":{"name":"V.Young","att":21,"cmp":8,"yds":89,"tds":0,"ints":2,"twopta":0,"twoptm":0}},"rushing":{"00-0026164":{"name":"C.Johnson","att":21,"yds":142,"tds":1,"lng":30,"twopta":0,"twoptm":0},"00-0024218":{"name":"V.Young","att":6,"yds":40,"tds":1,"lng":14,"twopta":0,"twoptm":0}},"receiving":{"00-0023367":{"name":"N.Washington","rec":4,"yds":39,"tds":0,"lng":12,"twopta":0,"twoptm":0},"00-0026164":{"name":"C.Johnson","rec":3,"yds":37,"tds":0,"lng":15,"twopta":0,"twoptm":0},"00-0027006":{"name":"K.Britt","rec":1,"yds":13,"tds":0,"lng":13,"twopta":0,"twoptm":0}},"fumbles":{"00-0024218":{"name":"V.Young","tot":1,"rcv":0,"trcv":0,"yds":0,"lost":1},"00-0021490":{"name":"T.Brown","tot":0,"rcv":0,"trcv":1,"yds":0,"lost":0}},"kicking":{"00-0020962":{"name":"R.Bironas","fgm":1,"fga":1,"fgyds":46,"totpfg":3,"xpmade":2,"xpmissed":0,"xpa":2,"xpb":0,"xptot":2}},"punting":{"00-0025825":{"name":"B.Kern","pts":3,"yds":125,"avg":40,"i20":2,"lng":46}},"kickret":{"00-0027006":{"name":"K.Britt","ret":7,"avg":13,"tds":0,"lng":29}},"puntret":{},"defense":{"00-0024331":{"name":"S.Tulloch","tkl":7,"ast":3,"sk":0,"int":0,"ffum":0},"00-0027095":{"name":"G.McRath","tkl":7,"ast":1,"sk":0,"int":0,"ffum":0},"00-0021219":{"name":"C.Hope","tkl":6,"ast":2,"sk":0,"int":0,"ffum":0},"00-0023812":{"name":"C.Allred","tkl":2,"ast":6,"sk":0,"int":0,"ffum":0},"00-0024429":{"name":"C.Finnegan","tkl":7,"ast":0,"sk":0,"int":0,"ffum":0},"00-0023648":{"name":"K.Vickerson","tkl":5,"ast":1,"sk":0,"int":0,"ffum":0},"00-0019733":{"name":"N.Harper","tkl":4,"ast":0,"sk":0,"int":0,"ffum":0},"00-0027136":{"name":"J.McCourty","tkl":3,"ast":0,"sk":0,"int":0,"ffum":1},"00-0023622":{"name":"J.Haye","tkl":3,"ast":0,"sk":0,"int":0,"ffum":0},"00-0027038":{"name":"S.Marks","tkl":2,"ast":1,"sk":0,"int":0,"ffum":0},"00-0020382":{"name":"K.Vanden Bosch","tkl":1,"ast":2,"sk":0,"int":0,"ffum":0},"00-0025591":{"name":"J.Ford","tkl":2,"ast":0,"sk":1,"int":0,"ffum":0},"00-0025406":{"name":"M.Griffin","tkl":2,"ast":0,"sk":0,"int":0,"ffum":0},"00-0022814":{"name":"D.Ball","tkl":0,"ast":2,"sk":0,"int":0,"ffum":0},"00-0021490":{"name":"T.Brown","tkl":0,"ast":1,"sk":0,"int":0,"ffum":0},"00-0023543":{"name":"V.Fuller","tkl":0,"ast":1,"sk":0,"int":0,"ffum":0}},"team":{"totfd":17,"totyds":270,"pyds":88,"ryds":182,"pen":9,"penyds":74,"trnovr":3,"pt":3,"ptyds":125,"ptavg":40,"top":"20:53"}},"players":null},"away":{"score":{"1":7,"2":14,"3":14,"4":7,"5":0,"T":42},"abbr":"SD","to":3,"stats":{"passing":{"00-0022942":{"name":"P.Rivers","att":27,"cmp":21,"yds":264,"tds":2,"ints":0,"twopta":0,"twoptm":0},"00-0020536":{"name":"L.Tomlinson","att":1,"cmp":0,"yds":0,"tds":0,"ints":0,"twopta":0,"twoptm":0}},"rushing":{"00-0026069":{"name":"M.Tolbert","att":11,"yds":60,"tds":0,"lng":20,"twopta":0,"twoptm":0},"00-0020536":{"name":"L.Tomlinson","att":16,"yds":59,"tds":2,"lng":9,"twopta":0,"twoptm":0},"00-0023564":{"name":"D.Sproles","att":5,"yds":38,"tds":2,"lng":21,"twopta":0,"twoptm":0},"00-0026209":{"name":"J.Hester","att":3,"yds":10,"tds":0,"lng":6,"twopta":0,"twoptm":0},"00-0023496":{"name":"V.Jackson","att":1,"yds":3,"tds":0,"lng":3,"twopta":0,"twoptm":0},"00-0022942":{"name":"P.Rivers","att":1,"yds":-1,"tds":0,"lng":-1,"twopta":0,"twoptm":0},"00-0019041":{"name":"B.Volek","att":3,"yds":-3,"tds":0,"lng":-1,"twopta":0,"twoptm":0}},"receiving":{"00-0023496":{"name":"V.Jackson","rec":5,"yds":70,"tds":0,"lng":20,"twopta":0,"twoptm":0},"00-0021547":{"name":"A.Gates","rec":3,"yds":74,"tds":1,"lng":36,"twopta":0,"twoptm":0},"00-0022414":{"name":"M.Floyd","rec":3,"yds":55,"tds":0,"lng":22,"twopta":0,"twoptm":0},"00-0025559":{"name":"L.Naanee","rec":2,"yds":25,"tds":0,"lng":20,"twopta":0,"twoptm":0},"00-0023564":{"name":"D.Sproles","rec":2,"yds":23,"tds":1,"lng":20,"twopta":0,"twoptm":0},"00-0026209":{"name":"J.Hester","rec":2,"yds":8,"tds":0,"lng":4,"twopta":0,"twoptm":0},"00-0020536":{"name":"L.Tomlinson","rec":2,"yds":4,"tds":0,"lng":2,"twopta":0,"twoptm":0},"00-0026069":{"name":"M.Tolbert","rec":1,"yds":11,"tds":0,"lng":11,"twopta":0,"twoptm":0},"00-0020342":{"name":"B.Manumaleuna","rec":1,"yds":-6,"tds":0,"lng":-6,"twopta":0,"twoptm":0}},"fumbles":{"00-0026209":{"name":"J.Hester","tot":1,"rcv":0,"trcv":0,"yds":0,"lost":1},"00-0021544":{"name":"S.Cooper","tot":0,"rcv":0,"trcv":1,"yds":0,"lost":0}},"kicking":{"00-0022737":{"name":"N.Kaeding","fgm":0,"fga":0,"fgyds":0,"totpfg":0,"xpmade":6,"xpmissed":0,"xpa":6,"xpb":0,"xptot":6}},"punting":{"00-0022017":{"name":"M.Scifres","pts":1,"yds":29,"avg":29,"i20":0,"lng":29}},"kickret":{"00-0023564":{"name":"D.Sproles","ret":4,"avg":21,"tds":0,"lng":26}},"puntret":{"00-0023564":{"name":"D.Sproles","ret":1,"avg":6,"tds":0,"lng":6}},"defense":{"00-0021544":{"name":"S.Cooper","tkl":3,"ast":2,"sk":0,"int":0,"ffum":0},"00-0023998":{"name":"S.Gregory","tkl":4,"ast":0,"sk":0,"int":0,"ffum":0},"00-0025424":{"name":"E.Weddle","tkl":3,"ast":1,"sk":0,"int":1,"ffum":0},"00-0021381":{"name":"Q.Jammer","tkl":3,"ast":1,"sk":0,"int":0,"ffum":0},"00-0024365":{"name":"T.Dobbins","tkl":2,"ast":2,"sk":0,"int":0,"ffum":0},"00-0022723":{"name":"S.Phillips","tkl":3,"ast":0,"sk":0,"int":0,"ffum":1},"00-0024234":{"name":"A.Cromartie","tkl":3,"ast":0,"sk":0,"int":0,"ffum":0},"00-0026992":{"name":"L.English","tkl":3,"ast":0,"sk":0,"int":0,"ffum":0},"00-0023446":{"name":"S.Merriman","tkl":2,"ast":1,"sk":0,"int":0,"ffum":0},"00-0025788":{"name":"P.Oliver","tkl":1,"ast":2,"sk":0,"int":0,"ffum":0},"00-0023463":{"name":"L.Castillo","tkl":1,"ast":2,"sk":0,"int":0,"ffum":0},"00-0022140":{"name":"I.Scott","tkl":2,"ast":0,"sk":1,"int":0,"ffum":0},"00-0025627":{"name":"B.Siler","tkl":2,"ast":0,"sk":0,"int":1,"ffum":0},"00-0023450":{"name":"T.Johnson","tkl":1,"ast":1,"sk":0,"int":0,"ffum":0},"00-0022169":{"name":"A.Garay","tkl":0,"ast":1,"sk":0,"int":0,"ffum":0},"00-0023084":{"name":"M.Harris","tkl":0,"ast":1,"sk":0,"int":0,"ffum":0}},"team":{"totfd":30,"totyds":425,"pyds":259,"ryds":166,"pen":6,"penyds":45,"trnovr":1,"pt":1,"ptyds":29,"ptavg":29,"top":"39:07"}},"players":null},"drives":{"1":{"posteam":"SD","qtr":1,"redzone":true,"plays":{"36":{"sp":0,"qtr":1,"down":0,"time":"15:00","yrdln":"TEN 30","ydstogo":0,"ydsnet":0,"posteam":"TEN","desc":"R.Bironas kicks 61 yards from TEN 30 to SD 9. D.Sproles to SD 32 for 23 yards (J.Winborn).","note":"KICKOFF","players":{"00-0023564":[{"sequence":2,"clubcode":"SD","playerName":"D.Sproles","statId":45,"yards":23}],"00-0020962":[{"sequence":1,"clubcode":"TEN","playerName":"R.Bironas","statId":41,"yards":61}],"00-0020470":[{"sequence":3,"clubcode":"TEN","playerName":"J.Winborn","statId":79,"yards":0}]}},"58":{"sp":0,"qtr":1,"down":1,"time":"14:54","yrdln":"SD 32","ydstogo":10,"ydsnet":4,"posteam":"SD","desc":"(14:54) P.Rivers pass short right to J.Hester to SD 36 for 4 yards (G.McRath).","note":null,"players":{"00-0022942":[{"sequence":1,"clubcode":"SD","playerName":"P.Rivers","statId":15,"yards":4},{"sequence":2,"clubcode":"SD","playerName":"P.Rivers","statId":111,"yards":2}],"00-0027095":[{"sequence":6,"clubcode":"TEN","playerName":"G.McRath","statId":79,"yards":0}],"00-0026209":[{"sequence":3,"clubcode":"SD","playerName":"J.Hester","statId":21,"yards":4},{"sequence":4,"clubcode":"SD","playerName":"J.Hester","statId":115,"yards":0},{"sequence":5,"clubcode":"SD","playerName":"J.Hester","statId":113,"yards":2}]}},"82":{"sp":0,"qtr":1,"down":2,"time":"14:15","yrdln":"SD 36","ydstogo":6,"ydsnet":13,"posteam":"SD","desc":"(14:15) L.Tomlinson left tackle to SD 45 for 9 yards (C.Finnegan, C.Hope).","note":null,"players":{"00-0021219":[{"sequence":4,"clubcode":"TEN","playerName":"C.Hope","statId":82,"yards":0}],"00-0024429":[{"sequence":3,"clubcode":"TEN","playerName":"C.Finnegan","statId":80,"yards":0}],"00-0020536":[{"sequence":2,"clubcode":"SD","playerName":"L.Tomlinson","statId":10,"yards":9}],"0":[{"sequence":1,"clubcode":"SD","playerName":"","statId":3,"yards":0}]}},"103":{"sp":0,"qtr":1,"down":1,"time":"13:39","yrdln":"SD 45","ydstogo":10,"ydsnet":18,"posteam":"SD","desc":"(13:39) L.Tomlinson left tackle to 50 for 5 yards (C.Finnegan).","note":null,"players":{"00-0024429":[{"sequence":2,"clubcode":"TEN","playerName":"C.Finnegan","statId":79,"yards":0}],"00-0020536":[{"sequence":1,"clubcode":"SD","playerName":"L.Tomlinson","statId":10,"yards":5}]}},"124":{"sp":0,"qtr":1,"down":2,"time":"12:58","yrdln":"50","ydstogo":5,"ydsnet":13,"posteam":"SD","desc":"(12:58) (Shotgun) PENALTY on SD-M.McNeill, False Start, 5 yards, enforced at 50 - No Play.","note":"PENALTY","players":{"00-0024265":[{"sequence":1,"clubcode":"SD","playerName":"M.McNeill","statId":93,"yards":5}]}},"147":{"sp":0,"qtr":1,"down":2,"time":"12:33","yrdln":"SD 45","ydstogo":10,"ydsnet":19,"posteam":"SD","desc":"(12:33) (Shotgun) P.Rivers pass short middle to A.Gates to TEN 49 for 6 yards (S.Tulloch).","note":null,"players":{"00-0022942":[{"sequence":1,"clubcode":"SD","playerName":"P.Rivers","statId":15,"yards":6},{"sequence":2,"clubcode":"SD","playerName":"P.Rivers","statId":111,"yards":3}],"00-0024331":[{"sequence":6,"clubcode":"TEN","playerName":"S.Tulloch","statId":79,"yards":0}],"00-0021547":[{"sequence":3,"clubcode":"SD","playerName":"A.Gates","statId":21,"yards":6},{"sequence":4,"clubcode":"SD","playerName":"A.Gates","statId":115,"yards":0},{"sequence":5,"clubcode":"SD","playerName":"A.Gates","statId":113,"yards":3}]}},"171":{"sp":0,"qtr":1,"down":3,"time":"11:52","yrdln":"TEN 49","ydstogo":4,"ydsnet":19,"posteam":"SD","desc":"(11:52) (Shotgun) P.Rivers pass incomplete short middle to A.Gates.","note":null,"players":{"00-0022942":[{"sequence":2,"clubcode":"SD","playerName":"P.Rivers","statId":14,"yards":0},{"sequence":4,"clubcode":"SD","playerName":"P.Rivers","statId":112,"yards":1}],"00-0021547":[{"sequence":3,"clubcode":"SD","playerName":"A.Gates","statId":115,"yards":0}],"0":[{"sequence":1,"clubcode":"SD","playerName":"","statId":7,"yards":0}]}},"193":{"sp":0,"qtr":1,"down":4,"time":"11:48","yrdln":"TEN 49","ydstogo":4,"ydsnet":19,"posteam":"SD","desc":"(11:48) (Punt formation) M.Scifres punts 29 yards to TEN 20, Center-D.Binn, fair catch by K.Kaesviharn.","note":"PUNT","players":{"00-0022017":[{"sequence":1,"clubcode":"SD","playerName":"M.Scifres","statId":29,"yards":29}],"00-0019993":[{"sequence":2,"clubcode":"TEN","playerName":"K.Kaesviharn","statId":39,"yards":0}]}}},"fds":1,"result":"Punt","penyds":-5,"ydsgained":24,"numplays":8,"postime":"3:19","start":{"qtr":1,"time":"15:00","yrdln":"SD 32","team":"SD"},"end":{"qtr":1,"time":"11:41","yrdln":"TEN 49","team":"SD"}},"2":{"posteam":"TEN","qtr":1,"redzone":true,"plays":{"217":{"sp":0,"qtr":1,"down":1,"time":"11:41","yrdln":"TEN 20","ydstogo":10,"ydsnet":25,"posteam":"TEN","desc":"(11:41) C.Johnson left end to TEN 45 for 25 yards (Q.Jammer).","note":null,"players":{"00-0026164":[{"sequence":2,"clubcode":"TEN","playerName":"C.Johnson","statId":10,"yards":25}],"0":[{"sequence":1,"clubcode":"TEN","playerName":"","statId":3,"yards":0}],"00-0021381":[{"sequence":3,"clubcode":"SD","playerName":"Q.Jammer","statId":79,"yards":0}]}},"238":{"sp":0,"qtr":1,"down":1,"time":"10:59","yrdln":"TEN 45","ydstogo":10,"ydsnet":26,"posteam":"TEN","desc":"(10:59) C.Johnson right tackle to TEN 46 for 1 yard (S.Phillips, P.Oliver).","note":null,"players":{"00-0025788":[{"sequence":3,"clubcode":"SD","playerName":"P.Oliver","statId":82,"yards":0}],"00-0026164":[{"sequence":1,"clubcode":"TEN","playerName":"C.Johnson","statId":10,"yards":1}],"00-0022723":[{"sequence":2,"clubcode":"SD","playerName":"S.Phillips","statId":80,"yards":0}]}},"259":{"sp":0,"qtr":1,"down":2,"time":"10:21","yrdln":"TEN 46","ydstogo":9,"ydsnet":38,"posteam":"TEN","desc":"(10:21) V.Young pass short left to N.Washington ran ob at SD 42 for 12 yards.","note":null,"players":{"0":[{"sequence":1,"clubcode":"TEN","playerName":"","statId":4,"yards":0}],"00-0023367":[{"sequence":4,"clubcode":"TEN","playerName":"N.Washington","statId":21,"yards":12},{"sequence":5,"clubcode":"TEN","playerName":"N.Washington","statId":115,"yards":0},{"sequence":6,"clubcode":"TEN","playerName":"N.Washington","statId":113,"yards":0}],"00-0024218":[{"sequence":2,"clubcode":"TEN","playerName":"V.Young","statId":15,"yards":12},{"sequence":3,"clubcode":"TEN","playerName":"V.Young","statId":111,"yards":12}]}},"283":{"sp":0,"qtr":1,"down":1,"time":"09:50","yrdln":"SD 42","ydstogo":10,"ydsnet":52,"posteam":"TEN","desc":"(9:50) V.Young pass short left to C.Johnson to SD 28 for 14 yards (S.Merriman).","note":null,"players":{"00-0026164":[{"sequence":4,"clubcode":"TEN","playerName":"C.Johnson","statId":21,"yards":14},{"sequence":5,"clubcode":"TEN","playerName":"C.Johnson","statId":115,"yards":0},{"sequence":6,"clubcode":"TEN","playerName":"C.Johnson","statId":113,"yards":12}],"00-0023446":[{"sequence":7,"clubcode":"SD","playerName":"S.Merriman","statId":79,"yards":0}],"0":[{"sequence":1,"clubcode":"TEN","playerName":"","statId":4,"yards":0}],"00-0024218":[{"sequence":2,"clubcode":"TEN","playerName":"V.Young","statId":15,"yards":14},{"sequence":3,"clubcode":"TEN","playerName":"V.Young","statId":111,"yards":2}]}},"307":{"sp":0,"qtr":1,"down":1,"time":"09:10","yrdln":"SD 28","ydstogo":10,"ydsnet":52,"posteam":"TEN","desc":"(9:10) C.Johnson right guard to SD 28 for no gain (S.Cooper, L.Castillo).","note":null,"players":{"00-0021544":[{"sequence":2,"clubcode":"SD","playerName":"S.Cooper","statId":80,"yards":0}],"00-0026164":[{"sequence":1,"clubcode":"TEN","playerName":"C.Johnson","statId":10,"yards":0}],"00-0023463":[{"sequence":3,"clubcode":"SD","playerName":"L.Castillo","statId":82,"yards":0}]}},"328":{"sp":0,"qtr":1,"down":2,"time":"08:26","yrdln":"SD 28","ydstogo":10,"ydsnet":52,"posteam":"TEN","desc":"(8:26) (Shotgun) V.Young pass incomplete short left to K.Britt.","note":null,"players":{"00-0027006":[{"sequence":2,"clubcode":"TEN","playerName":"K.Britt","statId":115,"yards":0}],"00-0024218":[{"sequence":1,"clubcode":"TEN","playerName":"V.Young","statId":14,"yards":0},{"sequence":3,"clubcode":"TEN","playerName":"V.Young","statId":112,"yards":3}]}},"350":{"sp":0,"qtr":1,"down":3,"time":"08:22","yrdln":"SD 28","ydstogo":10,"ydsnet":52,"posteam":"TEN","desc":"(8:22) (Shotgun) V.Young pass incomplete short left to N.Washington.","note":null,"players":{"0":[{"sequence":1,"clubcode":"TEN","playerName":"","statId":7,"yards":0}],"00-0023367":[{"sequence":3,"clubcode":"TEN","playerName":"N.Washington","statId":115,"yards":0}],"00-0024218":[{"sequence":2,"clubcode":"TEN","playerName":"V.Young","statId":14,"yards":0},{"sequence":4,"clubcode":"TEN","playerName":"V.Young","statId":112,"yards":7}]}},"372":{"sp":1,"qtr":1,"down":4,"time":"08:17","yrdln":"SD 28","ydstogo":10,"ydsnet":52,"posteam":"TEN","desc":"(8:17) (Field Goal formation) R.Bironas 46 yard field goal is GOOD, Center-K.Amato, Holder-B.Kern.","note":"FG","players":{"00-0020962":[{"sequence":1,"clubcode":"TEN","playerName":"R.Bironas","statId":70,"yards":46}]}}},"fds":3,"result":"Field Goal","penyds":0,"ydsgained":52,"numplays":8,"postime":"3:29","start":{"qtr":1,"time":"11:41","yrdln":"TEN 20","team":"TEN"},"end":{"qtr":1,"time":"08:12","yrdln":"SD 28","team":"TEN"}},"3":{"posteam":"SD","qtr":1,"redzone":true,"plays":{"392":{"sp":0,"qtr":1,"down":0,"time":"08:12","yrdln":"TEN 30","ydstogo":0,"ydsnet":0,"posteam":"TEN","desc":"R.Bironas kicks 66 yards from TEN 30 to SD 4. D.Sproles to SD 24 for 20 yards (J.Winborn).","note":"KICKOFF","players":{"00-0023564":[{"sequence":2,"clubcode":"SD","playerName":"D.Sproles","statId":45,"yards":20}],"00-0020962":[{"sequence":1,"clubcode":"TEN","playerName":"R.Bironas","statId":41,"yards":66}],"00-0020470":[{"sequence":3,"clubcode":"TEN","playerName":"J.Winborn","statId":79,"yards":0}]}},"415":{"sp":0,"qtr":1,"down":1,"time":"08:06","yrdln":"SD 24","ydstogo":10,"ydsnet":2,"posteam":"SD","desc":"(8:06) L.Tomlinson right guard to SD 26 for 2 yards (C.Hope).","note":null,"players":{"00-0021219":[{"sequence":2,"clubcode":"TEN","playerName":"C.Hope","statId":79,"yards":0}],"00-0020536":[{"sequence":1,"clubcode":"SD","playerName":"L.Tomlinson","statId":10,"yards":2}]}},"436":{"sp":0,"qtr":1,"down":2,"time":"07:33","yrdln":"SD 26","ydstogo":8,"ydsnet":5,"posteam":"SD","desc":"(7:33) V.Jackson left end to SD 29 for 3 yards (C.Finnegan).","note":null,"players":{"00-0024429":[{"sequence":2,"clubcode":"TEN","playerName":"C.Finnegan","statId":79,"yards":0}],"00-0023496":[{"sequence":1,"clubcode":"SD","playerName":"V.Jackson","statId":10,"yards":3}]}},"457":{"sp":0,"qtr":1,"down":3,"time":"06:57","yrdln":"SD 29","ydstogo":5,"ydsnet":10,"posteam":"SD","desc":"(6:57) (Shotgun) PENALTY on TEN-J.Ford, Neutral Zone Infraction, 5 yards, enforced at SD 29 - No Play.","note":"PENALTY","players":{"0":[{"sequence":1,"clubcode":"SD","playerName":"","statId":5,"yards":0}],"00-0025591":[{"sequence":2,"clubcode":"TEN","playerName":"J.Ford","statId":93,"yards":5}]}},"480":{"sp":0,"qtr":1,"down":1,"time":"06:37","yrdln":"SD 34","ydstogo":10,"ydsnet":22,"posteam":"SD","desc":"(6:37) P.Rivers pass short left to M.Floyd to SD 46 for 12 yards (C.Finnegan).","note":null,"players":{"00-0022942":[{"sequence":2,"clubcode":"SD","playerName":"P.Rivers","statId":15,"yards":12},{"sequence":3,"clubcode":"SD","playerName":"P.Rivers","statId":111,"yards":11}],"00-0022414":[{"sequence":4,"clubcode":"SD","playerName":"M.Floyd","statId":21,"yards":12},{"sequence":5,"clubcode":"SD","playerName":"M.Floyd","statId":115,"yards":0},{"sequence":6,"clubcode":"SD","playerName":"M.Floyd","statId":113,"yards":1}],"00-0024429":[{"sequence":7,"clubcode":"TEN","playerName":"C.Finnegan","statId":79,"yards":0}],"0":[{"sequence":1,"clubcode":"SD","playerName":"","statId":4,"yards":0}]}},"504":{"sp":0,"qtr":1,"down":1,"time":"06:06","yrdln":"SD 46","ydstogo":10,"ydsnet":22,"posteam":"SD","desc":"(6:06) P.Rivers pass incomplete deep right to V.Jackson (N.Harper).","note":null,"players":{"00-0022942":[{"sequence":1,"clubcode":"SD","playerName":"P.Rivers","statId":14,"yards":0},{"sequence":4,"clubcode":"SD","playerName":"P.Rivers","statId":112,"yards":46}],"00-0019733":[{"sequence":3,"clubcode":"TEN","playerName":"N.Harper","statId":85,"yards":0}],"00-0023496":[{"sequence":2,"clubcode":"SD","playerName":"V.Jackson","statId":115,"yards":0}]}},"526":{"sp":0,"qtr":1,"down":2,"time":"05:58","yrdln":"SD 46","ydstogo":10,"ydsnet":24,"posteam":"SD","desc":"(5:58) P.Rivers pass short right to L.Tomlinson to SD 48 for 2 yards (G.McRath, C.Allred).","note":null,"players":{"00-0022942":[{"sequence":1,"clubcode":"SD","playerName":"P.Rivers","statId":15,"yards":2},{"sequence":2,"clubcode":"SD","playerName":"P.Rivers","statId":111,"yards":-5}],"00-0020536":[{"sequence":3,"clubcode":"SD","playerName":"L.Tomlinson","statId":21,"yards":2},{"sequence":4,"clubcode":"SD","playerName":"L.Tomlinson","statId":115,"yards":0},{"sequence":5,"clubcode":"SD","playerName":"L.Tomlinson","statId":113,"yards":7}],"00-0027095":[{"sequence":6,"clubcode":"TEN","playerName":"G.McRath","statId":80,"yards":0}],"00-0023812":[{"sequence":7,"clubcode":"TEN","playerName":"C.Allred","statId":82,"yards":0}]}},"550":{"sp":0,"qtr":1,"down":3,"time":"05:13","yrdln":"SD 48","ydstogo":8,"ydsnet":44,"posteam":"SD","desc":"(5:13) (Shotgun) P.Rivers pass deep left to V.Jackson to TEN 32 for 20 yards (S.Tulloch) [S.Marks].","note":null,"players":{"00-0027038":[{"sequence":8,"clubcode":"TEN","playerName":"S.Marks","statId":110,"yards":0}],"00-0022942":[{"sequence":3,"clubcode":"SD","playerName":"P.Rivers","statId":15,"yards":20},{"sequence":4,"clubcode":"SD","playerName":"P.Rivers","statId":111,"yards":18}],"00-0024331":[{"sequence":9,"clubcode":"TEN","playerName":"S.Tulloch","statId":79,"yards":0}],"00-0023496":[{"sequence":5,"clubcode":"SD","playerName":"V.Jackson","statId":21,"yards":20},{"sequence":6,"clubcode":"SD","playerName":"V.Jackson","statId":115,"yards":0},{"sequence":7,"clubcode":"SD","playerName":"V.Jackson","statId":113,"yards":2}],"0":[{"sequence":1,"clubcode":"SD","playerName":"","statId":4,"yards":0},{"sequence":2,"clubcode":"SD","playerName":"","statId":6,"yards":0}]}},"574":{"sp":0,"qtr":1,"down":1,"time":"04:31","yrdln":"TEN 32","ydstogo":10,"ydsnet":49,"posteam":"SD","desc":"(4:31) L.Tomlinson left tackle to TEN 32 for no gain (C.Finnegan). PENALTY on TEN-K.Vickerson, Defensive Offside, 5 yards, enforced at TEN 32 - No Play.","note":"PENALTY","players":{"00-0023648":[{"sequence":1,"clubcode":"TEN","playerName":"K.Vickerson","statId":93,"yards":5}]}},"606":{"sp":0,"qtr":1,"down":1,"time":"04:10","yrdln":"TEN 27","ydstogo":5,"ydsnet":50,"posteam":"SD","desc":"(4:10) L.Tomlinson up the middle to TEN 26 for 1 yard (J.Haye, K.Vickerson).","note":null,"players":{"00-0023648":[{"sequence":3,"clubcode":"TEN","playerName":"K.Vickerson","statId":82,"yards":0}],"00-0020536":[{"sequence":1,"clubcode":"SD","playerName":"L.Tomlinson","statId":10,"yards":1}],"00-0023622":[{"sequence":2,"clubcode":"TEN","playerName":"J.Haye","statId":80,"yards":0}]}},"628":{"sp":0,"qtr":1,"down":2,"time":"03:28","yrdln":"TEN 26","ydstogo":4,"ydsnet":56,"posteam":"SD","desc":"(3:28) L.Tomlinson left tackle to TEN 20 for 6 yards (C.Hope).","note":null,"players":{"00-0021219":[{"sequence":3,"clubcode":"TEN","playerName":"C.Hope","statId":79,"yards":0}],"00-0020536":[{"sequence":2,"clubcode":"SD","playerName":"L.Tomlinson","statId":10,"yards":6}],"0":[{"sequence":1,"clubcode":"SD","playerName":"","statId":3,"yards":0}]}},"649":{"sp":0,"qtr":1,"down":1,"time":"02:47","yrdln":"TEN 20","ydstogo":10,"ydsnet":56,"posteam":"SD","desc":"(2:47) P.Rivers pass incomplete short left to D.Sproles.","note":null,"players":{"00-0022942":[{"sequence":1,"clubcode":"SD","playerName":"P.Rivers","statId":14,"yards":0},{"sequence":3,"clubcode":"SD","playerName":"P.Rivers","statId":112,"yards":0}],"00-0023564":[{"sequence":2,"clubcode":"SD","playerName":"D.Sproles","statId":115,"yards":0}]}},"671":{"sp":0,"qtr":1,"down":2,"time":"02:43","yrdln":"TEN 20","ydstogo":10,"ydsnet":65,"posteam":"SD","desc":"(2:43) (Shotgun) P.Rivers pass short middle to V.Jackson to TEN 11 for 9 yards (N.Harper).","note":null,"players":{"00-0022942":[{"sequence":1,"clubcode":"SD","playerName":"P.Rivers","statId":15,"yards":9},{"sequence":2,"clubcode":"SD","playerName":"P.Rivers","statId":111,"yards":6}],"00-0019733":[{"sequence":6,"clubcode":"TEN","playerName":"N.Harper","statId":79,"yards":0}],"00-0023496":[{"sequence":3,"clubcode":"SD","playerName":"V.Jackson","statId":21,"yards":9},{"sequence":4,"clubcode":"SD","playerName":"V.Jackson","statId":115,"yards":0},{"sequence":5,"clubcode":"SD","playerName":"V.Jackson","statId":113,"yards":3}]}},"695":{"sp":0,"qtr":1,"down":3,"time":"02:07","yrdln":"TEN 11","ydstogo":1,"ydsnet":69,"posteam":"SD","desc":"(2:07) P.Rivers pass incomplete short left to K.Wilson. PENALTY on TEN-C.Finnegan, Defensive Pass Interference, 4 yards, enforced at TEN 11 - No Play.","note":"PENALTY","players":{"00-0024429":[{"sequence":2,"clubcode":"TEN","playerName":"C.Finnegan","statId":93,"yards":4}],"0":[{"sequence":1,"clubcode":"SD","playerName":"","statId":5,"yards":0}]}},"728":{"sp":0,"qtr":1,"down":1,"time":"02:02","yrdln":"TEN 7","ydstogo":7,"ydsnet":73,"posteam":"SD","desc":"(2:02) L.Tomlinson left guard to TEN 3 for 4 yards (C.Finnegan, C.Allred).","note":null,"players":{"00-0024429":[{"sequence":2,"clubcode":"TEN","playerName":"C.Finnegan","statId":80,"yards":0}],"00-0020536":[{"sequence":1,"clubcode":"SD","playerName":"L.Tomlinson","statId":10,"yards":4}],"00-0023812":[{"sequence":3,"clubcode":"TEN","playerName":"C.Allred","statId":82,"yards":0}]}},"749":{"sp":0,"qtr":1,"down":2,"time":"01:26","yrdln":"TEN 3","ydstogo":3,"ydsnet":73,"posteam":"SD","desc":"(1:26) L.Tomlinson pass incomplete short right to A.Gates.","note":null,"players":{"00-0020536":[{"sequence":1,"clubcode":"SD","playerName":"L.Tomlinson","statId":14,"yards":0},{"sequence":3,"clubcode":"SD","playerName":"L.Tomlinson","statId":112,"yards":3}],"00-0021547":[{"sequence":2,"clubcode":"SD","playerName":"A.Gates","statId":115,"yards":0}]}},"771":{"sp":0,"qtr":1,"down":3,"time":"01:20","yrdln":"TEN 3","ydstogo":3,"ydsnet":75,"posteam":"SD","desc":"(1:20) (Shotgun) PENALTY on TEN-D.Ball, Neutral Zone Infraction, 2 yards, enforced at TEN 3 - No Play.","note":"PENALTY","players":{"00-0022814":[{"sequence":1,"clubcode":"TEN","playerName":"D.Ball","statId":93,"yards":2}]}},"794":{"sp":1,"qtr":1,"down":3,"time":"01:20","yrdln":"TEN 1","ydstogo":1,"ydsnet":76,"posteam":"SD","desc":"(1:20) L.Tomlinson right guard for 1 yard, TOUCHDOWN.","note":"TD","players":{"00-0020536":[{"sequence":3,"clubcode":"SD","playerName":"L.Tomlinson","statId":11,"yards":1}],"0":[{"sequence":1,"clubcode":"SD","playerName":"","statId":3,"yards":0},{"sequence":2,"clubcode":"SD","playerName":"","statId":6,"yards":0}]}},"817":{"sp":1,"qtr":1,"down":0,"time":"01:16","yrdln":"TEN 2","ydstogo":0,"ydsnet":76,"posteam":"SD","desc":"N.Kaeding extra point is GOOD, Center-D.Binn, Holder-M.Scifres.","note":"XP","players":{"00-0022737":[{"sequence":1,"clubcode":"SD","playerName":"N.Kaeding","statId":72,"yards":0}]}}},"fds":6,"result":"Touchdown","penyds":16,"ydsgained":60,"numplays":19,"postime":"6:56","start":{"qtr":1,"time":"08:12","yrdln":"SD 24","team":"SD"},"end":{"qtr":1,"time":"01:16","yrdln":"TEN 1","team":"SD"}},"4":{"posteam":"TEN","qtr":2,"redzone":true,"plays":{"833":{"sp":0,"qtr":1,"down":0,"time":"01:16","yrdln":"SD 30","ydstogo":0,"ydsnet":0,"posteam":"SD","desc":"N.Kaeding kicks 55 yards from SD 30 to TEN 15. K.Britt to TEN 26 for 11 yards (S.Gregory).","note":"KICKOFF","players":{"00-0022737":[{"sequence":1,"clubcode":"SD","playerName":"N.Kaeding","statId":41,"yards":55}],"00-0023998":[{"sequence":3,"clubcode":"SD","playerName":"S.Gregory","statId":79,"yards":0}],"00-0027006":[{"sequence":2,"clubcode":"TEN","playerName":"K.Britt","statId":45,"yards":11}]}},"855":{"sp":0,"qtr":1,"down":1,"time":"01:12","yrdln":"TEN 26","ydstogo":10,"ydsnet":0,"posteam":"TEN","desc":"(1:12) V.Young pass incomplete deep left to J.Gage (E.Weddle).","note":null,"players":{"00-0021982":[{"sequence":2,"clubcode":"TEN","playerName":"J.Gage","statId":115,"yards":0}],"00-0025424":[{"sequence":3,"clubcode":"SD","playerName":"E.Weddle","statId":85,"yards":0}],"00-0024218":[{"sequence":1,"clubcode":"TEN","playerName":"V.Young","statId":14,"yards":0},{"sequence":4,"clubcode":"TEN","playerName":"V.Young","statId":112,"yards":36}]}},"877":{"sp":0,"qtr":1,"down":2,"time":"01:05","yrdln":"TEN 26","ydstogo":10,"ydsnet":17,"posteam":"TEN","desc":"(1:05) C.Johnson up the middle pushed ob at TEN 43 for 17 yards (L.English, P.Oliver).","note":null,"players":{"00-0025788":[{"sequence":4,"clubcode":"SD","playerName":"P.Oliver","statId":82,"yards":0}],"00-0026164":[{"sequence":2,"clubcode":"TEN","playerName":"C.Johnson","statId":10,"yards":17}],"0":[{"sequence":1,"clubcode":"TEN","playerName":"","statId":3,"yards":0}],"00-0026992":[{"sequence":3,"clubcode":"SD","playerName":"L.English","statId":80,"yards":0}]}},"903":{"sp":0,"qtr":1,"down":1,"time":"00:35","yrdln":"TEN 43","ydstogo":10,"ydsnet":31,"posteam":"TEN","desc":"(:35) V.Young right end to SD 43 for 14 yards (E.Weddle).","note":null,"players":{"00-0025424":[{"sequence":3,"clubcode":"SD","playerName":"E.Weddle","statId":79,"yards":0}],"0":[{"sequence":1,"clubcode":"TEN","playerName":"","statId":3,"yards":0}],"00-0024218":[{"sequence":2,"clubcode":"TEN","playerName":"V.Young","statId":10,"yards":14}]}},"924":{"sp":0,"qtr":1,"down":0,"time":"","yrdln":"","ydstogo":0,"ydsnet":31,"posteam":"","desc":"END QUARTER 1","note":null,"players":{}},"940":{"sp":0,"qtr":2,"down":1,"time":"15:00","yrdln":"SD 43","ydstogo":10,"ydsnet":31,"posteam":"TEN","desc":"(15:00) V.Young pass incomplete short right to J.Cook (I.Scott).","note":null,"players":{"00-0027061":[{"sequence":2,"clubcode":"TEN","playerName":"J.Cook","statId":115,"yards":0}],"00-0022140":[{"sequence":3,"clubcode":"SD","playerName":"I.Scott","statId":85,"yards":0}],"00-0024218":[{"sequence":1,"clubcode":"TEN","playerName":"V.Young","statId":14,"yards":0},{"sequence":4,"clubcode":"TEN","playerName":"V.Young","statId":112,"yards":0}]}},"962":{"sp":0,"qtr":2,"down":2,"time":"14:56","yrdln":"SD 43","ydstogo":10,"ydsnet":38,"posteam":"TEN","desc":"(14:56) C.Johnson right end pushed ob at SD 36 for 7 yards (L.English).","note":null,"players":{"00-0026164":[{"sequence":1,"clubcode":"TEN","playerName":"C.Johnson","statId":10,"yards":7}],"00-0026992":[{"sequence":2,"clubcode":"SD","playerName":"L.English","statId":79,"yards":0}]}},"983":{"sp":0,"qtr":2,"down":3,"time":"14:23","yrdln":"SD 36","ydstogo":3,"ydsnet":39,"posteam":"TEN","desc":"(14:23) C.Johnson right guard to SD 35 for 1 yard (B.Siler, A.Garay).","note":null,"players":{"00-0026164":[{"sequence":2,"clubcode":"TEN","playerName":"C.Johnson","statId":10,"yards":1}],"00-0022169":[{"sequence":4,"clubcode":"SD","playerName":"A.Garay","statId":82,"yards":0}],"0":[{"sequence":1,"clubcode":"TEN","playerName":"","statId":7,"yards":0}],"00-0025627":[{"sequence":3,"clubcode":"SD","playerName":"B.Siler","statId":80,"yards":0}]}},"1004":{"sp":0,"qtr":2,"down":4,"time":"13:43","yrdln":"SD 35","ydstogo":2,"ydsnet":45,"posteam":"TEN","desc":"(13:43) C.Johnson right tackle to SD 29 for 6 yards (B.Siler, E.Weddle).","note":null,"players":{"00-0026164":[{"sequence":3,"clubcode":"TEN","playerName":"C.Johnson","statId":10,"yards":6}],"00-0025424":[{"sequence":5,"clubcode":"SD","playerName":"E.Weddle","statId":82,"yards":0}],"0":[{"sequence":1,"clubcode":"TEN","playerName":"","statId":3,"yards":0},{"sequence":2,"clubcode":"TEN","playerName":"","statId":8,"yards":0}],"00-0025627":[{"sequence":4,"clubcode":"SD","playerName":"B.Siler","statId":80,"yards":0}]}},"1025":{"sp":0,"qtr":2,"down":1,"time":"12:58","yrdln":"SD 29","ydstogo":10,"ydsnet":45,"posteam":"TEN","desc":"(12:58) V.Young pass short middle intended for A.Crumpler INTERCEPTED by B.Siler at SD 19. B.Siler to SD 24 for 5 yards (M.Roos).","note":"INT","players":{"00-0023476":[{"sequence":6,"clubcode":"TEN","playerName":"M.Roos","statId":79,"yards":0}],"00-0020285":[{"sequence":2,"clubcode":"TEN","playerName":"A.Crumpler","statId":115,"yards":0}],"00-0025627":[{"sequence":4,"clubcode":"SD","playerName":"B.Siler","statId":25,"yards":5},{"sequence":5,"clubcode":"SD","playerName":"B.Siler","statId":85,"yards":0}],"00-0024218":[{"sequence":1,"clubcode":"TEN","playerName":"V.Young","statId":19,"yards":0},{"sequence":3,"clubcode":"TEN","playerName":"V.Young","statId":112,"yards":10}]}}},"fds":3,"result":"Interception","penyds":0,"ydsgained":45,"numplays":10,"postime":"3:27","start":{"qtr":1,"time":"01:16","yrdln":"TEN 26","team":"TEN"},"end":{"qtr":1,"time":"12:49","yrdln":"SD 29","team":"TEN"}},"5":{"posteam":"SD","qtr":2,"redzone":true,"plays":{"1052":{"sp":0,"qtr":2,"down":1,"time":"12:49","yrdln":"SD 24","ydstogo":10,"ydsnet":9,"posteam":"SD","desc":"(12:49) P.Rivers pass short right to V.Jackson pushed ob at SD 33 for 9 yards (G.McRath).","note":null,"players":{"00-0022942":[{"sequence":1,"clubcode":"SD","playerName":"P.Rivers","statId":15,"yards":9},{"sequence":2,"clubcode":"SD","playerName":"P.Rivers","statId":111,"yards":0}],"00-0023496":[{"sequence":3,"clubcode":"SD","playerName":"V.Jackson","statId":21,"yards":9},{"sequence":4,"clubcode":"SD","playerName":"V.Jackson","statId":115,"yards":0},{"sequence":5,"clubcode":"SD","playerName":"V.Jackson","statId":113,"yards":9}],"00-0027095":[{"sequence":6,"clubcode":"TEN","playerName":"G.McRath","statId":79,"yards":0}]}},"1081":{"sp":0,"qtr":2,"down":2,"time":"12:23","yrdln":"SD 33","ydstogo":1,"ydsnet":11,"posteam":"SD","desc":"(12:23) L.Tomlinson up the middle to SD 35 for 2 yards (G.McRath, C.Allred).","note":null,"players":{"00-0020536":[{"sequence":2,"clubcode":"SD","playerName":"L.Tomlinson","statId":10,"yards":2}],"0":[{"sequence":1,"clubcode":"SD","playerName":"","statId":3,"yards":0}],"00-0027095":[{"sequence":3,"clubcode":"TEN","playerName":"G.McRath","statId":80,"yards":0}],"00-0023812":[{"sequence":4,"clubcode":"TEN","playerName":"C.Allred","statId":82,"yards":0}]}},"1102":{"sp":0,"qtr":2,"down":1,"time":"11:46","yrdln":"SD 35","ydstogo":10,"ydsnet":16,"posteam":"SD","desc":"(11:46) (Shotgun) P.Rivers pass short left to L.Naanee to SD 40 for 5 yards (K.Vanden Bosch, V.Fuller).","note":null,"players":{"00-0023543":[{"sequence":7,"clubcode":"TEN","playerName":"V.Fuller","statId":82,"yards":0}],"00-0022942":[{"sequence":1,"clubcode":"SD","playerName":"P.Rivers","statId":15,"yards":5},{"sequence":2,"clubcode":"SD","playerName":"P.Rivers","statId":111,"yards":-2}],"00-0020382":[{"sequence":6,"clubcode":"TEN","playerName":"K.Vanden Bosch","statId":80,"yards":0}],"00-0025559":[{"sequence":3,"clubcode":"SD","playerName":"L.Naanee","statId":21,"yards":5},{"sequence":4,"clubcode":"SD","playerName":"L.Naanee","statId":115,"yards":0},{"sequence":5,"clubcode":"SD","playerName":"L.Naanee","statId":113,"yards":7}]}},"1126":{"sp":0,"qtr":2,"down":2,"time":"11:05","yrdln":"SD 40","ydstogo":5,"ydsnet":33,"posteam":"SD","desc":"(11:05) (Shotgun) P.Rivers pass short right to V.Jackson to TEN 43 for 17 yards (C.Hope, G.McRath).","note":null,"players":{"00-0022942":[{"sequence":2,"clubcode":"SD","playerName":"P.Rivers","statId":15,"yards":17},{"sequence":3,"clubcode":"SD","playerName":"P.Rivers","statId":111,"yards":13}],"00-0021219":[{"sequence":7,"clubcode":"TEN","playerName":"C.Hope","statId":80,"yards":0}],"00-0023496":[{"sequence":4,"clubcode":"SD","playerName":"V.Jackson","statId":21,"yards":17},{"sequence":5,"clubcode":"SD","playerName":"V.Jackson","statId":115,"yards":0},{"sequence":6,"clubcode":"SD","playerName":"V.Jackson","statId":113,"yards":4}],"0":[{"sequence":1,"clubcode":"SD","playerName":"","statId":4,"yards":0}],"00-0027095":[{"sequence":8,"clubcode":"TEN","playerName":"G.McRath","statId":82,"yards":0}]}},"1150":{"sp":0,"qtr":2,"down":1,"time":"10:17","yrdln":"TEN 43","ydstogo":10,"ydsnet":33,"posteam":"SD","desc":"(10:17) (Shotgun) P.Rivers pass incomplete short right to M.Tolbert [T.Brown].","note":null,"players":{"00-0022942":[{"sequence":1,"clubcode":"SD","playerName":"P.Rivers","statId":14,"yards":0},{"sequence":4,"clubcode":"SD","playerName":"P.Rivers","statId":112,"yards":3}],"00-0021490":[{"sequence":3,"clubcode":"TEN","playerName":"T.Brown","statId":110,"yards":0}],"00-0026069":[{"sequence":2,"clubcode":"SD","playerName":"M.Tolbert","statId":115,"yards":0}]}},"1172":{"sp":0,"qtr":2,"down":2,"time":"10:12","yrdln":"TEN 43","ydstogo":10,"ydsnet":38,"posteam":"SD","desc":"(10:12) PENALTY on TEN-T.Brown, Neutral Zone Infraction, 5 yards, enforced at TEN 43 - No Play.","note":"PENALTY","players":{"00-0021490":[{"sequence":1,"clubcode":"TEN","playerName":"T.Brown","statId":93,"yards":5}]}},"1196":{"sp":0,"qtr":2,"down":2,"time":"10:12","yrdln":"TEN 38","ydstogo":5,"ydsnet":45,"posteam":"SD","desc":"(10:12) L.Tomlinson up the middle to TEN 31 for 7 yards (M.Griffin).","note":null,"players":{"00-0020536":[{"sequence":2,"clubcode":"SD","playerName":"L.Tomlinson","statId":10,"yards":7}],"00-0025406":[{"sequence":3,"clubcode":"TEN","playerName":"M.Griffin","statId":79,"yards":0}],"0":[{"sequence":1,"clubcode":"SD","playerName":"","statId":3,"yards":0}]}},"1217":{"sp":0,"qtr":2,"down":1,"time":"09:36","yrdln":"TEN 31","ydstogo":10,"ydsnet":40,"posteam":"SD","desc":"(9:36) P.Rivers sacked at TEN 36 for -5 yards (J.Ford).","note":null,"players":{"00-0022942":[{"sequence":1,"clubcode":"SD","playerName":"P.Rivers","statId":20,"yards":-5}],"00-0025591":[{"sequence":2,"clubcode":"TEN","playerName":"J.Ford","statId":83,"yards":-5},{"sequence":3,"clubcode":"TEN","playerName":"J.Ford","statId":110,"yards":0},{"sequence":4,"clubcode":"TEN","playerName":"J.Ford","statId":79,"yards":0},{"sequence":5,"clubcode":"TEN","playerName":"J.Ford","statId":120,"yards":0}]}},"1237":{"sp":1,"qtr":2,"down":2,"time":"08:56","yrdln":"TEN 36","ydstogo":15,"ydsnet":76,"posteam":"SD","desc":"(8:56) P.Rivers pass deep left to A.Gates for 36 yards, TOUCHDOWN. Tennessee challenged the illegal forward pass ruling, and the play was Upheld. (Timeout #1 at 08:46.)","note":"TD","players":{"00-0022942":[{"sequence":3,"clubcode":"SD","playerName":"P.Rivers","statId":16,"yards":36},{"sequence":4,"clubcode":"SD","playerName":"P.Rivers","statId":111,"yards":16}],"00-0021547":[{"sequence":5,"clubcode":"SD","playerName":"A.Gates","statId":22,"yards":36},{"sequence":6,"clubcode":"SD","playerName":"A.Gates","statId":115,"yards":0},{"sequence":7,"clubcode":"SD","playerName":"A.Gates","statId":113,"yards":20}],"0":[{"sequence":1,"clubcode":"TEN","playerName":"","statId":68,"yards":0},{"sequence":2,"clubcode":"SD","playerName":"","statId":4,"yards":0}]}},"1292":{"sp":1,"qtr":2,"down":0,"time":"08:46","yrdln":"TEN 2","ydstogo":0,"ydsnet":76,"posteam":"SD","desc":"N.Kaeding extra point is GOOD, Center-D.Binn, Holder-M.Scifres.","note":"XP","players":{"00-0022737":[{"sequence":1,"clubcode":"SD","playerName":"N.Kaeding","statId":72,"yards":0}]}}},"fds":4,"result":"Touchdown","penyds":5,"ydsgained":71,"numplays":10,"postime":"4:03","start":{"qtr":2,"time":"12:49","yrdln":"SD 24","team":"SD"},"end":{"qtr":2,"time":"08:46","yrdln":"TEN 36","team":"SD"}},"6":{"posteam":"TEN","qtr":2,"redzone":true,"plays":{"1308":{"sp":0,"qtr":2,"down":0,"time":"08:46","yrdln":"SD 30","ydstogo":0,"ydsnet":0,"posteam":"SD","desc":"N.Kaeding kicks 64 yards from SD 30 to TEN 6. K.Britt to TEN 35 for 29 yards (J.Holt).","note":"KICKOFF","players":{"00-0022737":[{"sequence":1,"clubcode":"SD","playerName":"N.Kaeding","statId":41,"yards":64}],"00-0027006":[{"sequence":2,"clubcode":"TEN","playerName":"K.Britt","statId":45,"yards":29}],"00-0026751":[{"sequence":3,"clubcode":"SD","playerName":"J.Holt","statId":79,"yards":0}]}},"1330":{"sp":0,"qtr":2,"down":1,"time":"08:38","yrdln":"TEN 35","ydstogo":10,"ydsnet":5,"posteam":"TEN","desc":"(8:38) V.Young pass short right to A.Hall to TEN 38 for 3 yards (S.Phillips). PENALTY on SD-Q.Jammer, Illegal Contact, 5 yards, enforced at TEN 35 - No Play.","note":"PENALTY","players":{"0":[{"sequence":1,"clubcode":"TEN","playerName":"","statId":5,"yards":0}],"00-0021381":[{"sequence":2,"clubcode":"SD","playerName":"Q.Jammer","statId":93,"yards":5}]}},"1365":{"sp":0,"qtr":2,"down":1,"time":"08:04","yrdln":"TEN 40","ydstogo":10,"ydsnet":4,"posteam":"TEN","desc":"(8:04) C.Johnson right end to TEN 39 for -1 yards (I.Scott, L.Castillo).","note":null,"players":{"00-0026164":[{"sequence":1,"clubcode":"TEN","playerName":"C.Johnson","statId":10,"yards":-1}],"00-0023463":[{"sequence":4,"clubcode":"SD","playerName":"L.Castillo","statId":82,"yards":0}],"0":[{"sequence":2,"clubcode":"TEN","playerName":"","statId":95,"yards":-1}],"00-0022140":[{"sequence":3,"clubcode":"SD","playerName":"I.Scott","statId":80,"yards":0},{"sequence":5,"clubcode":"SD","playerName":"I.Scott","statId":120,"yards":0}]}},"1386":{"sp":0,"qtr":2,"down":2,"time":"07:25","yrdln":"TEN 39","ydstogo":11,"ydsnet":10,"posteam":"TEN","desc":"(7:25) C.Johnson up the middle to TEN 45 for 6 yards (L.Castillo).","note":null,"players":{"00-0026164":[{"sequence":1,"clubcode":"TEN","playerName":"C.Johnson","statId":10,"yards":6}],"00-0023463":[{"sequence":2,"clubcode":"SD","playerName":"L.Castillo","statId":79,"yards":0}]}},"1407":{"sp":0,"qtr":2,"down":3,"time":"06:42","yrdln":"TEN 45","ydstogo":5,"ydsnet":14,"posteam":"TEN","desc":"(6:42) (Shotgun) V.Young scrambles up the middle to TEN 49 for 4 yards (S.Phillips). FUMBLES (S.Phillips), RECOVERED by SD-S.Cooper at SD 48. S.Cooper to SD 48 for no gain (V.Young).","note":"FUMBLE","players":{"00-0021544":[{"sequence":7,"clubcode":"SD","playerName":"S.Cooper","statId":59,"yards":0}],"0":[{"sequence":1,"clubcode":"TEN","playerName":"","statId":7,"yards":0}],"00-0022723":[{"sequence":3,"clubcode":"SD","playerName":"S.Phillips","statId":79,"yards":0},{"sequence":6,"clubcode":"SD","playerName":"S.Phillips","statId":91,"yards":0}],"00-0024218":[{"sequence":2,"clubcode":"TEN","playerName":"V.Young","statId":10,"yards":4},{"sequence":4,"clubcode":"TEN","playerName":"V.Young","statId":52,"yards":0},{"sequence":5,"clubcode":"TEN","playerName":"V.Young","statId":106,"yards":0},{"sequence":8,"clubcode":"TEN","playerName":"V.Young","statId":79,"yards":0}]}}},"fds":1,"result":"Fumble","penyds":5,"ydsgained":9,"numplays":5,"postime":"2:13","start":{"qtr":2,"time":"08:46","yrdln":"TEN 35","team":"TEN"},"end":{"qtr":2,"time":"06:33","yrdln":"TEN 45","team":"TEN"}},"7":{"posteam":"SD","qtr":2,"redzone":true,"plays":{"1439":{"sp":0,"qtr":2,"down":1,"time":"06:33","yrdln":"SD 48","ydstogo":10,"ydsnet":-10,"posteam":"SD","desc":"(6:33) P.Rivers pass deep left to M.Floyd for 52 yards, TOUCHDOWN NULLIFIED by Penalty. PENALTY on SD-M.McNeill, Offensive Holding, 10 yards, enforced at SD 48 - No Play.","note":"PENALTY","players":{"00-0024265":[{"sequence":1,"clubcode":"SD","playerName":"M.McNeill","statId":93,"yards":10}]}},"1470":{"sp":0,"qtr":2,"down":1,"time":"06:25","yrdln":"SD 38","ydstogo":20,"ydsnet":52,"posteam":"SD","desc":"(6:25) P.Rivers pass short right to L.Tomlinson pushed ob at SD 40 for 2 yards (N.Harper) [W.Hayes]. PENALTY on TEN-W.Hayes, Roughing the Passer, 15 yards, enforced at SD 40. PENALTY on TEN, Unsportsmanlike Conduct, 15 yards, enforced between downs.","note":"PENALTY","players":{"00-0022942":[{"sequence":3,"clubcode":"SD","playerName":"P.Rivers","statId":15,"yards":2},{"sequence":5,"clubcode":"SD","playerName":"P.Rivers","statId":111,"yards":0}],"00-0026243":[{"sequence":9,"clubcode":"TEN","playerName":"W.Hayes","statId":93,"yards":15},{"sequence":11,"clubcode":"TEN","playerName":"W.Hayes","statId":110,"yards":0}],"00-0019733":[{"sequence":8,"clubcode":"TEN","playerName":"N.Harper","statId":79,"yards":0}],"00-0020536":[{"sequence":4,"clubcode":"SD","playerName":"L.Tomlinson","statId":21,"yards":2},{"sequence":6,"clubcode":"SD","playerName":"L.Tomlinson","statId":113,"yards":2},{"sequence":7,"clubcode":"SD","playerName":"L.Tomlinson","statId":115,"yards":0}],"0":[{"sequence":1,"clubcode":"SD","playerName":"","statId":5,"yards":0},{"sequence":2,"clubcode":"SD","playerName":"","statId":5,"yards":0},{"sequence":10,"clubcode":"TEN","playerName":"","statId":93,"yards":15}]}},"1517":{"sp":0,"qtr":2,"down":1,"time":"05:59","yrdln":"TEN 30","ydstogo":10,"ydsnet":26,"posteam":"SD","desc":"(5:59) L.Tomlinson right tackle to TEN 26 for 4 yards (N.Harper, C.Hope).","note":null,"players":{"00-0021219":[{"sequence":3,"clubcode":"TEN","playerName":"C.Hope","statId":82,"yards":0}],"00-0019733":[{"sequence":2,"clubcode":"TEN","playerName":"N.Harper","statId":80,"yards":0}],"00-0020536":[{"sequence":1,"clubcode":"SD","playerName":"L.Tomlinson","statId":10,"yards":4}]}},"1539":{"sp":0,"qtr":2,"down":2,"time":"05:25","yrdln":"TEN 26","ydstogo":6,"ydsnet":26,"posteam":"SD","desc":"(5:25) P.Rivers pass incomplete deep right to V.Jackson.","note":null,"players":{"00-0022942":[{"sequence":1,"clubcode":"SD","playerName":"P.Rivers","statId":14,"yards":0},{"sequence":3,"clubcode":"SD","playerName":"P.Rivers","statId":112,"yards":26}],"00-0023496":[{"sequence":2,"clubcode":"SD","playerName":"V.Jackson","statId":115,"yards":0}]}},"1561":{"sp":0,"qtr":2,"down":3,"time":"05:19","yrdln":"TEN 26","ydstogo":6,"ydsnet":21,"posteam":"SD","desc":"(5:19) (Shotgun) PENALTY on SD-B.Dombrowski, False Start, 5 yards, enforced at TEN 26 - No Play.","note":"PENALTY","players":{"00-0026061":[{"sequence":1,"clubcode":"SD","playerName":"B.Dombrowski","statId":93,"yards":5}]}},"1584":{"sp":0,"qtr":2,"down":3,"time":"05:19","yrdln":"TEN 31","ydstogo":11,"ydsnet":52,"posteam":"SD","desc":"(5:19) (Shotgun) P.Rivers pass deep middle to L.Naanee to TEN 11 for 20 yards (C.Hope).","note":null,"players":{"00-0022942":[{"sequence":3,"clubcode":"SD","playerName":"P.Rivers","statId":15,"yards":20},{"sequence":4,"clubcode":"SD","playerName":"P.Rivers","statId":111,"yards":17}],"00-0021219":[{"sequence":8,"clubcode":"TEN","playerName":"C.Hope","statId":79,"yards":0}],"00-0025559":[{"sequence":5,"clubcode":"SD","playerName":"L.Naanee","statId":21,"yards":20},{"sequence":6,"clubcode":"SD","playerName":"L.Naanee","statId":115,"yards":0},{"sequence":7,"clubcode":"SD","playerName":"L.Naanee","statId":113,"yards":3}],"0":[{"sequence":1,"clubcode":"SD","playerName":"","statId":4,"yards":0},{"sequence":2,"clubcode":"SD","playerName":"","statId":6,"yards":0}]}},"1608":{"sp":0,"qtr":2,"down":1,"time":"04:39","yrdln":"TEN 11","ydstogo":10,"ydsnet":52,"posteam":"SD","desc":"(4:39) L.Tomlinson right end to TEN 5 for 6 yards (N.Harper).","note":null,"players":{"00-0019733":[{"sequence":2,"clubcode":"TEN","playerName":"N.Harper","statId":79,"yards":0}],"00-0020536":[{"sequence":1,"clubcode":"SD","playerName":"L.Tomlinson","statId":10,"yards":6}]}},"1629":{"sp":0,"qtr":2,"down":2,"time":"04:01","yrdln":"TEN 5","ydstogo":4,"ydsnet":52,"posteam":"SD","desc":"(4:01) L.Tomlinson left guard to TEN 3 for 2 yards (S.Tulloch).","note":null,"players":{"00-0020536":[{"sequence":1,"clubcode":"SD","playerName":"L.Tomlinson","statId":10,"yards":2}],"00-0024331":[{"sequence":2,"clubcode":"TEN","playerName":"S.Tulloch","statId":79,"yards":0}]}},"1650":{"sp":1,"qtr":2,"down":3,"time":"03:17","yrdln":"TEN 3","ydstogo":2,"ydsnet":52,"posteam":"SD","desc":"(3:17) (Shotgun) P.Rivers pass short right to D.Sproles for 3 yards, TOUCHDOWN.","note":"TD","players":{"00-0022942":[{"sequence":3,"clubcode":"SD","playerName":"P.Rivers","statId":16,"yards":3},{"sequence":4,"clubcode":"SD","playerName":"P.Rivers","statId":111,"yards":3}],"00-0023564":[{"sequence":5,"clubcode":"SD","playerName":"D.Sproles","statId":22,"yards":3},{"sequence":6,"clubcode":"SD","playerName":"D.Sproles","statId":115,"yards":0},{"sequence":7,"clubcode":"SD","playerName":"D.Sproles","statId":113,"yards":0}],"0":[{"sequence":1,"clubcode":"SD","playerName":"","statId":4,"yards":0},{"sequence":2,"clubcode":"SD","playerName":"","statId":6,"yards":0}]}},"1671":{"sp":1,"qtr":2,"down":0,"time":"03:13","yrdln":"TEN 2","ydstogo":0,"ydsnet":52,"posteam":"SD","desc":"N.Kaeding extra point is GOOD, Center-D.Binn, Holder-M.Scifres.","note":"XP","players":{"00-0022737":[{"sequence":1,"clubcode":"SD","playerName":"N.Kaeding","statId":72,"yards":0}]}}},"fds":4,"result":"Touchdown","penyds":15,"ydsgained":37,"numplays":10,"postime":"3:20","start":{"qtr":2,"time":"06:33","yrdln":"SD 48","team":"SD"},"end":{"qtr":2,"time":"03:13","yrdln":"TEN 3","team":"SD"}},"8":{"posteam":"TEN","qtr":2,"redzone":true,"plays":{"1687":{"sp":0,"qtr":2,"down":0,"time":"03:13","yrdln":"SD 30","ydstogo":0,"ydsnet":0,"posteam":"SD","desc":"N.Kaeding kicks 63 yards from SD 30 to TEN 7. K.Britt pushed ob at TEN 23 for 16 yards (P.Oliver).","note":"KICKOFF","players":{"00-0025788":[{"sequence":3,"clubcode":"SD","playerName":"P.Oliver","statId":79,"yards":0}],"00-0022737":[{"sequence":1,"clubcode":"SD","playerName":"N.Kaeding","statId":41,"yards":63}],"00-0027006":[{"sequence":2,"clubcode":"TEN","playerName":"K.Britt","statId":45,"yards":16}]}},"1721":{"sp":0,"qtr":2,"down":1,"time":"03:07","yrdln":"TEN 23","ydstogo":10,"ydsnet":8,"posteam":"TEN","desc":"(3:07) V.Young scrambles left end pushed ob at TEN 31 for 8 yards (S.Merriman).","note":null,"players":{"00-0023446":[{"sequence":2,"clubcode":"SD","playerName":"S.Merriman","statId":79,"yards":0}],"00-0024218":[{"sequence":1,"clubcode":"TEN","playerName":"V.Young","statId":10,"yards":8}]}},"1742":{"sp":0,"qtr":2,"down":2,"time":"02:37","yrdln":"TEN 31","ydstogo":2,"ydsnet":-2,"posteam":"TEN","desc":"(2:37) C.Johnson left tackle to TEN 35 for 4 yards (S.Phillips). PENALTY on TEN-E.Amano, Offensive Holding, 10 yards, enforced at TEN 31 - No Play.","note":"PENALTY","players":{"00-0022771":[{"sequence":1,"clubcode":"TEN","playerName":"E.Amano","statId":93,"yards":10}]}},"1774":{"sp":0,"qtr":2,"down":2,"time":"02:08","yrdln":"TEN 21","ydstogo":12,"ydsnet":13,"posteam":"TEN","desc":"(2:08) (Shotgun) V.Young pass short left to C.Johnson pushed ob at TEN 36 for 15 yards (A.Cromartie).","note":null,"players":{"00-0026164":[{"sequence":4,"clubcode":"TEN","playerName":"C.Johnson","statId":21,"yards":15},{"sequence":5,"clubcode":"TEN","playerName":"C.Johnson","statId":115,"yards":0},{"sequence":6,"clubcode":"TEN","playerName":"C.Johnson","statId":113,"yards":15}],"0":[{"sequence":1,"clubcode":"TEN","playerName":"","statId":4,"yards":0}],"00-0024234":[{"sequence":7,"clubcode":"SD","playerName":"A.Cromartie","statId":79,"yards":0}],"00-0024218":[{"sequence":2,"clubcode":"TEN","playerName":"V.Young","statId":15,"yards":15},{"sequence":3,"clubcode":"TEN","playerName":"V.Young","statId":111,"yards":0}]}},"1798":{"sp":0,"qtr":2,"down":0,"time":"01:59","yrdln":"","ydstogo":0,"ydsnet":13,"posteam":"","desc":"Two-Minute Warning","note":null,"players":{}},"1815":{"sp":0,"qtr":2,"down":1,"time":"01:59","yrdln":"TEN 36","ydstogo":10,"ydsnet":24,"posteam":"TEN","desc":"(1:59) (Shotgun) V.Young pass short right to N.Washington pushed ob at TEN 47 for 11 yards (Q.Jammer).","note":null,"players":{"0":[{"sequence":1,"clubcode":"TEN","playerName":"","statId":4,"yards":0}],"00-0021381":[{"sequence":7,"clubcode":"SD","playerName":"Q.Jammer","statId":79,"yards":0}],"00-0023367":[{"sequence":4,"clubcode":"TEN","playerName":"N.Washington","statId":21,"yards":11},{"sequence":5,"clubcode":"TEN","playerName":"N.Washington","statId":115,"yards":0},{"sequence":6,"clubcode":"TEN","playerName":"N.Washington","statId":113,"yards":0}],"00-0024218":[{"sequence":2,"clubcode":"TEN","playerName":"V.Young","statId":15,"yards":11},{"sequence":3,"clubcode":"TEN","playerName":"V.Young","statId":111,"yards":11}]}},"1839":{"sp":0,"qtr":2,"down":1,"time":"01:54","yrdln":"TEN 47","ydstogo":10,"ydsnet":33,"posteam":"TEN","desc":"(1:54) (Shotgun) V.Young pass short left to N.Washington to SD 44 for 9 yards (S.Gregory, S.Cooper).","note":null,"players":{"00-0021544":[{"sequence":7,"clubcode":"SD","playerName":"S.Cooper","statId":82,"yards":0}],"00-0023998":[{"sequence":6,"clubcode":"SD","playerName":"S.Gregory","statId":80,"yards":0}],"00-0023367":[{"sequence":3,"clubcode":"TEN","playerName":"N.Washington","statId":21,"yards":9},{"sequence":4,"clubcode":"TEN","playerName":"N.Washington","statId":115,"yards":0},{"sequence":5,"clubcode":"TEN","playerName":"N.Washington","statId":113,"yards":2}],"00-0024218":[{"sequence":1,"clubcode":"TEN","playerName":"V.Young","statId":15,"yards":9},{"sequence":2,"clubcode":"TEN","playerName":"V.Young","statId":111,"yards":7}]}},"1863":{"sp":0,"qtr":2,"down":2,"time":"01:21","yrdln":"SD 44","ydstogo":1,"ydsnet":46,"posteam":"TEN","desc":"(1:21) (Shotgun) V.Young pass short left to K.Britt pushed ob at SD 31 for 13 yards (A.Cromartie).","note":null,"players":{"00-0027006":[{"sequence":4,"clubcode":"TEN","playerName":"K.Britt","statId":21,"yards":13},{"sequence":5,"clubcode":"TEN","playerName":"K.Britt","statId":115,"yards":0},{"sequence":6,"clubcode":"TEN","playerName":"K.Britt","statId":113,"yards":0}],"0":[{"sequence":1,"clubcode":"TEN","playerName":"","statId":4,"yards":0}],"00-0024234":[{"sequence":7,"clubcode":"SD","playerName":"A.Cromartie","statId":79,"yards":0}],"00-0024218":[{"sequence":2,"clubcode":"TEN","playerName":"V.Young","statId":15,"yards":13},{"sequence":3,"clubcode":"TEN","playerName":"V.Young","statId":111,"yards":13}]}},"1896":{"sp":0,"qtr":2,"down":1,"time":"01:12","yrdln":"SD 31","ydstogo":10,"ydsnet":46,"posteam":"TEN","desc":"(1:12) (Shotgun) V.Young pass incomplete short right to C.Johnson [S.Gregory].","note":null,"players":{"00-0026164":[{"sequence":2,"clubcode":"TEN","playerName":"C.Johnson","statId":115,"yards":0}],"00-0023998":[{"sequence":3,"clubcode":"SD","playerName":"S.Gregory","statId":110,"yards":0}],"00-0024218":[{"sequence":1,"clubcode":"TEN","playerName":"V.Young","statId":14,"yards":0},{"sequence":4,"clubcode":"TEN","playerName":"V.Young","statId":112,"yards":-2}]}},"1922":{"sp":0,"qtr":2,"down":2,"time":"01:08","yrdln":"SD 31","ydstogo":10,"ydsnet":50,"posteam":"TEN","desc":"(1:08) (Shotgun) C.Johnson left end to SD 27 for 4 yards (A.Cromartie, S.Merriman).","note":null,"players":{"00-0026164":[{"sequence":1,"clubcode":"TEN","playerName":"C.Johnson","statId":10,"yards":4}],"00-0023446":[{"sequence":3,"clubcode":"SD","playerName":"S.Merriman","statId":82,"yards":0}],"00-0024234":[{"sequence":2,"clubcode":"SD","playerName":"A.Cromartie","statId":80,"yards":0}]}},"1943":{"sp":0,"qtr":2,"down":0,"time":"00:58","yrdln":"","ydstogo":0,"ydsnet":50,"posteam":"","desc":"Timeout #2 by TEN at 00:58.","note":"TIMEOUT","players":{"0":[{"sequence":1,"clubcode":"TEN","playerName":"","statId":68,"yards":0}]}},"1960":{"sp":0,"qtr":2,"down":3,"time":"00:58","yrdln":"SD 27","ydstogo":6,"ydsnet":59,"posteam":"TEN","desc":"(:58) (Shotgun) V.Young scrambles up the middle ran ob at SD 18 for 9 yards (Q.Jammer).","note":null,"players":{"0":[{"sequence":1,"clubcode":"TEN","playerName":"","statId":3,"yards":0},{"sequence":2,"clubcode":"TEN","playerName":"","statId":6,"yards":0}],"00-0021381":[{"sequence":4,"clubcode":"SD","playerName":"Q.Jammer","statId":79,"yards":0}],"00-0024218":[{"sequence":3,"clubcode":"TEN","playerName":"V.Young","statId":10,"yards":9}]}},"1986":{"sp":0,"qtr":2,"down":1,"time":"00:50","yrdln":"SD 18","ydstogo":10,"ydsnet":66,"posteam":"TEN","desc":"(:50) (Shotgun) V.Young pass short right to N.Washington to SD 11 for 7 yards (T.Dobbins, Q.Jammer).","note":null,"players":{"00-0021381":[{"sequence":7,"clubcode":"SD","playerName":"Q.Jammer","statId":82,"yards":0}],"00-0023367":[{"sequence":3,"clubcode":"TEN","playerName":"N.Washington","statId":21,"yards":7},{"sequence":4,"clubcode":"TEN","playerName":"N.Washington","statId":115,"yards":0},{"sequence":5,"clubcode":"TEN","playerName":"N.Washington","statId":113,"yards":2}],"00-0024365":[{"sequence":6,"clubcode":"SD","playerName":"T.Dobbins","statId":80,"yards":0}],"00-0024218":[{"sequence":1,"clubcode":"TEN","playerName":"V.Young","statId":15,"yards":7},{"sequence":2,"clubcode":"TEN","playerName":"V.Young","statId":111,"yards":5}]}},"2010":{"sp":0,"qtr":2,"down":2,"time":"00:31","yrdln":"SD 11","ydstogo":3,"ydsnet":74,"posteam":"TEN","desc":"(:31) (Shotgun) V.Young pass short middle to C.Johnson to SD 3 for 8 yards (S.Gregory).","note":null,"players":{"00-0026164":[{"sequence":4,"clubcode":"TEN","playerName":"C.Johnson","statId":21,"yards":8},{"sequence":5,"clubcode":"TEN","playerName":"C.Johnson","statId":115,"yards":0},{"sequence":6,"clubcode":"TEN","playerName":"C.Johnson","statId":113,"yards":1}],"00-0023998":[{"sequence":7,"clubcode":"SD","playerName":"S.Gregory","statId":79,"yards":0}],"0":[{"sequence":1,"clubcode":"TEN","playerName":"","statId":4,"yards":0}],"00-0024218":[{"sequence":2,"clubcode":"TEN","playerName":"V.Young","statId":15,"yards":8},{"sequence":3,"clubcode":"TEN","playerName":"V.Young","statId":111,"yards":7}]}},"2034":{"sp":0,"qtr":2,"down":0,"time":"00:23","yrdln":"","ydstogo":0,"ydsnet":74,"posteam":"","desc":"Timeout #3 by TEN at 00:23.","note":"TIMEOUT","players":{"0":[{"sequence":1,"clubcode":"TEN","playerName":"","statId":68,"yards":0}]}},"2051":{"sp":1,"qtr":2,"down":1,"time":"00:23","yrdln":"SD 3","ydstogo":3,"ydsnet":77,"posteam":"TEN","desc":"(:23) (Shotgun) V.Young right end for 3 yards, TOUCHDOWN.","note":"TD","players":{"0":[{"sequence":1,"clubcode":"TEN","playerName":"","statId":3,"yards":0}],"00-0024218":[{"sequence":2,"clubcode":"TEN","playerName":"V.Young","statId":11,"yards":3}]}},"2069":{"sp":1,"qtr":2,"down":0,"time":"00:17","yrdln":"SD 2","ydstogo":0,"ydsnet":77,"posteam":"TEN","desc":"R.Bironas extra point is GOOD, Center-K.Amato, Holder-B.Kern.","note":"XP","players":{"00-0020962":[{"sequence":1,"clubcode":"TEN","playerName":"R.Bironas","statId":72,"yards":0}]}}},"fds":6,"result":"Touchdown","penyds":-10,"ydsgained":87,"numplays":17,"postime":"2:56","start":{"qtr":2,"time":"03:13","yrdln":"TEN 23","team":"TEN"},"end":{"qtr":2,"time":"00:17","yrdln":"SD 3","team":"TEN"}},"9":{"posteam":"SD","qtr":2,"redzone":true,"plays":{"2085":{"sp":0,"qtr":2,"down":0,"time":"00:17","yrdln":"TEN 30","ydstogo":0,"ydsnet":0,"posteam":"TEN","desc":"R.Bironas kicks 59 yards from TEN 30 to SD 11. D.Sproles to SD 27 for 16 yards (E.Bakhtiari).","note":"KICKOFF","players":{"00-0026054":[{"sequence":3,"clubcode":"TEN","playerName":"E.Bakhtiari","statId":79,"yards":0}],"00-0023564":[{"sequence":2,"clubcode":"SD","playerName":"D.Sproles","statId":45,"yards":16}],"00-0020962":[{"sequence":1,"clubcode":"TEN","playerName":"R.Bironas","statId":41,"yards":59}]}},"2107":{"sp":0,"qtr":2,"down":1,"time":"00:13","yrdln":"SD 27","ydstogo":10,"ydsnet":-1,"posteam":"SD","desc":"(:13) P.Rivers kneels to SD 26 for -1 yards.","note":null,"players":{"00-0022942":[{"sequence":1,"clubcode":"SD","playerName":"P.Rivers","statId":10,"yards":-1}]}},"2128":{"sp":0,"qtr":2,"down":0,"time":"","yrdln":"","ydstogo":0,"ydsnet":-1,"posteam":"","desc":"END QUARTER 2","note":null,"players":{}}},"fds":0,"result":"End of Half","penyds":0,"ydsgained":-1,"numplays":3,"postime":"0:17","start":{"qtr":2,"time":"00:17","yrdln":"SD 27","team":"SD"},"end":{"qtr":2,"time":"00:00","yrdln":"SD 27","team":"SD"}},"10":{"posteam":"TEN","qtr":3,"redzone":true,"plays":{"2145":{"sp":0,"qtr":3,"down":0,"time":"15:00","yrdln":"SD 30","ydstogo":0,"ydsnet":0,"posteam":"SD","desc":"N.Kaeding kicks 64 yards from SD 30 to TEN 6. K.Britt to TEN 23 for 17 yards (K.Wilson). PENALTY on SD-K.Osgood, Unnecessary Roughness, 15 yards, enforced at TEN 23.","note":"KICKOFF","players":{"00-0021570":[{"sequence":4,"clubcode":"SD","playerName":"K.Osgood","statId":93,"yards":15}],"00-0022737":[{"sequence":1,"clubcode":"SD","playerName":"N.Kaeding","statId":41,"yards":64}],"00-0027006":[{"sequence":2,"clubcode":"TEN","playerName":"K.Britt","statId":45,"yards":17}],"00-0022714":[{"sequence":3,"clubcode":"SD","playerName":"K.Wilson","statId":79,"yards":0}]}},"2179":{"sp":0,"qtr":3,"down":1,"time":"14:54","yrdln":"TEN 38","ydstogo":10,"ydsnet":0,"posteam":"TEN","desc":"(14:54) V.Young pass incomplete short left to J.Gage (A.Cromartie).","note":null,"players":{"00-0021982":[{"sequence":2,"clubcode":"TEN","playerName":"J.Gage","statId":115,"yards":0}],"00-0024234":[{"sequence":3,"clubcode":"SD","playerName":"A.Cromartie","statId":85,"yards":0}],"00-0024218":[{"sequence":1,"clubcode":"TEN","playerName":"V.Young","statId":14,"yards":0},{"sequence":4,"clubcode":"TEN","playerName":"V.Young","statId":112,"yards":6}]}},"2201":{"sp":0,"qtr":3,"down":2,"time":"14:50","yrdln":"TEN 38","ydstogo":10,"ydsnet":7,"posteam":"TEN","desc":"(14:50) C.Johnson up the middle to TEN 45 for 7 yards (S.Phillips).","note":null,"players":{"00-0026164":[{"sequence":1,"clubcode":"TEN","playerName":"C.Johnson","statId":10,"yards":7}],"00-0022723":[{"sequence":2,"clubcode":"SD","playerName":"S.Phillips","statId":79,"yards":0}]}},"2222":{"sp":0,"qtr":3,"down":3,"time":"14:14","yrdln":"TEN 45","ydstogo":3,"ydsnet":9,"posteam":"TEN","desc":"(14:14) C.Johnson up the middle to TEN 47 for 2 yards (S.Gregory, T.Dobbins).","note":null,"players":{"00-0026164":[{"sequence":2,"clubcode":"TEN","playerName":"C.Johnson","statId":10,"yards":2}],"00-0023998":[{"sequence":3,"clubcode":"SD","playerName":"S.Gregory","statId":80,"yards":0}],"0":[{"sequence":1,"clubcode":"TEN","playerName":"","statId":7,"yards":0}],"00-0024365":[{"sequence":4,"clubcode":"SD","playerName":"T.Dobbins","statId":82,"yards":0}]}},"2243":{"sp":0,"qtr":3,"down":4,"time":"13:35","yrdln":"TEN 47","ydstogo":1,"ydsnet":9,"posteam":"TEN","desc":"(13:35) (Punt formation) B.Kern punts 38 yards to SD 15, Center-K.Amato, fair catch by D.Sproles.","note":"PUNT","players":{"00-0023564":[{"sequence":3,"clubcode":"SD","playerName":"D.Sproles","statId":39,"yards":0}],"00-0025825":[{"sequence":1,"clubcode":"TEN","playerName":"B.Kern","statId":29,"yards":38},{"sequence":2,"clubcode":"TEN","playerName":"B.Kern","statId":30,"yards":0}]}}},"fds":0,"result":"Punt","penyds":0,"ydsgained":9,"numplays":5,"postime":"1:29","start":{"qtr":3,"time":"15:00","yrdln":"TEN 38","team":"TEN"},"end":{"qtr":3,"time":"13:31","yrdln":"TEN 47","team":"TEN"}},"11":{"posteam":"SD","qtr":3,"redzone":true,"plays":{"2263":{"sp":0,"qtr":3,"down":1,"time":"13:31","yrdln":"SD 15","ydstogo":10,"ydsnet":3,"posteam":"SD","desc":"(13:31) L.Tomlinson left guard to SD 18 for 3 yards (S.Tulloch, K.Vanden Bosch).","note":null,"players":{"00-0020382":[{"sequence":3,"clubcode":"TEN","playerName":"K.Vanden Bosch","statId":82,"yards":0}],"00-0020536":[{"sequence":1,"clubcode":"SD","playerName":"L.Tomlinson","statId":10,"yards":3}],"00-0024331":[{"sequence":2,"clubcode":"TEN","playerName":"S.Tulloch","statId":80,"yards":0}]}},"2284":{"sp":0,"qtr":3,"down":2,"time":"12:51","yrdln":"SD 18","ydstogo":7,"ydsnet":35,"posteam":"SD","desc":"(12:51) P.Rivers pass deep right to A.Gates to 50 for 32 yards (G.McRath).","note":null,"players":{"00-0022942":[{"sequence":2,"clubcode":"SD","playerName":"P.Rivers","statId":15,"yards":32},{"sequence":3,"clubcode":"SD","playerName":"P.Rivers","statId":111,"yards":22}],"00-0021547":[{"sequence":4,"clubcode":"SD","playerName":"A.Gates","statId":21,"yards":32},{"sequence":5,"clubcode":"SD","playerName":"A.Gates","statId":115,"yards":0},{"sequence":6,"clubcode":"SD","playerName":"A.Gates","statId":113,"yards":10}],"0":[{"sequence":1,"clubcode":"SD","playerName":"","statId":4,"yards":0}],"00-0027095":[{"sequence":7,"clubcode":"TEN","playerName":"G.McRath","statId":79,"yards":0}]}},"2308":{"sp":0,"qtr":3,"down":1,"time":"12:05","yrdln":"50","ydstogo":10,"ydsnet":35,"posteam":"SD","desc":"(12:05) P.Rivers pass incomplete deep left to V.Jackson.","note":null,"players":{"00-0022942":[{"sequence":1,"clubcode":"SD","playerName":"P.Rivers","statId":14,"yards":0},{"sequence":3,"clubcode":"SD","playerName":"P.Rivers","statId":112,"yards":40}],"00-0023496":[{"sequence":2,"clubcode":"SD","playerName":"V.Jackson","statId":115,"yards":0}]}},"2330":{"sp":0,"qtr":3,"down":2,"time":"11:58","yrdln":"50","ydstogo":10,"ydsnet":71,"posteam":"SD","desc":"(11:58) Direct snap to #21 (Shotgun) L.Tomlinson up the middle to TEN 47 for 3 yards (C.Allred, T.Brown).","note":null,"players":{"00-0021490":[{"sequence":3,"clubcode":"TEN","playerName":"T.Brown","statId":82,"yards":0}],"00-0020536":[{"sequence":1,"clubcode":"SD","playerName":"L.Tomlinson","statId":10,"yards":3}],"00-0023812":[{"sequence":2,"clubcode":"TEN","playerName":"C.Allred","statId":80,"yards":0}]}},"2364":{"sp":0,"qtr":3,"down":3,"time":"11:13","yrdln":"TEN 47","ydstogo":7,"ydsnet":60,"posteam":"SD","desc":"(11:13) (Shotgun) P.Rivers pass deep middle to M.Floyd to TEN 25 for 22 yards (C.Finnegan).","note":null,"players":{"00-0022942":[{"sequence":3,"clubcode":"SD","playerName":"P.Rivers","statId":15,"yards":22},{"sequence":4,"clubcode":"SD","playerName":"P.Rivers","statId":111,"yards":20}],"00-0022414":[{"sequence":5,"clubcode":"SD","playerName":"M.Floyd","statId":21,"yards":22},{"sequence":6,"clubcode":"SD","playerName":"M.Floyd","statId":115,"yards":0},{"sequence":7,"clubcode":"SD","playerName":"M.Floyd","statId":113,"yards":2}],"00-0024429":[{"sequence":8,"clubcode":"TEN","playerName":"C.Finnegan","statId":79,"yards":0}],"0":[{"sequence":1,"clubcode":"SD","playerName":"","statId":4,"yards":0},{"sequence":2,"clubcode":"SD","playerName":"","statId":6,"yards":0}]}},"2392":{"sp":0,"qtr":3,"down":1,"time":"10:32","yrdln":"TEN 25","ydstogo":10,"ydsnet":71,"posteam":"SD","desc":"(10:32) (Shotgun) P.Rivers pass short right to M.Tolbert pushed ob at TEN 14 for 11 yards (K.Vickerson, D.Ball).","note":null,"players":{"00-0023648":[{"sequence":7,"clubcode":"TEN","playerName":"K.Vickerson","statId":80,"yards":0}],"00-0022942":[{"sequence":2,"clubcode":"SD","playerName":"P.Rivers","statId":15,"yards":11},{"sequence":3,"clubcode":"SD","playerName":"P.Rivers","statId":111,"yards":-5}],"00-0026069":[{"sequence":4,"clubcode":"SD","playerName":"M.Tolbert","statId":21,"yards":11},{"sequence":5,"clubcode":"SD","playerName":"M.Tolbert","statId":115,"yards":0},{"sequence":6,"clubcode":"SD","playerName":"M.Tolbert","statId":113,"yards":16}],"0":[{"sequence":1,"clubcode":"SD","playerName":"","statId":4,"yards":0}],"00-0022814":[{"sequence":8,"clubcode":"TEN","playerName":"D.Ball","statId":82,"yards":0}]}},"2420":{"sp":0,"qtr":3,"down":1,"time":"09:57","yrdln":"TEN 14","ydstogo":10,"ydsnet":84,"posteam":"SD","desc":"(9:57) P.Rivers pass incomplete short right to M.Floyd (C.Finnegan). PENALTY on TEN-C.Finnegan, Defensive Pass Interference, 13 yards, enforced at TEN 14 - No Play.","note":"PENALTY","players":{"00-0024429":[{"sequence":2,"clubcode":"TEN","playerName":"C.Finnegan","statId":93,"yards":13}],"0":[{"sequence":1,"clubcode":"SD","playerName":"","statId":5,"yards":0}]}},"2453":{"sp":1,"qtr":3,"down":1,"time":"09:52","yrdln":"TEN 1","ydstogo":1,"ydsnet":85,"posteam":"SD","desc":"(9:52) L.Tomlinson right guard for 1 yard, TOUCHDOWN.","note":"TD","players":{"00-0020536":[{"sequence":2,"clubcode":"SD","playerName":"L.Tomlinson","statId":11,"yards":1}],"0":[{"sequence":1,"clubcode":"SD","playerName":"","statId":3,"yards":0}]}},"2471":{"sp":1,"qtr":3,"down":0,"time":"09:49","yrdln":"TEN 2","ydstogo":0,"ydsnet":85,"posteam":"SD","desc":"N.Kaeding extra point is GOOD, Center-D.Binn, Holder-M.Scifres.","note":"XP","players":{"00-0022737":[{"sequence":1,"clubcode":"SD","playerName":"N.Kaeding","statId":72,"yards":0}]}}},"fds":5,"result":"Touchdown","penyds":13,"ydsgained":72,"numplays":9,"postime":"3:42","start":{"qtr":3,"time":"13:31","yrdln":"SD 15","team":"SD"},"end":{"qtr":3,"time":"09:49","yrdln":"TEN 1","team":"SD"}},"12":{"posteam":"TEN","qtr":3,"redzone":true,"plays":{"2487":{"sp":0,"qtr":3,"down":0,"time":"09:49","yrdln":"SD 30","ydstogo":0,"ydsnet":0,"posteam":"SD","desc":"N.Kaeding kicks 57 yards from SD 30 to TEN 13. K.Britt to TEN 24 for 11 yards (A.Cason).","note":"KICKOFF","players":{"00-0022737":[{"sequence":1,"clubcode":"SD","playerName":"N.Kaeding","statId":41,"yards":57}],"00-0026167":[{"sequence":3,"clubcode":"SD","playerName":"A.Cason","statId":79,"yards":0}],"00-0027006":[{"sequence":2,"clubcode":"TEN","playerName":"K.Britt","statId":45,"yards":11}]}},"2509":{"sp":0,"qtr":3,"down":1,"time":"09:43","yrdln":"TEN 24","ydstogo":10,"ydsnet":-1,"posteam":"TEN","desc":"(9:43) V.Young sacked at TEN 23 for -1 yards (I.Scott).","note":null,"players":{"00-0022140":[{"sequence":2,"clubcode":"SD","playerName":"I.Scott","statId":83,"yards":-1},{"sequence":3,"clubcode":"SD","playerName":"I.Scott","statId":110,"yards":0},{"sequence":4,"clubcode":"SD","playerName":"I.Scott","statId":79,"yards":0},{"sequence":5,"clubcode":"SD","playerName":"I.Scott","statId":120,"yards":0}],"00-0024218":[{"sequence":1,"clubcode":"TEN","playerName":"V.Young","statId":20,"yards":-1}]}},"2529":{"sp":0,"qtr":3,"down":2,"time":"09:11","yrdln":"TEN 23","ydstogo":11,"ydsnet":-1,"posteam":"TEN","desc":"(9:11) (Shotgun) V.Young pass incomplete short middle to K.Britt.","note":null,"players":{"00-0027006":[{"sequence":2,"clubcode":"TEN","playerName":"K.Britt","statId":115,"yards":0}],"00-0024218":[{"sequence":1,"clubcode":"TEN","playerName":"V.Young","statId":14,"yards":0},{"sequence":3,"clubcode":"TEN","playerName":"V.Young","statId":112,"yards":9}]}},"2551":{"sp":0,"qtr":3,"down":3,"time":"09:09","yrdln":"TEN 23","ydstogo":11,"ydsnet":1,"posteam":"TEN","desc":"(9:09) (Shotgun) V.Young scrambles up the middle to TEN 25 for 2 yards (T.Dobbins).","note":null,"players":{"0":[{"sequence":1,"clubcode":"TEN","playerName":"","statId":7,"yards":0}],"00-0024365":[{"sequence":3,"clubcode":"SD","playerName":"T.Dobbins","statId":79,"yards":0}],"00-0024218":[{"sequence":2,"clubcode":"TEN","playerName":"V.Young","statId":10,"yards":2}]}},"2573":{"sp":0,"qtr":3,"down":4,"time":"08:33","yrdln":"TEN 25","ydstogo":9,"ydsnet":1,"posteam":"TEN","desc":"(8:33) (Punt formation) B.Kern punts 46 yards to SD 29, Center-K.Amato. D.Sproles to SD 35 for 6 yards (E.Bakhtiari, A.Hall).","note":"PUNT","players":{"00-0026054":[{"sequence":3,"clubcode":"TEN","playerName":"E.Bakhtiari","statId":80,"yards":0}],"00-0024489":[{"sequence":4,"clubcode":"TEN","playerName":"A.Hall","statId":82,"yards":0}],"00-0023564":[{"sequence":2,"clubcode":"SD","playerName":"D.Sproles","statId":33,"yards":6}],"00-0025825":[{"sequence":1,"clubcode":"TEN","playerName":"B.Kern","statId":29,"yards":46}]}}},"fds":0,"result":"Punt","penyds":0,"ydsgained":1,"numplays":5,"postime":"1:27","start":{"qtr":3,"time":"09:49","yrdln":"TEN 24","team":"TEN"},"end":{"qtr":3,"time":"08:22","yrdln":"TEN 25","team":"TEN"}},"13":{"posteam":"SD","qtr":3,"redzone":true,"plays":{"2599":{"sp":0,"qtr":3,"down":1,"time":"08:22","yrdln":"SD 35","ydstogo":10,"ydsnet":3,"posteam":"SD","desc":"(8:22) L.Tomlinson right guard to SD 38 for 3 yards (K.Vickerson).","note":null,"players":{"00-0023648":[{"sequence":2,"clubcode":"TEN","playerName":"K.Vickerson","statId":79,"yards":0}],"00-0020536":[{"sequence":1,"clubcode":"SD","playerName":"L.Tomlinson","statId":10,"yards":3}]}},"2620":{"sp":0,"qtr":3,"down":2,"time":"07:45","yrdln":"SD 38","ydstogo":7,"ydsnet":18,"posteam":"SD","desc":"(7:45) P.Rivers pass incomplete short left to V.Jackson. San Diego challenged the incomplete pass ruling, and the play was REVERSED. P.Rivers pass short left to V.Jackson ran ob at TEN 47 for 15 yards.","note":null,"players":{"00-0022942":[{"sequence":2,"clubcode":"SD","playerName":"P.Rivers","statId":15,"yards":15},{"sequence":3,"clubcode":"SD","playerName":"P.Rivers","statId":111,"yards":15}],"00-0023496":[{"sequence":4,"clubcode":"SD","playerName":"V.Jackson","statId":21,"yards":15},{"sequence":5,"clubcode":"SD","playerName":"V.Jackson","statId":115,"yards":0},{"sequence":6,"clubcode":"SD","playerName":"V.Jackson","statId":113,"yards":0}],"0":[{"sequence":1,"clubcode":"SD","playerName":"","statId":4,"yards":0}]}},"2691":{"sp":0,"qtr":3,"down":1,"time":"07:30","yrdln":"TEN 47","ydstogo":10,"ydsnet":38,"posteam":"SD","desc":"(7:30) P.Rivers pass short right to D.Sproles to TEN 27 for 20 yards (C.Finnegan).","note":null,"players":{"00-0022942":[{"sequence":2,"clubcode":"SD","playerName":"P.Rivers","statId":15,"yards":20},{"sequence":3,"clubcode":"SD","playerName":"P.Rivers","statId":111,"yards":-2}],"00-0023564":[{"sequence":4,"clubcode":"SD","playerName":"D.Sproles","statId":21,"yards":20},{"sequence":5,"clubcode":"SD","playerName":"D.Sproles","statId":115,"yards":0},{"sequence":6,"clubcode":"SD","playerName":"D.Sproles","statId":113,"yards":22}],"00-0024429":[{"sequence":7,"clubcode":"TEN","playerName":"C.Finnegan","statId":79,"yards":0}],"0":[{"sequence":1,"clubcode":"SD","playerName":"","statId":4,"yards":0}]}},"2715":{"sp":0,"qtr":3,"down":1,"time":"06:56","yrdln":"TEN 27","ydstogo":10,"ydsnet":41,"posteam":"SD","desc":"(6:56) D.Sproles left guard to TEN 24 for 3 yards (S.Tulloch).","note":null,"players":{"00-0023564":[{"sequence":1,"clubcode":"SD","playerName":"D.Sproles","statId":10,"yards":3}],"00-0024331":[{"sequence":2,"clubcode":"TEN","playerName":"S.Tulloch","statId":79,"yards":0}]}},"2736":{"sp":0,"qtr":3,"down":2,"time":"06:18","yrdln":"TEN 24","ydstogo":7,"ydsnet":35,"posteam":"SD","desc":"(6:18) P.Rivers pass short left to B.Manumaleuna to TEN 30 for -6 yards (J.McCourty).","note":null,"players":{"00-0027136":[{"sequence":6,"clubcode":"TEN","playerName":"J.McCourty","statId":79,"yards":0},{"sequence":7,"clubcode":"TEN","playerName":"J.McCourty","statId":120,"yards":0}],"00-0022942":[{"sequence":1,"clubcode":"SD","playerName":"P.Rivers","statId":15,"yards":-6},{"sequence":2,"clubcode":"SD","playerName":"P.Rivers","statId":111,"yards":-6}],"00-0020342":[{"sequence":3,"clubcode":"SD","playerName":"B.Manumaleuna","statId":21,"yards":-6},{"sequence":4,"clubcode":"SD","playerName":"B.Manumaleuna","statId":115,"yards":0},{"sequence":5,"clubcode":"SD","playerName":"B.Manumaleuna","statId":113,"yards":0}]}},"2760":{"sp":0,"qtr":3,"down":3,"time":"05:31","yrdln":"TEN 30","ydstogo":13,"ydsnet":56,"posteam":"SD","desc":"(5:31) (Shotgun) P.Rivers pass deep right to M.Floyd to TEN 9 for 21 yards (C.Hope).","note":null,"players":{"00-0022942":[{"sequence":3,"clubcode":"SD","playerName":"P.Rivers","statId":15,"yards":21},{"sequence":4,"clubcode":"SD","playerName":"P.Rivers","statId":111,"yards":21}],"00-0022414":[{"sequence":5,"clubcode":"SD","playerName":"M.Floyd","statId":21,"yards":21},{"sequence":6,"clubcode":"SD","playerName":"M.Floyd","statId":115,"yards":0},{"sequence":7,"clubcode":"SD","playerName":"M.Floyd","statId":113,"yards":0}],"00-0021219":[{"sequence":8,"clubcode":"TEN","playerName":"C.Hope","statId":79,"yards":0}],"0":[{"sequence":1,"clubcode":"SD","playerName":"","statId":4,"yards":0},{"sequence":2,"clubcode":"SD","playerName":"","statId":6,"yards":0}]}},"2784":{"sp":1,"qtr":3,"down":1,"time":"04:56","yrdln":"TEN 9","ydstogo":9,"ydsnet":65,"posteam":"SD","desc":"(4:56) D.Sproles right tackle for 9 yards, TOUCHDOWN.","note":"TD","players":{"00-0023564":[{"sequence":2,"clubcode":"SD","playerName":"D.Sproles","statId":11,"yards":9}],"0":[{"sequence":1,"clubcode":"SD","playerName":"","statId":3,"yards":0}]}},"2802":{"sp":1,"qtr":3,"down":0,"time":"04:52","yrdln":"TEN 2","ydstogo":0,"ydsnet":65,"posteam":"SD","desc":"N.Kaeding extra point is GOOD, Center-D.Binn, Holder-M.Scifres.","note":"XP","players":{"00-0022737":[{"sequence":1,"clubcode":"SD","playerName":"N.Kaeding","statId":72,"yards":0}]}}},"fds":4,"result":"Touchdown","penyds":0,"ydsgained":65,"numplays":8,"postime":"3:30","start":{"qtr":3,"time":"08:22","yrdln":"SD 35","team":"SD"},"end":{"qtr":3,"time":"04:52","yrdln":"TEN 9","team":"SD"}},"14":{"posteam":"TEN","qtr":3,"redzone":true,"plays":{"2818":{"sp":0,"qtr":3,"down":0,"time":"04:52","yrdln":"SD 30","ydstogo":0,"ydsnet":0,"posteam":"SD","desc":"N.Kaeding kicks 53 yards from SD 30 to TEN 17. K.Britt to TEN 15 for -2 yards (S.Gregory, M.Tolbert).","note":"KICKOFF","players":{"00-0022737":[{"sequence":1,"clubcode":"SD","playerName":"N.Kaeding","statId":41,"yards":53},{"sequence":3,"clubcode":"SD","playerName":"N.Kaeding","statId":42,"yards":0}],"00-0023998":[{"sequence":4,"clubcode":"SD","playerName":"S.Gregory","statId":80,"yards":0}],"00-0026069":[{"sequence":5,"clubcode":"SD","playerName":"M.Tolbert","statId":82,"yards":0}],"00-0027006":[{"sequence":2,"clubcode":"TEN","playerName":"K.Britt","statId":45,"yards":-2}]}},"2840":{"sp":0,"qtr":3,"down":1,"time":"04:44","yrdln":"TEN 15","ydstogo":10,"ydsnet":5,"posteam":"TEN","desc":"(4:44) (Shotgun) C.Johnson right tackle to TEN 20 for 5 yards (S.Cooper, T.Dobbins).","note":null,"players":{"00-0021544":[{"sequence":2,"clubcode":"SD","playerName":"S.Cooper","statId":80,"yards":0}],"00-0026164":[{"sequence":1,"clubcode":"TEN","playerName":"C.Johnson","statId":10,"yards":5}],"00-0024365":[{"sequence":3,"clubcode":"SD","playerName":"T.Dobbins","statId":82,"yards":0}]}},"2861":{"sp":0,"qtr":3,"down":2,"time":"04:07","yrdln":"TEN 20","ydstogo":5,"ydsnet":9,"posteam":"TEN","desc":"(4:07) (Shotgun) C.Johnson up the middle to TEN 24 for 4 yards (L.English).","note":null,"players":{"00-0026164":[{"sequence":1,"clubcode":"TEN","playerName":"C.Johnson","statId":10,"yards":4}],"00-0026992":[{"sequence":2,"clubcode":"SD","playerName":"L.English","statId":79,"yards":0}]}},"2882":{"sp":0,"qtr":3,"down":3,"time":"03:35","yrdln":"TEN 24","ydstogo":1,"ydsnet":14,"posteam":"TEN","desc":"(3:35) C.Johnson right guard to TEN 29 for 5 yards (S.Gregory). SD-S.Gregory was injured during the play. His return is Questionable.","note":null,"players":{"00-0026164":[{"sequence":3,"clubcode":"TEN","playerName":"C.Johnson","statId":10,"yards":5}],"00-0023998":[{"sequence":4,"clubcode":"SD","playerName":"S.Gregory","statId":79,"yards":0}],"0":[{"sequence":1,"clubcode":"TEN","playerName":"","statId":3,"yards":0},{"sequence":2,"clubcode":"TEN","playerName":"","statId":6,"yards":0}]}},"2903":{"sp":0,"qtr":3,"down":1,"time":"03:13","yrdln":"TEN 29","ydstogo":10,"ydsnet":14,"posteam":"TEN","desc":"(3:13) V.Young pass incomplete short left to J.Gage [A.Garay].","note":null,"players":{"00-0021982":[{"sequence":2,"clubcode":"TEN","playerName":"J.Gage","statId":115,"yards":0}],"00-0022169":[{"sequence":3,"clubcode":"SD","playerName":"A.Garay","statId":110,"yards":0}],"00-0024218":[{"sequence":1,"clubcode":"TEN","playerName":"V.Young","statId":14,"yards":0},{"sequence":4,"clubcode":"TEN","playerName":"V.Young","statId":112,"yards":13}]}},"2929":{"sp":0,"qtr":3,"down":2,"time":"03:08","yrdln":"TEN 29","ydstogo":10,"ydsnet":14,"posteam":"TEN","desc":"(3:08) (Shotgun) V.Young pass short right intended for K.Britt INTERCEPTED by E.Weddle at TEN 40. E.Weddle to TEN 27 for 13 yards (D.Stewart, C.Johnson).","note":"INT","players":{"00-0026164":[{"sequence":7,"clubcode":"TEN","playerName":"C.Johnson","statId":82,"yards":0}],"00-0027006":[{"sequence":2,"clubcode":"TEN","playerName":"K.Britt","statId":115,"yards":0}],"00-0025424":[{"sequence":4,"clubcode":"SD","playerName":"E.Weddle","statId":25,"yards":13},{"sequence":5,"clubcode":"SD","playerName":"E.Weddle","statId":85,"yards":0}],"00-0023548":[{"sequence":6,"clubcode":"TEN","playerName":"D.Stewart","statId":80,"yards":0}],"00-0024218":[{"sequence":1,"clubcode":"TEN","playerName":"V.Young","statId":19,"yards":0},{"sequence":3,"clubcode":"TEN","playerName":"V.Young","statId":112,"yards":11}]}}},"fds":1,"result":"Interception","penyds":0,"ydsgained":14,"numplays":6,"postime":"1:56","start":{"qtr":3,"time":"04:52","yrdln":"TEN 15","team":"TEN"},"end":{"qtr":3,"time":"02:56","yrdln":"TEN 29","team":"TEN"}},"15":{"posteam":"SD","qtr":4,"redzone":true,"plays":{"2956":{"sp":0,"qtr":3,"down":1,"time":"02:56","yrdln":"TEN 27","ydstogo":10,"ydsnet":2,"posteam":"SD","desc":"(2:56) J.Hester up the middle to TEN 25 for 2 yards (M.Griffin, S.Marks).","note":null,"players":{"00-0027038":[{"sequence":3,"clubcode":"TEN","playerName":"S.Marks","statId":82,"yards":0}],"00-0025406":[{"sequence":2,"clubcode":"TEN","playerName":"M.Griffin","statId":80,"yards":0}],"00-0026209":[{"sequence":1,"clubcode":"SD","playerName":"J.Hester","statId":10,"yards":2}]}},"2978":{"sp":0,"qtr":3,"down":2,"time":"02:21","yrdln":"TEN 25","ydstogo":8,"ydsnet":6,"posteam":"SD","desc":"(2:21) P.Rivers pass short right to J.Hester to TEN 21 for 4 yards (G.McRath).","note":null,"players":{"00-0022942":[{"sequence":1,"clubcode":"SD","playerName":"P.Rivers","statId":15,"yards":4},{"sequence":2,"clubcode":"SD","playerName":"P.Rivers","statId":111,"yards":2}],"00-0027095":[{"sequence":6,"clubcode":"TEN","playerName":"G.McRath","statId":79,"yards":0}],"00-0026209":[{"sequence":3,"clubcode":"SD","playerName":"J.Hester","statId":21,"yards":4},{"sequence":4,"clubcode":"SD","playerName":"J.Hester","statId":115,"yards":0},{"sequence":5,"clubcode":"SD","playerName":"J.Hester","statId":113,"yards":2}]}},"3002":{"sp":0,"qtr":3,"down":3,"time":"01:52","yrdln":"TEN 21","ydstogo":4,"ydsnet":1,"posteam":"SD","desc":"(1:52) (Shotgun) P.Rivers pass short right to D.Sproles to TEN 16 for 5 yards (K.Kaesviharn). PENALTY on SD-M.McNeill, Illegal Formation, 5 yards, enforced at TEN 21 - No Play.","note":"PENALTY","players":{"00-0024265":[{"sequence":1,"clubcode":"SD","playerName":"M.McNeill","statId":93,"yards":5}]}},"3037":{"sp":0,"qtr":3,"down":3,"time":"01:26","yrdln":"TEN 26","ydstogo":9,"ydsnet":22,"posteam":"SD","desc":"(1:26) D.Sproles right guard to TEN 5 for 21 yards (J.McCourty).","note":null,"players":{"00-0027136":[{"sequence":4,"clubcode":"TEN","playerName":"J.McCourty","statId":79,"yards":0}],"00-0023564":[{"sequence":3,"clubcode":"SD","playerName":"D.Sproles","statId":10,"yards":21}],"0":[{"sequence":1,"clubcode":"SD","playerName":"","statId":3,"yards":0},{"sequence":2,"clubcode":"SD","playerName":"","statId":6,"yards":0}]}},"3058":{"sp":0,"qtr":3,"down":1,"time":"00:39","yrdln":"TEN 5","ydstogo":5,"ydsnet":26,"posteam":"SD","desc":"(:39) D.Sproles right tackle to TEN 1 for 4 yards (K.Vickerson, S.Tulloch).","note":null,"players":{"00-0023648":[{"sequence":2,"clubcode":"TEN","playerName":"K.Vickerson","statId":80,"yards":0}],"00-0023564":[{"sequence":1,"clubcode":"SD","playerName":"D.Sproles","statId":10,"yards":4}],"00-0024331":[{"sequence":3,"clubcode":"TEN","playerName":"S.Tulloch","statId":82,"yards":0}]}},"3079":{"sp":0,"qtr":3,"down":0,"time":"","yrdln":"","ydstogo":0,"ydsnet":26,"posteam":"","desc":"END QUARTER 3","note":null,"players":{}},"3095":{"sp":1,"qtr":4,"down":2,"time":"15:00","yrdln":"TEN 1","ydstogo":1,"ydsnet":27,"posteam":"SD","desc":"(15:00) D.Sproles right tackle for 1 yard, TOUCHDOWN.","note":"TD","players":{"00-0023564":[{"sequence":2,"clubcode":"SD","playerName":"D.Sproles","statId":11,"yards":1}],"0":[{"sequence":1,"clubcode":"SD","playerName":"","statId":3,"yards":0}]}},"3118":{"sp":1,"qtr":4,"down":0,"time":"14:56","yrdln":"TEN 2","ydstogo":0,"ydsnet":27,"posteam":"SD","desc":"N.Kaeding extra point is GOOD, Center-D.Binn, Holder-M.Scifres.","note":"XP","players":{"00-0022737":[{"sequence":1,"clubcode":"SD","playerName":"N.Kaeding","statId":72,"yards":0}]}}},"fds":2,"result":"Touchdown","penyds":-5,"ydsgained":32,"numplays":8,"postime":"3:00","start":{"qtr":3,"time":"02:56","yrdln":"TEN 27","team":"SD"},"end":{"qtr":3,"time":"14:56","yrdln":"TEN 1","team":"SD"}},"16":{"posteam":"TEN","qtr":4,"redzone":true,"plays":{"3134":{"sp":0,"qtr":4,"down":0,"time":"14:56","yrdln":"SD 30","ydstogo":0,"ydsnet":0,"posteam":"SD","desc":"N.Kaeding kicks 58 yards from SD 30 to TEN 12. K.Britt to TEN 26 for 14 yards (M.Tolbert, P.Oliver).","note":"KICKOFF","players":{"00-0025788":[{"sequence":4,"clubcode":"SD","playerName":"P.Oliver","statId":82,"yards":0}],"00-0022737":[{"sequence":1,"clubcode":"SD","playerName":"N.Kaeding","statId":41,"yards":58}],"00-0026069":[{"sequence":3,"clubcode":"SD","playerName":"M.Tolbert","statId":80,"yards":0}],"00-0027006":[{"sequence":2,"clubcode":"TEN","playerName":"K.Britt","statId":45,"yards":14}]}},"3156":{"sp":0,"qtr":4,"down":1,"time":"14:49","yrdln":"TEN 26","ydstogo":10,"ydsnet":9,"posteam":"TEN","desc":"(14:49) C.Johnson right guard to TEN 35 for 9 yards (P.Oliver, S.Cooper).","note":null,"players":{"00-0021544":[{"sequence":3,"clubcode":"SD","playerName":"S.Cooper","statId":82,"yards":0}],"00-0025788":[{"sequence":2,"clubcode":"SD","playerName":"P.Oliver","statId":80,"yards":0}],"00-0026164":[{"sequence":1,"clubcode":"TEN","playerName":"C.Johnson","statId":10,"yards":9}]}},"3177":{"sp":0,"qtr":4,"down":2,"time":"14:11","yrdln":"TEN 35","ydstogo":1,"ydsnet":11,"posteam":"TEN","desc":"(14:11) C.Johnson left tackle to TEN 37 for 2 yards (S.Cooper, T.Johnson).","note":null,"players":{"00-0021544":[{"sequence":3,"clubcode":"SD","playerName":"S.Cooper","statId":80,"yards":0}],"00-0026164":[{"sequence":2,"clubcode":"TEN","playerName":"C.Johnson","statId":10,"yards":2}],"00-0023450":[{"sequence":4,"clubcode":"SD","playerName":"T.Johnson","statId":82,"yards":0}],"0":[{"sequence":1,"clubcode":"TEN","playerName":"","statId":3,"yards":0}]}},"3198":{"sp":0,"qtr":4,"down":1,"time":"13:37","yrdln":"TEN 37","ydstogo":10,"ydsnet":11,"posteam":"TEN","desc":"(13:37) V.Young pass incomplete short right to J.Gage.","note":null,"players":{"00-0021982":[{"sequence":2,"clubcode":"TEN","playerName":"J.Gage","statId":115,"yards":0}],"00-0024218":[{"sequence":1,"clubcode":"TEN","playerName":"V.Young","statId":14,"yards":0},{"sequence":3,"clubcode":"TEN","playerName":"V.Young","statId":112,"yards":3}]}},"3220":{"sp":0,"qtr":4,"down":2,"time":"13:33","yrdln":"TEN 37","ydstogo":10,"ydsnet":22,"posteam":"TEN","desc":"(13:33) C.Johnson left tackle to TEN 48 for 11 yards (E.Weddle, M.Harris).","note":null,"players":{"00-0026164":[{"sequence":2,"clubcode":"TEN","playerName":"C.Johnson","statId":10,"yards":11}],"00-0023084":[{"sequence":4,"clubcode":"SD","playerName":"M.Harris","statId":82,"yards":0}],"00-0025424":[{"sequence":3,"clubcode":"SD","playerName":"E.Weddle","statId":80,"yards":0}],"0":[{"sequence":1,"clubcode":"TEN","playerName":"","statId":3,"yards":0}]}},"3241":{"sp":0,"qtr":4,"down":1,"time":"12:51","yrdln":"TEN 48","ydstogo":10,"ydsnet":22,"posteam":"TEN","desc":"(12:51) (Shotgun) V.Young pass incomplete deep left to K.Britt.","note":null,"players":{"00-0027006":[{"sequence":2,"clubcode":"TEN","playerName":"K.Britt","statId":115,"yards":0}],"00-0024218":[{"sequence":1,"clubcode":"TEN","playerName":"V.Young","statId":14,"yards":0},{"sequence":3,"clubcode":"TEN","playerName":"V.Young","statId":112,"yards":37}]}},"3263":{"sp":0,"qtr":4,"down":2,"time":"12:45","yrdln":"TEN 48","ydstogo":10,"ydsnet":20,"posteam":"TEN","desc":"(12:45) (Shotgun) C.Johnson up the middle to TEN 46 for -2 yards (E.Weddle).","note":null,"players":{"00-0026164":[{"sequence":1,"clubcode":"TEN","playerName":"C.Johnson","statId":10,"yards":-2}],"00-0025424":[{"sequence":3,"clubcode":"SD","playerName":"E.Weddle","statId":79,"yards":0},{"sequence":4,"clubcode":"SD","playerName":"E.Weddle","statId":120,"yards":0}],"0":[{"sequence":2,"clubcode":"TEN","playerName":"","statId":95,"yards":-2}]}},"3284":{"sp":0,"qtr":4,"down":3,"time":"12:04","yrdln":"TEN 46","ydstogo":12,"ydsnet":20,"posteam":"TEN","desc":"(12:04) (Shotgun) V.Young pass incomplete short right to K.Britt (Q.Jammer) [S.Phillips].","note":null,"players":{"00-0027006":[{"sequence":3,"clubcode":"TEN","playerName":"K.Britt","statId":115,"yards":0}],"0":[{"sequence":1,"clubcode":"TEN","playerName":"","statId":7,"yards":0}],"00-0022723":[{"sequence":5,"clubcode":"SD","playerName":"S.Phillips","statId":110,"yards":0}],"00-0021381":[{"sequence":4,"clubcode":"SD","playerName":"Q.Jammer","statId":85,"yards":0}],"00-0024218":[{"sequence":2,"clubcode":"TEN","playerName":"V.Young","statId":14,"yards":0},{"sequence":6,"clubcode":"TEN","playerName":"V.Young","statId":112,"yards":14}]}},"3306":{"sp":0,"qtr":4,"down":4,"time":"11:59","yrdln":"TEN 46","ydstogo":12,"ydsnet":20,"posteam":"TEN","desc":"(11:59) (Punt formation) B.Kern punts 41 yards to SD 13, Center-K.Amato, downed by TEN-J.McCourty.","note":"PUNT","players":{"0":[{"sequence":3,"clubcode":"SD","playerName":"","statId":38,"yards":0}],"00-0025825":[{"sequence":1,"clubcode":"TEN","playerName":"B.Kern","statId":29,"yards":41},{"sequence":2,"clubcode":"TEN","playerName":"B.Kern","statId":30,"yards":0}]}}},"fds":2,"result":"Punt","penyds":0,"ydsgained":20,"numplays":9,"postime":"3:10","start":{"qtr":4,"time":"14:56","yrdln":"TEN 26","team":"TEN"},"end":{"qtr":4,"time":"11:46","yrdln":"TEN 46","team":"TEN"}},"17":{"posteam":"SD","qtr":4,"redzone":true,"plays":{"3326":{"sp":0,"qtr":4,"down":1,"time":"11:46","yrdln":"SD 13","ydstogo":10,"ydsnet":2,"posteam":"SD","desc":"(11:46) M.Tolbert up the middle to SD 15 for 2 yards (S.Marks).","note":null,"players":{"00-0027038":[{"sequence":2,"clubcode":"TEN","playerName":"S.Marks","statId":79,"yards":0}],"00-0026069":[{"sequence":1,"clubcode":"SD","playerName":"M.Tolbert","statId":10,"yards":2}]}},"3347":{"sp":0,"qtr":4,"down":2,"time":"11:08","yrdln":"SD 15","ydstogo":8,"ydsnet":6,"posteam":"SD","desc":"(11:08) M.Tolbert up the middle to SD 19 for 4 yards (J.Haye, S.Tulloch).","note":null,"players":{"00-0026069":[{"sequence":1,"clubcode":"SD","playerName":"M.Tolbert","statId":10,"yards":4}],"00-0024331":[{"sequence":3,"clubcode":"TEN","playerName":"S.Tulloch","statId":82,"yards":0}],"00-0023622":[{"sequence":2,"clubcode":"TEN","playerName":"J.Haye","statId":80,"yards":0}]}},"3368":{"sp":0,"qtr":4,"down":3,"time":"10:27","yrdln":"SD 19","ydstogo":4,"ydsnet":12,"posteam":"SD","desc":"(10:27) (Shotgun) J.Hester left guard to SD 25 for 6 yards (S.Tulloch).","note":null,"players":{"00-0024331":[{"sequence":4,"clubcode":"TEN","playerName":"S.Tulloch","statId":79,"yards":0}],"0":[{"sequence":1,"clubcode":"SD","playerName":"","statId":3,"yards":0},{"sequence":2,"clubcode":"SD","playerName":"","statId":6,"yards":0}],"00-0026209":[{"sequence":3,"clubcode":"SD","playerName":"J.Hester","statId":10,"yards":6}]}},"3390":{"sp":0,"qtr":4,"down":1,"time":"09:41","yrdln":"SD 25","ydstogo":10,"ydsnet":17,"posteam":"SD","desc":"(9:41) M.Tolbert left end to SD 30 for 5 yards (K.Vickerson, C.Allred).","note":null,"players":{"00-0023648":[{"sequence":2,"clubcode":"TEN","playerName":"K.Vickerson","statId":80,"yards":0}],"00-0026069":[{"sequence":1,"clubcode":"SD","playerName":"M.Tolbert","statId":10,"yards":5}],"00-0023812":[{"sequence":3,"clubcode":"TEN","playerName":"C.Allred","statId":82,"yards":0}]}},"3412":{"sp":0,"qtr":4,"down":2,"time":"08:58","yrdln":"SD 30","ydstogo":5,"ydsnet":19,"posteam":"SD","desc":"(8:58) J.Hester left tackle to SD 32 for 2 yards (J.McCourty). FUMBLES (J.McCourty), RECOVERED by TEN-T.Brown at SD 33. T.Brown to SD 33 for no gain (J.Hester). SD-J.Hester was injured during the play. His return is Questionable.","note":"FUMBLE","players":{"00-0027136":[{"sequence":2,"clubcode":"TEN","playerName":"J.McCourty","statId":79,"yards":0},{"sequence":5,"clubcode":"TEN","playerName":"J.McCourty","statId":91,"yards":0}],"00-0021490":[{"sequence":6,"clubcode":"TEN","playerName":"T.Brown","statId":59,"yards":0}],"00-0026209":[{"sequence":1,"clubcode":"SD","playerName":"J.Hester","statId":10,"yards":2},{"sequence":3,"clubcode":"SD","playerName":"J.Hester","statId":52,"yards":0},{"sequence":4,"clubcode":"SD","playerName":"J.Hester","statId":106,"yards":0},{"sequence":7,"clubcode":"SD","playerName":"J.Hester","statId":79,"yards":0}]}}},"fds":1,"result":"Fumble","penyds":0,"ydsgained":19,"numplays":5,"postime":"2:58","start":{"qtr":4,"time":"11:46","yrdln":"SD 13","team":"SD"},"end":{"qtr":4,"time":"08:48","yrdln":"SD 30","team":"SD"}},"18":{"posteam":"TEN","qtr":4,"redzone":true,"plays":{"3445":{"sp":0,"qtr":4,"down":1,"time":"08:48","yrdln":"SD 33","ydstogo":10,"ydsnet":3,"posteam":"TEN","desc":"(8:48) C.Johnson left end to SD 30 for 3 yards (T.Johnson).","note":null,"players":{"00-0026164":[{"sequence":1,"clubcode":"TEN","playerName":"C.Johnson","statId":10,"yards":3}],"00-0023450":[{"sequence":2,"clubcode":"SD","playerName":"T.Johnson","statId":79,"yards":0}]}},"3470":{"sp":1,"qtr":4,"down":2,"time":"08:11","yrdln":"SD 30","ydstogo":7,"ydsnet":33,"posteam":"TEN","desc":"(8:11) C.Johnson right end for 30 yards, TOUCHDOWN.","note":"TD","players":{"00-0026164":[{"sequence":2,"clubcode":"TEN","playerName":"C.Johnson","statId":11,"yards":30}],"0":[{"sequence":1,"clubcode":"TEN","playerName":"","statId":3,"yards":0}]}},"3488":{"sp":1,"qtr":4,"down":0,"time":"08:02","yrdln":"SD 2","ydstogo":0,"ydsnet":33,"posteam":"TEN","desc":"R.Bironas extra point is GOOD, Center-K.Amato, Holder-B.Kern.","note":"XP","players":{"00-0020962":[{"sequence":1,"clubcode":"TEN","playerName":"R.Bironas","statId":72,"yards":0}]}}},"fds":1,"result":"Touchdown","penyds":0,"ydsgained":33,"numplays":3,"postime":"0:46","start":{"qtr":4,"time":"08:48","yrdln":"SD 33","team":"TEN"},"end":{"qtr":4,"time":"08:02","yrdln":"SD 30","team":"TEN"}},"19":{"posteam":"SD","qtr":4,"redzone":true,"plays":{"3504":{"sp":0,"qtr":4,"down":0,"time":"08:02","yrdln":"TEN 30","ydstogo":0,"ydsnet":0,"posteam":"TEN","desc":"R.Bironas kicks 63 yards from TEN 30 to SD 7. D.Sproles to SD 33 for 26 yards (K.Kaesviharn).","note":"KICKOFF","players":{"00-0023564":[{"sequence":2,"clubcode":"SD","playerName":"D.Sproles","statId":45,"yards":26}],"00-0020962":[{"sequence":1,"clubcode":"TEN","playerName":"R.Bironas","statId":41,"yards":63}],"00-0019993":[{"sequence":3,"clubcode":"TEN","playerName":"K.Kaesviharn","statId":79,"yards":0}]}},"3526":{"sp":0,"qtr":4,"down":1,"time":"07:55","yrdln":"SD 33","ydstogo":10,"ydsnet":7,"posteam":"SD","desc":"(7:55) M.Tolbert left tackle to SD 40 for 7 yards (G.McRath).","note":null,"players":{"00-0026069":[{"sequence":1,"clubcode":"SD","playerName":"M.Tolbert","statId":10,"yards":7}],"00-0027095":[{"sequence":2,"clubcode":"TEN","playerName":"G.McRath","statId":79,"yards":0}]}},"3547":{"sp":0,"qtr":4,"down":2,"time":"07:13","yrdln":"SD 40","ydstogo":3,"ydsnet":27,"posteam":"SD","desc":"(7:13) M.Tolbert left tackle to TEN 40 for 20 yards (C.Hope).","note":null,"players":{"00-0021219":[{"sequence":3,"clubcode":"TEN","playerName":"C.Hope","statId":79,"yards":0}],"00-0026069":[{"sequence":2,"clubcode":"SD","playerName":"M.Tolbert","statId":10,"yards":20}],"0":[{"sequence":1,"clubcode":"SD","playerName":"","statId":3,"yards":0}]}},"3568":{"sp":0,"qtr":4,"down":1,"time":"06:27","yrdln":"TEN 40","ydstogo":10,"ydsnet":27,"posteam":"SD","desc":"(6:27) M.Tolbert up the middle to TEN 40 for no gain (S.Marks, K.Vanden Bosch).","note":null,"players":{"00-0027038":[{"sequence":2,"clubcode":"TEN","playerName":"S.Marks","statId":80,"yards":0}],"00-0020382":[{"sequence":3,"clubcode":"TEN","playerName":"K.Vanden Bosch","statId":82,"yards":0}],"00-0026069":[{"sequence":1,"clubcode":"SD","playerName":"M.Tolbert","statId":10,"yards":0}]}},"3589":{"sp":0,"qtr":4,"down":2,"time":"05:40","yrdln":"TEN 40","ydstogo":10,"ydsnet":27,"posteam":"SD","desc":"(5:40) M.Tolbert left guard to TEN 40 for no gain (C.Allred, S.Tulloch).","note":null,"players":{"00-0026069":[{"sequence":1,"clubcode":"SD","playerName":"M.Tolbert","statId":10,"yards":0}],"00-0024331":[{"sequence":3,"clubcode":"TEN","playerName":"S.Tulloch","statId":82,"yards":0}],"00-0023812":[{"sequence":2,"clubcode":"TEN","playerName":"C.Allred","statId":80,"yards":0}]}},"3610":{"sp":0,"qtr":4,"down":3,"time":"04:58","yrdln":"TEN 40","ydstogo":10,"ydsnet":36,"posteam":"SD","desc":"(4:58) M.Tolbert right guard to TEN 31 for 9 yards (J.Ford).","note":null,"players":{"00-0026069":[{"sequence":2,"clubcode":"SD","playerName":"M.Tolbert","statId":10,"yards":9}],"0":[{"sequence":1,"clubcode":"SD","playerName":"","statId":7,"yards":0}],"00-0025591":[{"sequence":3,"clubcode":"TEN","playerName":"J.Ford","statId":79,"yards":0}]}},"3631":{"sp":0,"qtr":4,"down":4,"time":"04:13","yrdln":"TEN 31","ydstogo":1,"ydsnet":38,"posteam":"SD","desc":"(4:13) M.Tolbert right guard to TEN 29 for 2 yards (J.Haye, C.Allred).","note":null,"players":{"00-0026069":[{"sequence":3,"clubcode":"SD","playerName":"M.Tolbert","statId":10,"yards":2}],"0":[{"sequence":1,"clubcode":"SD","playerName":"","statId":3,"yards":0},{"sequence":2,"clubcode":"SD","playerName":"","statId":8,"yards":0}],"00-0023622":[{"sequence":4,"clubcode":"TEN","playerName":"J.Haye","statId":80,"yards":0}],"00-0023812":[{"sequence":5,"clubcode":"TEN","playerName":"C.Allred","statId":82,"yards":0}]}},"3652":{"sp":0,"qtr":4,"down":1,"time":"03:29","yrdln":"TEN 29","ydstogo":10,"ydsnet":46,"posteam":"SD","desc":"(3:29) M.Tolbert right tackle to TEN 21 for 8 yards (S.Tulloch, D.Ball).","note":null,"players":{"00-0026069":[{"sequence":1,"clubcode":"SD","playerName":"M.Tolbert","statId":10,"yards":8}],"00-0024331":[{"sequence":2,"clubcode":"TEN","playerName":"S.Tulloch","statId":80,"yards":0}],"00-0022814":[{"sequence":3,"clubcode":"TEN","playerName":"D.Ball","statId":82,"yards":0}]}},"3673":{"sp":0,"qtr":4,"down":2,"time":"02:41","yrdln":"TEN 21","ydstogo":2,"ydsnet":49,"posteam":"SD","desc":"(2:41) M.Tolbert right guard to TEN 18 for 3 yards (K.Vickerson, C.Allred).","note":null,"players":{"00-0023648":[{"sequence":3,"clubcode":"TEN","playerName":"K.Vickerson","statId":80,"yards":0}],"00-0026069":[{"sequence":2,"clubcode":"SD","playerName":"M.Tolbert","statId":10,"yards":3}],"0":[{"sequence":1,"clubcode":"SD","playerName":"","statId":3,"yards":0}],"00-0023812":[{"sequence":4,"clubcode":"TEN","playerName":"C.Allred","statId":82,"yards":0}]}},"3694":{"sp":0,"qtr":4,"down":0,"time":"02:00","yrdln":"","ydstogo":0,"ydsnet":49,"posteam":"","desc":"Two-Minute Warning","note":null,"players":{}},"3711":{"sp":0,"qtr":4,"down":1,"time":"02:00","yrdln":"TEN 18","ydstogo":10,"ydsnet":48,"posteam":"SD","desc":"(2:00) B.Volek kneels to TEN 19 for -1 yards.","note":null,"players":{"00-0019041":[{"sequence":1,"clubcode":"SD","playerName":"B.Volek","statId":10,"yards":-1}]}},"3733":{"sp":0,"qtr":4,"down":2,"time":"01:18","yrdln":"TEN 19","ydstogo":11,"ydsnet":47,"posteam":"SD","desc":"(1:18) B.Volek kneels to TEN 20 for -1 yards.","note":null,"players":{"00-0019041":[{"sequence":1,"clubcode":"SD","playerName":"B.Volek","statId":10,"yards":-1}]}},"3754":{"sp":0,"qtr":4,"down":3,"time":"01:18","yrdln":"TEN 20","ydstogo":12,"ydsnet":46,"posteam":"SD","desc":"(1:18) B.Volek kneels to TEN 21 for -1 yards.","note":null,"players":{"0":[{"sequence":1,"clubcode":"SD","playerName":"","statId":7,"yards":0}],"00-0019041":[{"sequence":2,"clubcode":"SD","playerName":"B.Volek","statId":10,"yards":-1}]}},"3775":{"sp":0,"qtr":4,"down":0,"time":"00:00","yrdln":"","ydstogo":0,"ydsnet":46,"posteam":"","desc":"END GAME","note":null,"players":{}}},"fds":3,"result":"End of Game","penyds":0,"ydsgained":46,"numplays":14,"postime":"8:02","start":{"qtr":4,"time":"08:02","yrdln":"SD 33","team":"SD"},"end":{"qtr":4,"time":"00:00","yrdln":"","team":"SD"}},"crntdrv":19},"scrsummary":{"372":{"type":"FG","desc":"R.Bironas 46 yd. Field Goal Drive: 8 plays, 52 yards in 3:29","qtr":1,"team":"TEN","players":{"R.Bironas":"00-0020962"}},"794":{"type":"TD","desc":"L.Tomlinson 1 yd. run (N.Kaeding kick is good) Drive: 13 plays, 76 yards in 6:56","qtr":1,"team":"SD","players":{"":"0","L.Tomlinson":"00-0020536","N.Kaeding":"00-0022737"}},"1237":{"type":"TD","desc":"A.Gates 36 yd. pass from P.Rivers (N.Kaeding kick is good) Drive: 8 plays, 76 yards in 4:03","qtr":2,"team":"SD","players":{"":"0","P.Rivers":"00-0022942","A.Gates":"00-0021547","N.Kaeding":"00-0022737"}},"1650":{"type":"TD","desc":"D.Sproles 3 yd. pass from P.Rivers (N.Kaeding kick is good) Drive: 7 plays, 52 yards in 3:20","qtr":2,"team":"SD","players":{"":"0","P.Rivers":"00-0022942","D.Sproles":"00-0023564","N.Kaeding":"00-0022737"}},"2051":{"type":"TD","desc":"V.Young 3 yd. run (R.Bironas kick is good) Drive: 11 plays, 77 yards in 2:56","qtr":2,"team":"TEN","players":{"":"0","V.Young":"00-0024218","R.Bironas":"00-0020962"}},"2453":{"type":"TD","desc":"L.Tomlinson 1 yd. run (N.Kaeding kick is good) Drive: 7 plays, 85 yards in 3:42","qtr":3,"team":"SD","players":{"":"0","L.Tomlinson":"00-0020536","N.Kaeding":"00-0022737"}},"2784":{"type":"TD","desc":"D.Sproles 9 yd. run (N.Kaeding kick is good) Drive: 7 plays, 65 yards in 3:30","qtr":3,"team":"SD","players":{"":"0","D.Sproles":"00-0023564","N.Kaeding":"00-0022737"}},"3095":{"type":"TD","desc":"D.Sproles 1 yd. run (N.Kaeding kick is good) Drive: 5 plays, 27 yards in 3:00","qtr":4,"team":"SD","players":{"":"0","D.Sproles":"00-0023564","N.Kaeding":"00-0022737"}},"3470":{"type":"TD","desc":"C.Johnson 30 yd. run (R.Bironas kick is good) Drive: 2 plays, 33 yards in 0:46","qtr":4,"team":"TEN","players":{"":"0","C.Johnson":"00-0026164","R.Bironas":"00-0020962"}}},"weather":null,"media":null,"yl":"","qtr":"Final","note":null,"down":0,"togo":0,"redzone":true,"clock":"01:18","posteam":"SD","stadium":null},"nextupdate":279}