{"2009110109":{"home":{"score":{"1":3,"2":10,"3":10,"4":7,"5":0,"T":30},"abbr":"TEN","to":2,"stats":{"passing":{"00-0024218":{"name":"V.Young","att":18,"cmp":15,"yds":125,"tds":1,"ints":0,"twopta":0,"twoptm":0}},"rushing":{"00-0026164":{"name":"C.Johnson","att":24,"yds":228,"tds":2,"lng":89,"twopta":0,"twoptm":0},"00-0024260":{"name":"L.White","att":13,"yds":47,"tds":0,"lng":9,"twopta":0,"twoptm":0},"00-0024218":{"name":"V.Young","att":12,"yds":30,"tds":0,"lng":8,"twopta":0,"twoptm":0}},"receiving":{"00-0023612":{"name":"B.Scaife","rec":4,"yds":27,"tds":0,"lng":18,"twopta":0,"twoptm":0},"00-0021982":{"name":"J.Gage","rec":3,"yds":41,"tds":0,"lng":15,"twopta":0,"twoptm":0},"00-0023367":{"name":"N.Washington","rec":2,"yds":22,"tds":1,"lng":16,"twopta":0,"twoptm":0},"00-0020285":{"name":"A.Crumpler","rec":2,"yds":14,"tds":0,"lng":7,"twopta":0,"twoptm":0},"00-0026164":{"name":"C.Johnson","rec":2,"yds":11,"tds":0,"lng":9,"twopta":0,"twoptm":0},"00-0027006":{"name":"K.Britt","rec":1,"yds":7,"tds":0,"lng":7,"twopta":0,"twoptm":0},"00-0027061":{"name":"J.Cook","rec":1,"yds":3,"tds":0,"lng":3,"twopta":0,"twoptm":0}},"fumbles":{},"kicking":{"00-0020962":{"name":"R.Bironas","fgm":3,"fga":3,"fgyds":48,"totpfg":9,"xpmade":3,"xpmissed":0,"xpa":3,"xpb":0,"xptot":3}},"punting":{"00-0025825":{"name":"B.Kern","pts":4,"yds":193,"avg":43,"i20":3,"lng":55}},"kickret":{"00-0025406":{"name":"M.Griffin","ret":1,"avg":25,"tds":0,"lng":25},"00-0020285":{"name":"A.Crumpler","ret":1,"avg":5,"tds":0,"lng":5}},"puntret":{"00-0019993":{"name":"K.Kaesviharn","ret":5,"avg":3,"tds":0,"lng":6}},"defense":{"00-0021230":{"name":"D.Thornton","tkl":6,"ast":1,"sk":1,"int":0,"ffum":1},"00-0019648":{"name":"K.Bulluck","tkl":3,"ast":2,"sk":0,"int":0,"ffum":0},"00-0020382":{"name":"K.Vanden Bosch","tkl":2,"ast":3,"sk":1,"int":0,"ffum":0},"00-0026243":{"name":"W.Hayes","tkl":2,"ast":2,"sk":0,"int":0,"ffum":0},"00-0021490":{"name":"T.Brown","tkl":3,"ast":0,"sk":0,"int":0,"ffum":0},"00-0021219":{"name":"C.Hope","tkl":3,"ast":0,"sk":0,"int":0,"ffum":0},"00-0023543":{"name":"V.Fuller","tkl":3,"ast":0,"sk":0,"int":0,"ffum":0},"00-0024429":{"name":"C.Finnegan","tkl":2,"ast":1,"sk":0,"int":1,"ffum":0},"00-0021503":{"name":"R.Hood","tkl":2,"ast":1,"sk":0,"int":1,"ffum":0},"00-0025406":{"name":"M.Griffin","tkl":2,"ast":1,"sk":0,"int":0,"ffum":1},"00-0026194":{"name":"J.Jones","tkl":1,"ast":0,"sk":1,"int":0,"ffum":0},"00-0025591":{"name":"J.Ford","tkl":1,"ast":0,"sk":1,"int":0,"ffum":0},"00-0024331":{"name":"S.Tulloch","tkl":1,"ast":0,"sk":0,"int":0,"ffum":0}},"team":{"totfd":20,"totyds":430,"pyds":125,"ryds":305,"pen":4,"penyds":20,"trnovr":0,"pt":4,"ptyds":193,"ptavg":43,"top":"39:43"}},"players":null},"away":{"score":{"1":0,"2":7,"3":6,"4":0,"5":0,"T":13},"abbr":"JAC","to":3,"stats":{"passing":{"00-0021231":{"name":"D.Garrard","att":27,"cmp":14,"yds":139,"tds":0,"ints":2,"twopta":0,"twoptm":0},"00-0022864":{"name":"L.McCown","att":2,"cmp":0,"yds":0,"tds":0,"ints":0,"twopta":0,"twoptm":0}},"rushing":{"00-0024275":{"name":"M.Jones-Drew","att":8,"yds":177,"tds":2,"lng":80,"twopta":0,"twoptm":0},"00-0021231":{"name":"D.Garrard","att":3,"yds":22,"tds":0,"lng":12,"twopta":0,"twoptm":0},"00-0027155":{"name":"R.Jennings","att":3,"yds":8,"tds":0,"lng":5,"twopta":0,"twoptm":0},"00-0027076":{"name":"M.Thomas","att":1,"yds":7,"tds":0,"lng":7,"twopta":0,"twoptm":0},"00-0022897":{"name":"G.Jones","att":1,"yds":3,"tds":0,"lng":3,"twopta":0,"twoptm":0}},"receiving":{"00-0027076":{"name":"M.Thomas","rec":4,"yds":55,"tds":0,"lng":25,"twopta":0,"twoptm":0},"00-0022901":{"name":"E.Wilford","rec":2,"yds":18,"tds":0,"lng":13,"twopta":0,"twoptm":0},"00-0007681":{"name":"T.Holt","rec":2,"yds":17,"tds":0,"lng":16,"twopta":0,"twoptm":0},"00-0025466":{"name":"M.Sims-Walker","rec":2,"yds":9,"tds":0,"lng":5,"twopta":0,"twoptm":0},"00-0027105":{"name":"J.Dillard","rec":1,"yds":23,"tds":0,"lng":23,"twopta":0,"twoptm":0},"00-0024243":{"name":"M.Lewis","rec":1,"yds":20,"tds":0,"lng":20,"twopta":0,"twoptm":0},"00-0027155":{"name":"R.Jennings","rec":1,"yds":1,"tds":0,"lng":1,"twopta":0,"twoptm":0},"00-0024275":{"name":"M.Jones-Drew","rec":1,"yds":-4,"tds":0,"lng":-4,"twopta":0,"twoptm":0}},"fumbles":{"00-0021231":{"name":"D.Garrard","tot":1,"rcv":1,"trcv":1,"yds":0,"lost":0},"00-0024243":{"name":"M.Lewis","tot":1,"rcv":0,"trcv":0,"yds":0,"lost":0},"00-0027125":{"name":"Z.Miller","tot":0,"rcv":1,"trcv":1,"yds":0,"lost":0}},"kicking":{"00-0022874":{"name":"J.Scobee","fgm":0,"fga":0,"fgyds":0,"totpfg":0,"xpmade":1,"xpmissed":0,"xpa":1,"xpb":1,"xptot":1}},"punting":{"00-0025488":{"name":"A.Podlesh","pts":7,"yds":309,"avg":42,"i20":2,"lng":64}},"kickret":{"00-0027076":{"name":"M.Thomas","ret":5,"avg":29,"tds":0,"lng":42}},"puntret":{},"defense":{"00-0025435":{"name":"J.Durant","tkl":12,"ast":4,"sk":0,"int":0,"ffum":0},"00-0022839":{"name":"D.Smith","tkl":8,"ast":1,"sk":0,"int":0,"ffum":0},"00-0027046":{"name":"T.Knighton","tkl":6,"ast":3,"sk":0,"int":0,"ffum":0},"00-0025408":{"name":"R.Nelson","tkl":7,"ast":0,"sk":0,"int":0,"ffum":0},"00-0026148":{"name":"D.Harvey","tkl":5,"ast":1,"sk":0,"int":0,"ffum":0},"00-0021144":{"name":"J.Henderson","tkl":3,"ast":2,"sk":0,"int":0,"ffum":0},"00-0024295":{"name":"C.Ingram","tkl":2,"ast":2,"sk":0,"int":0,"ffum":0},"00-0024100":{"name":"B.Iwuh","tkl":3,"ast":0,"sk":0,"int":0,"ffum":0},"00-0025448":{"name":"G.Alexander","tkl":3,"ast":0,"sk":0,"int":0,"ffum":0},"00-0023524":{"name":"A.Ellison","tkl":2,"ast":1,"sk":0,"int":0,"ffum":0},"00-0020199":{"name":"B.Russell","tkl":2,"ast":0,"sk":0,"int":0,"ffum":0},"00-0024396":{"name":"M.Stanley","tkl":1,"ast":1,"sk":0,"int":0,"ffum":0},"00-0027047":{"name":"D.Cox","tkl":1,"ast":0,"sk":0,"int":0,"ffum":0},"00-0026192":{"name":"Q.Groves","tkl":1,"ast":0,"sk":0,"int":0,"ffum":0},"00-0025553":{"name":"D.Landri","tkl":0,"ast":1,"sk":0,"int":0,"ffum":0},"00-0026617":{"name":"Ju.Williams","tkl":0,"ast":1,"sk":0,"int":0,"ffum":0}},"team":{"totfd":12,"totyds":330,"pyds":113,"ryds":217,"pen":2,"penyds":27,"trnovr":2,"pt":7,"ptyds":309,"ptavg":42,"top":"20:17"}},"players":null},"drives":{"1":{"posteam":"TEN","qtr":1,"redzone":true,"plays":{"35":{"sp":0,"qtr":1,"down":0,"time":"15:00","yrdln":"JAC 30","ydstogo":0,"ydsnet":0,"posteam":"JAC","desc":"J.Scobee kicks 70 yards from JAC 30 to end zone, Touchback.","note":"KICKOFF","players":{"0":[{"sequence":2,"clubcode":"TEN","playerName":"","statId":51,"yards":0}],"00-0022874":[{"sequence":1,"clubcode":"JAC","playerName":"J.Scobee","statId":44,"yards":70}]}},"53":{"sp":0,"qtr":1,"down":1,"time":"15:00","yrdln":"TEN 20","ydstogo":10,"ydsnet":9,"posteam":"TEN","desc":"(15:00) C.Johnson right end to TEN 29 for 9 yards (R.Nelson).","note":null,"players":{"00-0026164":[{"sequence":1,"clubcode":"TEN","playerName":"C.Johnson","statId":10,"yards":9}],"00-0025408":[{"sequence":2,"clubcode":"JAC","playerName":"R.Nelson","statId":79,"yards":0}]}},"74":{"sp":0,"qtr":1,"down":2,"time":"14:23","yrdln":"TEN 29","ydstogo":1,"ydsnet":11,"posteam":"TEN","desc":"(14:23) C.Johnson left end to TEN 31 for 2 yards (A.Ellison, C.Ingram).","note":null,"players":{"00-0026164":[{"sequence":2,"clubcode":"TEN","playerName":"C.Johnson","statId":10,"yards":2}],"00-0023524":[{"sequence":3,"clubcode":"JAC","playerName":"A.Ellison","statId":80,"yards":0}],"0":[{"sequence":1,"clubcode":"TEN","playerName":"","statId":3,"yards":0}],"00-0024295":[{"sequence":4,"clubcode":"JAC","playerName":"C.Ingram","statId":82,"yards":0}]}},"95":{"sp":0,"qtr":1,"down":1,"time":"13:47","yrdln":"TEN 31","ydstogo":10,"ydsnet":13,"posteam":"TEN","desc":"(13:47) V.Young pass short left to C.Johnson to TEN 33 for 2 yards (J.Durant).","note":null,"players":{"00-0026164":[{"sequence":3,"clubcode":"TEN","playerName":"C.Johnson","statId":21,"yards":2},{"sequence":4,"clubcode":"TEN","playerName":"C.Johnson","statId":115,"yards":0},{"sequence":5,"clubcode":"TEN","playerName":"C.Johnson","statId":113,"yards":1}],"00-0025435":[{"sequence":6,"clubcode":"JAC","playerName":"J.Durant","statId":79,"yards":0}],"00-0024218":[{"sequence":1,"clubcode":"TEN","playerName":"V.Young","statId":15,"yards":2},{"sequence":2,"clubcode":"TEN","playerName":"V.Young","statId":111,"yards":1}]}},"119":{"sp":0,"qtr":1,"down":2,"time":"13:07","yrdln":"TEN 33","ydstogo":8,"ydsnet":23,"posteam":"TEN","desc":"(13:07) V.Young pass short right to B.Scaife to TEN 43 for 10 yards (R.Nelson).","note":null,"players":{"00-0025408":[{"sequence":7,"clubcode":"JAC","playerName":"R.Nelson","statId":79,"yards":0}],"0":[{"sequence":1,"clubcode":"TEN","playerName":"","statId":4,"yards":0}],"00-0023612":[{"sequence":4,"clubcode":"TEN","playerName":"B.Scaife","statId":21,"yards":10},{"sequence":5,"clubcode":"TEN","playerName":"B.Scaife","statId":115,"yards":0},{"sequence":6,"clubcode":"TEN","playerName":"B.Scaife","statId":113,"yards":8}],"00-0024218":[{"sequence":2,"clubcode":"TEN","playerName":"V.Young","statId":15,"yards":10},{"sequence":3,"clubcode":"TEN","playerName":"V.Young","statId":111,"yards":2}]}},"143":{"sp":0,"qtr":1,"down":1,"time":"12:28","yrdln":"TEN 43","ydstogo":10,"ydsnet":27,"posteam":"TEN","desc":"(12:28) C.Johnson up the middle to TEN 47 for 4 yards (J.Henderson).","note":null,"players":{"00-0026164":[{"sequence":1,"clubcode":"TEN","playerName":"C.Johnson","statId":10,"yards":4}],"00-0021144":[{"sequence":2,"clubcode":"JAC","playerName":"J.Henderson","statId":79,"yards":0}]}},"164":{"sp":0,"qtr":1,"down":2,"time":"11:53","yrdln":"TEN 47","ydstogo":6,"ydsnet":33,"posteam":"TEN","desc":"(11:53) C.Johnson right tackle to JAC 47 for 6 yards (R.Nelson).","note":null,"players":{"00-0026164":[{"sequence":2,"clubcode":"TEN","playerName":"C.Johnson","statId":10,"yards":6}],"00-0025408":[{"sequence":3,"clubcode":"JAC","playerName":"R.Nelson","statId":79,"yards":0}],"0":[{"sequence":1,"clubcode":"TEN","playerName":"","statId":3,"yards":0}]}},"185":{"sp":0,"qtr":1,"down":1,"time":"11:13","yrdln":"JAC 47","ydstogo":10,"ydsnet":39,"posteam":"TEN","desc":"(11:13) V.Young scrambles right end ran ob at JAC 41 for 6 yards (J.Durant).","note":null,"players":{"00-0025435":[{"sequence":2,"clubcode":"JAC","playerName":"J.Durant","statId":79,"yards":0}],"00-0024218":[{"sequence":1,"clubcode":"TEN","playerName":"V.Young","statId":10,"yards":6}]}},"211":{"sp":0,"qtr":1,"down":2,"time":"10:38","yrdln":"JAC 41","ydstogo":4,"ydsnet":42,"posteam":"TEN","desc":"(10:38) V.Young pass short left to J.Cook to JAC 38 for 3 yards (D.Smith).","note":null,"players":{"00-0027061":[{"sequence":3,"clubcode":"TEN","playerName":"J.Cook","statId":21,"yards":3},{"sequence":4,"clubcode":"TEN","playerName":"J.Cook","statId":115,"yards":0},{"sequence":5,"clubcode":"TEN","playerName":"J.Cook","statId":113,"yards":0}],"00-0022839":[{"sequence":6,"clubcode":"JAC","playerName":"D.Smith","statId":79,"yards":0}],"00-0024218":[{"sequence":1,"clubcode":"TEN","playerName":"V.Young","statId":15,"yards":3},{"sequence":2,"clubcode":"TEN","playerName":"V.Young","statId":111,"yards":3}]}},"235":{"sp":0,"qtr":1,"down":3,"time":"09:59","yrdln":"JAC 38","ydstogo":1,"ydsnet":44,"posteam":"TEN","desc":"(9:59) L.White up the middle to JAC 36 for 2 yards (M.Stanley, J.Henderson).","note":null,"players":{"00-0024396":[{"sequence":4,"clubcode":"JAC","playerName":"M.Stanley","statId":80,"yards":0}],"00-0021144":[{"sequence":5,"clubcode":"JAC","playerName":"J.Henderson","statId":82,"yards":0}],"0":[{"sequence":1,"clubcode":"TEN","playerName":"","statId":3,"yards":0},{"sequence":2,"clubcode":"TEN","playerName":"","statId":6,"yards":0}],"00-0024260":[{"sequence":3,"clubcode":"TEN","playerName":"L.White","statId":10,"yards":2}]}},"256":{"sp":0,"qtr":1,"down":1,"time":"09:15","yrdln":"JAC 36","ydstogo":10,"ydsnet":44,"posteam":"TEN","desc":"(9:15) V.Young pass incomplete deep left to J.Gage (D.Cox).","note":null,"players":{"00-0021982":[{"sequence":2,"clubcode":"TEN","playerName":"J.Gage","statId":115,"yards":0}],"00-0027047":[{"sequence":3,"clubcode":"JAC","playerName":"D.Cox","statId":85,"yards":0}],"00-0024218":[{"sequence":1,"clubcode":"TEN","playerName":"V.Young","statId":14,"yards":0},{"sequence":4,"clubcode":"TEN","playerName":"V.Young","statId":112,"yards":36}]}},"278":{"sp":0,"qtr":1,"down":2,"time":"09:07","yrdln":"JAC 36","ydstogo":10,"ydsnet":49,"posteam":"TEN","desc":"(9:07) V.Young up the middle to JAC 31 for 5 yards (T.Knighton).","note":null,"players":{"00-0027046":[{"sequence":2,"clubcode":"JAC","playerName":"T.Knighton","statId":79,"yards":0}],"00-0024218":[{"sequence":1,"clubcode":"TEN","playerName":"V.Young","statId":10,"yards":5}]}},"299":{"sp":0,"qtr":1,"down":3,"time":"08:30","yrdln":"JAC 31","ydstogo":5,"ydsnet":50,"posteam":"TEN","desc":"(8:30) (Shotgun) V.Young up the middle to JAC 30 for 1 yard (B.Iwuh, D.Landri).","note":null,"players":{"00-0025553":[{"sequence":4,"clubcode":"JAC","playerName":"D.Landri","statId":82,"yards":0}],"0":[{"sequence":1,"clubcode":"TEN","playerName":"","statId":7,"yards":0}],"00-0024100":[{"sequence":3,"clubcode":"JAC","playerName":"B.Iwuh","statId":80,"yards":0}],"00-0024218":[{"sequence":2,"clubcode":"TEN","playerName":"V.Young","statId":10,"yards":1}]}},"320":{"sp":1,"qtr":1,"down":4,"time":"07:51","yrdln":"JAC 30","ydstogo":4,"ydsnet":50,"posteam":"TEN","desc":"(7:51) (Field Goal formation) R.Bironas 48 yard field goal is GOOD, Center-K.Amato, Holder-B.Kern.","note":"FG","players":{"00-0020962":[{"sequence":1,"clubcode":"TEN","playerName":"R.Bironas","statId":70,"yards":48}]}}},"fds":4,"result":"Field Goal","penyds":0,"ydsgained":50,"numplays":14,"postime":"7:14","start":{"qtr":1,"time":"15:00","yrdln":"TEN 20","team":"TEN"},"end":{"qtr":1,"time":"07:46","yrdln":"JAC 30","team":"TEN"}},"2":{"posteam":"JAC","qtr":1,"redzone":true,"plays":{"340":{"sp":0,"qtr":1,"down":0,"time":"07:46","yrdln":"TEN 30","ydstogo":0,"ydsnet":0,"posteam":"TEN","desc":"R.Bironas kicks 70 yards from TEN 30 to JAC 0. M.Thomas to JAC 40 for 40 yards (R.Hood).","note":"KICKOFF","players":{"00-0020962":[{"sequence":1,"clubcode":"TEN","playerName":"R.Bironas","statId":43,"yards":70}],"00-0027076":[{"sequence":2,"clubcode":"JAC","playerName":"M.Thomas","statId":45,"yards":40}],"00-0021503":[{"sequence":3,"clubcode":"TEN","playerName":"R.Hood","statId":79,"yards":0}]}},"362":{"sp":0,"qtr":1,"down":1,"time":"07:39","yrdln":"JAC 40","ydstogo":10,"ydsnet":5,"posteam":"JAC","desc":"(7:39) D.Garrard pass short right to M.Sims-Walker to JAC 45 for 5 yards (M.Griffin, D.Thornton).","note":null,"players":{"00-0021231":[{"sequence":1,"clubcode":"JAC","playerName":"D.Garrard","statId":15,"yards":5},{"sequence":2,"clubcode":"JAC","playerName":"D.Garrard","statId":111,"yards":-2}],"00-0025406":[{"sequence":6,"clubcode":"TEN","playerName":"M.Griffin","statId":80,"yards":0}],"00-0025466":[{"sequence":3,"clubcode":"JAC","playerName":"M.Sims-Walker","statId":21,"yards":5},{"sequence":4,"clubcode":"JAC","playerName":"M.Sims-Walker","statId":115,"yards":0},{"sequence":5,"clubcode":"JAC","playerName":"M.Sims-Walker","statId":113,"yards":7}],"00-0021230":[{"sequence":7,"clubcode":"TEN","playerName":"D.Thornton","statId":82,"yards":0}]}},"386":{"sp":0,"qtr":1,"down":2,"time":"07:05","yrdln":"JAC 45","ydstogo":5,"ydsnet":5,"posteam":"JAC","desc":"(7:05) D.Garrard pass incomplete short right to M.Jones-Drew.","note":null,"players":{"00-0024275":[{"sequence":2,"clubcode":"JAC","playerName":"M.Jones-Drew","statId":115,"yards":0}],"00-0021231":[{"sequence":1,"clubcode":"JAC","playerName":"D.Garrard","statId":14,"yards":0},{"sequence":3,"clubcode":"JAC","playerName":"D.Garrard","statId":112,"yards":5}]}},"408":{"sp":0,"qtr":1,"down":3,"time":"07:01","yrdln":"JAC 45","ydstogo":5,"ydsnet":-9,"posteam":"JAC","desc":"(7:01) D.Garrard pass incomplete short right [S.Tulloch]. PENALTY on JAC-D.Garrard, Intentional Grounding, 14 yards, enforced at JAC 45.","note":"PENALTY","players":{"00-0021231":[{"sequence":2,"clubcode":"JAC","playerName":"D.Garrard","statId":14,"yards":0},{"sequence":4,"clubcode":"JAC","playerName":"D.Garrard","statId":112,"yards":-12},{"sequence":5,"clubcode":"JAC","playerName":"D.Garrard","statId":93,"yards":14}],"00-0024331":[{"sequence":3,"clubcode":"TEN","playerName":"S.Tulloch","statId":110,"yards":0}],"0":[{"sequence":1,"clubcode":"JAC","playerName":"","statId":7,"yards":0}]}},"441":{"sp":0,"qtr":1,"down":4,"time":"06:51","yrdln":"JAC 31","ydstogo":19,"ydsnet":-9,"posteam":"JAC","desc":"(6:51) (Punt formation) A.Podlesh punts 64 yards to TEN 5, Center-J.Cain. K.Kaesviharn to TEN 5 for no gain (T.Brackenridge).","note":"PUNT","players":{"00-0024815":[{"sequence":4,"clubcode":"JAC","playerName":"T.Brackenridge","statId":79,"yards":0}],"00-0025488":[{"sequence":1,"clubcode":"JAC","playerName":"A.Podlesh","statId":29,"yards":64},{"sequence":3,"clubcode":"JAC","playerName":"A.Podlesh","statId":30,"yards":0}],"00-0019993":[{"sequence":2,"clubcode":"TEN","playerName":"K.Kaesviharn","statId":33,"yards":0}]}}},"fds":0,"result":"Punt","penyds":-14,"ydsgained":5,"numplays":5,"postime":"1:05","start":{"qtr":1,"time":"07:46","yrdln":"JAC 40","team":"JAC"},"end":{"qtr":1,"time":"06:41","yrdln":"JAC 31","team":"JAC"}},"3":{"posteam":"TEN","qtr":1,"redzone":true,"plays":{"467":{"sp":0,"qtr":1,"down":1,"time":"06:41","yrdln":"TEN 5","ydstogo":10,"ydsnet":1,"posteam":"TEN","desc":"(6:41) C.Johnson up the middle to TEN 6 for 1 yard (T.Knighton).","note":null,"players":{"00-0026164":[{"sequence":1,"clubcode":"TEN","playerName":"C.Johnson","statId":10,"yards":1}],"00-0027046":[{"sequence":2,"clubcode":"JAC","playerName":"T.Knighton","statId":79,"yards":0}]}},"488":{"sp":0,"qtr":1,"down":2,"time":"06:02","yrdln":"TEN 6","ydstogo":9,"ydsnet":1,"posteam":"TEN","desc":"(6:02) V.Young pass incomplete short left to J.Gage.","note":null,"players":{"00-0021982":[{"sequence":2,"clubcode":"TEN","playerName":"J.Gage","statId":115,"yards":0}],"00-0024218":[{"sequence":1,"clubcode":"TEN","playerName":"V.Young","statId":14,"yards":0},{"sequence":3,"clubcode":"TEN","playerName":"V.Young","statId":112,"yards":6}]}},"510":{"sp":0,"qtr":1,"down":3,"time":"05:59","yrdln":"TEN 6","ydstogo":9,"ydsnet":10,"posteam":"TEN","desc":"(5:59) (Shotgun) C.Johnson up the middle pushed ob at TEN 15 for 9 yards (R.Nelson).","note":null,"players":{"00-0026164":[{"sequence":3,"clubcode":"TEN","playerName":"C.Johnson","statId":10,"yards":9}],"00-0025408":[{"sequence":4,"clubcode":"JAC","playerName":"R.Nelson","statId":79,"yards":0}],"0":[{"sequence":1,"clubcode":"TEN","playerName":"","statId":3,"yards":0},{"sequence":2,"clubcode":"TEN","playerName":"","statId":6,"yards":0}]}},"536":{"sp":0,"qtr":1,"down":1,"time":"05:26","yrdln":"TEN 15","ydstogo":10,"ydsnet":13,"posteam":"TEN","desc":"(5:26) C.Johnson left end to TEN 18 for 3 yards (D.Smith).","note":null,"players":{"00-0026164":[{"sequence":1,"clubcode":"TEN","playerName":"C.Johnson","statId":10,"yards":3}],"00-0022839":[{"sequence":2,"clubcode":"JAC","playerName":"D.Smith","statId":79,"yards":0}]}},"558":{"sp":0,"qtr":1,"down":2,"time":"04:45","yrdln":"TEN 18","ydstogo":7,"ydsnet":13,"posteam":"TEN","desc":"(4:45) V.Young pass short middle to B.Scaife to TEN 18 for no gain (D.Smith).","note":null,"players":{"00-0022839":[{"sequence":6,"clubcode":"JAC","playerName":"D.Smith","statId":79,"yards":0}],"00-0023612":[{"sequence":3,"clubcode":"TEN","playerName":"B.Scaife","statId":21,"yards":0},{"sequence":4,"clubcode":"TEN","playerName":"B.Scaife","statId":115,"yards":0},{"sequence":5,"clubcode":"TEN","playerName":"B.Scaife","statId":113,"yards":2}],"00-0024218":[{"sequence":1,"clubcode":"TEN","playerName":"V.Young","statId":15,"yards":0},{"sequence":2,"clubcode":"TEN","playerName":"V.Young","statId":111,"yards":-2}]}},"582":{"sp":0,"qtr":1,"down":3,"time":"04:02","yrdln":"TEN 18","ydstogo":7,"ydsnet":25,"posteam":"TEN","desc":"(4:02) (Shotgun) V.Young pass short middle to J.Gage to TEN 30 for 12 yards (B.Iwuh).","note":null,"players":{"00-0021982":[{"sequence":5,"clubcode":"TEN","playerName":"J.Gage","statId":21,"yards":12},{"sequence":6,"clubcode":"TEN","playerName":"J.Gage","statId":115,"yards":0},{"sequence":7,"clubcode":"TEN","playerName":"J.Gage","statId":113,"yards":6}],"0":[{"sequence":1,"clubcode":"TEN","playerName":"","statId":4,"yards":0},{"sequence":2,"clubcode":"TEN","playerName":"","statId":6,"yards":0}],"00-0024100":[{"sequence":8,"clubcode":"JAC","playerName":"B.Iwuh","statId":79,"yards":0}],"00-0024218":[{"sequence":3,"clubcode":"TEN","playerName":"V.Young","statId":15,"yards":12},{"sequence":4,"clubcode":"TEN","playerName":"V.Young","statId":111,"yards":6}]}},"606":{"sp":0,"qtr":1,"down":0,"time":"03:20","yrdln":"","ydstogo":0,"ydsnet":25,"posteam":"","desc":"Timeout #1 by TEN at 03:20.","note":"TIMEOUT","players":{"0":[{"sequence":1,"clubcode":"TEN","playerName":"","statId":68,"yards":0}]}},"623":{"sp":0,"qtr":1,"down":1,"time":"03:20","yrdln":"TEN 30","ydstogo":10,"ydsnet":39,"posteam":"TEN","desc":"(3:20) V.Young pass short middle to J.Gage to TEN 44 for 14 yards (J.Durant). Penalty on TEN, Unnecessary Roughness, offsetting.","note":null,"players":{"00-0021982":[{"sequence":4,"clubcode":"TEN","playerName":"J.Gage","statId":21,"yards":14},{"sequence":5,"clubcode":"TEN","playerName":"J.Gage","statId":115,"yards":0},{"sequence":6,"clubcode":"TEN","playerName":"J.Gage","statId":113,"yards":8}],"0":[{"sequence":1,"clubcode":"TEN","playerName":"","statId":4,"yards":0}],"00-0025435":[{"sequence":7,"clubcode":"JAC","playerName":"J.Durant","statId":79,"yards":0}],"00-0024218":[{"sequence":2,"clubcode":"TEN","playerName":"V.Young","statId":15,"yards":14},{"sequence":3,"clubcode":"TEN","playerName":"V.Young","statId":111,"yards":6}]}},"658":{"sp":0,"qtr":1,"down":1,"time":"02:50","yrdln":"TEN 44","ydstogo":10,"ydsnet":38,"posteam":"TEN","desc":"(2:50) C.Johnson left tackle to TEN 43 for -1 yards (D.Harvey).","note":null,"players":{"00-0026164":[{"sequence":1,"clubcode":"TEN","playerName":"C.Johnson","statId":10,"yards":-1}],"0":[{"sequence":2,"clubcode":"TEN","playerName":"","statId":95,"yards":-1}],"00-0026148":[{"sequence":3,"clubcode":"JAC","playerName":"D.Harvey","statId":79,"yards":0},{"sequence":4,"clubcode":"JAC","playerName":"D.Harvey","statId":120,"yards":0}]}},"679":{"sp":0,"qtr":1,"down":2,"time":"02:11","yrdln":"TEN 43","ydstogo":11,"ydsnet":37,"posteam":"TEN","desc":"(2:11) V.Young pass short right to B.Scaife to TEN 42 for -1 yards (D.Smith).","note":null,"players":{"00-0022839":[{"sequence":6,"clubcode":"JAC","playerName":"D.Smith","statId":79,"yards":0},{"sequence":7,"clubcode":"JAC","playerName":"D.Smith","statId":120,"yards":0}],"00-0023612":[{"sequence":3,"clubcode":"TEN","playerName":"B.Scaife","statId":21,"yards":-1},{"sequence":4,"clubcode":"TEN","playerName":"B.Scaife","statId":115,"yards":0},{"sequence":5,"clubcode":"TEN","playerName":"B.Scaife","statId":113,"yards":0}],"00-0024218":[{"sequence":1,"clubcode":"TEN","playerName":"V.Young","statId":15,"yards":-1},{"sequence":2,"clubcode":"TEN","playerName":"V.Young","statId":111,"yards":-1}]}},"703":{"sp":0,"qtr":1,"down":3,"time":"01:32","yrdln":"TEN 42","ydstogo":12,"ydsnet":45,"posteam":"TEN","desc":"(1:32) (Shotgun) V.Young scrambles up the middle to 50 for 8 yards (J.Durant).","note":null,"players":{"0":[{"sequence":1,"clubcode":"TEN","playerName":"","statId":7,"yards":0}],"00-0025435":[{"sequence":3,"clubcode":"JAC","playerName":"J.Durant","statId":79,"yards":0}],"00-0024218":[{"sequence":2,"clubcode":"TEN","playerName":"V.Young","statId":10,"yards":8}]}},"724":{"sp":0,"qtr":1,"down":4,"time":"00:54","yrdln":"50","ydstogo":4,"ydsnet":45,"posteam":"TEN","desc":"(:54) (Punt formation) B.Kern punts 50 yards to end zone, Center-K.Amato, Touchback.","note":"PUNT","players":{"0":[{"sequence":2,"clubcode":"JAC","playerName":"","statId":40,"yards":0}],"00-0025825":[{"sequence":1,"clubcode":"TEN","playerName":"B.Kern","statId":32,"yards":50}]}}},"fds":3,"result":"Punt","penyds":0,"ydsgained":45,"numplays":12,"postime":"5:54","start":{"qtr":1,"time":"06:41","yrdln":"TEN 5","team":"TEN"},"end":{"qtr":1,"time":"00:47","yrdln":"50","team":"TEN"}},"4":{"posteam":"JAC","qtr":2,"redzone":true,"plays":{"746":{"sp":0,"qtr":1,"down":1,"time":"00:47","yrdln":"JAC 20","ydstogo":10,"ydsnet":4,"posteam":"JAC","desc":"(:47) D.Garrard pass short left to M.Sims-Walker to JAC 24 for 4 yards (R.Hood).","note":null,"players":{"00-0021231":[{"sequence":1,"clubcode":"JAC","playerName":"D.Garrard","statId":15,"yards":4},{"sequence":2,"clubcode":"JAC","playerName":"D.Garrard","statId":111,"yards":4}],"00-0025466":[{"sequence":3,"clubcode":"JAC","playerName":"M.Sims-Walker","statId":21,"yards":4},{"sequence":4,"clubcode":"JAC","playerName":"M.Sims-Walker","statId":115,"yards":0},{"sequence":5,"clubcode":"JAC","playerName":"M.Sims-Walker","statId":113,"yards":0}],"00-0021503":[{"sequence":6,"clubcode":"TEN","playerName":"R.Hood","statId":79,"yards":0}]}},"770":{"sp":0,"qtr":1,"down":2,"time":"00:14","yrdln":"JAC 24","ydstogo":6,"ydsnet":-12,"posteam":"JAC","desc":"(:14) D.Garrard sacked at JAC 18 for -6 yards (D.Thornton). FUMBLES (D.Thornton), and recovers at JAC 8. D.Garrard to JAC 8 for no gain (T.Brown).","note":"FUMBLE","players":{"00-0021490":[{"sequence":7,"clubcode":"TEN","playerName":"T.Brown","statId":79,"yards":0},{"sequence":8,"clubcode":"TEN","playerName":"T.Brown","statId":120,"yards":0}],"00-0021231":[{"sequence":2,"clubcode":"JAC","playerName":"D.Garrard","statId":52,"yards":0},{"sequence":4,"clubcode":"JAC","playerName":"D.Garrard","statId":55,"yards":0},{"sequence":5,"clubcode":"JAC","playerName":"D.Garrard","statId":20,"yards":-16}],"00-0021230":[{"sequence":1,"clubcode":"TEN","playerName":"D.Thornton","statId":79,"yards":0},{"sequence":3,"clubcode":"TEN","playerName":"D.Thornton","statId":91,"yards":0},{"sequence":6,"clubcode":"TEN","playerName":"D.Thornton","statId":83,"yards":-16}]}},"799":{"sp":0,"qtr":1,"down":0,"time":"","yrdln":"","ydstogo":0,"ydsnet":-12,"posteam":"","desc":"END QUARTER 1","note":null,"players":{}},"815":{"sp":0,"qtr":2,"down":3,"time":"15:00","yrdln":"JAC 8","ydstogo":22,"ydsnet":-12,"posteam":"JAC","desc":"(15:00) (Shotgun) D.Garrard pass short left to M.Jones-Drew to JAC 22 for 14 yards (M.Griffin). Penalty on JAC-V.Manuwai, Offensive Holding, offsetting, enforced at JAC 8 - No Play. Penalty on TEN-C.Hope, Illegal Contact, offsetting.","note":null,"players":{}},"850":{"sp":0,"qtr":2,"down":3,"time":"14:33","yrdln":"JAC 8","ydstogo":22,"ydsnet":-7,"posteam":"JAC","desc":"(14:33) D.Garrard pass short left to T.Holt to JAC 19 for 11 yards (R.Hood). PENALTY on TEN-J.Jones, Defensive Offside, 5 yards, enforced at JAC 8 - No Play.","note":"PENALTY","players":{"00-0026194":[{"sequence":1,"clubcode":"TEN","playerName":"J.Jones","statId":93,"yards":5}]}},"885":{"sp":0,"qtr":2,"down":0,"time":"14:07","yrdln":"","ydstogo":0,"ydsnet":-7,"posteam":"","desc":"Timeout #2 by TEN at 14:07.","note":"TIMEOUT","players":{"0":[{"sequence":1,"clubcode":"TEN","playerName":"","statId":68,"yards":0}]}},"902":{"sp":0,"qtr":2,"down":3,"time":"14:07","yrdln":"JAC 13","ydstogo":17,"ydsnet":-7,"posteam":"JAC","desc":"(14:07) (Shotgun) D.Garrard pass incomplete deep left to T.Holt.","note":null,"players":{"00-0021231":[{"sequence":2,"clubcode":"JAC","playerName":"D.Garrard","statId":14,"yards":0},{"sequence":4,"clubcode":"JAC","playerName":"D.Garrard","statId":112,"yards":22}],"0":[{"sequence":1,"clubcode":"JAC","playerName":"","statId":7,"yards":0}],"00-0007681":[{"sequence":3,"clubcode":"JAC","playerName":"T.Holt","statId":115,"yards":0}]}},"924":{"sp":0,"qtr":2,"down":4,"time":"14:01","yrdln":"JAC 13","ydstogo":17,"ydsnet":-7,"posteam":"JAC","desc":"(14:01) (Punt formation) A.Podlesh punts 43 yards to TEN 44, Center-J.Cain. K.Kaesviharn to TEN 46 for 2 yards (B.Iwuh).","note":"PUNT","players":{"00-0025488":[{"sequence":1,"clubcode":"JAC","playerName":"A.Podlesh","statId":29,"yards":43}],"00-0019993":[{"sequence":2,"clubcode":"TEN","playerName":"K.Kaesviharn","statId":33,"yards":2}],"00-0024100":[{"sequence":3,"clubcode":"JAC","playerName":"B.Iwuh","statId":79,"yards":0}]}}},"fds":0,"result":"Punt","penyds":5,"ydsgained":-12,"numplays":8,"postime":"1:57","start":{"qtr":1,"time":"00:47","yrdln":"JAC 20","team":"JAC"},"end":{"qtr":1,"time":"13:50","yrdln":"JAC 13","team":"JAC"}},"5":{"posteam":"TEN","qtr":2,"redzone":true,"plays":{"950":{"sp":0,"qtr":2,"down":1,"time":"13:50","yrdln":"TEN 46","ydstogo":10,"ydsnet":16,"posteam":"TEN","desc":"(13:50) V.Young pass short right to N.Washington pushed ob at JAC 38 for 16 yards (R.Nelson).","note":null,"players":{"00-0025408":[{"sequence":7,"clubcode":"JAC","playerName":"R.Nelson","statId":79,"yards":0}],"0":[{"sequence":1,"clubcode":"TEN","playerName":"","statId":4,"yards":0}],"00-0023367":[{"sequence":4,"clubcode":"TEN","playerName":"N.Washington","statId":21,"yards":16},{"sequence":5,"clubcode":"TEN","playerName":"N.Washington","statId":115,"yards":0},{"sequence":6,"clubcode":"TEN","playerName":"N.Washington","statId":113,"yards":4}],"00-0024218":[{"sequence":2,"clubcode":"TEN","playerName":"V.Young","statId":15,"yards":16},{"sequence":3,"clubcode":"TEN","playerName":"V.Young","statId":111,"yards":12}]}},"974":{"sp":0,"qtr":2,"down":1,"time":"13:23","yrdln":"JAC 38","ydstogo":10,"ydsnet":19,"posteam":"TEN","desc":"(13:23) L.White left guard to JAC 35 for 3 yards (T.Knighton).","note":null,"players":{"00-0027046":[{"sequence":2,"clubcode":"JAC","playerName":"T.Knighton","statId":79,"yards":0}],"00-0024260":[{"sequence":1,"clubcode":"TEN","playerName":"L.White","statId":10,"yards":3}]}},"995":{"sp":0,"qtr":2,"down":2,"time":"12:45","yrdln":"JAC 35","ydstogo":7,"ydsnet":37,"posteam":"TEN","desc":"(12:45) V.Young pass short right to B.Scaife to JAC 17 for 18 yards (R.Nelson).","note":null,"players":{"00-0025408":[{"sequence":7,"clubcode":"JAC","playerName":"R.Nelson","statId":79,"yards":0}],"0":[{"sequence":1,"clubcode":"TEN","playerName":"","statId":4,"yards":0}],"00-0023612":[{"sequence":4,"clubcode":"TEN","playerName":"B.Scaife","statId":21,"yards":18},{"sequence":5,"clubcode":"TEN","playerName":"B.Scaife","statId":115,"yards":0},{"sequence":6,"clubcode":"TEN","playerName":"B.Scaife","statId":113,"yards":19}],"00-0024218":[{"sequence":2,"clubcode":"TEN","playerName":"V.Young","statId":15,"yards":18},{"sequence":3,"clubcode":"TEN","playerName":"V.Young","statId":111,"yards":-1}]}},"1020":{"sp":0,"qtr":2,"down":1,"time":"12:03","yrdln":"JAC 17","ydstogo":10,"ydsnet":41,"posteam":"TEN","desc":"(12:03) L.White left end to JAC 13 for 4 yards (D.Smith).","note":null,"players":{"00-0022839":[{"sequence":2,"clubcode":"JAC","playerName":"D.Smith","statId":79,"yards":0}],"00-0024260":[{"sequence":1,"clubcode":"TEN","playerName":"L.White","statId":10,"yards":4}]}},"1042":{"sp":0,"qtr":2,"down":2,"time":"11:19","yrdln":"JAC 13","ydstogo":6,"ydsnet":44,"posteam":"TEN","desc":"(11:19) L.White up the middle to JAC 10 for 3 yards (J.Henderson).","note":null,"players":{"00-0021144":[{"sequence":2,"clubcode":"JAC","playerName":"J.Henderson","statId":79,"yards":0}],"00-0024260":[{"sequence":1,"clubcode":"TEN","playerName":"L.White","statId":10,"yards":3}]}},"1063":{"sp":0,"qtr":2,"down":3,"time":"10:36","yrdln":"JAC 10","ydstogo":3,"ydsnet":48,"posteam":"TEN","desc":"(10:36) V.Young scrambles right end pushed ob at JAC 6 for 4 yards (G.Alexander).","note":null,"players":{"0":[{"sequence":1,"clubcode":"TEN","playerName":"","statId":3,"yards":0},{"sequence":2,"clubcode":"TEN","playerName":"","statId":6,"yards":0}],"00-0025448":[{"sequence":4,"clubcode":"JAC","playerName":"G.Alexander","statId":79,"yards":0}],"00-0024218":[{"sequence":3,"clubcode":"TEN","playerName":"V.Young","statId":10,"yards":4}]}},"1090":{"sp":0,"qtr":2,"down":0,"time":"10:03","yrdln":"","ydstogo":0,"ydsnet":48,"posteam":"","desc":"Timeout #1 by JAC at 10:03.","note":"TIMEOUT","players":{"0":[{"sequence":1,"clubcode":"JAC","playerName":"","statId":68,"yards":0}]}},"1107":{"sp":0,"qtr":2,"down":1,"time":"10:03","yrdln":"JAC 6","ydstogo":6,"ydsnet":48,"posteam":"TEN","desc":"(10:03) C.Johnson right tackle to JAC 6 for no gain (J.Durant).","note":null,"players":{"00-0026164":[{"sequence":1,"clubcode":"TEN","playerName":"C.Johnson","statId":10,"yards":0}],"00-0025435":[{"sequence":2,"clubcode":"JAC","playerName":"J.Durant","statId":79,"yards":0}]}},"1128":{"sp":1,"qtr":2,"down":2,"time":"09:24","yrdln":"JAC 6","ydstogo":6,"ydsnet":54,"posteam":"TEN","desc":"(9:24) V.Young pass short right to N.Washington for 6 yards, TOUCHDOWN.","note":"TD","players":{"0":[{"sequence":1,"clubcode":"TEN","playerName":"","statId":4,"yards":0}],"00-0023367":[{"sequence":4,"clubcode":"TEN","playerName":"N.Washington","statId":22,"yards":6},{"sequence":5,"clubcode":"TEN","playerName":"N.Washington","statId":115,"yards":0},{"sequence":6,"clubcode":"TEN","playerName":"N.Washington","statId":113,"yards":0}],"00-0024218":[{"sequence":2,"clubcode":"TEN","playerName":"V.Young","statId":16,"yards":6},{"sequence":3,"clubcode":"TEN","playerName":"V.Young","statId":111,"yards":6}]}},"1149":{"sp":1,"qtr":2,"down":0,"time":"09:19","yrdln":"JAC 2","ydstogo":0,"ydsnet":54,"posteam":"TEN","desc":"R.Bironas extra point is GOOD, Center-K.Amato, Holder-B.Kern.","note":"XP","players":{"00-0020962":[{"sequence":1,"clubcode":"TEN","playerName":"R.Bironas","statId":72,"yards":0}]}}},"fds":4,"result":"Touchdown","penyds":0,"ydsgained":54,"numplays":10,"postime":"4:31","start":{"qtr":2,"time":"13:50","yrdln":"TEN 46","team":"TEN"},"end":{"qtr":2,"time":"09:19","yrdln":"JAC 6","team":"TEN"}},"6":{"posteam":"JAC","qtr":2,"redzone":true,"plays":{"1165":{"sp":0,"qtr":2,"down":0,"time":"09:19","yrdln":"TEN 30","ydstogo":0,"ydsnet":0,"posteam":"TEN","desc":"R.Bironas kicks 69 yards from TEN 30 to JAC 1. M.Thomas to JAC 43 for 42 yards (R.Hood, M.Griffin).","note":"KICKOFF","players":{"00-0020962":[{"sequence":1,"clubcode":"TEN","playerName":"R.Bironas","statId":41,"yards":69}],"00-0025406":[{"sequence":4,"clubcode":"TEN","playerName":"M.Griffin","statId":82,"yards":0}],"00-0027076":[{"sequence":2,"clubcode":"JAC","playerName":"M.Thomas","statId":45,"yards":42}],"00-0021503":[{"sequence":3,"clubcode":"TEN","playerName":"R.Hood","statId":80,"yards":0}]}},"1187":{"sp":0,"qtr":2,"down":1,"time":"09:10","yrdln":"JAC 43","ydstogo":10,"ydsnet":0,"posteam":"JAC","desc":"(9:10) D.Garrard pass incomplete deep right to T.Holt.","note":null,"players":{"00-0021231":[{"sequence":1,"clubcode":"JAC","playerName":"D.Garrard","statId":14,"yards":0},{"sequence":3,"clubcode":"JAC","playerName":"D.Garrard","statId":112,"yards":49}],"00-0007681":[{"sequence":2,"clubcode":"JAC","playerName":"T.Holt","statId":115,"yards":0}]}},"1209":{"sp":0,"qtr":2,"down":2,"time":"09:01","yrdln":"JAC 43","ydstogo":10,"ydsnet":7,"posteam":"JAC","desc":"(9:01) M.Thomas left end to 50 for 7 yards (D.Thornton, R.Hood).","note":null,"players":{"00-0021230":[{"sequence":2,"clubcode":"TEN","playerName":"D.Thornton","statId":80,"yards":0}],"00-0027076":[{"sequence":1,"clubcode":"JAC","playerName":"M.Thomas","statId":10,"yards":7}],"00-0021503":[{"sequence":3,"clubcode":"TEN","playerName":"R.Hood","statId":82,"yards":0}]}},"1230":{"sp":0,"qtr":2,"down":3,"time":"08:21","yrdln":"50","ydstogo":3,"ydsnet":7,"posteam":"JAC","desc":"(8:21) (Shotgun) D.Garrard pass short middle intended for T.Holt INTERCEPTED by R.Hood at TEN 48. R.Hood to JAC 35 for 17 yards (M.Jones-Drew).","note":"INT","players":{"00-0024275":[{"sequence":7,"clubcode":"JAC","playerName":"M.Jones-Drew","statId":79,"yards":0}],"00-0021231":[{"sequence":2,"clubcode":"JAC","playerName":"D.Garrard","statId":19,"yards":0},{"sequence":4,"clubcode":"JAC","playerName":"D.Garrard","statId":112,"yards":2}],"0":[{"sequence":1,"clubcode":"JAC","playerName":"","statId":7,"yards":0}],"00-0021503":[{"sequence":5,"clubcode":"TEN","playerName":"R.Hood","statId":25,"yards":17},{"sequence":6,"clubcode":"TEN","playerName":"R.Hood","statId":85,"yards":0}],"00-0007681":[{"sequence":3,"clubcode":"JAC","playerName":"T.Holt","statId":115,"yards":0}]}}},"fds":0,"result":"Interception","penyds":0,"ydsgained":7,"numplays":4,"postime":"1:08","start":{"qtr":2,"time":"09:19","yrdln":"JAC 43","team":"JAC"},"end":{"qtr":2,"time":"08:11","yrdln":"50","team":"JAC"}},"7":{"posteam":"TEN","qtr":2,"redzone":true,"plays":{"1257":{"sp":0,"qtr":2,"down":1,"time":"08:11","yrdln":"JAC 35","ydstogo":10,"ydsnet":22,"posteam":"TEN","desc":"(8:11) C.Johnson right end pushed ob at JAC 13 for 22 yards (C.Ingram).","note":null,"players":{"00-0026164":[{"sequence":2,"clubcode":"TEN","playerName":"C.Johnson","statId":10,"yards":22}],"0":[{"sequence":1,"clubcode":"TEN","playerName":"","statId":3,"yards":0}],"00-0024295":[{"sequence":3,"clubcode":"JAC","playerName":"C.Ingram","statId":79,"yards":0}]}},"1278":{"sp":0,"qtr":2,"down":1,"time":"07:37","yrdln":"JAC 13","ydstogo":10,"ydsnet":26,"posteam":"TEN","desc":"(7:37) C.Johnson left tackle to JAC 9 for 4 yards (J.Henderson).","note":null,"players":{"00-0026164":[{"sequence":1,"clubcode":"TEN","playerName":"C.Johnson","statId":10,"yards":4}],"00-0021144":[{"sequence":2,"clubcode":"JAC","playerName":"J.Henderson","statId":79,"yards":0}]}},"1299":{"sp":0,"qtr":2,"down":2,"time":"06:58","yrdln":"JAC 9","ydstogo":6,"ydsnet":21,"posteam":"TEN","desc":"(6:58) V.Young left end to JAC 14 for -5 yards (Q.Groves).","note":null,"players":{"0":[{"sequence":2,"clubcode":"TEN","playerName":"","statId":95,"yards":-5}],"00-0026192":[{"sequence":3,"clubcode":"JAC","playerName":"Q.Groves","statId":79,"yards":0},{"sequence":4,"clubcode":"JAC","playerName":"Q.Groves","statId":120,"yards":0}],"00-0024218":[{"sequence":1,"clubcode":"TEN","playerName":"V.Young","statId":10,"yards":-5}]}},"1320":{"sp":0,"qtr":2,"down":3,"time":"06:24","yrdln":"JAC 14","ydstogo":11,"ydsnet":27,"posteam":"TEN","desc":"(6:24) (Shotgun) V.Young left end pushed ob at JAC 8 for 6 yards (D.Cox).","note":null,"players":{"00-0027047":[{"sequence":3,"clubcode":"JAC","playerName":"D.Cox","statId":79,"yards":0}],"0":[{"sequence":1,"clubcode":"TEN","playerName":"","statId":7,"yards":0}],"00-0024218":[{"sequence":2,"clubcode":"TEN","playerName":"V.Young","statId":10,"yards":6}]}},"1347":{"sp":1,"qtr":2,"down":4,"time":"05:53","yrdln":"JAC 8","ydstogo":5,"ydsnet":27,"posteam":"TEN","desc":"(5:53) (Field Goal formation) R.Bironas 25 yard field goal is GOOD, Center-K.Amato, Holder-B.Kern.","note":"FG","players":{"00-0020962":[{"sequence":1,"clubcode":"TEN","playerName":"R.Bironas","statId":70,"yards":25}]}}},"fds":1,"result":"Field Goal","penyds":0,"ydsgained":27,"numplays":5,"postime":"2:21","start":{"qtr":2,"time":"08:11","yrdln":"JAC 35","team":"TEN"},"end":{"qtr":2,"time":"05:50","yrdln":"JAC 8","team":"TEN"}},"8":{"posteam":"JAC","qtr":2,"redzone":true,"plays":{"1367":{"sp":0,"qtr":2,"down":0,"time":"05:50","yrdln":"TEN 30","ydstogo":0,"ydsnet":0,"posteam":"TEN","desc":"R.Bironas kicks 70 yards from TEN 30 to end zone, Touchback.","note":"KICKOFF","players":{"00-0020962":[{"sequence":1,"clubcode":"TEN","playerName":"R.Bironas","statId":44,"yards":70}],"0":[{"sequence":2,"clubcode":"JAC","playerName":"","statId":51,"yards":0}]}},"1385":{"sp":1,"qtr":2,"down":1,"time":"05:50","yrdln":"JAC 20","ydstogo":10,"ydsnet":80,"posteam":"JAC","desc":"(5:50) M.Jones-Drew left end for 80 yards, TOUCHDOWN.","note":"TD","players":{"00-0024275":[{"sequence":2,"clubcode":"JAC","playerName":"M.Jones-Drew","statId":11,"yards":80}],"0":[{"sequence":1,"clubcode":"JAC","playerName":"","statId":3,"yards":0}]}},"1403":{"sp":1,"qtr":2,"down":0,"time":"05:33","yrdln":"TEN 2","ydstogo":0,"ydsnet":80,"posteam":"JAC","desc":"J.Scobee extra point is GOOD, Center-J.Cain, Holder-A.Podlesh.","note":"XP","players":{"00-0022874":[{"sequence":1,"clubcode":"JAC","playerName":"J.Scobee","statId":72,"yards":0}]}}},"fds":1,"result":"Touchdown","penyds":0,"ydsgained":80,"numplays":3,"postime":"0:17","start":{"qtr":2,"time":"05:50","yrdln":"JAC 20","team":"JAC"},"end":{"qtr":2,"time":"05:33","yrdln":"JAC 20","team":"JAC"}},"9":{"posteam":"TEN","qtr":2,"redzone":true,"plays":{"1419":{"sp":0,"qtr":2,"down":0,"time":"05:33","yrdln":"JAC 30","ydstogo":0,"ydsnet":0,"posteam":"JAC","desc":"J.Scobee kicks 46 yards from JAC 30 to TEN 24. A.Crumpler to TEN 29 for 5 yards (W.Middleton).","note":"KICKOFF","players":{"00-0020285":[{"sequence":2,"clubcode":"TEN","playerName":"A.Crumpler","statId":45,"yards":5}],"00-0022874":[{"sequence":1,"clubcode":"JAC","playerName":"J.Scobee","statId":41,"yards":46}],"00-0026912":[{"sequence":3,"clubcode":"JAC","playerName":"W.Middleton","statId":79,"yards":0}]}},"1441":{"sp":0,"qtr":2,"down":1,"time":"05:30","yrdln":"TEN 29","ydstogo":10,"ydsnet":7,"posteam":"TEN","desc":"(5:30) V.Young pass short middle to A.Crumpler to TEN 36 for 7 yards (J.Durant).","note":null,"players":{"00-0020285":[{"sequence":3,"clubcode":"TEN","playerName":"A.Crumpler","statId":21,"yards":7},{"sequence":4,"clubcode":"TEN","playerName":"A.Crumpler","statId":115,"yards":0},{"sequence":5,"clubcode":"TEN","playerName":"A.Crumpler","statId":113,"yards":0}],"00-0025435":[{"sequence":6,"clubcode":"JAC","playerName":"J.Durant","statId":79,"yards":0}],"00-0024218":[{"sequence":1,"clubcode":"TEN","playerName":"V.Young","statId":15,"yards":7},{"sequence":2,"clubcode":"TEN","playerName":"V.Young","statId":111,"yards":7}]}},"1466":{"sp":0,"qtr":2,"down":2,"time":"04:55","yrdln":"TEN 36","ydstogo":3,"ydsnet":8,"posteam":"TEN","desc":"(4:55) C.Johnson right guard to TEN 37 for 1 yard (D.Smith).","note":null,"players":{"00-0026164":[{"sequence":1,"clubcode":"TEN","playerName":"C.Johnson","statId":10,"yards":1}],"00-0022839":[{"sequence":2,"clubcode":"JAC","playerName":"D.Smith","statId":79,"yards":0}]}},"1487":{"sp":0,"qtr":2,"down":3,"time":"04:17","yrdln":"TEN 37","ydstogo":2,"ydsnet":9,"posteam":"TEN","desc":"(4:17) V.Young scrambles up the middle to TEN 38 for 1 yard (T.Knighton; C.Ingram).","note":null,"players":{"00-0027046":[{"sequence":3,"clubcode":"JAC","playerName":"T.Knighton","statId":82,"yards":0}],"0":[{"sequence":1,"clubcode":"TEN","playerName":"","statId":7,"yards":0}],"00-0024295":[{"sequence":4,"clubcode":"JAC","playerName":"C.Ingram","statId":82,"yards":0}],"00-0024218":[{"sequence":2,"clubcode":"TEN","playerName":"V.Young","statId":10,"yards":1}]}},"1520":{"sp":0,"qtr":2,"down":4,"time":"03:48","yrdln":"TEN 38","ydstogo":1,"ydsnet":9,"posteam":"TEN","desc":"(3:48) (Punt formation) B.Kern punts 55 yards to JAC 7, Center-K.Amato, out of bounds.","note":"PUNT","players":{"0":[{"sequence":3,"clubcode":"JAC","playerName":"","statId":37,"yards":0}],"00-0025825":[{"sequence":1,"clubcode":"TEN","playerName":"B.Kern","statId":29,"yards":55},{"sequence":2,"clubcode":"TEN","playerName":"B.Kern","statId":30,"yards":0}]}}},"fds":0,"result":"Punt","penyds":0,"ydsgained":9,"numplays":5,"postime":"1:53","start":{"qtr":2,"time":"05:33","yrdln":"TEN 29","team":"TEN"},"end":{"qtr":2,"time":"03:40","yrdln":"TEN 38","team":"TEN"}},"10":{"posteam":"JAC","qtr":2,"redzone":true,"plays":{"1543":{"sp":0,"qtr":2,"down":1,"time":"03:40","yrdln":"JAC 7","ydstogo":10,"ydsnet":3,"posteam":"JAC","desc":"(3:40) M.Jones-Drew up the middle to JAC 10 for 3 yards (W.Hayes).","note":null,"players":{"00-0026243":[{"sequence":2,"clubcode":"TEN","playerName":"W.Hayes","statId":79,"yards":0}],"00-0024275":[{"sequence":1,"clubcode":"JAC","playerName":"M.Jones-Drew","statId":10,"yards":3}]}},"1565":{"sp":0,"qtr":2,"down":2,"time":"03:04","yrdln":"JAC 10","ydstogo":7,"ydsnet":6,"posteam":"JAC","desc":"(3:04) M.Jones-Drew right guard to JAC 13 for 3 yards (W.Hayes; K.Vanden Bosch).","note":null,"players":{"00-0020382":[{"sequence":3,"clubcode":"TEN","playerName":"K.Vanden Bosch","statId":82,"yards":0}],"00-0026243":[{"sequence":2,"clubcode":"TEN","playerName":"W.Hayes","statId":82,"yards":0}],"00-0024275":[{"sequence":1,"clubcode":"JAC","playerName":"M.Jones-Drew","statId":10,"yards":3}]}},"1586":{"sp":0,"qtr":2,"down":3,"time":"02:17","yrdln":"JAC 13","ydstogo":4,"ydsnet":19,"posteam":"JAC","desc":"(2:17) (Shotgun) D.Garrard pass short right to E.Wilford pushed ob at JAC 26 for 13 yards (D.Thornton, C.Finnegan). PENALTY on JAC-E.Wilford, Taunting, 13 yards, enforced between downs.","note":"PENALTY","players":{"00-0022901":[{"sequence":5,"clubcode":"JAC","playerName":"E.Wilford","statId":21,"yards":13},{"sequence":6,"clubcode":"JAC","playerName":"E.Wilford","statId":115,"yards":0},{"sequence":7,"clubcode":"JAC","playerName":"E.Wilford","statId":113,"yards":6},{"sequence":10,"clubcode":"JAC","playerName":"E.Wilford","statId":93,"yards":13}],"00-0021231":[{"sequence":3,"clubcode":"JAC","playerName":"D.Garrard","statId":15,"yards":13},{"sequence":4,"clubcode":"JAC","playerName":"D.Garrard","statId":111,"yards":7}],"00-0024429":[{"sequence":9,"clubcode":"TEN","playerName":"C.Finnegan","statId":82,"yards":0}],"0":[{"sequence":1,"clubcode":"JAC","playerName":"","statId":4,"yards":0},{"sequence":2,"clubcode":"JAC","playerName":"","statId":6,"yards":0}],"00-0021230":[{"sequence":8,"clubcode":"TEN","playerName":"D.Thornton","statId":80,"yards":0}]}},"1621":{"sp":0,"qtr":2,"down":0,"time":"02:00","yrdln":"","ydstogo":0,"ydsnet":6,"posteam":"","desc":"Two-Minute Warning","note":null,"players":{}},"1638":{"sp":0,"qtr":2,"down":1,"time":"02:00","yrdln":"JAC 13","ydstogo":10,"ydsnet":13,"posteam":"JAC","desc":"(2:00) M.Jones-Drew up the middle to JAC 20 for 7 yards (T.Brown).","note":null,"players":{"00-0021490":[{"sequence":2,"clubcode":"TEN","playerName":"T.Brown","statId":79,"yards":0}],"00-0024275":[{"sequence":1,"clubcode":"JAC","playerName":"M.Jones-Drew","statId":10,"yards":7}]}},"1659":{"sp":0,"qtr":2,"down":2,"time":"01:36","yrdln":"JAC 20","ydstogo":3,"ydsnet":14,"posteam":"JAC","desc":"(1:36) (No Huddle, Shotgun) D.Garrard pass short left to T.Holt ran ob at JAC 21 for 1 yard.","note":null,"players":{"00-0021231":[{"sequence":1,"clubcode":"JAC","playerName":"D.Garrard","statId":15,"yards":1},{"sequence":2,"clubcode":"JAC","playerName":"D.Garrard","statId":111,"yards":1}],"00-0007681":[{"sequence":3,"clubcode":"JAC","playerName":"T.Holt","statId":21,"yards":1},{"sequence":4,"clubcode":"JAC","playerName":"T.Holt","statId":115,"yards":0},{"sequence":5,"clubcode":"JAC","playerName":"T.Holt","statId":113,"yards":0}]}},"1683":{"sp":0,"qtr":2,"down":3,"time":"01:31","yrdln":"JAC 21","ydstogo":2,"ydsnet":17,"posteam":"JAC","desc":"(1:31) (Shotgun) D.Garrard pass short right to M.Thomas to JAC 24 for 3 yards (C.Finnegan, K.Bulluck).","note":null,"players":{"00-0021231":[{"sequence":3,"clubcode":"JAC","playerName":"D.Garrard","statId":15,"yards":3},{"sequence":4,"clubcode":"JAC","playerName":"D.Garrard","statId":111,"yards":0}],"00-0024429":[{"sequence":8,"clubcode":"TEN","playerName":"C.Finnegan","statId":80,"yards":0}],"0":[{"sequence":1,"clubcode":"JAC","playerName":"","statId":4,"yards":0},{"sequence":2,"clubcode":"JAC","playerName":"","statId":6,"yards":0}],"00-0027076":[{"sequence":5,"clubcode":"JAC","playerName":"M.Thomas","statId":21,"yards":3},{"sequence":6,"clubcode":"JAC","playerName":"M.Thomas","statId":115,"yards":0},{"sequence":7,"clubcode":"JAC","playerName":"M.Thomas","statId":113,"yards":3}],"00-0019648":[{"sequence":9,"clubcode":"TEN","playerName":"K.Bulluck","statId":82,"yards":0}]}},"1707":{"sp":0,"qtr":2,"down":1,"time":"01:07","yrdln":"JAC 24","ydstogo":10,"ydsnet":18,"posteam":"JAC","desc":"(1:07) (No Huddle, Shotgun) D.Garrard scrambles left end ran ob at JAC 25 for 1 yard (R.Hood).","note":null,"players":{"00-0021231":[{"sequence":1,"clubcode":"JAC","playerName":"D.Garrard","statId":10,"yards":1}],"00-0021503":[{"sequence":2,"clubcode":"TEN","playerName":"R.Hood","statId":79,"yards":0}]}},"1733":{"sp":0,"qtr":2,"down":2,"time":"01:00","yrdln":"JAC 25","ydstogo":9,"ydsnet":34,"posteam":"JAC","desc":"(1:00) (Shotgun) D.Garrard pass deep middle to T.Holt to JAC 41 for 16 yards (C.Hope).","note":null,"players":{"00-0021219":[{"sequence":7,"clubcode":"TEN","playerName":"C.Hope","statId":79,"yards":0}],"00-0021231":[{"sequence":2,"clubcode":"JAC","playerName":"D.Garrard","statId":15,"yards":16},{"sequence":3,"clubcode":"JAC","playerName":"D.Garrard","statId":111,"yards":16}],"0":[{"sequence":1,"clubcode":"JAC","playerName":"","statId":4,"yards":0}],"00-0007681":[{"sequence":4,"clubcode":"JAC","playerName":"T.Holt","statId":21,"yards":16},{"sequence":5,"clubcode":"JAC","playerName":"T.Holt","statId":115,"yards":0},{"sequence":6,"clubcode":"JAC","playerName":"T.Holt","statId":113,"yards":0}]}},"1757":{"sp":0,"qtr":2,"down":0,"time":"00:52","yrdln":"","ydstogo":0,"ydsnet":34,"posteam":"","desc":"Timeout #2 by JAC at 00:52.","note":"TIMEOUT","players":{"0":[{"sequence":1,"clubcode":"JAC","playerName":"","statId":68,"yards":0}]}},"1774":{"sp":0,"qtr":2,"down":1,"time":"00:52","yrdln":"JAC 41","ydstogo":10,"ydsnet":34,"posteam":"JAC","desc":"(:52) (Shotgun) D.Garrard pass incomplete deep left to T.Holt.","note":null,"players":{"00-0021231":[{"sequence":1,"clubcode":"JAC","playerName":"D.Garrard","statId":14,"yards":0},{"sequence":3,"clubcode":"JAC","playerName":"D.Garrard","statId":112,"yards":24}],"00-0007681":[{"sequence":2,"clubcode":"JAC","playerName":"T.Holt","statId":115,"yards":0}]}},"1796":{"sp":0,"qtr":2,"down":2,"time":"00:46","yrdln":"JAC 41","ydstogo":10,"ydsnet":39,"posteam":"JAC","desc":"(:46) (Shotgun) D.Garrard pass incomplete short left to M.Lewis [J.Ford]. PENALTY on TEN-T.Brown, Defensive Offside, 5 yards, enforced at JAC 41 - No Play.","note":"PENALTY","players":{"00-0021490":[{"sequence":1,"clubcode":"TEN","playerName":"T.Brown","statId":93,"yards":5}]}},"1829":{"sp":0,"qtr":2,"down":2,"time":"00:42","yrdln":"JAC 46","ydstogo":5,"ydsnet":39,"posteam":"JAC","desc":"(:42) (Shotgun) D.Garrard pass incomplete short middle to M.Jones-Drew (J.Jones).","note":null,"players":{"00-0024275":[{"sequence":2,"clubcode":"JAC","playerName":"M.Jones-Drew","statId":115,"yards":0}],"00-0021231":[{"sequence":1,"clubcode":"JAC","playerName":"D.Garrard","statId":14,"yards":0},{"sequence":4,"clubcode":"JAC","playerName":"D.Garrard","statId":112,"yards":0}],"00-0026194":[{"sequence":3,"clubcode":"TEN","playerName":"J.Jones","statId":85,"yards":0}]}},"1851":{"sp":0,"qtr":2,"down":3,"time":"00:35","yrdln":"JAC 46","ydstogo":5,"ydsnet":39,"posteam":"JAC","desc":"(:35) (Shotgun) D.Garrard sacked at JAC 46 for 0 yards (K.Vanden Bosch).","note":null,"players":{"00-0020382":[{"sequence":3,"clubcode":"TEN","playerName":"K.Vanden Bosch","statId":83,"yards":0},{"sequence":4,"clubcode":"TEN","playerName":"K.Vanden Bosch","statId":110,"yards":0},{"sequence":5,"clubcode":"TEN","playerName":"K.Vanden Bosch","statId":79,"yards":0}],"00-0021231":[{"sequence":2,"clubcode":"JAC","playerName":"D.Garrard","statId":20,"yards":0}],"0":[{"sequence":1,"clubcode":"JAC","playerName":"","statId":7,"yards":0}]}},"1870":{"sp":0,"qtr":2,"down":0,"time":"00:26","yrdln":"","ydstogo":0,"ydsnet":39,"posteam":"","desc":"Timeout #3 by TEN at 00:26.","note":"TIMEOUT","players":{"0":[{"sequence":1,"clubcode":"TEN","playerName":"","statId":68,"yards":0}]}},"1887":{"sp":0,"qtr":2,"down":4,"time":"00:26","yrdln":"JAC 46","ydstogo":5,"ydsnet":39,"posteam":"JAC","desc":"(:26) (Punt formation) A.Podlesh punts 34 yards to TEN 20, Center-J.Cain. K.Kaesviharn to TEN 26 for 6 yards (T.Brackenridge).","note":"PUNT","players":{"00-0024815":[{"sequence":3,"clubcode":"JAC","playerName":"T.Brackenridge","statId":79,"yards":0}],"00-0025488":[{"sequence":1,"clubcode":"JAC","playerName":"A.Podlesh","statId":29,"yards":34}],"00-0019993":[{"sequence":2,"clubcode":"TEN","playerName":"K.Kaesviharn","statId":33,"yards":6}]}}},"fds":3,"result":"Punt","penyds":-8,"ydsgained":47,"numplays":16,"postime":"3:25","start":{"qtr":2,"time":"03:40","yrdln":"JAC 7","team":"JAC"},"end":{"qtr":2,"time":"00:15","yrdln":"JAC 46","team":"JAC"}},"11":{"posteam":"TEN","qtr":2,"redzone":true,"plays":{"1913":{"sp":0,"qtr":2,"down":1,"time":"00:15","yrdln":"TEN 26","ydstogo":10,"ydsnet":4,"posteam":"TEN","desc":"(:15) C.Johnson up the middle to TEN 30 for 4 yards (T.Knighton, J.Durant).","note":null,"players":{"00-0026164":[{"sequence":1,"clubcode":"TEN","playerName":"C.Johnson","statId":10,"yards":4}],"00-0027046":[{"sequence":2,"clubcode":"JAC","playerName":"T.Knighton","statId":80,"yards":0}],"00-0025435":[{"sequence":3,"clubcode":"JAC","playerName":"J.Durant","statId":82,"yards":0}]}},"1934":{"sp":0,"qtr":2,"down":0,"time":"","yrdln":"","ydstogo":0,"ydsnet":4,"posteam":"","desc":"END QUARTER 2","note":null,"players":{}}},"fds":0,"result":"End of Half","penyds":0,"ydsgained":4,"numplays":2,"postime":"0:15","start":{"qtr":2,"time":"00:15","yrdln":"TEN 26","team":"TEN"},"end":{"qtr":2,"time":"00:00","yrdln":"TEN 26","team":"TEN"}},"12":{"posteam":"JAC","qtr":3,"redzone":true,"plays":{"1950":{"sp":0,"qtr":3,"down":0,"time":"15:00","yrdln":"TEN 30","ydstogo":0,"ydsnet":0,"posteam":"TEN","desc":"R.Bironas kicks 65 yards from TEN 30 to JAC 5. M.Thomas to JAC 21 for 16 yards (R.Mouton).","note":"KICKOFF","players":{"00-0027066":[{"sequence":3,"clubcode":"TEN","playerName":"R.Mouton","statId":79,"yards":0}],"00-0020962":[{"sequence":1,"clubcode":"TEN","playerName":"R.Bironas","statId":41,"yards":65}],"00-0027076":[{"sequence":2,"clubcode":"JAC","playerName":"M.Thomas","statId":45,"yards":16}]}},"1972":{"sp":1,"qtr":3,"down":1,"time":"14:53","yrdln":"JAC 21","ydstogo":10,"ydsnet":79,"posteam":"JAC","desc":"(14:53) M.Jones-Drew up the middle for 79 yards, TOUCHDOWN.","note":"TD","players":{"00-0024275":[{"sequence":2,"clubcode":"JAC","playerName":"M.Jones-Drew","statId":11,"yards":79}],"0":[{"sequence":1,"clubcode":"JAC","playerName":"","statId":3,"yards":0}]}},"1995":{"sp":0,"qtr":3,"down":0,"time":"14:37","yrdln":"TEN 2","ydstogo":0,"ydsnet":79,"posteam":"JAC","desc":"J.Scobee extra point is Blocked (M.Griffin), Center-J.Cain, Holder-A.Podlesh.","note":"XPB","players":{"00-0025406":[{"sequence":2,"clubcode":"TEN","playerName":"M.Griffin","statId":87,"yards":0}],"00-0022874":[{"sequence":1,"clubcode":"JAC","playerName":"J.Scobee","statId":74,"yards":0}]}}},"fds":1,"result":"Touchdown","penyds":0,"ydsgained":79,"numplays":3,"postime":"0:23","start":{"qtr":3,"time":"15:00","yrdln":"JAC 21","team":"JAC"},"end":{"qtr":3,"time":"14:37","yrdln":"JAC 21","team":"JAC"}},"13":{"posteam":"TEN","qtr":3,"redzone":true,"plays":{"2011":{"sp":0,"qtr":3,"down":0,"time":"14:37","yrdln":"JAC 30","ydstogo":0,"ydsnet":0,"posteam":"JAC","desc":"J.Scobee kicks 69 yards from JAC 30 to TEN 1. M.Griffin to TEN 26 for 25 yards (Z.Miller).","note":"KICKOFF","players":{"00-0027125":[{"sequence":3,"clubcode":"JAC","playerName":"Z.Miller","statId":79,"yards":0}],"00-0025406":[{"sequence":2,"clubcode":"TEN","playerName":"M.Griffin","statId":45,"yards":25}],"00-0022874":[{"sequence":1,"clubcode":"JAC","playerName":"J.Scobee","statId":41,"yards":69}]}},"2033":{"sp":0,"qtr":3,"down":1,"time":"14:31","yrdln":"TEN 26","ydstogo":10,"ydsnet":-1,"posteam":"TEN","desc":"(14:31) C.Johnson left guard to TEN 25 for -1 yards (T.Knighton, J.Durant).","note":null,"players":{"00-0026164":[{"sequence":1,"clubcode":"TEN","playerName":"C.Johnson","statId":10,"yards":-1}],"00-0027046":[{"sequence":3,"clubcode":"JAC","playerName":"T.Knighton","statId":80,"yards":0},{"sequence":5,"clubcode":"JAC","playerName":"T.Knighton","statId":120,"yards":0}],"0":[{"sequence":2,"clubcode":"TEN","playerName":"","statId":95,"yards":-1}],"00-0025435":[{"sequence":4,"clubcode":"JAC","playerName":"J.Durant","statId":82,"yards":0}]}},"2054":{"sp":0,"qtr":3,"down":2,"time":"13:56","yrdln":"TEN 25","ydstogo":11,"ydsnet":6,"posteam":"TEN","desc":"(13:56) V.Young pass short right to A.Crumpler to TEN 32 for 7 yards (D.Smith).","note":null,"players":{"00-0022839":[{"sequence":6,"clubcode":"JAC","playerName":"D.Smith","statId":79,"yards":0}],"00-0020285":[{"sequence":3,"clubcode":"TEN","playerName":"A.Crumpler","statId":21,"yards":7},{"sequence":4,"clubcode":"TEN","playerName":"A.Crumpler","statId":115,"yards":0},{"sequence":5,"clubcode":"TEN","playerName":"A.Crumpler","statId":113,"yards":5}],"00-0024218":[{"sequence":1,"clubcode":"TEN","playerName":"V.Young","statId":15,"yards":7},{"sequence":2,"clubcode":"TEN","playerName":"V.Young","statId":111,"yards":2}]}},"2078":{"sp":0,"qtr":3,"down":3,"time":"13:18","yrdln":"TEN 32","ydstogo":4,"ydsnet":11,"posteam":"TEN","desc":"(13:18) (Shotgun) V.Young scrambles up the middle to TEN 37 for 5 yards (J.Durant, Ju.Williams).","note":null,"players":{"00-0026617":[{"sequence":5,"clubcode":"JAC","playerName":"Ju.Williams","statId":82,"yards":0}],"0":[{"sequence":1,"clubcode":"TEN","playerName":"","statId":3,"yards":0},{"sequence":2,"clubcode":"TEN","playerName":"","statId":6,"yards":0}],"00-0025435":[{"sequence":4,"clubcode":"JAC","playerName":"J.Durant","statId":80,"yards":0}],"00-0024218":[{"sequence":3,"clubcode":"TEN","playerName":"V.Young","statId":10,"yards":5}]}},"2099":{"sp":0,"qtr":3,"down":1,"time":"12:34","yrdln":"TEN 37","ydstogo":10,"ydsnet":12,"posteam":"TEN","desc":"(12:34) V.Young scrambles right end ran ob at TEN 38 for 1 yard (J.Durant).","note":null,"players":{"00-0025435":[{"sequence":2,"clubcode":"JAC","playerName":"J.Durant","statId":79,"yards":0}],"00-0024218":[{"sequence":1,"clubcode":"TEN","playerName":"V.Young","statId":10,"yards":1}]}},"2120":{"sp":0,"qtr":3,"down":2,"time":"11:58","yrdln":"TEN 38","ydstogo":9,"ydsnet":15,"posteam":"TEN","desc":"(11:58) C.Johnson left tackle to TEN 41 for 3 yards (A.Ellison; J.Henderson).","note":null,"players":{"00-0026164":[{"sequence":1,"clubcode":"TEN","playerName":"C.Johnson","statId":10,"yards":3}],"00-0023524":[{"sequence":2,"clubcode":"JAC","playerName":"A.Ellison","statId":82,"yards":0}],"00-0021144":[{"sequence":3,"clubcode":"JAC","playerName":"J.Henderson","statId":82,"yards":0}]}},"2141":{"sp":0,"qtr":3,"down":3,"time":"11:18","yrdln":"TEN 41","ydstogo":6,"ydsnet":22,"posteam":"TEN","desc":"(11:18) (Shotgun) V.Young pass short left to K.Britt ran ob at TEN 48 for 7 yards.","note":null,"players":{"00-0027006":[{"sequence":5,"clubcode":"TEN","playerName":"K.Britt","statId":21,"yards":7},{"sequence":6,"clubcode":"TEN","playerName":"K.Britt","statId":115,"yards":0},{"sequence":7,"clubcode":"TEN","playerName":"K.Britt","statId":113,"yards":0}],"0":[{"sequence":1,"clubcode":"TEN","playerName":"","statId":4,"yards":0},{"sequence":2,"clubcode":"TEN","playerName":"","statId":6,"yards":0}],"00-0024218":[{"sequence":3,"clubcode":"TEN","playerName":"V.Young","statId":15,"yards":7},{"sequence":4,"clubcode":"TEN","playerName":"V.Young","statId":111,"yards":7}]}},"2165":{"sp":1,"qtr":3,"down":1,"time":"11:10","yrdln":"TEN 48","ydstogo":10,"ydsnet":74,"posteam":"TEN","desc":"(11:10) C.Johnson right tackle for 52 yards, TOUCHDOWN.","note":"TD","players":{"00-0026164":[{"sequence":2,"clubcode":"TEN","playerName":"C.Johnson","statId":11,"yards":52}],"0":[{"sequence":1,"clubcode":"TEN","playerName":"","statId":3,"yards":0}]}},"2183":{"sp":1,"qtr":3,"down":0,"time":"11:00","yrdln":"JAC 2","ydstogo":0,"ydsnet":74,"posteam":"TEN","desc":"R.Bironas extra point is GOOD, Center-K.Amato, Holder-B.Kern.","note":"XP","players":{"00-0020962":[{"sequence":1,"clubcode":"TEN","playerName":"R.Bironas","statId":72,"yards":0}]}}},"fds":3,"result":"Touchdown","penyds":0,"ydsgained":74,"numplays":9,"postime":"3:37","start":{"qtr":3,"time":"14:37","yrdln":"TEN 26","team":"TEN"},"end":{"qtr":3,"time":"11:00","yrdln":"TEN 48","team":"TEN"}},"14":{"posteam":"JAC","qtr":3,"redzone":true,"plays":{"2199":{"sp":0,"qtr":3,"down":0,"time":"11:00","yrdln":"TEN 30","ydstogo":0,"ydsnet":0,"posteam":"TEN","desc":"R.Bironas kicks 70 yards from TEN 30 to end zone, Touchback.","note":"KICKOFF","players":{"00-0020962":[{"sequence":1,"clubcode":"TEN","playerName":"R.Bironas","statId":44,"yards":70}],"0":[{"sequence":2,"clubcode":"JAC","playerName":"","statId":51,"yards":0}]}},"2237":{"sp":0,"qtr":3,"down":1,"time":"11:00","yrdln":"JAC 20","ydstogo":10,"ydsnet":4,"posteam":"JAC","desc":"(11:00) M.Jones-Drew left tackle to JAC 24 for 4 yards (K.Vanden Bosch, M.Griffin).","note":null,"players":{"00-0020382":[{"sequence":2,"clubcode":"TEN","playerName":"K.Vanden Bosch","statId":80,"yards":0}],"00-0024275":[{"sequence":1,"clubcode":"JAC","playerName":"M.Jones-Drew","statId":10,"yards":4}],"00-0025406":[{"sequence":3,"clubcode":"TEN","playerName":"M.Griffin","statId":82,"yards":0}]}},"2258":{"sp":0,"qtr":3,"down":2,"time":"10:15","yrdln":"JAC 24","ydstogo":6,"ydsnet":7,"posteam":"JAC","desc":"(10:15) G.Jones up the middle to JAC 27 for 3 yards (D.Thornton).","note":null,"players":{"00-0022897":[{"sequence":1,"clubcode":"JAC","playerName":"G.Jones","statId":10,"yards":3}],"00-0021230":[{"sequence":2,"clubcode":"TEN","playerName":"D.Thornton","statId":79,"yards":0}]}},"2279":{"sp":0,"qtr":3,"down":3,"time":"09:35","yrdln":"JAC 27","ydstogo":3,"ydsnet":8,"posteam":"JAC","desc":"(9:35) (Shotgun) R.Jennings up the middle to JAC 28 for 1 yard (S.Tulloch, K.Vanden Bosch).","note":null,"players":{"00-0020382":[{"sequence":4,"clubcode":"TEN","playerName":"K.Vanden Bosch","statId":82,"yards":0}],"00-0027155":[{"sequence":2,"clubcode":"JAC","playerName":"R.Jennings","statId":10,"yards":1}],"00-0024331":[{"sequence":3,"clubcode":"TEN","playerName":"S.Tulloch","statId":80,"yards":0}],"0":[{"sequence":1,"clubcode":"JAC","playerName":"","statId":7,"yards":0}]}},"2300":{"sp":0,"qtr":3,"down":4,"time":"08:55","yrdln":"JAC 28","ydstogo":2,"ydsnet":8,"posteam":"JAC","desc":"(8:55) (Punt formation) A.Podlesh punts 41 yards to TEN 31, Center-J.Cain. K.Kaesviharn to TEN 34 for 3 yards (M.Owens, B.Iwuh).","note":"PUNT","players":{"00-0024103":[{"sequence":3,"clubcode":"JAC","playerName":"M.Owens","statId":80,"yards":0}],"00-0025488":[{"sequence":1,"clubcode":"JAC","playerName":"A.Podlesh","statId":29,"yards":41}],"00-0019993":[{"sequence":2,"clubcode":"TEN","playerName":"K.Kaesviharn","statId":33,"yards":3}],"00-0024100":[{"sequence":4,"clubcode":"JAC","playerName":"B.Iwuh","statId":82,"yards":0}]}}},"fds":0,"result":"Punt","penyds":0,"ydsgained":8,"numplays":5,"postime":"2:15","start":{"qtr":3,"time":"11:00","yrdln":"JAC 20","team":"JAC"},"end":{"qtr":3,"time":"08:45","yrdln":"JAC 28","team":"JAC"}},"15":{"posteam":"TEN","qtr":3,"redzone":true,"plays":{"2326":{"sp":0,"qtr":3,"down":1,"time":"08:45","yrdln":"TEN 34","ydstogo":10,"ydsnet":9,"posteam":"TEN","desc":"(8:45) V.Young pass short right to C.Johnson to TEN 43 for 9 yards (G.Alexander, D.Smith).","note":null,"players":{"00-0026164":[{"sequence":3,"clubcode":"TEN","playerName":"C.Johnson","statId":21,"yards":9},{"sequence":4,"clubcode":"TEN","playerName":"C.Johnson","statId":115,"yards":0},{"sequence":5,"clubcode":"TEN","playerName":"C.Johnson","statId":113,"yards":14}],"00-0022839":[{"sequence":7,"clubcode":"JAC","playerName":"D.Smith","statId":82,"yards":0}],"00-0025448":[{"sequence":6,"clubcode":"JAC","playerName":"G.Alexander","statId":80,"yards":0}],"00-0024218":[{"sequence":1,"clubcode":"TEN","playerName":"V.Young","statId":15,"yards":9},{"sequence":2,"clubcode":"TEN","playerName":"V.Young","statId":111,"yards":-5}]}},"2350":{"sp":0,"qtr":3,"down":2,"time":"08:04","yrdln":"TEN 43","ydstogo":1,"ydsnet":16,"posteam":"TEN","desc":"(8:04) C.Johnson right end to 50 for 7 yards (B.Russell).","note":null,"players":{"00-0026164":[{"sequence":2,"clubcode":"TEN","playerName":"C.Johnson","statId":10,"yards":7}],"0":[{"sequence":1,"clubcode":"TEN","playerName":"","statId":3,"yards":0}],"00-0020199":[{"sequence":3,"clubcode":"JAC","playerName":"B.Russell","statId":79,"yards":0}]}},"2371":{"sp":0,"qtr":3,"down":1,"time":"07:22","yrdln":"50","ydstogo":10,"ydsnet":31,"posteam":"TEN","desc":"(7:22) V.Young pass short right to J.Gage to JAC 35 for 15 yards (R.Nelson).","note":null,"players":{"00-0021982":[{"sequence":4,"clubcode":"TEN","playerName":"J.Gage","statId":21,"yards":15},{"sequence":5,"clubcode":"TEN","playerName":"J.Gage","statId":115,"yards":0},{"sequence":6,"clubcode":"TEN","playerName":"J.Gage","statId":113,"yards":0}],"00-0025408":[{"sequence":7,"clubcode":"JAC","playerName":"R.Nelson","statId":79,"yards":0}],"0":[{"sequence":1,"clubcode":"TEN","playerName":"","statId":4,"yards":0}],"00-0024218":[{"sequence":2,"clubcode":"TEN","playerName":"V.Young","statId":15,"yards":15},{"sequence":3,"clubcode":"TEN","playerName":"V.Young","statId":111,"yards":15}]}},"2395":{"sp":0,"qtr":3,"down":1,"time":"06:39","yrdln":"JAC 35","ydstogo":10,"ydsnet":40,"posteam":"TEN","desc":"(6:39) L.White left tackle to JAC 26 for 9 yards (B.Russell, J.Durant).","note":null,"players":{"00-0024260":[{"sequence":1,"clubcode":"TEN","playerName":"L.White","statId":10,"yards":9}],"00-0020199":[{"sequence":2,"clubcode":"JAC","playerName":"B.Russell","statId":80,"yards":0}],"00-0025435":[{"sequence":3,"clubcode":"JAC","playerName":"J.Durant","statId":82,"yards":0}]}},"2416":{"sp":0,"qtr":3,"down":2,"time":"05:51","yrdln":"JAC 26","ydstogo":1,"ydsnet":40,"posteam":"TEN","desc":"(5:51) L.White left guard to JAC 26 for no gain (A.Ellison, T.Knighton).","note":null,"players":{"00-0027046":[{"sequence":3,"clubcode":"JAC","playerName":"T.Knighton","statId":82,"yards":0}],"00-0023524":[{"sequence":2,"clubcode":"JAC","playerName":"A.Ellison","statId":80,"yards":0}],"00-0024260":[{"sequence":1,"clubcode":"TEN","playerName":"L.White","statId":10,"yards":0}]}},"2437":{"sp":0,"qtr":3,"down":3,"time":"05:09","yrdln":"JAC 26","ydstogo":1,"ydsnet":40,"posteam":"TEN","desc":"(5:09) V.Young pass incomplete short right to C.Johnson.","note":null,"players":{"00-0026164":[{"sequence":3,"clubcode":"TEN","playerName":"C.Johnson","statId":115,"yards":0}],"0":[{"sequence":1,"clubcode":"TEN","playerName":"","statId":7,"yards":0}],"00-0024218":[{"sequence":2,"clubcode":"TEN","playerName":"V.Young","statId":14,"yards":0},{"sequence":4,"clubcode":"TEN","playerName":"V.Young","statId":112,"yards":0}]}},"2459":{"sp":1,"qtr":3,"down":4,"time":"05:05","yrdln":"JAC 26","ydstogo":1,"ydsnet":40,"posteam":"TEN","desc":"(5:05) (Field Goal formation) R.Bironas 45 yard field goal is GOOD, Center-K.Amato, Holder-B.Kern.","note":"FG","players":{"00-0020962":[{"sequence":1,"clubcode":"TEN","playerName":"R.Bironas","statId":70,"yards":45}]}}},"fds":2,"result":"Field Goal","penyds":0,"ydsgained":40,"numplays":7,"postime":"3:45","start":{"qtr":3,"time":"08:45","yrdln":"TEN 34","team":"TEN"},"end":{"qtr":3,"time":"05:00","yrdln":"JAC 26","team":"TEN"}},"16":{"posteam":"JAC","qtr":3,"redzone":true,"plays":{"2479":{"sp":0,"qtr":3,"down":0,"time":"05:00","yrdln":"TEN 30","ydstogo":0,"ydsnet":0,"posteam":"TEN","desc":"R.Bironas kicks 70 yards from TEN 30 to JAC 0. M.Thomas to JAC 26 for 26 yards (W.Hayes, S.Keglar).","note":"KICKOFF","players":{"00-0026274":[{"sequence":4,"clubcode":"TEN","playerName":"S.Keglar","statId":82,"yards":0}],"00-0026243":[{"sequence":3,"clubcode":"TEN","playerName":"W.Hayes","statId":80,"yards":0}],"00-0020962":[{"sequence":1,"clubcode":"TEN","playerName":"R.Bironas","statId":43,"yards":70}],"00-0027076":[{"sequence":2,"clubcode":"JAC","playerName":"M.Thomas","statId":45,"yards":26}]}},"2501":{"sp":0,"qtr":3,"down":1,"time":"04:53","yrdln":"JAC 26","ydstogo":10,"ydsnet":-6,"posteam":"JAC","desc":"(4:53) D.Garrard sacked at JAC 20 for -6 yards (J.Ford).","note":null,"players":{"00-0021231":[{"sequence":1,"clubcode":"JAC","playerName":"D.Garrard","statId":20,"yards":-6}],"00-0025591":[{"sequence":2,"clubcode":"TEN","playerName":"J.Ford","statId":83,"yards":-6},{"sequence":3,"clubcode":"TEN","playerName":"J.Ford","statId":110,"yards":0},{"sequence":4,"clubcode":"TEN","playerName":"J.Ford","statId":79,"yards":0},{"sequence":5,"clubcode":"TEN","playerName":"J.Ford","statId":120,"yards":0}]}},"2520":{"sp":0,"qtr":3,"down":2,"time":"04:19","yrdln":"JAC 20","ydstogo":16,"ydsnet":-10,"posteam":"JAC","desc":"(4:19) D.Garrard pass short right to M.Jones-Drew to JAC 16 for -4 yards (D.Thornton).","note":null,"players":{"00-0024275":[{"sequence":3,"clubcode":"JAC","playerName":"M.Jones-Drew","statId":21,"yards":-4},{"sequence":4,"clubcode":"JAC","playerName":"M.Jones-Drew","statId":115,"yards":0},{"sequence":5,"clubcode":"JAC","playerName":"M.Jones-Drew","statId":113,"yards":2}],"00-0021231":[{"sequence":1,"clubcode":"JAC","playerName":"D.Garrard","statId":15,"yards":-4},{"sequence":2,"clubcode":"JAC","playerName":"D.Garrard","statId":111,"yards":-6}],"00-0021230":[{"sequence":6,"clubcode":"TEN","playerName":"D.Thornton","statId":79,"yards":0},{"sequence":7,"clubcode":"TEN","playerName":"D.Thornton","statId":120,"yards":0}]}},"2544":{"sp":0,"qtr":3,"down":3,"time":"03:35","yrdln":"JAC 16","ydstogo":20,"ydsnet":13,"posteam":"JAC","desc":"(3:35) (Shotgun) D.Garrard pass deep middle to J.Dillard to JAC 39 for 23 yards (C.Hope).","note":null,"players":{"00-0027105":[{"sequence":5,"clubcode":"JAC","playerName":"J.Dillard","statId":21,"yards":23},{"sequence":6,"clubcode":"JAC","playerName":"J.Dillard","statId":115,"yards":0},{"sequence":7,"clubcode":"JAC","playerName":"J.Dillard","statId":113,"yards":0}],"00-0021219":[{"sequence":8,"clubcode":"TEN","playerName":"C.Hope","statId":79,"yards":0}],"00-0021231":[{"sequence":3,"clubcode":"JAC","playerName":"D.Garrard","statId":15,"yards":23},{"sequence":4,"clubcode":"JAC","playerName":"D.Garrard","statId":111,"yards":23}],"0":[{"sequence":1,"clubcode":"JAC","playerName":"","statId":4,"yards":0},{"sequence":2,"clubcode":"JAC","playerName":"","statId":6,"yards":0}]}},"2568":{"sp":0,"qtr":3,"down":1,"time":"02:57","yrdln":"JAC 39","ydstogo":10,"ydsnet":16,"posteam":"JAC","desc":"(2:57) M.Jones-Drew up the middle to JAC 42 for 3 yards (C.Hope, K.Vanden Bosch).","note":null,"players":{"00-0020382":[{"sequence":3,"clubcode":"TEN","playerName":"K.Vanden Bosch","statId":82,"yards":0}],"00-0024275":[{"sequence":1,"clubcode":"JAC","playerName":"M.Jones-Drew","statId":10,"yards":3}],"00-0021219":[{"sequence":2,"clubcode":"TEN","playerName":"C.Hope","statId":80,"yards":0}]}},"2589":{"sp":0,"qtr":3,"down":2,"time":"02:24","yrdln":"JAC 42","ydstogo":7,"ydsnet":36,"posteam":"JAC","desc":"(2:24) (Shotgun) D.Garrard pass short right to M.Lewis to TEN 38 for 20 yards (M.Griffin). FUMBLES (M.Griffin), recovered by JAC-Z.Miller at TEN 38. Z.Miller to TEN 38 for no gain (K.Bulluck).","note":"FUMBLE","players":{"00-0027125":[{"sequence":10,"clubcode":"JAC","playerName":"Z.Miller","statId":55,"yards":0}],"00-0024243":[{"sequence":4,"clubcode":"JAC","playerName":"M.Lewis","statId":21,"yards":20},{"sequence":5,"clubcode":"JAC","playerName":"M.Lewis","statId":115,"yards":0},{"sequence":6,"clubcode":"JAC","playerName":"M.Lewis","statId":113,"yards":20},{"sequence":8,"clubcode":"JAC","playerName":"M.Lewis","statId":52,"yards":0}],"00-0021231":[{"sequence":2,"clubcode":"JAC","playerName":"D.Garrard","statId":15,"yards":20},{"sequence":3,"clubcode":"JAC","playerName":"D.Garrard","statId":111,"yards":0}],"00-0025406":[{"sequence":7,"clubcode":"TEN","playerName":"M.Griffin","statId":79,"yards":0},{"sequence":9,"clubcode":"TEN","playerName":"M.Griffin","statId":91,"yards":0}],"0":[{"sequence":1,"clubcode":"JAC","playerName":"","statId":4,"yards":0}],"00-0019648":[{"sequence":11,"clubcode":"TEN","playerName":"K.Bulluck","statId":79,"yards":0}]}},"2624":{"sp":0,"qtr":3,"down":1,"time":"01:31","yrdln":"TEN 38","ydstogo":10,"ydsnet":36,"posteam":"JAC","desc":"(1:31) D.Garrard pass incomplete short right to E.Wilford [K.Vickerson].","note":null,"players":{"00-0023648":[{"sequence":3,"clubcode":"TEN","playerName":"K.Vickerson","statId":110,"yards":0}],"00-0022901":[{"sequence":2,"clubcode":"JAC","playerName":"E.Wilford","statId":115,"yards":0}],"00-0021231":[{"sequence":1,"clubcode":"JAC","playerName":"D.Garrard","statId":14,"yards":0},{"sequence":4,"clubcode":"JAC","playerName":"D.Garrard","statId":112,"yards":13}]}},"2646":{"sp":0,"qtr":3,"down":2,"time":"01:22","yrdln":"TEN 38","ydstogo":10,"ydsnet":36,"posteam":"JAC","desc":"(1:22) (Shotgun) D.Garrard pass incomplete short right to M.Jones-Drew [J.Jones]. TEN-M.Griffin was injured during the play. His return is Probable.","note":null,"players":{"00-0024275":[{"sequence":2,"clubcode":"JAC","playerName":"M.Jones-Drew","statId":115,"yards":0}],"00-0021231":[{"sequence":1,"clubcode":"JAC","playerName":"D.Garrard","statId":14,"yards":0},{"sequence":4,"clubcode":"JAC","playerName":"D.Garrard","statId":112,"yards":0}],"00-0026194":[{"sequence":3,"clubcode":"TEN","playerName":"J.Jones","statId":110,"yards":0}]}},"2669":{"sp":0,"qtr":3,"down":3,"time":"01:12","yrdln":"TEN 38","ydstogo":10,"ydsnet":36,"posteam":"JAC","desc":"(1:12) (Shotgun) D.Garrard pass incomplete short middle to M.Thomas [S.Tulloch].","note":null,"players":{"00-0021231":[{"sequence":2,"clubcode":"JAC","playerName":"D.Garrard","statId":14,"yards":0},{"sequence":5,"clubcode":"JAC","playerName":"D.Garrard","statId":112,"yards":13}],"00-0024331":[{"sequence":4,"clubcode":"TEN","playerName":"S.Tulloch","statId":110,"yards":0}],"0":[{"sequence":1,"clubcode":"JAC","playerName":"","statId":7,"yards":0}],"00-0027076":[{"sequence":3,"clubcode":"JAC","playerName":"M.Thomas","statId":115,"yards":0}]}},"2695":{"sp":0,"qtr":3,"down":4,"time":"01:07","yrdln":"TEN 38","ydstogo":10,"ydsnet":36,"posteam":"JAC","desc":"(1:07) (Punt formation) A.Podlesh punts 28 yards to TEN 10, Center-J.Cain, fair catch by K.Kaesviharn. PENALTY on TEN-C.Finnegan, Offensive Holding, 5 yards, enforced at TEN 10.","note":"PUNT","players":{"00-0025488":[{"sequence":1,"clubcode":"JAC","playerName":"A.Podlesh","statId":29,"yards":28},{"sequence":2,"clubcode":"JAC","playerName":"A.Podlesh","statId":30,"yards":0}],"00-0024429":[{"sequence":4,"clubcode":"TEN","playerName":"C.Finnegan","statId":93,"yards":5}],"00-0019993":[{"sequence":3,"clubcode":"TEN","playerName":"K.Kaesviharn","statId":39,"yards":0}]}}},"fds":2,"result":"Punt","penyds":0,"ydsgained":36,"numplays":10,"postime":"4:01","start":{"qtr":3,"time":"05:00","yrdln":"JAC 26","team":"JAC"},"end":{"qtr":3,"time":"00:59","yrdln":"TEN 38","team":"JAC"}},"17":{"posteam":"TEN","qtr":4,"redzone":true,"plays":{"2730":{"sp":0,"qtr":3,"down":1,"time":"00:59","yrdln":"TEN 5","ydstogo":10,"ydsnet":0,"posteam":"TEN","desc":"(:59) C.Johnson left guard to TEN 5 for no gain (J.Durant, D.Harvey).","note":null,"players":{"00-0026164":[{"sequence":1,"clubcode":"TEN","playerName":"C.Johnson","statId":10,"yards":0}],"00-0026148":[{"sequence":3,"clubcode":"JAC","playerName":"D.Harvey","statId":82,"yards":0}],"00-0025435":[{"sequence":2,"clubcode":"JAC","playerName":"J.Durant","statId":80,"yards":0}]}},"2751":{"sp":0,"qtr":3,"down":2,"time":"00:23","yrdln":"TEN 5","ydstogo":10,"ydsnet":6,"posteam":"TEN","desc":"(:23) C.Johnson up the middle to TEN 11 for 6 yards (D.Harvey).","note":null,"players":{"00-0026164":[{"sequence":1,"clubcode":"TEN","playerName":"C.Johnson","statId":10,"yards":6}],"00-0026148":[{"sequence":2,"clubcode":"JAC","playerName":"D.Harvey","statId":79,"yards":0}]}},"2773":{"sp":0,"qtr":3,"down":0,"time":"","yrdln":"","ydstogo":0,"ydsnet":6,"posteam":"","desc":"END QUARTER 3","note":null,"players":{}},"2789":{"sp":1,"qtr":4,"down":3,"time":"15:00","yrdln":"TEN 11","ydstogo":4,"ydsnet":95,"posteam":"TEN","desc":"(15:00) (Shotgun) C.Johnson up the middle for 89 yards, TOUCHDOWN. TEN-C.Johnson was injured during the play. His return is Probable.","note":"TD","players":{"00-0026164":[{"sequence":3,"clubcode":"TEN","playerName":"C.Johnson","statId":11,"yards":89}],"0":[{"sequence":1,"clubcode":"TEN","playerName":"","statId":3,"yards":0},{"sequence":2,"clubcode":"TEN","playerName":"","statId":6,"yards":0}]}},"2807":{"sp":1,"qtr":4,"down":0,"time":"14:46","yrdln":"JAC 2","ydstogo":0,"ydsnet":95,"posteam":"TEN","desc":"R.Bironas extra point is GOOD, Center-K.Amato, Holder-B.Kern.","note":"XP","players":{"00-0020962":[{"sequence":1,"clubcode":"TEN","playerName":"R.Bironas","statId":72,"yards":0}]}}},"fds":1,"result":"Touchdown","penyds":0,"ydsgained":95,"numplays":5,"postime":"1:13","start":{"qtr":3,"time":"00:59","yrdln":"TEN 5","team":"TEN"},"end":{"qtr":3,"time":"14:46","yrdln":"TEN 11","team":"TEN"}},"18":{"posteam":"JAC","qtr":4,"redzone":true,"plays":{"2827":{"sp":0,"qtr":4,"down":0,"time":"14:46","yrdln":"TEN 30","ydstogo":0,"ydsnet":0,"posteam":"TEN","desc":"R.Bironas kicks 73 yards from TEN 30 to JAC -3. M.Thomas to JAC 19 for 22 yards (G.McRath, D.Nickey).","note":"KICKOFF","players":{"00-0022100":[{"sequence":5,"clubcode":"TEN","playerName":"D.Nickey","statId":82,"yards":0}],"00-0020962":[{"sequence":1,"clubcode":"TEN","playerName":"R.Bironas","statId":43,"yards":73},{"sequence":3,"clubcode":"TEN","playerName":"R.Bironas","statId":42,"yards":0}],"00-0027095":[{"sequence":4,"clubcode":"TEN","playerName":"G.McRath","statId":80,"yards":0}],"00-0027076":[{"sequence":2,"clubcode":"JAC","playerName":"M.Thomas","statId":45,"yards":22}]}},"2849":{"sp":0,"qtr":4,"down":1,"time":"14:38","yrdln":"JAC 19","ydstogo":10,"ydsnet":12,"posteam":"JAC","desc":"(14:38) D.Garrard left guard to JAC 31 for 12 yards (K.Bulluck).","note":null,"players":{"00-0021231":[{"sequence":2,"clubcode":"JAC","playerName":"D.Garrard","statId":10,"yards":12}],"0":[{"sequence":1,"clubcode":"JAC","playerName":"","statId":3,"yards":0}],"00-0019648":[{"sequence":3,"clubcode":"TEN","playerName":"K.Bulluck","statId":79,"yards":0}]}},"2870":{"sp":0,"qtr":4,"down":1,"time":"14:06","yrdln":"JAC 31","ydstogo":10,"ydsnet":37,"posteam":"JAC","desc":"(14:06) (No Huddle) D.Garrard pass deep right to M.Thomas to TEN 44 for 25 yards (C.Finnegan).","note":null,"players":{"00-0021231":[{"sequence":2,"clubcode":"JAC","playerName":"D.Garrard","statId":15,"yards":25},{"sequence":3,"clubcode":"JAC","playerName":"D.Garrard","statId":111,"yards":23}],"00-0024429":[{"sequence":7,"clubcode":"TEN","playerName":"C.Finnegan","statId":79,"yards":0}],"0":[{"sequence":1,"clubcode":"JAC","playerName":"","statId":4,"yards":0}],"00-0027076":[{"sequence":4,"clubcode":"JAC","playerName":"M.Thomas","statId":21,"yards":25},{"sequence":5,"clubcode":"JAC","playerName":"M.Thomas","statId":115,"yards":0},{"sequence":6,"clubcode":"JAC","playerName":"M.Thomas","statId":113,"yards":2}]}},"2894":{"sp":0,"qtr":4,"down":1,"time":"13:33","yrdln":"TEN 44","ydstogo":10,"ydsnet":35,"posteam":"JAC","desc":"(13:33) (No Huddle) M.Jones-Drew up the middle to TEN 46 for -2 yards (V.Fuller, K.Bulluck).","note":null,"players":{"00-0023543":[{"sequence":3,"clubcode":"TEN","playerName":"V.Fuller","statId":80,"yards":0},{"sequence":5,"clubcode":"TEN","playerName":"V.Fuller","statId":120,"yards":0}],"00-0024275":[{"sequence":1,"clubcode":"JAC","playerName":"M.Jones-Drew","statId":10,"yards":-2}],"0":[{"sequence":2,"clubcode":"JAC","playerName":"","statId":95,"yards":-2}],"00-0019648":[{"sequence":4,"clubcode":"TEN","playerName":"K.Bulluck","statId":82,"yards":0}]}},"2915":{"sp":0,"qtr":4,"down":2,"time":"13:03","yrdln":"TEN 46","ydstogo":12,"ydsnet":56,"posteam":"JAC","desc":"(13:03) (No Huddle, Shotgun) D.Garrard pass short left to M.Thomas to TEN 25 for 21 yards (D.Thornton).","note":null,"players":{"00-0021231":[{"sequence":2,"clubcode":"JAC","playerName":"D.Garrard","statId":15,"yards":21},{"sequence":3,"clubcode":"JAC","playerName":"D.Garrard","statId":111,"yards":8}],"0":[{"sequence":1,"clubcode":"JAC","playerName":"","statId":4,"yards":0}],"00-0021230":[{"sequence":7,"clubcode":"TEN","playerName":"D.Thornton","statId":79,"yards":0}],"00-0027076":[{"sequence":4,"clubcode":"JAC","playerName":"M.Thomas","statId":21,"yards":21},{"sequence":5,"clubcode":"JAC","playerName":"M.Thomas","statId":115,"yards":0},{"sequence":6,"clubcode":"JAC","playerName":"M.Thomas","statId":113,"yards":13}]}},"2939":{"sp":0,"qtr":4,"down":1,"time":"12:29","yrdln":"TEN 25","ydstogo":10,"ydsnet":56,"posteam":"JAC","desc":"(12:29) (No Huddle) D.Garrard pass deep right intended for M.Sims-Walker INTERCEPTED by C.Finnegan at TEN 3. C.Finnegan pushed ob at TEN 38 for 35 yards (E.Britton).","note":"INT","players":{"00-0027015":[{"sequence":6,"clubcode":"JAC","playerName":"E.Britton","statId":79,"yards":0}],"00-0021231":[{"sequence":1,"clubcode":"JAC","playerName":"D.Garrard","statId":19,"yards":0},{"sequence":3,"clubcode":"JAC","playerName":"D.Garrard","statId":112,"yards":22}],"00-0024429":[{"sequence":4,"clubcode":"TEN","playerName":"C.Finnegan","statId":25,"yards":35},{"sequence":5,"clubcode":"TEN","playerName":"C.Finnegan","statId":85,"yards":0}],"00-0025466":[{"sequence":2,"clubcode":"JAC","playerName":"M.Sims-Walker","statId":115,"yards":0}]}}},"fds":3,"result":"Interception","penyds":0,"ydsgained":56,"numplays":6,"postime":"2:28","start":{"qtr":4,"time":"14:46","yrdln":"JAC 19","team":"JAC"},"end":{"qtr":4,"time":"12:18","yrdln":"TEN 25","team":"JAC"}},"19":{"posteam":"TEN","qtr":4,"redzone":true,"plays":{"2966":{"sp":0,"qtr":4,"down":1,"time":"12:18","yrdln":"TEN 38","ydstogo":10,"ydsnet":-1,"posteam":"TEN","desc":"(12:18) L.White right guard to TEN 37 for -1 yards (D.Harvey).","note":null,"players":{"0":[{"sequence":2,"clubcode":"TEN","playerName":"","statId":95,"yards":-1}],"00-0026148":[{"sequence":3,"clubcode":"JAC","playerName":"D.Harvey","statId":79,"yards":0},{"sequence":4,"clubcode":"JAC","playerName":"D.Harvey","statId":120,"yards":0}],"00-0024260":[{"sequence":1,"clubcode":"TEN","playerName":"L.White","statId":10,"yards":-1}]}},"2987":{"sp":0,"qtr":4,"down":2,"time":"11:42","yrdln":"TEN 37","ydstogo":11,"ydsnet":1,"posteam":"TEN","desc":"(11:42) L.White right tackle to TEN 39 for 2 yards (G.Alexander, M.Stanley).","note":null,"players":{"00-0024396":[{"sequence":3,"clubcode":"JAC","playerName":"M.Stanley","statId":82,"yards":0}],"00-0024260":[{"sequence":1,"clubcode":"TEN","playerName":"L.White","statId":10,"yards":2}],"00-0025448":[{"sequence":2,"clubcode":"JAC","playerName":"G.Alexander","statId":80,"yards":0}]}},"3008":{"sp":0,"qtr":4,"down":3,"time":"11:01","yrdln":"TEN 39","ydstogo":9,"ydsnet":4,"posteam":"TEN","desc":"(11:01) (Shotgun) C.Johnson up the middle to TEN 42 for 3 yards (B.Iwuh, J.Durant).","note":null,"players":{"00-0026164":[{"sequence":2,"clubcode":"TEN","playerName":"C.Johnson","statId":10,"yards":3}],"0":[{"sequence":1,"clubcode":"TEN","playerName":"","statId":7,"yards":0}],"00-0025435":[{"sequence":4,"clubcode":"JAC","playerName":"J.Durant","statId":82,"yards":0}],"00-0024100":[{"sequence":3,"clubcode":"JAC","playerName":"B.Iwuh","statId":80,"yards":0}]}},"3029":{"sp":0,"qtr":4,"down":4,"time":"10:18","yrdln":"TEN 42","ydstogo":6,"ydsnet":4,"posteam":"TEN","desc":"(10:18) (Punt formation) B.Kern punts 51 yards to JAC 7, Center-K.Amato, downed by TEN-C.Allred.","note":"PUNT","players":{"0":[{"sequence":3,"clubcode":"JAC","playerName":"","statId":38,"yards":0}],"00-0025825":[{"sequence":1,"clubcode":"TEN","playerName":"B.Kern","statId":29,"yards":51},{"sequence":2,"clubcode":"TEN","playerName":"B.Kern","statId":30,"yards":0}]}}},"fds":0,"result":"Punt","penyds":0,"ydsgained":4,"numplays":4,"postime":"2:11","start":{"qtr":4,"time":"12:18","yrdln":"TEN 38","team":"TEN"},"end":{"qtr":4,"time":"10:07","yrdln":"TEN 42","team":"TEN"}},"20":{"posteam":"JAC","qtr":4,"redzone":true,"plays":{"3053":{"sp":0,"qtr":4,"down":1,"time":"10:07","yrdln":"JAC 8","ydstogo":10,"ydsnet":9,"posteam":"JAC","desc":"(10:07) D.Garrard scrambles left end ran ob at JAC 17 for 9 yards (W.Hayes).","note":null,"players":{"00-0026243":[{"sequence":2,"clubcode":"TEN","playerName":"W.Hayes","statId":79,"yards":0}],"00-0021231":[{"sequence":1,"clubcode":"JAC","playerName":"D.Garrard","statId":10,"yards":9}]}},"3074":{"sp":0,"qtr":4,"down":2,"time":"09:46","yrdln":"JAC 17","ydstogo":1,"ydsnet":14,"posteam":"JAC","desc":"(9:46) (No Huddle, Shotgun) R.Jennings up the middle to JAC 22 for 5 yards (K.Bulluck).","note":null,"players":{"00-0027155":[{"sequence":2,"clubcode":"JAC","playerName":"R.Jennings","statId":10,"yards":5}],"0":[{"sequence":1,"clubcode":"JAC","playerName":"","statId":3,"yards":0}],"00-0019648":[{"sequence":3,"clubcode":"TEN","playerName":"K.Bulluck","statId":79,"yards":0}]}},"3095":{"sp":0,"qtr":4,"down":1,"time":"09:20","yrdln":"JAC 22","ydstogo":10,"ydsnet":16,"posteam":"JAC","desc":"(9:20) (No Huddle, Shotgun) R.Jennings left guard to JAC 24 for 2 yards (T.Brown, W.Hayes).","note":null,"players":{"00-0027155":[{"sequence":1,"clubcode":"JAC","playerName":"R.Jennings","statId":10,"yards":2}],"00-0026243":[{"sequence":3,"clubcode":"TEN","playerName":"W.Hayes","statId":82,"yards":0}],"00-0021490":[{"sequence":2,"clubcode":"TEN","playerName":"T.Brown","statId":80,"yards":0}]}},"3116":{"sp":0,"qtr":4,"down":2,"time":"08:50","yrdln":"JAC 24","ydstogo":8,"ydsnet":17,"posteam":"JAC","desc":"(8:50) (No Huddle) D.Garrard pass short right to R.Jennings to JAC 25 for 1 yard (V.Fuller).","note":null,"players":{"00-0023543":[{"sequence":6,"clubcode":"TEN","playerName":"V.Fuller","statId":79,"yards":0}],"00-0027155":[{"sequence":3,"clubcode":"JAC","playerName":"R.Jennings","statId":21,"yards":1},{"sequence":4,"clubcode":"JAC","playerName":"R.Jennings","statId":115,"yards":0},{"sequence":5,"clubcode":"JAC","playerName":"R.Jennings","statId":113,"yards":2}],"00-0021231":[{"sequence":1,"clubcode":"JAC","playerName":"D.Garrard","statId":15,"yards":1},{"sequence":2,"clubcode":"JAC","playerName":"D.Garrard","statId":111,"yards":-1}]}},"3140":{"sp":0,"qtr":4,"down":3,"time":"08:21","yrdln":"JAC 25","ydstogo":7,"ydsnet":17,"posteam":"JAC","desc":"(8:21) (No Huddle, Shotgun) D.Garrard pass incomplete deep middle to E.Wilford.","note":null,"players":{"00-0022901":[{"sequence":3,"clubcode":"JAC","playerName":"E.Wilford","statId":115,"yards":0}],"00-0021231":[{"sequence":2,"clubcode":"JAC","playerName":"D.Garrard","statId":14,"yards":0},{"sequence":4,"clubcode":"JAC","playerName":"D.Garrard","statId":112,"yards":35}],"0":[{"sequence":1,"clubcode":"JAC","playerName":"","statId":7,"yards":0}]}},"3162":{"sp":0,"qtr":4,"down":4,"time":"08:14","yrdln":"JAC 25","ydstogo":7,"ydsnet":17,"posteam":"JAC","desc":"(8:14) (Punt formation) A.Podlesh punts 49 yards to TEN 26, Center-J.Cain. K.Kaesviharn to TEN 30 for 4 yards (T.Brackenridge).","note":"PUNT","players":{"00-0024815":[{"sequence":3,"clubcode":"JAC","playerName":"T.Brackenridge","statId":79,"yards":0}],"00-0025488":[{"sequence":1,"clubcode":"JAC","playerName":"A.Podlesh","statId":29,"yards":49}],"00-0019993":[{"sequence":2,"clubcode":"TEN","playerName":"K.Kaesviharn","statId":33,"yards":4}]}}},"fds":1,"result":"Punt","penyds":0,"ydsgained":17,"numplays":6,"postime":"2:03","start":{"qtr":4,"time":"10:07","yrdln":"JAC 8","team":"JAC"},"end":{"qtr":4,"time":"08:04","yrdln":"JAC 25","team":"JAC"}},"21":{"posteam":"TEN","qtr":4,"redzone":true,"plays":{"3188":{"sp":0,"qtr":4,"down":1,"time":"08:04","yrdln":"TEN 30","ydstogo":10,"ydsnet":8,"posteam":"TEN","desc":"(8:04) L.White right tackle to TEN 38 for 8 yards (D.Smith).","note":null,"players":{"00-0022839":[{"sequence":2,"clubcode":"JAC","playerName":"D.Smith","statId":79,"yards":0}],"00-0024260":[{"sequence":1,"clubcode":"TEN","playerName":"L.White","statId":10,"yards":8}]}},"3209":{"sp":0,"qtr":4,"down":2,"time":"07:28","yrdln":"TEN 38","ydstogo":2,"ydsnet":12,"posteam":"TEN","desc":"(7:28) L.White right tackle to TEN 42 for 4 yards (C.Ingram).","note":null,"players":{"0":[{"sequence":1,"clubcode":"TEN","playerName":"","statId":3,"yards":0}],"00-0024295":[{"sequence":3,"clubcode":"JAC","playerName":"C.Ingram","statId":79,"yards":0}],"00-0024260":[{"sequence":2,"clubcode":"TEN","playerName":"L.White","statId":10,"yards":4}]}},"3230":{"sp":0,"qtr":4,"down":1,"time":"06:49","yrdln":"TEN 42","ydstogo":10,"ydsnet":19,"posteam":"TEN","desc":"(6:49) L.White right tackle to TEN 49 for 7 yards (J.Durant).","note":null,"players":{"00-0024260":[{"sequence":1,"clubcode":"TEN","playerName":"L.White","statId":10,"yards":7}],"00-0025435":[{"sequence":2,"clubcode":"JAC","playerName":"J.Durant","statId":79,"yards":0}]}},"3251":{"sp":0,"qtr":4,"down":2,"time":"06:05","yrdln":"TEN 49","ydstogo":3,"ydsnet":20,"posteam":"TEN","desc":"(6:05) L.White left tackle to 50 for 1 yard (D.Harvey).","note":null,"players":{"00-0026148":[{"sequence":2,"clubcode":"JAC","playerName":"D.Harvey","statId":79,"yards":0}],"00-0024260":[{"sequence":1,"clubcode":"TEN","playerName":"L.White","statId":10,"yards":1}]}},"3272":{"sp":0,"qtr":4,"down":3,"time":"05:24","yrdln":"50","ydstogo":2,"ydsnet":25,"posteam":"TEN","desc":"(5:24) L.White left tackle to JAC 45 for 5 yards (J.Durant).","note":null,"players":{"0":[{"sequence":1,"clubcode":"TEN","playerName":"","statId":3,"yards":0},{"sequence":2,"clubcode":"TEN","playerName":"","statId":6,"yards":0}],"00-0024260":[{"sequence":3,"clubcode":"TEN","playerName":"L.White","statId":10,"yards":5}],"00-0025435":[{"sequence":4,"clubcode":"JAC","playerName":"J.Durant","statId":79,"yards":0}]}},"3293":{"sp":0,"qtr":4,"down":1,"time":"04:41","yrdln":"JAC 45","ydstogo":10,"ydsnet":29,"posteam":"TEN","desc":"(4:41) C.Johnson right guard to JAC 41 for 4 yards (J.Durant).","note":null,"players":{"00-0026164":[{"sequence":1,"clubcode":"TEN","playerName":"C.Johnson","statId":10,"yards":4}],"00-0025435":[{"sequence":2,"clubcode":"JAC","playerName":"J.Durant","statId":79,"yards":0}]}},"3314":{"sp":0,"qtr":4,"down":2,"time":"04:02","yrdln":"JAC 41","ydstogo":6,"ydsnet":30,"posteam":"TEN","desc":"(4:02) C.Johnson left tackle to JAC 40 for 1 yard (D.Harvey, T.Knighton).","note":null,"players":{"00-0026164":[{"sequence":1,"clubcode":"TEN","playerName":"C.Johnson","statId":10,"yards":1}],"00-0027046":[{"sequence":3,"clubcode":"JAC","playerName":"T.Knighton","statId":82,"yards":0}],"00-0026148":[{"sequence":2,"clubcode":"JAC","playerName":"D.Harvey","statId":80,"yards":0}]}},"3335":{"sp":0,"qtr":4,"down":3,"time":"03:17","yrdln":"JAC 40","ydstogo":5,"ydsnet":30,"posteam":"TEN","desc":"(3:17) C.Johnson right guard to JAC 40 for no gain (T.Knighton).","note":null,"players":{"00-0026164":[{"sequence":2,"clubcode":"TEN","playerName":"C.Johnson","statId":10,"yards":0}],"00-0027046":[{"sequence":3,"clubcode":"JAC","playerName":"T.Knighton","statId":79,"yards":0}],"0":[{"sequence":1,"clubcode":"TEN","playerName":"","statId":7,"yards":0}]}},"3356":{"sp":0,"qtr":4,"down":0,"time":"02:29","yrdln":"","ydstogo":0,"ydsnet":30,"posteam":"","desc":"Timeout #1 by TEN at 02:29.","note":"TIMEOUT","players":{"0":[{"sequence":1,"clubcode":"TEN","playerName":"","statId":68,"yards":0}]}},"3377":{"sp":0,"qtr":4,"down":4,"time":"02:29","yrdln":"JAC 40","ydstogo":5,"ydsnet":30,"posteam":"TEN","desc":"(2:29) (Punt formation) B.Kern punts 37 yards to JAC 3, Center-K.Amato, downed by TEN-R.Mouton.","note":"PUNT","players":{"0":[{"sequence":3,"clubcode":"JAC","playerName":"","statId":38,"yards":0}],"00-0025825":[{"sequence":1,"clubcode":"TEN","playerName":"B.Kern","statId":29,"yards":37},{"sequence":2,"clubcode":"TEN","playerName":"B.Kern","statId":30,"yards":0}]}}},"fds":2,"result":"Punt","penyds":0,"ydsgained":30,"numplays":10,"postime":"5:45","start":{"qtr":4,"time":"08:04","yrdln":"TEN 30","team":"TEN"},"end":{"qtr":4,"time":"02:19","yrdln":"JAC 40","team":"TEN"}},"22":{"posteam":"JAC","qtr":4,"redzone":true,"plays":{"3397":{"sp":0,"qtr":4,"down":1,"time":"02:19","yrdln":"JAC 3","ydstogo":10,"ydsnet":0,"posteam":"JAC","desc":"(2:19) (Shotgun) D.Garrard pass incomplete short right to E.Wilford [J.Jones].","note":null,"players":{"00-0022901":[{"sequence":2,"clubcode":"JAC","playerName":"E.Wilford","statId":115,"yards":0}],"00-0021231":[{"sequence":1,"clubcode":"JAC","playerName":"D.Garrard","statId":14,"yards":0},{"sequence":4,"clubcode":"JAC","playerName":"D.Garrard","statId":112,"yards":2}],"00-0026194":[{"sequence":3,"clubcode":"TEN","playerName":"J.Jones","statId":110,"yards":0}]}},"3419":{"sp":0,"qtr":4,"down":2,"time":"02:15","yrdln":"JAC 3","ydstogo":10,"ydsnet":5,"posteam":"JAC","desc":"(2:15) D.Garrard pass short right to E.Wilford ran ob at JAC 8 for 5 yards.","note":null,"players":{"00-0022901":[{"sequence":3,"clubcode":"JAC","playerName":"E.Wilford","statId":21,"yards":5},{"sequence":4,"clubcode":"JAC","playerName":"E.Wilford","statId":115,"yards":0},{"sequence":5,"clubcode":"JAC","playerName":"E.Wilford","statId":113,"yards":2}],"00-0021231":[{"sequence":1,"clubcode":"JAC","playerName":"D.Garrard","statId":15,"yards":5},{"sequence":2,"clubcode":"JAC","playerName":"D.Garrard","statId":111,"yards":3}]}},"3443":{"sp":0,"qtr":4,"down":3,"time":"02:10","yrdln":"JAC 8","ydstogo":5,"ydsnet":11,"posteam":"JAC","desc":"(2:10) (Shotgun) D.Garrard pass short middle to M.Thomas to JAC 14 for 6 yards (V.Fuller).","note":null,"players":{"00-0023543":[{"sequence":8,"clubcode":"TEN","playerName":"V.Fuller","statId":79,"yards":0}],"00-0021231":[{"sequence":3,"clubcode":"JAC","playerName":"D.Garrard","statId":15,"yards":6},{"sequence":4,"clubcode":"JAC","playerName":"D.Garrard","statId":111,"yards":4}],"0":[{"sequence":1,"clubcode":"JAC","playerName":"","statId":4,"yards":0},{"sequence":2,"clubcode":"JAC","playerName":"","statId":6,"yards":0}],"00-0027076":[{"sequence":5,"clubcode":"JAC","playerName":"M.Thomas","statId":21,"yards":6},{"sequence":6,"clubcode":"JAC","playerName":"M.Thomas","statId":115,"yards":0},{"sequence":7,"clubcode":"JAC","playerName":"M.Thomas","statId":113,"yards":2}]}},"3467":{"sp":0,"qtr":4,"down":0,"time":"02:00","yrdln":"","ydstogo":0,"ydsnet":11,"posteam":"","desc":"Two-Minute Warning","note":null,"players":{}},"3484":{"sp":0,"qtr":4,"down":1,"time":"02:00","yrdln":"JAC 14","ydstogo":10,"ydsnet":11,"posteam":"JAC","desc":"(2:00) (Shotgun) L.McCown pass incomplete short right to J.Dillard (C.Finnegan).","note":null,"players":{"00-0027105":[{"sequence":2,"clubcode":"JAC","playerName":"J.Dillard","statId":115,"yards":0}],"00-0024429":[{"sequence":3,"clubcode":"TEN","playerName":"C.Finnegan","statId":85,"yards":0}],"00-0022864":[{"sequence":1,"clubcode":"JAC","playerName":"L.McCown","statId":14,"yards":0},{"sequence":4,"clubcode":"JAC","playerName":"L.McCown","statId":112,"yards":7}]}},"3506":{"sp":0,"qtr":4,"down":2,"time":"01:56","yrdln":"JAC 14","ydstogo":10,"ydsnet":7,"posteam":"JAC","desc":"(1:56) (Shotgun) L.McCown sacked at JAC 10 for -4 yards (J.Jones).","note":null,"players":{"00-0026194":[{"sequence":2,"clubcode":"TEN","playerName":"J.Jones","statId":83,"yards":-4},{"sequence":3,"clubcode":"TEN","playerName":"J.Jones","statId":110,"yards":0},{"sequence":4,"clubcode":"TEN","playerName":"J.Jones","statId":79,"yards":0},{"sequence":5,"clubcode":"TEN","playerName":"J.Jones","statId":120,"yards":0}],"00-0022864":[{"sequence":1,"clubcode":"JAC","playerName":"L.McCown","statId":20,"yards":-4}]}},"3525":{"sp":0,"qtr":4,"down":3,"time":"01:25","yrdln":"JAC 10","ydstogo":14,"ydsnet":12,"posteam":"JAC","desc":"(1:25) (No Huddle, Shotgun) L.McCown pass incomplete short right to J.Dillard (C.Finnegan). PENALTY on TEN-T.Brown, Defensive Offside, 5 yards, enforced at JAC 10 - No Play.","note":"PENALTY","players":{"00-0021490":[{"sequence":1,"clubcode":"TEN","playerName":"T.Brown","statId":93,"yards":5}]}},"3558":{"sp":0,"qtr":4,"down":3,"time":"01:18","yrdln":"JAC 15","ydstogo":9,"ydsnet":12,"posteam":"JAC","desc":"(1:18) (Shotgun) L.McCown pass incomplete short left to M.Thomas.","note":null,"players":{"0":[{"sequence":1,"clubcode":"JAC","playerName":"","statId":7,"yards":0}],"00-0027076":[{"sequence":3,"clubcode":"JAC","playerName":"M.Thomas","statId":115,"yards":0}],"00-0022864":[{"sequence":2,"clubcode":"JAC","playerName":"L.McCown","statId":14,"yards":0},{"sequence":4,"clubcode":"JAC","playerName":"L.McCown","statId":112,"yards":10}]}},"3580":{"sp":0,"qtr":4,"down":4,"time":"01:12","yrdln":"JAC 15","ydstogo":9,"ydsnet":12,"posteam":"JAC","desc":"(1:12) (Punt formation) A.Podlesh punts 50 yards to TEN 35, Center-J.Cain, fair catch by K.Kaesviharn.","note":"PUNT","players":{"00-0025488":[{"sequence":1,"clubcode":"JAC","playerName":"A.Podlesh","statId":29,"yards":50}],"00-0019993":[{"sequence":2,"clubcode":"TEN","playerName":"K.Kaesviharn","statId":39,"yards":0}]}}},"fds":1,"result":"Punt","penyds":5,"ydsgained":7,"numplays":9,"postime":"1:15","start":{"qtr":4,"time":"02:19","yrdln":"JAC 3","team":"JAC"},"end":{"qtr":4,"time":"01:04","yrdln":"JAC 15","team":"JAC"}},"23":{"posteam":"TEN","qtr":4,"redzone":true,"plays":{"3604":{"sp":0,"qtr":4,"down":1,"time":"01:04","yrdln":"TEN 35","ydstogo":10,"ydsnet":-1,"posteam":"TEN","desc":"(1:04) V.Young kneels to TEN 34 for -1 yards.","note":null,"players":{"00-0024218":[{"sequence":1,"clubcode":"TEN","playerName":"V.Young","statId":10,"yards":-1}]}},"3625":{"sp":0,"qtr":4,"down":2,"time":"00:36","yrdln":"TEN 34","ydstogo":11,"ydsnet":-2,"posteam":"TEN","desc":"(:36) V.Young kneels to TEN 33 for -1 yards.","note":null,"players":{"00-0024218":[{"sequence":1,"clubcode":"TEN","playerName":"V.Young","statId":10,"yards":-1}]}},"3646":{"sp":0,"qtr":4,"down":0,"time":"00:00","yrdln":"","ydstogo":0,"ydsnet":-2,"posteam":"","desc":"END GAME","note":null,"players":{}}},"fds":0,"result":"End of Game","penyds":0,"ydsgained":-2,"numplays":3,"postime":"1:04","start":{"qtr":4,"time":"01:04","yrdln":"TEN 35","team":"TEN"},"end":{"qtr":4,"time":"00:00","yrdln":"","team":"TEN"}},"crntdrv":23},"scrsummary":{"320":{"type":"FG","desc":"R.Bironas 48 yd. Field Goal Drive: 13 plays, 50 yards in 7:14","qtr":1,"team":"TEN","players":{"R.Bironas":"00-0020962"}},"1128":{"type":"TD","desc":"N.Washington 6 yd. pass from V.Young (R.Bironas kick is good) Drive: 8 plays, 54 yards in 4:31","qtr":2,"team":"TEN","players":{"":"0","V.Young":"00-0024218","N.Washington":"00-0023367","R.Bironas":"00-0020962"}},"1347":{"type":"FG","desc":"R.Bironas 25 yd. Field Goal Drive: 5 plays, 27 yards in 2:21","qtr":2,"team":"TEN","players":{"R.Bironas":"00-0020962"}},"1385":{"type":"TD","desc":"M.Jones-Drew 80 yd. run (J.Scobee kick is good) Drive: 1 plays, 80 yards in 0:17","qtr":2,"team":"JAC","players":{"":"0","M.Jones-Drew":"00-0024275","J.Scobee":"00-0022874"}},"1972":{"type":"TD","desc":"M.Jones-Drew 79 yd. run (kick blocked) Drive: 1 plays, 79 yards in 0:23","qtr":3,"team":"JAC","players":{"":"0","M.Jones-Drew":"00-0024275"}},"2165":{"type":"TD","desc":"C.Johnson 52 yd. run (R.Bironas kick is good) Drive: 7 plays, 74 yards in 3:37","qtr":3,"team":"TEN","players":{"":"0","C.Johnson":"00-0026164","R.Bironas":"00-0020962"}},"2459":{"type":"FG","desc":"R.Bironas 45 yd. Field Goal Drive: 7 plays, 40 yards in 3:45","qtr":3,"team":"TEN","players":{"R.Bironas":"00-0020962"}},"2789":{"type":"TD","desc":"C.Johnson 89 yd. run (R.Bironas kick is good) Drive: 3 plays, 95 yards in 1:13","qtr":4,"team":"TEN","players":{"":"0","C.Johnson":"00-0026164","R.Bironas":"00-0020962"}}},"weather":null,"media":null,"yl":"","qtr":"Final","note":null,"down":0,"togo":0,"redzone":true,"clock":"00:36","posteam":"TEN","stadium":null},"nextupdate":259}