{"2009102505":{"home":{"score":{"1":3,"2":0,"3":3,"4":0,"5":0,"T":6},"abbr":"STL","to":3,"stats":{"passing":{"00-0019599":{"name":"M.Bulger","att":26,"cmp":14,"yds":140,"tds":0,"ints":2,"twopta":0,"twoptm":0}},"rushing":{"00-0022736":{"name":"S.Jackson","att":23,"yds":134,"tds":0,"lng":14,"twopta":0,"twoptm":0},"00-0025633":{"name":"K.Darby","att":3,"yds":16,"tds":0,"lng":11,"twopta":0,"twoptm":0},"00-0023074":{"name":"S.Gado","att":4,"yds":5,"tds":0,"lng":6,"twopta":0,"twoptm":0}},"receiving":{"00-0026035":{"name":"D.Amendola","rec":5,"yds":39,"tds":0,"lng":14,"twopta":0,"twoptm":0},"00-0026268":{"name":"K.Burton","rec":3,"yds":28,"tds":0,"lng":12,"twopta":0,"twoptm":0},"00-0026173":{"name":"D.Avery","rec":2,"yds":58,"tds":0,"lng":50,"twopta":0,"twoptm":0},"00-0021236":{"name":"R.McMichael","rec":2,"yds":9,"tds":0,"lng":7,"twopta":0,"twoptm":0},"00-0023752":{"name":"D.Fells","rec":1,"yds":7,"tds":0,"lng":7,"twopta":0,"twoptm":0},"00-0022736":{"name":"S.Jackson","rec":1,"yds":-1,"tds":0,"lng":-1,"twopta":0,"twoptm":0}},"fumbles":{},"kicking":{"00-0021940":{"name":"Josh.Brown","fgm":2,"fga":2,"fgyds":45,"totpfg":6,"xpmade":0,"xpmissed":0,"xpa":0,"xpb":0,"xptot":0}},"punting":{"00-0022684":{"name":"D.Jones","pts":5,"yds":216,"avg":41,"i20":4,"lng":51}},"kickret":{"00-0026035":{"name":"D.Amendola","ret":7,"avg":25,"tds":0,"lng":38}},"puntret":{"00-0026035":{"name":"D.Amendola","ret":2,"avg":8,"tds":0,"lng":10}},"defense":{"00-0023501":{"name":"O.Atogwe","tkl":7,"ast":0,"sk":0,"int":0,"ffum":0},"00-0025626":{"name":"C.Ah You","tkl":7,"ast":0,"sk":0,"int":0,"ffum":0},"00-0023485":{"name":"R.Bartell","tkl":6,"ast":0,"sk":0,"int":0,"ffum":1},"00-0027041":{"name":"B.Fletcher","tkl":5,"ast":0,"sk":0,"int":0,"ffum":0},"00-0027011":{"name":"J.Laurinaitis","tkl":4,"ast":0,"sk":0,"int":0,"ffum":0},"00-0024796":{"name":"C.Dahl","tkl":3,"ast":1,"sk":0,"int":0,"ffum":0},"00-0026142":{"name":"C.Long","tkl":3,"ast":0,"sk":0,"int":0,"ffum":0},"00-0025942":{"name":"L.Douzable","tkl":2,"ast":0,"sk":0,"int":0,"ffum":0},"00-0024008":{"name":"Q.Butler","tkl":2,"ast":0,"sk":0,"int":0,"ffum":0},"00-0023053":{"name":"J.Butler","tkl":1,"ast":0,"sk":0,"int":0,"ffum":0},"00-0019104":{"name":"P.Lenon","tkl":1,"ast":0,"sk":0,"int":0,"ffum":0},"00-0025541":{"name":"C.Ryan","tkl":1,"ast":0,"sk":0,"int":0,"ffum":0},"00-0024418":{"name":"L.Ramsey","tkl":1,"ast":0,"sk":0,"int":0,"ffum":0},"00-0026354":{"name":"L.Grant","tkl":1,"ast":0,"sk":0,"int":0,"ffum":0}},"team":{"totfd":14,"totyds":272,"pyds":117,"ryds":155,"pen":5,"penyds":73,"trnovr":2,"pt":5,"ptyds":216,"ptavg":41,"top":"29:21"}},"players":null},"away":{"score":{"1":14,"2":7,"3":7,"4":14,"5":0,"T":42},"abbr":"IND","to":3,"stats":{"passing":{"00-0010346":{"name":"P.Manning","att":34,"cmp":23,"yds":235,"tds":3,"ints":0,"twopta":0,"twoptm":0}},"rushing":{"00-0024245":{"name":"J.Addai","att":20,"yds":64,"tds":1,"lng":12,"twopta":0,"twoptm":0},"00-0027003":{"name":"D.Brown","att":2,"yds":58,"tds":0,"lng":45,"twopta":0,"twoptm":0},"00-0025997":{"name":"C.Simpson","att":3,"yds":35,"tds":1,"lng":31,"twopta":0,"twoptm":0},"00-0010346":{"name":"P.Manning","att":1,"yds":-1,"tds":0,"lng":-1,"twopta":0,"twoptm":0}},"receiving":{"00-0020498":{"name":"R.Wayne","rec":7,"yds":83,"tds":1,"lng":25,"twopta":0,"twoptm":0},"00-0027092":{"name":"A.Collie","rec":4,"yds":36,"tds":1,"lng":17,"twopta":0,"twoptm":0},"00-0022165":{"name":"D.Clark","rec":3,"yds":44,"tds":1,"lng":27,"twopta":0,"twoptm":0},"00-0024529":{"name":"G.Robinson","rec":3,"yds":38,"tds":0,"lng":19,"twopta":0,"twoptm":0},"00-0026345":{"name":"P.Garcon","rec":3,"yds":24,"tds":0,"lng":15,"twopta":0,"twoptm":0},"00-0024013":{"name":"H.Baskett","rec":1,"yds":5,"tds":0,"lng":5,"twopta":0,"twoptm":0},"00-0024245":{"name":"J.Addai","rec":1,"yds":3,"tds":0,"lng":3,"twopta":0,"twoptm":0},"00-0025997":{"name":"C.Simpson","rec":1,"yds":2,"tds":0,"lng":2,"twopta":0,"twoptm":0}},"fumbles":{"00-0026345":{"name":"P.Garcon","tot":1,"rcv":0,"trcv":0,"yds":0,"lost":0},"00-0027092":{"name":"A.Collie","tot":0,"rcv":1,"trcv":1,"yds":0,"lost":0}},"kicking":{"00-0015784":{"name":"M.Stover","fgm":0,"fga":0,"fgyds":0,"totpfg":0,"xpmade":6,"xpmissed":0,"xpa":6,"xpb":0,"xptot":6}},"punting":{"00-0027145":{"name":"P.McAfee","pts":4,"yds":167,"avg":38,"i20":2,"lng":53}},"kickret":{"00-0025997":{"name":"C.Simpson","ret":2,"avg":29,"tds":0,"lng":33},"00-0024452":{"name":"T.Rushing","ret":1,"avg":19,"tds":0,"lng":19}},"puntret":{"00-0024452":{"name":"T.Rushing","ret":1,"avg":11,"tds":0,"lng":11},"00-0025996":{"name":"J.Silva","ret":1,"avg":0,"tds":0,"lng":0}},"defense":{"00-0024421":{"name":"A.Bethea","tkl":8,"ast":0,"sk":0,"int":0,"ffum":0},"00-0024692":{"name":"D.Muir","tkl":7,"ast":0,"sk":0.5,"int":0,"ffum":0},"00-0023495":{"name":"K.Hayden","tkl":4,"ast":0,"sk":0,"int":1,"ffum":0},"00-0025991":{"name":"E.Foster","tkl":3,"ast":0,"sk":1,"int":0,"ffum":0},"00-0026674":{"name":"J.Lacey","tkl":3,"ast":0,"sk":0,"int":1,"ffum":0},"00-0024697":{"name":"M.Bullitt","tkl":3,"ast":0,"sk":0,"int":0,"ffum":0},"00-0025523":{"name":"C.Session","tkl":2,"ast":1,"sk":0.5,"int":0,"ffum":0},"00-0023606":{"name":"T.Hagler","tkl":2,"ast":1,"sk":0,"int":0,"ffum":0},"00-0026672":{"name":"R.Humber","tkl":2,"ast":0,"sk":0,"int":0,"ffum":0},"00-0021484":{"name":"G.Brackett","tkl":2,"ast":0,"sk":0,"int":0,"ffum":0},"00-0027064":{"name":"J.Powers","tkl":2,"ast":0,"sk":0,"int":0,"ffum":0},"00-0022059":{"name":"R.Mathis","tkl":2,"ast":0,"sk":0,"int":0,"ffum":0},"00-0021146":{"name":"D.Freeney","tkl":1,"ast":1,"sk":1,"int":0,"ffum":0},"00-0023213":{"name":"A.Francisco","tkl":1,"ast":0,"sk":0,"int":0,"ffum":0},"00-0022944":{"name":"B.Sanders","tkl":1,"ast":0,"sk":0,"int":0,"ffum":0},"00-0021340":{"name":"R.Brock","tkl":1,"ast":0,"sk":0,"int":0,"ffum":0},"00-0027032":{"name":"F.Moala","tkl":1,"ast":0,"sk":0,"int":0,"ffum":0},"00-0024309":{"name":"F.Keiaho","tkl":1,"ast":0,"sk":0,"int":0,"ffum":0},"00-0026233":{"name":"P.Wheeler","tkl":1,"ast":0,"sk":0,"int":0,"ffum":0}},"team":{"totfd":24,"totyds":391,"pyds":235,"ryds":156,"pen":6,"penyds":51,"trnovr":0,"pt":4,"ptyds":167,"ptavg":38,"top":"30:39"}},"players":null},"drives":{"1":{"posteam":"IND","qtr":1,"redzone":true,"plays":{"35":{"sp":0,"qtr":1,"down":0,"time":"15:00","yrdln":"STL 30","ydstogo":0,"ydsnet":90,"posteam":"STL","desc":"Josh.Brown kicks 69 yards from STL 30 to IND 1. T.Rushing to IND 20 for 19 yards (C.Dahl). PENALTY on IND-P.Wheeler, Offensive Holding, 10 yards, enforced at IND 20.","note":"KICKOFF","players":{"00-0026233":[{"sequence":4,"clubcode":"IND","playerName":"P.Wheeler","statId":93,"yards":10}],"00-0024796":[{"sequence":3,"clubcode":"STL","playerName":"C.Dahl","statId":79,"yards":0}],"00-0021940":[{"sequence":1,"clubcode":"STL","playerName":"Josh.Brown","statId":41,"yards":69}],"00-0024452":[{"sequence":2,"clubcode":"IND","playerName":"T.Rushing","statId":45,"yards":19}]}},"68":{"sp":0,"qtr":1,"down":1,"time":"14:54","yrdln":"IND 10","ydstogo":10,"ydsnet":90,"posteam":"IND","desc":"(14:54) P.Manning pass short left to R.Wayne pushed ob at IND 24 for 14 yards (O.Atogwe).","note":null,"players":{"00-0023501":[{"sequence":7,"clubcode":"STL","playerName":"O.Atogwe","statId":79,"yards":0}],"00-0010346":[{"sequence":2,"clubcode":"IND","playerName":"P.Manning","statId":15,"yards":14},{"sequence":3,"clubcode":"IND","playerName":"P.Manning","statId":111,"yards":14}],"0":[{"sequence":1,"clubcode":"IND","playerName":"","statId":4,"yards":0}],"00-0020498":[{"sequence":4,"clubcode":"IND","playerName":"R.Wayne","statId":21,"yards":14},{"sequence":5,"clubcode":"IND","playerName":"R.Wayne","statId":115,"yards":0},{"sequence":6,"clubcode":"IND","playerName":"R.Wayne","statId":113,"yards":0}]}},"92":{"sp":0,"qtr":1,"down":1,"time":"14:37","yrdln":"IND 24","ydstogo":10,"ydsnet":90,"posteam":"IND","desc":"(14:37) J.Addai left end to IND 19 for -5 yards (C.Dahl).","note":null,"players":{"00-0024796":[{"sequence":3,"clubcode":"STL","playerName":"C.Dahl","statId":79,"yards":0},{"sequence":4,"clubcode":"STL","playerName":"C.Dahl","statId":120,"yards":0}],"00-0024245":[{"sequence":1,"clubcode":"IND","playerName":"J.Addai","statId":10,"yards":-5}],"0":[{"sequence":2,"clubcode":"IND","playerName":"","statId":95,"yards":-5}]}},"113":{"sp":0,"qtr":1,"down":2,"time":"13:57","yrdln":"IND 19","ydstogo":15,"ydsnet":90,"posteam":"IND","desc":"(13:57) (Shotgun) P.Manning pass deep middle to G.Robinson to IND 38 for 19 yards (O.Atogwe).","note":null,"players":{"00-0023501":[{"sequence":7,"clubcode":"STL","playerName":"O.Atogwe","statId":79,"yards":0}],"00-0024529":[{"sequence":4,"clubcode":"IND","playerName":"G.Robinson","statId":21,"yards":19},{"sequence":5,"clubcode":"IND","playerName":"G.Robinson","statId":115,"yards":0},{"sequence":6,"clubcode":"IND","playerName":"G.Robinson","statId":113,"yards":2}],"00-0010346":[{"sequence":2,"clubcode":"IND","playerName":"P.Manning","statId":15,"yards":19},{"sequence":3,"clubcode":"IND","playerName":"P.Manning","statId":111,"yards":17}],"0":[{"sequence":1,"clubcode":"IND","playerName":"","statId":4,"yards":0}]}},"137":{"sp":0,"qtr":1,"down":1,"time":"13:18","yrdln":"IND 38","ydstogo":10,"ydsnet":90,"posteam":"IND","desc":"(13:18) J.Addai right end to IND 47 for 9 yards (C.Ah You).","note":null,"players":{"00-0024245":[{"sequence":1,"clubcode":"IND","playerName":"J.Addai","statId":10,"yards":9}],"00-0025626":[{"sequence":2,"clubcode":"STL","playerName":"C.Ah You","statId":79,"yards":0}]}},"158":{"sp":0,"qtr":1,"down":2,"time":"12:32","yrdln":"IND 47","ydstogo":1,"ydsnet":90,"posteam":"IND","desc":"(12:32) J.Addai right tackle to IND 47 for no gain (C.Ah You).","note":null,"players":{"00-0024245":[{"sequence":1,"clubcode":"IND","playerName":"J.Addai","statId":10,"yards":0}],"00-0025626":[{"sequence":2,"clubcode":"STL","playerName":"C.Ah You","statId":79,"yards":0}]}},"179":{"sp":0,"qtr":1,"down":3,"time":"11:51","yrdln":"IND 47","ydstogo":1,"ydsnet":90,"posteam":"IND","desc":"(11:51) J.Addai right tackle to IND 49 for 2 yards (C.Long).","note":null,"players":{"00-0026142":[{"sequence":4,"clubcode":"STL","playerName":"C.Long","statId":79,"yards":0}],"00-0024245":[{"sequence":3,"clubcode":"IND","playerName":"J.Addai","statId":10,"yards":2}],"0":[{"sequence":1,"clubcode":"IND","playerName":"","statId":3,"yards":0},{"sequence":2,"clubcode":"IND","playerName":"","statId":6,"yards":0}]}},"200":{"sp":0,"qtr":1,"down":1,"time":"11:10","yrdln":"IND 49","ydstogo":10,"ydsnet":90,"posteam":"IND","desc":"(11:10) P.Manning pass short left to R.Wayne to STL 26 for 25 yards (C.Dahl).","note":null,"players":{"00-0024796":[{"sequence":7,"clubcode":"STL","playerName":"C.Dahl","statId":79,"yards":0}],"00-0010346":[{"sequence":2,"clubcode":"IND","playerName":"P.Manning","statId":15,"yards":25},{"sequence":3,"clubcode":"IND","playerName":"P.Manning","statId":111,"yards":10}],"0":[{"sequence":1,"clubcode":"IND","playerName":"","statId":4,"yards":0}],"00-0020498":[{"sequence":4,"clubcode":"IND","playerName":"R.Wayne","statId":21,"yards":25},{"sequence":5,"clubcode":"IND","playerName":"R.Wayne","statId":115,"yards":0},{"sequence":6,"clubcode":"IND","playerName":"R.Wayne","statId":113,"yards":15}]}},"224":{"sp":0,"qtr":1,"down":1,"time":"10:22","yrdln":"STL 26","ydstogo":10,"ydsnet":90,"posteam":"IND","desc":"(10:22) J.Addai right end pushed ob at STL 22 for 4 yards (C.Ah You).","note":null,"players":{"00-0024245":[{"sequence":1,"clubcode":"IND","playerName":"J.Addai","statId":10,"yards":4}],"00-0025626":[{"sequence":2,"clubcode":"STL","playerName":"C.Ah You","statId":79,"yards":0}]}},"245":{"sp":0,"qtr":1,"down":2,"time":"09:51","yrdln":"STL 22","ydstogo":6,"ydsnet":90,"posteam":"IND","desc":"(9:51) (Shotgun) P.Manning pass incomplete deep right to P.Garcon.","note":null,"players":{"00-0010346":[{"sequence":1,"clubcode":"IND","playerName":"P.Manning","statId":14,"yards":0},{"sequence":3,"clubcode":"IND","playerName":"P.Manning","statId":112,"yards":19}],"00-0026345":[{"sequence":2,"clubcode":"IND","playerName":"P.Garcon","statId":115,"yards":0}]}},"267":{"sp":0,"qtr":1,"down":3,"time":"09:45","yrdln":"STL 22","ydstogo":6,"ydsnet":90,"posteam":"IND","desc":"(9:45) (Shotgun) P.Manning pass short middle to R.Wayne to STL 6 for 16 yards (R.Bartell).","note":null,"players":{"00-0010346":[{"sequence":3,"clubcode":"IND","playerName":"P.Manning","statId":15,"yards":16},{"sequence":4,"clubcode":"IND","playerName":"P.Manning","statId":111,"yards":14}],"00-0023485":[{"sequence":8,"clubcode":"STL","playerName":"R.Bartell","statId":79,"yards":0}],"0":[{"sequence":1,"clubcode":"IND","playerName":"","statId":4,"yards":0},{"sequence":2,"clubcode":"IND","playerName":"","statId":6,"yards":0}],"00-0020498":[{"sequence":5,"clubcode":"IND","playerName":"R.Wayne","statId":21,"yards":16},{"sequence":6,"clubcode":"IND","playerName":"R.Wayne","statId":115,"yards":0},{"sequence":7,"clubcode":"IND","playerName":"R.Wayne","statId":113,"yards":2}]}},"291":{"sp":0,"qtr":1,"down":1,"time":"08:59","yrdln":"STL 6","ydstogo":6,"ydsnet":90,"posteam":"IND","desc":"(8:59) P.Manning pass incomplete short right to A.Collie.","note":null,"players":{"00-0010346":[{"sequence":1,"clubcode":"IND","playerName":"P.Manning","statId":14,"yards":0},{"sequence":3,"clubcode":"IND","playerName":"P.Manning","statId":112,"yards":6}],"00-0027092":[{"sequence":2,"clubcode":"IND","playerName":"A.Collie","statId":115,"yards":0}]}},"324":{"sp":1,"qtr":1,"down":2,"time":"08:54","yrdln":"STL 6","ydstogo":6,"ydsnet":90,"posteam":"IND","desc":"(8:54) P.Manning pass short middle to R.Wayne for 6 yards, TOUCHDOWN.","note":"TD","players":{"00-0010346":[{"sequence":2,"clubcode":"IND","playerName":"P.Manning","statId":16,"yards":6},{"sequence":3,"clubcode":"IND","playerName":"P.Manning","statId":111,"yards":6}],"0":[{"sequence":1,"clubcode":"IND","playerName":"","statId":4,"yards":0}],"00-0020498":[{"sequence":4,"clubcode":"IND","playerName":"R.Wayne","statId":22,"yards":6},{"sequence":5,"clubcode":"IND","playerName":"R.Wayne","statId":115,"yards":0},{"sequence":6,"clubcode":"IND","playerName":"R.Wayne","statId":113,"yards":0}]}},"344":{"sp":1,"qtr":1,"down":0,"time":"08:50","yrdln":"STL 2","ydstogo":0,"ydsnet":90,"posteam":"IND","desc":"M.Stover extra point is GOOD, Center-J.Snow, Holder-P.McAfee.","note":"XP","players":{"00-0015784":[{"sequence":1,"clubcode":"IND","playerName":"M.Stover","statId":72,"yards":0}]}}},"fds":6,"result":"Touchdown","penyds":0,"ydsgained":90,"numplays":14,"postime":"6:10","start":{"qtr":1,"time":"15:00","yrdln":"IND 10","team":"IND"},"end":{"qtr":1,"time":"08:50","yrdln":"STL 6","team":"IND"}},"2":{"posteam":"STL","qtr":1,"redzone":true,"plays":{"360":{"sp":0,"qtr":1,"down":0,"time":"08:50","yrdln":"IND 30","ydstogo":0,"ydsnet":69,"posteam":"IND","desc":"P.McAfee kicks 69 yards from IND 30 to STL 1. D.Amendola to STL 19 for 18 yards (A.Francisco).","note":"KICKOFF","players":{"00-0023213":[{"sequence":4,"clubcode":"IND","playerName":"A.Francisco","statId":79,"yards":0}],"00-0027145":[{"sequence":1,"clubcode":"IND","playerName":"P.McAfee","statId":41,"yards":69},{"sequence":3,"clubcode":"IND","playerName":"P.McAfee","statId":42,"yards":0}],"00-0026035":[{"sequence":2,"clubcode":"STL","playerName":"D.Amendola","statId":45,"yards":18}]}},"382":{"sp":0,"qtr":1,"down":1,"time":"08:44","yrdln":"STL 19","ydstogo":10,"ydsnet":2,"posteam":"STL","desc":"(8:44) S.Jackson left guard to STL 21 for 2 yards (D.Muir).","note":null,"players":{"00-0024692":[{"sequence":2,"clubcode":"IND","playerName":"D.Muir","statId":79,"yards":0}],"00-0022736":[{"sequence":1,"clubcode":"STL","playerName":"S.Jackson","statId":10,"yards":2}]}},"404":{"sp":0,"qtr":1,"down":2,"time":"08:11","yrdln":"STL 21","ydstogo":8,"ydsnet":15,"posteam":"STL","desc":"(8:11) M.Bulger pass short right to D.Amendola to STL 34 for 13 yards (A.Bethea).","note":null,"players":{"00-0019599":[{"sequence":2,"clubcode":"STL","playerName":"M.Bulger","statId":15,"yards":13},{"sequence":3,"clubcode":"STL","playerName":"M.Bulger","statId":111,"yards":-1}],"0":[{"sequence":1,"clubcode":"STL","playerName":"","statId":4,"yards":0}],"00-0024421":[{"sequence":7,"clubcode":"IND","playerName":"A.Bethea","statId":79,"yards":0}],"00-0026035":[{"sequence":4,"clubcode":"STL","playerName":"D.Amendola","statId":21,"yards":13},{"sequence":5,"clubcode":"STL","playerName":"D.Amendola","statId":115,"yards":0},{"sequence":6,"clubcode":"STL","playerName":"D.Amendola","statId":113,"yards":14}]}},"428":{"sp":0,"qtr":1,"down":1,"time":"07:30","yrdln":"STL 34","ydstogo":10,"ydsnet":17,"posteam":"STL","desc":"(7:30) S.Jackson left guard to STL 36 for 2 yards (B.Sanders).","note":null,"players":{"00-0022944":[{"sequence":2,"clubcode":"IND","playerName":"B.Sanders","statId":79,"yards":0}],"00-0022736":[{"sequence":1,"clubcode":"STL","playerName":"S.Jackson","statId":10,"yards":2}]}},"449":{"sp":0,"qtr":1,"down":2,"time":"07:01","yrdln":"STL 36","ydstogo":8,"ydsnet":69,"posteam":"STL","desc":"(7:01) M.Bulger pass deep middle to D.Avery to IND 14 for 50 yards (A.Bethea). Flea-flicker","note":null,"players":{"00-0026173":[{"sequence":4,"clubcode":"STL","playerName":"D.Avery","statId":21,"yards":50},{"sequence":5,"clubcode":"STL","playerName":"D.Avery","statId":115,"yards":0},{"sequence":6,"clubcode":"STL","playerName":"D.Avery","statId":113,"yards":11}],"00-0019599":[{"sequence":2,"clubcode":"STL","playerName":"M.Bulger","statId":15,"yards":50},{"sequence":3,"clubcode":"STL","playerName":"M.Bulger","statId":111,"yards":39}],"0":[{"sequence":1,"clubcode":"STL","playerName":"","statId":4,"yards":0}],"00-0024421":[{"sequence":7,"clubcode":"IND","playerName":"A.Bethea","statId":79,"yards":0}]}},"473":{"sp":0,"qtr":1,"down":1,"time":"06:12","yrdln":"IND 14","ydstogo":10,"ydsnet":69,"posteam":"STL","desc":"(6:12) S.Jackson up the middle to IND 12 for 2 yards (T.Hagler).","note":null,"players":{"00-0022736":[{"sequence":1,"clubcode":"STL","playerName":"S.Jackson","statId":10,"yards":2}],"00-0023606":[{"sequence":2,"clubcode":"IND","playerName":"T.Hagler","statId":79,"yards":0}]}},"498":{"sp":0,"qtr":1,"down":2,"time":"05:38","yrdln":"IND 12","ydstogo":8,"ydsnet":69,"posteam":"STL","desc":"(5:38) M.Bulger pass incomplete short left to T.Carter.","note":null,"players":{"00-0019599":[{"sequence":1,"clubcode":"STL","playerName":"M.Bulger","statId":14,"yards":0},{"sequence":3,"clubcode":"STL","playerName":"M.Bulger","statId":112,"yards":4}],"00-0021174":[{"sequence":2,"clubcode":"STL","playerName":"T.Carter","statId":115,"yards":0}]}},"520":{"sp":0,"qtr":1,"down":3,"time":"05:34","yrdln":"IND 12","ydstogo":8,"ydsnet":69,"posteam":"STL","desc":"(5:34) (Shotgun) M.Bulger pass incomplete short left to T.Carter.","note":null,"players":{"00-0019599":[{"sequence":2,"clubcode":"STL","playerName":"M.Bulger","statId":14,"yards":0},{"sequence":4,"clubcode":"STL","playerName":"M.Bulger","statId":112,"yards":12}],"00-0021174":[{"sequence":3,"clubcode":"STL","playerName":"T.Carter","statId":115,"yards":0}],"0":[{"sequence":1,"clubcode":"STL","playerName":"","statId":7,"yards":0}]}},"542":{"sp":1,"qtr":1,"down":4,"time":"05:30","yrdln":"IND 12","ydstogo":8,"ydsnet":69,"posteam":"STL","desc":"(5:30) Josh.Brown 30 yard field goal is GOOD, Center-C.Massey, Holder-D.Jones.","note":"FG","players":{"00-0021940":[{"sequence":1,"clubcode":"STL","playerName":"Josh.Brown","statId":70,"yards":30}]}}},"fds":2,"result":"Field Goal","penyds":0,"ydsgained":69,"numplays":9,"postime":"3:24","start":{"qtr":1,"time":"08:50","yrdln":"STL 19","team":"STL"},"end":{"qtr":1,"time":"05:26","yrdln":"IND 12","team":"STL"}},"3":{"posteam":"IND","qtr":1,"redzone":true,"plays":{"561":{"sp":0,"qtr":1,"down":0,"time":"05:26","yrdln":"STL 30","ydstogo":0,"ydsnet":0,"posteam":"STL","desc":"Josh.Brown kicks 73 yards from STL 30 to IND -3. C.Simpson to IND 22 for 25 yards (C.Dahl).","note":"KICKOFF","players":{"00-0024796":[{"sequence":3,"clubcode":"STL","playerName":"C.Dahl","statId":79,"yards":0}],"00-0025997":[{"sequence":2,"clubcode":"IND","playerName":"C.Simpson","statId":45,"yards":25}],"00-0021940":[{"sequence":1,"clubcode":"STL","playerName":"Josh.Brown","statId":43,"yards":73}]}},"583":{"sp":0,"qtr":1,"down":1,"time":"05:19","yrdln":"IND 22","ydstogo":10,"ydsnet":11,"posteam":"IND","desc":"(5:19) P.Manning pass short left to D.Clark to IND 33 for 11 yards (J.Laurinaitis).","note":null,"players":{"00-0010346":[{"sequence":2,"clubcode":"IND","playerName":"P.Manning","statId":15,"yards":11},{"sequence":3,"clubcode":"IND","playerName":"P.Manning","statId":111,"yards":-4}],"0":[{"sequence":1,"clubcode":"IND","playerName":"","statId":4,"yards":0}],"00-0022165":[{"sequence":4,"clubcode":"IND","playerName":"D.Clark","statId":21,"yards":11},{"sequence":5,"clubcode":"IND","playerName":"D.Clark","statId":115,"yards":0},{"sequence":6,"clubcode":"IND","playerName":"D.Clark","statId":113,"yards":15}],"00-0027011":[{"sequence":7,"clubcode":"STL","playerName":"J.Laurinaitis","statId":79,"yards":0}]}},"607":{"sp":0,"qtr":1,"down":1,"time":"04:40","yrdln":"IND 33","ydstogo":10,"ydsnet":56,"posteam":"IND","desc":"(4:40) D.Brown left tackle to STL 22 for 45 yards (O.Atogwe).","note":null,"players":{"00-0023501":[{"sequence":3,"clubcode":"STL","playerName":"O.Atogwe","statId":79,"yards":0}],"0":[{"sequence":1,"clubcode":"IND","playerName":"","statId":3,"yards":0}],"00-0027003":[{"sequence":2,"clubcode":"IND","playerName":"D.Brown","statId":10,"yards":45}]}},"628":{"sp":0,"qtr":1,"down":1,"time":"04:02","yrdln":"STL 22","ydstogo":10,"ydsnet":51,"posteam":"IND","desc":"(4:02) PENALTY on IND-P.Manning, Delay of Game, 5 yards, enforced at STL 22 - No Play.","note":"PENALTY","players":{"00-0010346":[{"sequence":1,"clubcode":"IND","playerName":"P.Manning","statId":93,"yards":5}]}},"651":{"sp":1,"qtr":1,"down":1,"time":"03:39","yrdln":"STL 27","ydstogo":15,"ydsnet":78,"posteam":"IND","desc":"(3:39) P.Manning pass deep left to D.Clark for 27 yards, TOUCHDOWN [L.Little].","note":"TD","players":{"00-0010346":[{"sequence":2,"clubcode":"IND","playerName":"P.Manning","statId":16,"yards":27},{"sequence":3,"clubcode":"IND","playerName":"P.Manning","statId":111,"yards":27}],"0":[{"sequence":1,"clubcode":"IND","playerName":"","statId":4,"yards":0}],"00-0022165":[{"sequence":4,"clubcode":"IND","playerName":"D.Clark","statId":22,"yards":27},{"sequence":5,"clubcode":"IND","playerName":"D.Clark","statId":115,"yards":0},{"sequence":6,"clubcode":"IND","playerName":"D.Clark","statId":113,"yards":0}],"00-0009978":[{"sequence":7,"clubcode":"STL","playerName":"L.Little","statId":110,"yards":0}]}},"671":{"sp":1,"qtr":1,"down":0,"time":"03:31","yrdln":"STL 2","ydstogo":0,"ydsnet":78,"posteam":"IND","desc":"M.Stover extra point is GOOD, Center-J.Snow, Holder-P.McAfee.","note":"XP","players":{"00-0015784":[{"sequence":1,"clubcode":"IND","playerName":"M.Stover","statId":72,"yards":0}]}}},"fds":3,"result":"Touchdown","penyds":-5,"ydsgained":83,"numplays":6,"postime":"1:55","start":{"qtr":1,"time":"05:26","yrdln":"IND 22","team":"IND"},"end":{"qtr":1,"time":"03:31","yrdln":"STL 27","team":"IND"}},"4":{"posteam":"STL","qtr":1,"redzone":true,"plays":{"687":{"sp":0,"qtr":1,"down":0,"time":"03:31","yrdln":"IND 30","ydstogo":0,"ydsnet":0,"posteam":"IND","desc":"P.McAfee kicks 74 yards from IND 30 to STL -4. D.Amendola to STL 21 for 25 yards (J.Lacey).","note":"KICKOFF","players":{"00-0026674":[{"sequence":3,"clubcode":"IND","playerName":"J.Lacey","statId":79,"yards":0}],"00-0027145":[{"sequence":1,"clubcode":"IND","playerName":"P.McAfee","statId":43,"yards":74}],"00-0026035":[{"sequence":2,"clubcode":"STL","playerName":"D.Amendola","statId":45,"yards":25}]}},"709":{"sp":0,"qtr":1,"down":1,"time":"03:25","yrdln":"STL 21","ydstogo":10,"ydsnet":5,"posteam":"STL","desc":"(3:25) M.Bulger pass short right to K.Burton to STL 26 for 5 yards. PENALTY on IND-D.Muir, Defensive Offside, 5 yards, enforced at STL 21 - No Play.","note":"PENALTY","players":{"00-0024692":[{"sequence":1,"clubcode":"IND","playerName":"D.Muir","statId":93,"yards":5}]}},"744":{"sp":0,"qtr":1,"down":1,"time":"03:05","yrdln":"STL 26","ydstogo":5,"ydsnet":7,"posteam":"STL","desc":"(3:05) S.Jackson left tackle to STL 28 for 2 yards (D.Muir).","note":null,"players":{"00-0024692":[{"sequence":2,"clubcode":"IND","playerName":"D.Muir","statId":79,"yards":0}],"00-0022736":[{"sequence":1,"clubcode":"STL","playerName":"S.Jackson","statId":10,"yards":2}]}},"765":{"sp":0,"qtr":1,"down":2,"time":"02:30","yrdln":"STL 28","ydstogo":3,"ydsnet":9,"posteam":"STL","desc":"(2:30) S.Jackson right guard to STL 30 for 2 yards (G.Brackett, T.Hagler).","note":null,"players":{"00-0021484":[{"sequence":2,"clubcode":"IND","playerName":"G.Brackett","statId":80,"yards":0}],"00-0022736":[{"sequence":1,"clubcode":"STL","playerName":"S.Jackson","statId":10,"yards":2}],"00-0023606":[{"sequence":3,"clubcode":"IND","playerName":"T.Hagler","statId":82,"yards":0}]}},"786":{"sp":0,"qtr":1,"down":3,"time":"01:53","yrdln":"STL 30","ydstogo":1,"ydsnet":23,"posteam":"STL","desc":"(1:53) M.Bulger pass short right to D.Amendola pushed ob at STL 44 for 14 yards (K.Hayden).","note":null,"players":{"00-0023495":[{"sequence":8,"clubcode":"IND","playerName":"K.Hayden","statId":79,"yards":0}],"00-0019599":[{"sequence":3,"clubcode":"STL","playerName":"M.Bulger","statId":15,"yards":14},{"sequence":4,"clubcode":"STL","playerName":"M.Bulger","statId":111,"yards":4}],"0":[{"sequence":1,"clubcode":"STL","playerName":"","statId":4,"yards":0},{"sequence":2,"clubcode":"STL","playerName":"","statId":6,"yards":0}],"00-0026035":[{"sequence":5,"clubcode":"STL","playerName":"D.Amendola","statId":21,"yards":14},{"sequence":6,"clubcode":"STL","playerName":"D.Amendola","statId":115,"yards":0},{"sequence":7,"clubcode":"STL","playerName":"D.Amendola","statId":113,"yards":10}]}},"815":{"sp":0,"qtr":1,"down":1,"time":"01:28","yrdln":"STL 44","ydstogo":10,"ydsnet":23,"posteam":"STL","desc":"(1:28) M.Bulger pass incomplete deep middle to M.Karney.","note":null,"players":{"00-0019599":[{"sequence":1,"clubcode":"STL","playerName":"M.Bulger","statId":14,"yards":0},{"sequence":3,"clubcode":"STL","playerName":"M.Bulger","statId":112,"yards":16}],"00-0022796":[{"sequence":2,"clubcode":"STL","playerName":"M.Karney","statId":115,"yards":0}]}},"837":{"sp":0,"qtr":1,"down":2,"time":"01:23","yrdln":"STL 44","ydstogo":10,"ydsnet":13,"posteam":"STL","desc":"(1:23) S.Jackson right tackle to STL 46 for 2 yards. PENALTY on STL-J.Bell, Offensive Holding, 10 yards, enforced at STL 44 - No Play.","note":"PENALTY","players":{"00-0022875":[{"sequence":1,"clubcode":"STL","playerName":"J.Bell","statId":93,"yards":10}]}},"869":{"sp":0,"qtr":1,"down":2,"time":"01:01","yrdln":"STL 34","ydstogo":20,"ydsnet":24,"posteam":"STL","desc":"(1:01) (Shotgun) K.Darby up the middle to STL 45 for 11 yards (A.Bethea).","note":null,"players":{"00-0024421":[{"sequence":2,"clubcode":"IND","playerName":"A.Bethea","statId":79,"yards":0}],"00-0025633":[{"sequence":1,"clubcode":"STL","playerName":"K.Darby","statId":10,"yards":11}]}},"890":{"sp":0,"qtr":1,"down":3,"time":"00:19","yrdln":"STL 45","ydstogo":9,"ydsnet":24,"posteam":"STL","desc":"(:19) (Shotgun) M.Bulger pass incomplete short right to K.Darby.","note":null,"players":{"00-0019599":[{"sequence":2,"clubcode":"STL","playerName":"M.Bulger","statId":14,"yards":0},{"sequence":4,"clubcode":"STL","playerName":"M.Bulger","statId":112,"yards":5}],"0":[{"sequence":1,"clubcode":"STL","playerName":"","statId":7,"yards":0}],"00-0025633":[{"sequence":3,"clubcode":"STL","playerName":"K.Darby","statId":115,"yards":0}]}},"912":{"sp":0,"qtr":1,"down":4,"time":"00:14","yrdln":"STL 45","ydstogo":9,"ydsnet":24,"posteam":"STL","desc":"(:14) D.Jones punts 51 yards to IND 4, Center-C.Massey. J.Silva to IND 4 for no gain (P.Lenon).","note":"PUNT","players":{"00-0019104":[{"sequence":4,"clubcode":"STL","playerName":"P.Lenon","statId":79,"yards":0}],"00-0022684":[{"sequence":1,"clubcode":"STL","playerName":"D.Jones","statId":29,"yards":51},{"sequence":3,"clubcode":"STL","playerName":"D.Jones","statId":30,"yards":0}],"00-0025996":[{"sequence":2,"clubcode":"IND","playerName":"J.Silva","statId":33,"yards":0}]}}},"fds":1,"result":"Punt","penyds":-5,"ydsgained":29,"numplays":10,"postime":"3:30","start":{"qtr":1,"time":"03:31","yrdln":"STL 21","team":"STL"},"end":{"qtr":1,"time":"00:01","yrdln":"STL 45","team":"STL"}},"5":{"posteam":"IND","qtr":2,"redzone":true,"plays":{"938":{"sp":0,"qtr":1,"down":1,"time":"00:01","yrdln":"IND 4","ydstogo":10,"ydsnet":8,"posteam":"IND","desc":"(:01) P.Manning pass incomplete deep left to R.Wayne.","note":null,"players":{"00-0010346":[{"sequence":1,"clubcode":"IND","playerName":"P.Manning","statId":14,"yards":0},{"sequence":3,"clubcode":"IND","playerName":"P.Manning","statId":112,"yards":17}],"00-0020498":[{"sequence":2,"clubcode":"IND","playerName":"R.Wayne","statId":115,"yards":0}]}},"960":{"sp":0,"qtr":1,"down":0,"time":"","yrdln":"","ydstogo":0,"ydsnet":0,"posteam":"","desc":"END QUARTER 1","note":null,"players":{}},"976":{"sp":0,"qtr":2,"down":2,"time":"15:00","yrdln":"IND 4","ydstogo":10,"ydsnet":0,"posteam":"IND","desc":"(15:00) P.Manning pass incomplete deep middle to D.Clark (J.Butler).","note":null,"players":{"00-0010346":[{"sequence":1,"clubcode":"IND","playerName":"P.Manning","statId":14,"yards":0},{"sequence":4,"clubcode":"IND","playerName":"P.Manning","statId":112,"yards":20}],"00-0023053":[{"sequence":3,"clubcode":"STL","playerName":"J.Butler","statId":85,"yards":0}],"00-0022165":[{"sequence":2,"clubcode":"IND","playerName":"D.Clark","statId":115,"yards":0}]}},"1003":{"sp":0,"qtr":2,"down":3,"time":"14:54","yrdln":"IND 4","ydstogo":10,"ydsnet":8,"posteam":"IND","desc":"(14:54) (Shotgun) P.Manning pass short left to R.Wayne to IND 12 for 8 yards (R.Bartell). 91 - L. Little deflected the pass.","note":null,"players":{"00-0010346":[{"sequence":2,"clubcode":"IND","playerName":"P.Manning","statId":15,"yards":8},{"sequence":3,"clubcode":"IND","playerName":"P.Manning","statId":111,"yards":9}],"00-0023485":[{"sequence":7,"clubcode":"STL","playerName":"R.Bartell","statId":79,"yards":0}],"0":[{"sequence":1,"clubcode":"IND","playerName":"","statId":7,"yards":0}],"00-0020498":[{"sequence":4,"clubcode":"IND","playerName":"R.Wayne","statId":21,"yards":8},{"sequence":5,"clubcode":"IND","playerName":"R.Wayne","statId":115,"yards":0},{"sequence":6,"clubcode":"IND","playerName":"R.Wayne","statId":113,"yards":-1}]}},"1027":{"sp":0,"qtr":2,"down":4,"time":"14:19","yrdln":"IND 12","ydstogo":2,"ydsnet":8,"posteam":"IND","desc":"(14:19) P.McAfee punts 53 yards to STL 35, Center-J.Snow. D.Amendola to STL 45 for 10 yards (M.Bullitt).","note":"PUNT","players":{"00-0024697":[{"sequence":3,"clubcode":"IND","playerName":"M.Bullitt","statId":79,"yards":0}],"00-0027145":[{"sequence":1,"clubcode":"IND","playerName":"P.McAfee","statId":29,"yards":53}],"00-0026035":[{"sequence":2,"clubcode":"STL","playerName":"D.Amendola","statId":33,"yards":10}]}}},"fds":0,"result":"Punt","penyds":0,"ydsgained":8,"numplays":5,"postime":"0:57","start":{"qtr":1,"time":"00:01","yrdln":"IND 4","team":"IND"},"end":{"qtr":1,"time":"14:04","yrdln":"IND 12","team":"IND"}},"6":{"posteam":"STL","qtr":2,"redzone":true,"plays":{"1052":{"sp":0,"qtr":2,"down":1,"time":"14:04","yrdln":"STL 45","ydstogo":10,"ydsnet":3,"posteam":"STL","desc":"(14:04) S.Jackson right guard to STL 48 for 3 yards (A.Bethea, D.Freeney).","note":null,"players":{"00-0021146":[{"sequence":3,"clubcode":"IND","playerName":"D.Freeney","statId":82,"yards":0}],"00-0024421":[{"sequence":2,"clubcode":"IND","playerName":"A.Bethea","statId":80,"yards":0}],"00-0022736":[{"sequence":1,"clubcode":"STL","playerName":"S.Jackson","statId":10,"yards":3}]}},"1077":{"sp":0,"qtr":2,"down":2,"time":"13:27","yrdln":"STL 48","ydstogo":7,"ydsnet":4,"posteam":"STL","desc":"(13:27) M.Bulger pass short left to D.Amendola to STL 49 for 1 yard (C.Session).","note":null,"players":{"00-0019599":[{"sequence":1,"clubcode":"STL","playerName":"M.Bulger","statId":15,"yards":1},{"sequence":2,"clubcode":"STL","playerName":"M.Bulger","statId":111,"yards":-3}],"00-0025523":[{"sequence":6,"clubcode":"IND","playerName":"C.Session","statId":79,"yards":0}],"00-0026035":[{"sequence":3,"clubcode":"STL","playerName":"D.Amendola","statId":21,"yards":1},{"sequence":4,"clubcode":"STL","playerName":"D.Amendola","statId":115,"yards":0},{"sequence":5,"clubcode":"STL","playerName":"D.Amendola","statId":113,"yards":4}]}},"1101":{"sp":0,"qtr":2,"down":3,"time":"12:47","yrdln":"STL 49","ydstogo":6,"ydsnet":4,"posteam":"STL","desc":"(12:47) (Shotgun) M.Bulger pass incomplete short middle to D.Fells.","note":null,"players":{"00-0019599":[{"sequence":2,"clubcode":"STL","playerName":"M.Bulger","statId":14,"yards":0},{"sequence":4,"clubcode":"STL","playerName":"M.Bulger","statId":112,"yards":4}],"00-0023752":[{"sequence":3,"clubcode":"STL","playerName":"D.Fells","statId":115,"yards":0}],"0":[{"sequence":1,"clubcode":"STL","playerName":"","statId":7,"yards":0}]}},"1123":{"sp":0,"qtr":2,"down":4,"time":"12:39","yrdln":"STL 49","ydstogo":6,"ydsnet":4,"posteam":"STL","desc":"(12:39) D.Jones punts 37 yards to IND 14, Center-C.Massey, fair catch by T.Rushing.","note":"PUNT","players":{"00-0024452":[{"sequence":3,"clubcode":"IND","playerName":"T.Rushing","statId":39,"yards":0}],"00-0022684":[{"sequence":1,"clubcode":"STL","playerName":"D.Jones","statId":29,"yards":37},{"sequence":2,"clubcode":"STL","playerName":"D.Jones","statId":30,"yards":0}]}}},"fds":0,"result":"Punt","penyds":0,"ydsgained":4,"numplays":4,"postime":"1:33","start":{"qtr":2,"time":"14:04","yrdln":"STL 45","team":"STL"},"end":{"qtr":2,"time":"12:31","yrdln":"STL 49","team":"STL"}},"7":{"posteam":"IND","qtr":2,"redzone":true,"plays":{"1146":{"sp":0,"qtr":2,"down":1,"time":"12:31","yrdln":"IND 14","ydstogo":10,"ydsnet":3,"posteam":"IND","desc":"(12:31) J.Addai right tackle to IND 17 for 3 yards (L.Douzable).","note":null,"players":{"00-0024245":[{"sequence":1,"clubcode":"IND","playerName":"J.Addai","statId":10,"yards":3}],"00-0025942":[{"sequence":2,"clubcode":"STL","playerName":"L.Douzable","statId":79,"yards":0}]}},"1167":{"sp":0,"qtr":2,"down":2,"time":"11:53","yrdln":"IND 17","ydstogo":7,"ydsnet":26,"posteam":"IND","desc":"(11:53) (Shotgun) P.Manning pass short right to P.Garcon to IND 32 for 15 yards (R.Bartell). FUMBLES (R.Bartell), recovered by IND-A.Collie at IND 35. A.Collie to IND 35 for no gain (O.Atogwe).","note":"FUMBLE","players":{"00-0023501":[{"sequence":11,"clubcode":"STL","playerName":"O.Atogwe","statId":79,"yards":0}],"00-0010346":[{"sequence":2,"clubcode":"IND","playerName":"P.Manning","statId":15,"yards":15},{"sequence":3,"clubcode":"IND","playerName":"P.Manning","statId":111,"yards":0}],"00-0023485":[{"sequence":7,"clubcode":"STL","playerName":"R.Bartell","statId":79,"yards":0},{"sequence":9,"clubcode":"STL","playerName":"R.Bartell","statId":91,"yards":0}],"0":[{"sequence":1,"clubcode":"IND","playerName":"","statId":4,"yards":0}],"00-0026345":[{"sequence":4,"clubcode":"IND","playerName":"P.Garcon","statId":21,"yards":15},{"sequence":5,"clubcode":"IND","playerName":"P.Garcon","statId":115,"yards":0},{"sequence":6,"clubcode":"IND","playerName":"P.Garcon","statId":113,"yards":15},{"sequence":8,"clubcode":"IND","playerName":"P.Garcon","statId":52,"yards":0}],"00-0027092":[{"sequence":10,"clubcode":"IND","playerName":"A.Collie","statId":55,"yards":0}]}},"1207":{"sp":0,"qtr":2,"down":1,"time":"11:05","yrdln":"IND 35","ydstogo":10,"ydsnet":26,"posteam":"IND","desc":"(11:05) J.Addai left end to IND 40 for 5 yards (R.Bartell).","note":null,"players":{"00-0024245":[{"sequence":1,"clubcode":"IND","playerName":"J.Addai","statId":10,"yards":5}],"00-0023485":[{"sequence":2,"clubcode":"STL","playerName":"R.Bartell","statId":79,"yards":0}]}},"1228":{"sp":0,"qtr":2,"down":2,"time":"10:29","yrdln":"IND 40","ydstogo":5,"ydsnet":26,"posteam":"IND","desc":"(10:29) P.Manning pass incomplete deep middle to D.Clark.","note":null,"players":{"00-0010346":[{"sequence":1,"clubcode":"IND","playerName":"P.Manning","statId":14,"yards":0},{"sequence":3,"clubcode":"IND","playerName":"P.Manning","statId":112,"yards":17}],"00-0022165":[{"sequence":2,"clubcode":"IND","playerName":"D.Clark","statId":115,"yards":0}]}},"1250":{"sp":0,"qtr":2,"down":3,"time":"10:24","yrdln":"IND 40","ydstogo":5,"ydsnet":33,"posteam":"IND","desc":"(10:24) (Shotgun) P.Manning pass short middle to R.Wayne to IND 47 for 7 yards (Q.Butler).","note":null,"players":{"00-0024008":[{"sequence":8,"clubcode":"STL","playerName":"Q.Butler","statId":79,"yards":0}],"00-0010346":[{"sequence":3,"clubcode":"IND","playerName":"P.Manning","statId":15,"yards":7},{"sequence":4,"clubcode":"IND","playerName":"P.Manning","statId":111,"yards":6}],"0":[{"sequence":1,"clubcode":"IND","playerName":"","statId":4,"yards":0},{"sequence":2,"clubcode":"IND","playerName":"","statId":6,"yards":0}],"00-0020498":[{"sequence":5,"clubcode":"IND","playerName":"R.Wayne","statId":21,"yards":7},{"sequence":6,"clubcode":"IND","playerName":"R.Wayne","statId":115,"yards":0},{"sequence":7,"clubcode":"IND","playerName":"R.Wayne","statId":113,"yards":1}]}},"1274":{"sp":0,"qtr":2,"down":1,"time":"09:52","yrdln":"IND 47","ydstogo":10,"ydsnet":35,"posteam":"IND","desc":"(9:52) (Shotgun) J.Addai left end to IND 49 for 2 yards (J.Laurinaitis).","note":null,"players":{"00-0024245":[{"sequence":1,"clubcode":"IND","playerName":"J.Addai","statId":10,"yards":2}],"00-0027011":[{"sequence":2,"clubcode":"STL","playerName":"J.Laurinaitis","statId":79,"yards":0}]}},"1295":{"sp":0,"qtr":2,"down":2,"time":"09:11","yrdln":"IND 49","ydstogo":8,"ydsnet":37,"posteam":"IND","desc":"(9:11) J.Addai right end to STL 49 for 2 yards (C.Ah You).","note":null,"players":{"00-0024245":[{"sequence":1,"clubcode":"IND","playerName":"J.Addai","statId":10,"yards":2}],"00-0025626":[{"sequence":2,"clubcode":"STL","playerName":"C.Ah You","statId":79,"yards":0}]}},"1316":{"sp":0,"qtr":2,"down":3,"time":"08:30","yrdln":"STL 49","ydstogo":6,"ydsnet":42,"posteam":"IND","desc":"(8:30) (Shotgun) P.Manning pass short right to P.Garcon to STL 44 for 5 yards (B.Fletcher).","note":null,"players":{"00-0010346":[{"sequence":2,"clubcode":"IND","playerName":"P.Manning","statId":15,"yards":5},{"sequence":3,"clubcode":"IND","playerName":"P.Manning","statId":111,"yards":0}],"00-0027041":[{"sequence":7,"clubcode":"STL","playerName":"B.Fletcher","statId":79,"yards":0}],"0":[{"sequence":1,"clubcode":"IND","playerName":"","statId":7,"yards":0}],"00-0026345":[{"sequence":4,"clubcode":"IND","playerName":"P.Garcon","statId":21,"yards":5},{"sequence":5,"clubcode":"IND","playerName":"P.Garcon","statId":115,"yards":0},{"sequence":6,"clubcode":"IND","playerName":"P.Garcon","statId":113,"yards":5}]}},"1340":{"sp":0,"qtr":2,"down":4,"time":"07:51","yrdln":"STL 44","ydstogo":1,"ydsnet":42,"posteam":"IND","desc":"(7:51) P.McAfee punts 36 yards to STL 8, Center-J.Snow, fair catch by D.Amendola.","note":"PUNT","players":{"00-0027145":[{"sequence":1,"clubcode":"IND","playerName":"P.McAfee","statId":29,"yards":36},{"sequence":2,"clubcode":"IND","playerName":"P.McAfee","statId":30,"yards":0}],"00-0026035":[{"sequence":3,"clubcode":"STL","playerName":"D.Amendola","statId":39,"yards":0}]}}},"fds":2,"result":"Punt","penyds":0,"ydsgained":42,"numplays":9,"postime":"4:50","start":{"qtr":2,"time":"12:31","yrdln":"IND 14","team":"IND"},"end":{"qtr":2,"time":"07:41","yrdln":"STL 44","team":"IND"}},"8":{"posteam":"STL","qtr":2,"redzone":true,"plays":{"1359":{"sp":0,"qtr":2,"down":1,"time":"07:41","yrdln":"STL 8","ydstogo":10,"ydsnet":3,"posteam":"STL","desc":"(7:41) S.Jackson up the middle to STL 11 for 3 yards (G.Brackett).","note":null,"players":{"00-0021484":[{"sequence":2,"clubcode":"IND","playerName":"G.Brackett","statId":79,"yards":0}],"00-0022736":[{"sequence":1,"clubcode":"STL","playerName":"S.Jackson","statId":10,"yards":3}]}},"1380":{"sp":0,"qtr":2,"down":2,"time":"07:08","yrdln":"STL 11","ydstogo":7,"ydsnet":-6,"posteam":"STL","desc":"(7:08) M.Bulger sacked at STL 2 for -9 yards (D.Freeney).","note":null,"players":{"00-0019599":[{"sequence":1,"clubcode":"STL","playerName":"M.Bulger","statId":20,"yards":-9}],"00-0021146":[{"sequence":2,"clubcode":"IND","playerName":"D.Freeney","statId":83,"yards":-9},{"sequence":3,"clubcode":"IND","playerName":"D.Freeney","statId":110,"yards":0},{"sequence":4,"clubcode":"IND","playerName":"D.Freeney","statId":79,"yards":0},{"sequence":5,"clubcode":"IND","playerName":"D.Freeney","statId":120,"yards":0}]}},"1399":{"sp":0,"qtr":2,"down":3,"time":"06:34","yrdln":"STL 2","ydstogo":16,"ydsnet":-2,"posteam":"STL","desc":"(6:34) S.Jackson right guard to STL 6 for 4 yards (E.Foster).","note":null,"players":{"00-0025991":[{"sequence":3,"clubcode":"IND","playerName":"E.Foster","statId":79,"yards":0}],"0":[{"sequence":1,"clubcode":"STL","playerName":"","statId":7,"yards":0}],"00-0022736":[{"sequence":2,"clubcode":"STL","playerName":"S.Jackson","statId":10,"yards":4}]}},"1420":{"sp":0,"qtr":2,"down":4,"time":"05:53","yrdln":"STL 6","ydstogo":12,"ydsnet":-2,"posteam":"STL","desc":"(5:53) D.Jones punts 46 yards to IND 48, Center-C.Massey. T.Rushing to STL 41 for 11 yards (K.Darby). STL-C.Massey was injured during the play. His return is Doubtful.","note":"PUNT","players":{"00-0024452":[{"sequence":2,"clubcode":"IND","playerName":"T.Rushing","statId":33,"yards":11}],"00-0022684":[{"sequence":1,"clubcode":"STL","playerName":"D.Jones","statId":29,"yards":46}],"00-0025633":[{"sequence":3,"clubcode":"STL","playerName":"K.Darby","statId":79,"yards":0}]}}},"fds":0,"result":"Punt","penyds":0,"ydsgained":-2,"numplays":4,"postime":"2:02","start":{"qtr":2,"time":"07:41","yrdln":"STL 8","team":"STL"},"end":{"qtr":2,"time":"05:39","yrdln":"STL 6","team":"STL"}},"9":{"posteam":"IND","qtr":2,"redzone":true,"plays":{"1452":{"sp":0,"qtr":2,"down":1,"time":"05:39","yrdln":"STL 41","ydstogo":10,"ydsnet":0,"posteam":"IND","desc":"(5:39) (Shotgun) P.Manning pass incomplete deep right to P.Garcon.","note":null,"players":{"00-0010346":[{"sequence":1,"clubcode":"IND","playerName":"P.Manning","statId":14,"yards":0},{"sequence":3,"clubcode":"IND","playerName":"P.Manning","statId":112,"yards":33}],"00-0026345":[{"sequence":2,"clubcode":"IND","playerName":"P.Garcon","statId":115,"yards":0}]}},"1474":{"sp":0,"qtr":2,"down":2,"time":"05:32","yrdln":"STL 41","ydstogo":10,"ydsnet":35,"posteam":"IND","desc":"(5:32) (Shotgun) D.Brown up the middle to STL 28 for 13 yards (J.Laurinaitis). IND-D.Brown was injured during the play. His return is Questionable.","note":null,"players":{"0":[{"sequence":1,"clubcode":"IND","playerName":"","statId":3,"yards":0}],"00-0027003":[{"sequence":2,"clubcode":"IND","playerName":"D.Brown","statId":10,"yards":13}],"00-0027011":[{"sequence":3,"clubcode":"STL","playerName":"J.Laurinaitis","statId":79,"yards":0}]}},"1495":{"sp":0,"qtr":2,"down":1,"time":"04:58","yrdln":"STL 28","ydstogo":10,"ydsnet":16,"posteam":"IND","desc":"(4:58) (Shotgun) J.Addai left tackle to STL 25 for 3 yards (Q.Butler).","note":null,"players":{"00-0024245":[{"sequence":1,"clubcode":"IND","playerName":"J.Addai","statId":10,"yards":3}],"00-0024008":[{"sequence":2,"clubcode":"STL","playerName":"Q.Butler","statId":79,"yards":0}]}},"1519":{"sp":0,"qtr":2,"down":2,"time":"04:23","yrdln":"STL 25","ydstogo":7,"ydsnet":22,"posteam":"IND","desc":"(4:23) (Shotgun) P.Manning pass short middle to D.Clark to STL 19 for 6 yards (C.Dahl).","note":null,"players":{"00-0024796":[{"sequence":6,"clubcode":"STL","playerName":"C.Dahl","statId":79,"yards":0}],"00-0010346":[{"sequence":1,"clubcode":"IND","playerName":"P.Manning","statId":15,"yards":6},{"sequence":2,"clubcode":"IND","playerName":"P.Manning","statId":111,"yards":3}],"00-0022165":[{"sequence":3,"clubcode":"IND","playerName":"D.Clark","statId":21,"yards":6},{"sequence":4,"clubcode":"IND","playerName":"D.Clark","statId":115,"yards":0},{"sequence":5,"clubcode":"IND","playerName":"D.Clark","statId":113,"yards":3}]}},"1543":{"sp":0,"qtr":2,"down":3,"time":"03:41","yrdln":"STL 19","ydstogo":1,"ydsnet":26,"posteam":"IND","desc":"(3:41) J.Addai left tackle to STL 15 for 4 yards (C.Ah You).","note":null,"players":{"00-0024245":[{"sequence":3,"clubcode":"IND","playerName":"J.Addai","statId":10,"yards":4}],"00-0025626":[{"sequence":4,"clubcode":"STL","playerName":"C.Ah You","statId":79,"yards":0}],"0":[{"sequence":1,"clubcode":"IND","playerName":"","statId":3,"yards":0},{"sequence":2,"clubcode":"IND","playerName":"","statId":6,"yards":0}]}},"1565":{"sp":0,"qtr":2,"down":1,"time":"03:06","yrdln":"STL 15","ydstogo":10,"ydsnet":26,"posteam":"IND","desc":"(3:06) J.Addai right end pushed ob at STL 15 for no gain (B.Fletcher).","note":null,"players":{"00-0024245":[{"sequence":1,"clubcode":"IND","playerName":"J.Addai","statId":10,"yards":0}],"00-0027041":[{"sequence":2,"clubcode":"STL","playerName":"B.Fletcher","statId":79,"yards":0}]}},"1586":{"sp":0,"qtr":2,"down":2,"time":"02:34","yrdln":"STL 15","ydstogo":10,"ydsnet":35,"posteam":"IND","desc":"(2:34) (Shotgun) P.Manning pass short middle to A.Collie to STL 6 for 9 yards (B.Fletcher, C.Dahl).","note":null,"players":{"00-0024796":[{"sequence":7,"clubcode":"STL","playerName":"C.Dahl","statId":82,"yards":0}],"00-0010346":[{"sequence":1,"clubcode":"IND","playerName":"P.Manning","statId":15,"yards":9},{"sequence":2,"clubcode":"IND","playerName":"P.Manning","statId":111,"yards":3}],"00-0027041":[{"sequence":6,"clubcode":"STL","playerName":"B.Fletcher","statId":80,"yards":0}],"00-0027092":[{"sequence":3,"clubcode":"IND","playerName":"A.Collie","statId":21,"yards":9},{"sequence":4,"clubcode":"IND","playerName":"A.Collie","statId":115,"yards":0},{"sequence":5,"clubcode":"IND","playerName":"A.Collie","statId":113,"yards":6}]}},"1610":{"sp":0,"qtr":2,"down":0,"time":"02:00","yrdln":"","ydstogo":0,"ydsnet":35,"posteam":"","desc":"Two-Minute Warning","note":null,"players":{}},"1627":{"sp":1,"qtr":2,"down":3,"time":"02:00","yrdln":"STL 6","ydstogo":1,"ydsnet":41,"posteam":"IND","desc":"(2:00) J.Addai right tackle for 6 yards, TOUCHDOWN.","note":"TD","players":{"00-0024245":[{"sequence":3,"clubcode":"IND","playerName":"J.Addai","statId":11,"yards":6}],"0":[{"sequence":1,"clubcode":"IND","playerName":"","statId":3,"yards":0},{"sequence":2,"clubcode":"IND","playerName":"","statId":6,"yards":0}]}},"1644":{"sp":1,"qtr":2,"down":0,"time":"01:57","yrdln":"STL 2","ydstogo":0,"ydsnet":41,"posteam":"IND","desc":"M.Stover extra point is GOOD, Center-J.Snow, Holder-P.McAfee.","note":"XP","players":{"00-0015784":[{"sequence":1,"clubcode":"IND","playerName":"M.Stover","statId":72,"yards":0}]}}},"fds":3,"result":"Touchdown","penyds":0,"ydsgained":41,"numplays":10,"postime":"3:42","start":{"qtr":2,"time":"05:39","yrdln":"STL 41","team":"IND"},"end":{"qtr":2,"time":"01:57","yrdln":"STL 6","team":"IND"}},"10":{"posteam":"STL","qtr":2,"redzone":true,"plays":{"1660":{"sp":0,"qtr":2,"down":0,"time":"01:57","yrdln":"IND 30","ydstogo":0,"ydsnet":0,"posteam":"IND","desc":"P.McAfee kicks 68 yards from IND 30 to STL 2. D.Amendola to STL 29 for 27 yards (J.Silva).","note":"KICKOFF","players":{"00-0027145":[{"sequence":1,"clubcode":"IND","playerName":"P.McAfee","statId":41,"yards":68}],"00-0025996":[{"sequence":3,"clubcode":"IND","playerName":"J.Silva","statId":79,"yards":0}],"00-0026035":[{"sequence":2,"clubcode":"STL","playerName":"D.Amendola","statId":45,"yards":27}]}},"1682":{"sp":0,"qtr":2,"down":1,"time":"01:51","yrdln":"STL 29","ydstogo":10,"ydsnet":9,"posteam":"STL","desc":"(1:51) S.Jackson right guard to STL 38 for 9 yards (M.Bullitt).","note":null,"players":{"00-0024697":[{"sequence":2,"clubcode":"IND","playerName":"M.Bullitt","statId":79,"yards":0}],"00-0022736":[{"sequence":1,"clubcode":"STL","playerName":"S.Jackson","statId":10,"yards":9}]}},"1703":{"sp":0,"qtr":2,"down":2,"time":"01:31","yrdln":"STL 38","ydstogo":1,"ydsnet":26,"posteam":"STL","desc":"(1:31) (Shotgun) M.Bulger pass short left to K.Burton to STL 43 for 5 yards (J.Lacey).","note":null,"players":{"00-0019599":[{"sequence":2,"clubcode":"STL","playerName":"M.Bulger","statId":15,"yards":5},{"sequence":3,"clubcode":"STL","playerName":"M.Bulger","statId":111,"yards":0}],"00-0026674":[{"sequence":7,"clubcode":"IND","playerName":"J.Lacey","statId":79,"yards":0}],"00-0026268":[{"sequence":4,"clubcode":"STL","playerName":"K.Burton","statId":21,"yards":5},{"sequence":5,"clubcode":"STL","playerName":"K.Burton","statId":115,"yards":0},{"sequence":6,"clubcode":"STL","playerName":"K.Burton","statId":113,"yards":5}],"0":[{"sequence":1,"clubcode":"STL","playerName":"","statId":4,"yards":0}]}},"1731":{"sp":0,"qtr":2,"down":1,"time":"01:26","yrdln":"STL 43","ydstogo":10,"ydsnet":26,"posteam":"STL","desc":"(1:26) (Shotgun) M.Bulger pass short right to K.Burton to IND 45 for 12 yards (A.Bethea).","note":null,"players":{"00-0019599":[{"sequence":2,"clubcode":"STL","playerName":"M.Bulger","statId":15,"yards":12},{"sequence":3,"clubcode":"STL","playerName":"M.Bulger","statId":111,"yards":12}],"00-0026268":[{"sequence":4,"clubcode":"STL","playerName":"K.Burton","statId":21,"yards":12},{"sequence":5,"clubcode":"STL","playerName":"K.Burton","statId":115,"yards":0},{"sequence":6,"clubcode":"STL","playerName":"K.Burton","statId":113,"yards":0}],"0":[{"sequence":1,"clubcode":"STL","playerName":"","statId":4,"yards":0}],"00-0024421":[{"sequence":7,"clubcode":"IND","playerName":"A.Bethea","statId":79,"yards":0}]}},"1755":{"sp":0,"qtr":2,"down":0,"time":"01:20","yrdln":"","ydstogo":0,"ydsnet":26,"posteam":"","desc":"Timeout #1 by STL at 01:20.","note":"TIMEOUT","players":{"0":[{"sequence":1,"clubcode":"STL","playerName":"","statId":68,"yards":0}]}},"1772":{"sp":0,"qtr":2,"down":1,"time":"01:20","yrdln":"IND 45","ydstogo":10,"ydsnet":30,"posteam":"STL","desc":"(1:20) (Shotgun) S.Jackson up the middle to IND 41 for 4 yards (R.Brock).","note":null,"players":{"00-0021340":[{"sequence":2,"clubcode":"IND","playerName":"R.Brock","statId":79,"yards":0}],"00-0022736":[{"sequence":1,"clubcode":"STL","playerName":"S.Jackson","statId":10,"yards":4}]}},"1793":{"sp":0,"qtr":2,"down":2,"time":"00:59","yrdln":"IND 41","ydstogo":6,"ydsnet":26,"posteam":"STL","desc":"(:59) (Shotgun) M.Bulger sacked at IND 45 for -4 yards (E.Foster).","note":null,"players":{"00-0025991":[{"sequence":2,"clubcode":"IND","playerName":"E.Foster","statId":83,"yards":-4},{"sequence":3,"clubcode":"IND","playerName":"E.Foster","statId":110,"yards":0},{"sequence":4,"clubcode":"IND","playerName":"E.Foster","statId":79,"yards":0},{"sequence":5,"clubcode":"IND","playerName":"E.Foster","statId":120,"yards":0}],"00-0019599":[{"sequence":1,"clubcode":"STL","playerName":"M.Bulger","statId":20,"yards":-4}]}},"1812":{"sp":0,"qtr":2,"down":0,"time":"00:52","yrdln":"","ydstogo":0,"ydsnet":26,"posteam":"","desc":"Timeout #2 by STL at 00:52.","note":"TIMEOUT","players":{"0":[{"sequence":1,"clubcode":"STL","playerName":"","statId":68,"yards":0}]}},"1829":{"sp":0,"qtr":2,"down":3,"time":"00:52","yrdln":"IND 45","ydstogo":10,"ydsnet":26,"posteam":"STL","desc":"(:52) (Shotgun) M.Bulger pass incomplete short middle to S.Jackson [D.Freeney].","note":null,"players":{"00-0019599":[{"sequence":2,"clubcode":"STL","playerName":"M.Bulger","statId":14,"yards":0},{"sequence":5,"clubcode":"STL","playerName":"M.Bulger","statId":112,"yards":0}],"0":[{"sequence":1,"clubcode":"STL","playerName":"","statId":7,"yards":0}],"00-0021146":[{"sequence":4,"clubcode":"IND","playerName":"D.Freeney","statId":110,"yards":0}],"00-0022736":[{"sequence":3,"clubcode":"STL","playerName":"S.Jackson","statId":115,"yards":0}]}},"1851":{"sp":0,"qtr":2,"down":4,"time":"00:47","yrdln":"IND 45","ydstogo":10,"ydsnet":26,"posteam":"STL","desc":"(:47) D.Jones punts 32 yards to IND 13, Center-B.Bajema, fair catch by T.Rushing. PENALTY on IND-A.Francisco, Offensive Holding, 6 yards, enforced at IND 13.","note":"PUNT","players":{"00-0024452":[{"sequence":3,"clubcode":"IND","playerName":"T.Rushing","statId":39,"yards":0}],"00-0023213":[{"sequence":4,"clubcode":"IND","playerName":"A.Francisco","statId":93,"yards":6}],"00-0022684":[{"sequence":1,"clubcode":"STL","playerName":"D.Jones","statId":29,"yards":32},{"sequence":2,"clubcode":"STL","playerName":"D.Jones","statId":30,"yards":0}]}}},"fds":2,"result":"Punt","penyds":0,"ydsgained":26,"numplays":10,"postime":"1:19","start":{"qtr":2,"time":"01:57","yrdln":"STL 29","team":"STL"},"end":{"qtr":2,"time":"00:38","yrdln":"IND 45","team":"STL"}},"11":{"posteam":"IND","qtr":2,"redzone":true,"plays":{"1881":{"sp":0,"qtr":2,"down":1,"time":"00:38","yrdln":"IND 7","ydstogo":10,"ydsnet":-1,"posteam":"IND","desc":"(:38) P.Manning kneels to IND 6 for -1 yards.","note":null,"players":{"00-0010346":[{"sequence":1,"clubcode":"IND","playerName":"P.Manning","statId":10,"yards":-1}]}},"1902":{"sp":0,"qtr":2,"down":0,"time":"","yrdln":"","ydstogo":0,"ydsnet":-1,"posteam":"","desc":"END QUARTER 2","note":null,"players":{}}},"fds":0,"result":"End of Half","penyds":0,"ydsgained":-1,"numplays":2,"postime":"0:38","start":{"qtr":2,"time":"00:38","yrdln":"IND 7","team":"IND"},"end":{"qtr":2,"time":"00:00","yrdln":"IND 7","team":"IND"}},"12":{"posteam":"STL","qtr":3,"redzone":true,"plays":{"1918":{"sp":0,"qtr":3,"down":0,"time":"15:00","yrdln":"IND 30","ydstogo":0,"ydsnet":0,"posteam":"IND","desc":"P.McAfee kicks 73 yards from IND 30 to STL -3. D.Amendola to STL 35 for 38 yards (R.Humber).","note":"KICKOFF","players":{"00-0026672":[{"sequence":3,"clubcode":"IND","playerName":"R.Humber","statId":79,"yards":0}],"00-0027145":[{"sequence":1,"clubcode":"IND","playerName":"P.McAfee","statId":43,"yards":73}],"00-0026035":[{"sequence":2,"clubcode":"STL","playerName":"D.Amendola","statId":45,"yards":38}]}},"1940":{"sp":0,"qtr":3,"down":1,"time":"14:53","yrdln":"STL 35","ydstogo":10,"ydsnet":-10,"posteam":"STL","desc":"(14:53) M.Bulger pass incomplete short right to S.Jackson. PENALTY on STL-A.Barron, Offensive Holding, 10 yards, enforced at STL 35 - No Play.","note":"PENALTY","players":{"00-0023454":[{"sequence":1,"clubcode":"STL","playerName":"A.Barron","statId":93,"yards":10}]}},"1973":{"sp":0,"qtr":3,"down":1,"time":"14:49","yrdln":"STL 25","ydstogo":20,"ydsnet":1,"posteam":"STL","desc":"(14:49) S.Jackson left tackle to STL 36 for 11 yards (J.Powers).","note":null,"players":{"00-0027064":[{"sequence":2,"clubcode":"IND","playerName":"J.Powers","statId":79,"yards":0}],"00-0022736":[{"sequence":1,"clubcode":"STL","playerName":"S.Jackson","statId":10,"yards":11}]}},"1994":{"sp":0,"qtr":3,"down":2,"time":"14:10","yrdln":"STL 36","ydstogo":9,"ydsnet":8,"posteam":"STL","desc":"(14:10) M.Bulger pass short right to R.McMichael to STL 43 for 7 yards (T.Hagler).","note":null,"players":{"00-0021236":[{"sequence":3,"clubcode":"STL","playerName":"R.McMichael","statId":21,"yards":7},{"sequence":4,"clubcode":"STL","playerName":"R.McMichael","statId":115,"yards":0},{"sequence":5,"clubcode":"STL","playerName":"R.McMichael","statId":113,"yards":3}],"00-0019599":[{"sequence":1,"clubcode":"STL","playerName":"M.Bulger","statId":15,"yards":7},{"sequence":2,"clubcode":"STL","playerName":"M.Bulger","statId":111,"yards":4}],"00-0023606":[{"sequence":6,"clubcode":"IND","playerName":"T.Hagler","statId":79,"yards":0}]}},"2018":{"sp":0,"qtr":3,"down":3,"time":"13:32","yrdln":"STL 43","ydstogo":2,"ydsnet":16,"posteam":"STL","desc":"(13:32) M.Bulger pass short right to D.Avery to IND 49 for 8 yards (K.Hayden).","note":null,"players":{"00-0026173":[{"sequence":5,"clubcode":"STL","playerName":"D.Avery","statId":21,"yards":8},{"sequence":6,"clubcode":"STL","playerName":"D.Avery","statId":115,"yards":0},{"sequence":7,"clubcode":"STL","playerName":"D.Avery","statId":113,"yards":1}],"00-0023495":[{"sequence":8,"clubcode":"IND","playerName":"K.Hayden","statId":79,"yards":0}],"00-0019599":[{"sequence":3,"clubcode":"STL","playerName":"M.Bulger","statId":15,"yards":8},{"sequence":4,"clubcode":"STL","playerName":"M.Bulger","statId":111,"yards":7}],"0":[{"sequence":1,"clubcode":"STL","playerName":"","statId":4,"yards":0},{"sequence":2,"clubcode":"STL","playerName":"","statId":6,"yards":0}]}},"2042":{"sp":0,"qtr":3,"down":1,"time":"12:58","yrdln":"IND 49","ydstogo":10,"ydsnet":19,"posteam":"STL","desc":"(12:58) S.Jackson left guard to IND 46 for 3 yards (D.Muir).","note":null,"players":{"00-0024692":[{"sequence":2,"clubcode":"IND","playerName":"D.Muir","statId":79,"yards":0}],"00-0022736":[{"sequence":1,"clubcode":"STL","playerName":"S.Jackson","statId":10,"yards":3}]}},"2063":{"sp":0,"qtr":3,"down":2,"time":"12:23","yrdln":"IND 46","ydstogo":7,"ydsnet":14,"posteam":"STL","desc":"(12:23) (Shotgun) PENALTY on STL-A.Barron, False Start, 5 yards, enforced at IND 46 - No Play.","note":"PENALTY","players":{"00-0023454":[{"sequence":1,"clubcode":"STL","playerName":"A.Barron","statId":93,"yards":5}]}},"2086":{"sp":0,"qtr":3,"down":2,"time":"12:07","yrdln":"STL 49","ydstogo":12,"ydsnet":14,"posteam":"STL","desc":"(12:07) (Shotgun) M.Bulger pass incomplete short middle to D.Avery (T.Hagler).","note":null,"players":{"00-0026173":[{"sequence":2,"clubcode":"STL","playerName":"D.Avery","statId":115,"yards":0}],"00-0019599":[{"sequence":1,"clubcode":"STL","playerName":"M.Bulger","statId":14,"yards":0},{"sequence":4,"clubcode":"STL","playerName":"M.Bulger","statId":112,"yards":6}],"00-0023606":[{"sequence":3,"clubcode":"IND","playerName":"T.Hagler","statId":85,"yards":0}]}},"2108":{"sp":0,"qtr":3,"down":3,"time":"11:57","yrdln":"STL 49","ydstogo":12,"ydsnet":13,"posteam":"STL","desc":"(11:57) (Shotgun) M.Bulger pass short left to S.Jackson to STL 48 for -1 yards (E.Foster).","note":null,"players":{"00-0025991":[{"sequence":7,"clubcode":"IND","playerName":"E.Foster","statId":79,"yards":0},{"sequence":8,"clubcode":"IND","playerName":"E.Foster","statId":120,"yards":0}],"00-0019599":[{"sequence":2,"clubcode":"STL","playerName":"M.Bulger","statId":15,"yards":-1},{"sequence":3,"clubcode":"STL","playerName":"M.Bulger","statId":111,"yards":0}],"0":[{"sequence":1,"clubcode":"STL","playerName":"","statId":7,"yards":0}],"00-0022736":[{"sequence":4,"clubcode":"STL","playerName":"S.Jackson","statId":21,"yards":-1},{"sequence":5,"clubcode":"STL","playerName":"S.Jackson","statId":115,"yards":0},{"sequence":6,"clubcode":"STL","playerName":"S.Jackson","statId":113,"yards":-1}]}},"2132":{"sp":0,"qtr":3,"down":4,"time":"11:22","yrdln":"STL 48","ydstogo":13,"ydsnet":13,"posteam":"STL","desc":"(11:22) D.Jones punts 50 yards to IND 2, Center-B.Bajema, downed by STL-C.Dahl.","note":"PUNT","players":{"0":[{"sequence":3,"clubcode":"IND","playerName":"","statId":38,"yards":0}],"00-0022684":[{"sequence":1,"clubcode":"STL","playerName":"D.Jones","statId":29,"yards":50},{"sequence":2,"clubcode":"STL","playerName":"D.Jones","statId":30,"yards":0}]}}},"fds":1,"result":"Punt","penyds":-15,"ydsgained":28,"numplays":10,"postime":"3:53","start":{"qtr":3,"time":"15:00","yrdln":"STL 35","team":"STL"},"end":{"qtr":3,"time":"11:07","yrdln":"STL 48","team":"STL"}},"13":{"posteam":"IND","qtr":3,"redzone":true,"plays":{"2151":{"sp":0,"qtr":3,"down":1,"time":"11:07","yrdln":"IND 2","ydstogo":10,"ydsnet":10,"posteam":"IND","desc":"(11:07) P.Manning pass short right to G.Robinson to IND 12 for 10 yards (P.Lenon).","note":null,"players":{"00-0019104":[{"sequence":7,"clubcode":"STL","playerName":"P.Lenon","statId":79,"yards":0}],"00-0024529":[{"sequence":4,"clubcode":"IND","playerName":"G.Robinson","statId":21,"yards":10},{"sequence":5,"clubcode":"IND","playerName":"G.Robinson","statId":115,"yards":0},{"sequence":6,"clubcode":"IND","playerName":"G.Robinson","statId":113,"yards":6}],"00-0010346":[{"sequence":2,"clubcode":"IND","playerName":"P.Manning","statId":15,"yards":10},{"sequence":3,"clubcode":"IND","playerName":"P.Manning","statId":111,"yards":4}],"0":[{"sequence":1,"clubcode":"IND","playerName":"","statId":4,"yards":0}]}},"2175":{"sp":0,"qtr":3,"down":1,"time":"10:38","yrdln":"IND 12","ydstogo":10,"ydsnet":12,"posteam":"IND","desc":"(10:38) J.Addai right tackle to IND 14 for 2 yards (C.Ryan).","note":null,"players":{"00-0024245":[{"sequence":1,"clubcode":"IND","playerName":"J.Addai","statId":10,"yards":2}],"00-0025541":[{"sequence":2,"clubcode":"STL","playerName":"C.Ryan","statId":79,"yards":0}]}},"2196":{"sp":0,"qtr":3,"down":2,"time":"10:01","yrdln":"IND 14","ydstogo":8,"ydsnet":12,"posteam":"IND","desc":"(10:01) (Shotgun) P.Manning pass incomplete short middle to A.Collie.","note":null,"players":{"00-0010346":[{"sequence":1,"clubcode":"IND","playerName":"P.Manning","statId":14,"yards":0},{"sequence":3,"clubcode":"IND","playerName":"P.Manning","statId":112,"yards":3}],"00-0027092":[{"sequence":2,"clubcode":"IND","playerName":"A.Collie","statId":115,"yards":0}]}},"2218":{"sp":0,"qtr":3,"down":3,"time":"09:50","yrdln":"IND 14","ydstogo":8,"ydsnet":14,"posteam":"IND","desc":"(9:50) (Shotgun) P.Manning pass short left to A.Collie to IND 16 for 2 yards (C.Ah You).","note":null,"players":{"00-0010346":[{"sequence":2,"clubcode":"IND","playerName":"P.Manning","statId":15,"yards":2},{"sequence":3,"clubcode":"IND","playerName":"P.Manning","statId":111,"yards":-1}],"00-0025626":[{"sequence":7,"clubcode":"STL","playerName":"C.Ah You","statId":79,"yards":0}],"0":[{"sequence":1,"clubcode":"IND","playerName":"","statId":7,"yards":0}],"00-0027092":[{"sequence":4,"clubcode":"IND","playerName":"A.Collie","statId":21,"yards":2},{"sequence":5,"clubcode":"IND","playerName":"A.Collie","statId":115,"yards":0},{"sequence":6,"clubcode":"IND","playerName":"A.Collie","statId":113,"yards":3}]}},"2242":{"sp":0,"qtr":3,"down":4,"time":"09:13","yrdln":"IND 16","ydstogo":6,"ydsnet":14,"posteam":"IND","desc":"(9:13) P.McAfee punts 50 yards to STL 34, Center-J.Snow. D.Amendola to STL 40 for 6 yards (T.Rushing).","note":"PUNT","players":{"00-0024452":[{"sequence":3,"clubcode":"IND","playerName":"T.Rushing","statId":79,"yards":0}],"00-0027145":[{"sequence":1,"clubcode":"IND","playerName":"P.McAfee","statId":29,"yards":50}],"00-0026035":[{"sequence":2,"clubcode":"STL","playerName":"D.Amendola","statId":33,"yards":6}]}}},"fds":1,"result":"Punt","penyds":0,"ydsgained":14,"numplays":5,"postime":"2:04","start":{"qtr":3,"time":"11:07","yrdln":"IND 2","team":"IND"},"end":{"qtr":3,"time":"09:03","yrdln":"IND 16","team":"IND"}},"14":{"posteam":"STL","qtr":3,"redzone":true,"plays":{"2267":{"sp":0,"qtr":3,"down":1,"time":"09:03","yrdln":"STL 40","ydstogo":10,"ydsnet":12,"posteam":"STL","desc":"(9:03) S.Jackson right tackle to IND 48 for 12 yards (D.Muir).","note":null,"players":{"00-0024692":[{"sequence":3,"clubcode":"IND","playerName":"D.Muir","statId":79,"yards":0}],"0":[{"sequence":1,"clubcode":"STL","playerName":"","statId":3,"yards":0}],"00-0022736":[{"sequence":2,"clubcode":"STL","playerName":"S.Jackson","statId":10,"yards":12}]}},"2288":{"sp":0,"qtr":3,"down":1,"time":"08:31","yrdln":"IND 48","ydstogo":10,"ydsnet":23,"posteam":"STL","desc":"(8:31) S.Jackson right guard to IND 37 for 11 yards (A.Bethea).","note":null,"players":{"0":[{"sequence":1,"clubcode":"STL","playerName":"","statId":3,"yards":0}],"00-0024421":[{"sequence":3,"clubcode":"IND","playerName":"A.Bethea","statId":79,"yards":0}],"00-0022736":[{"sequence":2,"clubcode":"STL","playerName":"S.Jackson","statId":10,"yards":11}]}},"2309":{"sp":0,"qtr":3,"down":1,"time":"07:46","yrdln":"IND 37","ydstogo":10,"ydsnet":36,"posteam":"STL","desc":"(7:46) S.Jackson right tackle to IND 24 for 13 yards (K.Hayden).","note":null,"players":{"00-0023495":[{"sequence":3,"clubcode":"IND","playerName":"K.Hayden","statId":79,"yards":0}],"0":[{"sequence":1,"clubcode":"STL","playerName":"","statId":3,"yards":0}],"00-0022736":[{"sequence":2,"clubcode":"STL","playerName":"S.Jackson","statId":10,"yards":13}]}},"2330":{"sp":0,"qtr":3,"down":1,"time":"07:03","yrdln":"IND 24","ydstogo":10,"ydsnet":35,"posteam":"STL","desc":"(7:03) S.Gado left guard to IND 25 for -1 yards (R.Mathis).","note":null,"players":{"00-0022059":[{"sequence":3,"clubcode":"IND","playerName":"R.Mathis","statId":79,"yards":0},{"sequence":4,"clubcode":"IND","playerName":"R.Mathis","statId":120,"yards":0}],"0":[{"sequence":2,"clubcode":"STL","playerName":"","statId":95,"yards":-1}],"00-0023074":[{"sequence":1,"clubcode":"STL","playerName":"S.Gado","statId":10,"yards":-1}]}},"2351":{"sp":0,"qtr":3,"down":2,"time":"06:28","yrdln":"IND 25","ydstogo":11,"ydsnet":33,"posteam":"STL","desc":"(6:28) M.Bulger sacked at IND 35 for -10 yards (sack split by D.Muir and C.Session).","note":null,"players":{"00-0024692":[{"sequence":2,"clubcode":"IND","playerName":"D.Muir","statId":84,"yards":-10},{"sequence":4,"clubcode":"IND","playerName":"D.Muir","statId":110,"yards":0},{"sequence":6,"clubcode":"IND","playerName":"D.Muir","statId":80,"yards":0},{"sequence":8,"clubcode":"IND","playerName":"D.Muir","statId":120,"yards":0}],"00-0019599":[{"sequence":1,"clubcode":"STL","playerName":"M.Bulger","statId":20,"yards":-10}],"00-0025523":[{"sequence":3,"clubcode":"IND","playerName":"C.Session","statId":84,"yards":-10},{"sequence":5,"clubcode":"IND","playerName":"C.Session","statId":110,"yards":0},{"sequence":7,"clubcode":"IND","playerName":"C.Session","statId":82,"yards":0}]}},"2370":{"sp":0,"qtr":3,"down":3,"time":"05:56","yrdln":"IND 35","ydstogo":21,"ydsnet":33,"posteam":"STL","desc":"(5:56) (Shotgun) S.Jackson left guard to IND 27 for 8 yards (A.Bethea).","note":null,"players":{"0":[{"sequence":1,"clubcode":"STL","playerName":"","statId":7,"yards":0}],"00-0024421":[{"sequence":3,"clubcode":"IND","playerName":"A.Bethea","statId":79,"yards":0}],"00-0022736":[{"sequence":2,"clubcode":"STL","playerName":"S.Jackson","statId":10,"yards":8}]}},"2391":{"sp":1,"qtr":3,"down":4,"time":"05:13","yrdln":"IND 27","ydstogo":13,"ydsnet":33,"posteam":"STL","desc":"(5:13) Josh.Brown 45 yard field goal is GOOD, Center-C.Massey, Holder-D.Jones.","note":"FG","players":{"00-0021940":[{"sequence":1,"clubcode":"STL","playerName":"Josh.Brown","statId":70,"yards":45}]}}},"fds":3,"result":"Field Goal","penyds":0,"ydsgained":33,"numplays":7,"postime":"3:56","start":{"qtr":3,"time":"09:03","yrdln":"STL 40","team":"STL"},"end":{"qtr":3,"time":"05:07","yrdln":"IND 27","team":"STL"}},"15":{"posteam":"IND","qtr":3,"redzone":true,"plays":{"2410":{"sp":0,"qtr":3,"down":0,"time":"05:07","yrdln":"STL 30","ydstogo":0,"ydsnet":0,"posteam":"STL","desc":"Josh.Brown kicks 72 yards from STL 30 to IND -2. C.Simpson to IND 31 for 33 yards (A.Smith).","note":"KICKOFF","players":{"00-0025997":[{"sequence":2,"clubcode":"IND","playerName":"C.Simpson","statId":45,"yards":33}],"00-0021940":[{"sequence":1,"clubcode":"STL","playerName":"Josh.Brown","statId":43,"yards":72}],"00-0024298":[{"sequence":3,"clubcode":"STL","playerName":"A.Smith","statId":79,"yards":0}]}},"2432":{"sp":0,"qtr":3,"down":1,"time":"05:01","yrdln":"IND 31","ydstogo":10,"ydsnet":2,"posteam":"IND","desc":"(5:01) J.Addai right end to IND 33 for 2 yards (B.Fletcher).","note":null,"players":{"00-0024245":[{"sequence":1,"clubcode":"IND","playerName":"J.Addai","statId":10,"yards":2}],"00-0027041":[{"sequence":2,"clubcode":"STL","playerName":"B.Fletcher","statId":79,"yards":0}]}},"2453":{"sp":0,"qtr":3,"down":2,"time":"04:38","yrdln":"IND 33","ydstogo":8,"ydsnet":5,"posteam":"IND","desc":"(4:38) (Shotgun) P.Manning pass short middle to J.Addai to IND 36 for 3 yards (C.Ah You).","note":null,"players":{"00-0024245":[{"sequence":3,"clubcode":"IND","playerName":"J.Addai","statId":21,"yards":3},{"sequence":4,"clubcode":"IND","playerName":"J.Addai","statId":115,"yards":0},{"sequence":5,"clubcode":"IND","playerName":"J.Addai","statId":113,"yards":1}],"00-0010346":[{"sequence":1,"clubcode":"IND","playerName":"P.Manning","statId":15,"yards":3},{"sequence":2,"clubcode":"IND","playerName":"P.Manning","statId":111,"yards":2}],"00-0025626":[{"sequence":6,"clubcode":"STL","playerName":"C.Ah You","statId":79,"yards":0}]}},"2481":{"sp":0,"qtr":3,"down":3,"time":"04:04","yrdln":"IND 36","ydstogo":5,"ydsnet":12,"posteam":"IND","desc":"(4:04) (Shotgun) P.Manning pass short middle to R.Wayne to IND 43 for 7 yards (R.Bartell).","note":null,"players":{"00-0010346":[{"sequence":3,"clubcode":"IND","playerName":"P.Manning","statId":15,"yards":7},{"sequence":4,"clubcode":"IND","playerName":"P.Manning","statId":111,"yards":6}],"00-0023485":[{"sequence":8,"clubcode":"STL","playerName":"R.Bartell","statId":79,"yards":0}],"0":[{"sequence":1,"clubcode":"IND","playerName":"","statId":4,"yards":0},{"sequence":2,"clubcode":"IND","playerName":"","statId":6,"yards":0}],"00-0020498":[{"sequence":5,"clubcode":"IND","playerName":"R.Wayne","statId":21,"yards":7},{"sequence":6,"clubcode":"IND","playerName":"R.Wayne","statId":115,"yards":0},{"sequence":7,"clubcode":"IND","playerName":"R.Wayne","statId":113,"yards":1}]}},"2505":{"sp":0,"qtr":3,"down":1,"time":"03:32","yrdln":"IND 43","ydstogo":10,"ydsnet":10,"posteam":"IND","desc":"(3:32) J.Addai right end pushed ob at IND 41 for -2 yards (B.Fletcher).","note":null,"players":{"00-0024245":[{"sequence":1,"clubcode":"IND","playerName":"J.Addai","statId":10,"yards":-2}],"00-0027041":[{"sequence":3,"clubcode":"STL","playerName":"B.Fletcher","statId":79,"yards":0},{"sequence":4,"clubcode":"STL","playerName":"B.Fletcher","statId":120,"yards":0}],"0":[{"sequence":2,"clubcode":"IND","playerName":"","statId":95,"yards":-2}]}},"2526":{"sp":0,"qtr":3,"down":2,"time":"03:04","yrdln":"IND 41","ydstogo":12,"ydsnet":14,"posteam":"IND","desc":"(3:04) (Shotgun) P.Manning pass short right to P.Garcon to IND 45 for 4 yards (L.Ramsey).","note":null,"players":{"00-0024418":[{"sequence":6,"clubcode":"STL","playerName":"L.Ramsey","statId":79,"yards":0}],"00-0010346":[{"sequence":1,"clubcode":"IND","playerName":"P.Manning","statId":15,"yards":4},{"sequence":2,"clubcode":"IND","playerName":"P.Manning","statId":111,"yards":4}],"00-0026345":[{"sequence":3,"clubcode":"IND","playerName":"P.Garcon","statId":21,"yards":4},{"sequence":4,"clubcode":"IND","playerName":"P.Garcon","statId":115,"yards":0},{"sequence":5,"clubcode":"IND","playerName":"P.Garcon","statId":113,"yards":0}]}},"2550":{"sp":0,"qtr":3,"down":3,"time":"02:43","yrdln":"IND 45","ydstogo":8,"ydsnet":31,"posteam":"IND","desc":"(2:43) P.Manning pass short left to A.Collie to STL 38 for 17 yards (R.Bartell).","note":null,"players":{"00-0010346":[{"sequence":3,"clubcode":"IND","playerName":"P.Manning","statId":15,"yards":17},{"sequence":4,"clubcode":"IND","playerName":"P.Manning","statId":111,"yards":4}],"00-0023485":[{"sequence":8,"clubcode":"STL","playerName":"R.Bartell","statId":79,"yards":0}],"0":[{"sequence":1,"clubcode":"IND","playerName":"","statId":4,"yards":0},{"sequence":2,"clubcode":"IND","playerName":"","statId":6,"yards":0}],"00-0027092":[{"sequence":5,"clubcode":"IND","playerName":"A.Collie","statId":21,"yards":17},{"sequence":6,"clubcode":"IND","playerName":"A.Collie","statId":115,"yards":0},{"sequence":7,"clubcode":"IND","playerName":"A.Collie","statId":113,"yards":13}]}},"2574":{"sp":0,"qtr":3,"down":1,"time":"02:02","yrdln":"STL 38","ydstogo":10,"ydsnet":31,"posteam":"IND","desc":"(2:02) P.Manning pass incomplete deep middle to P.Garcon.","note":null,"players":{"00-0010346":[{"sequence":1,"clubcode":"IND","playerName":"P.Manning","statId":14,"yards":0},{"sequence":3,"clubcode":"IND","playerName":"P.Manning","statId":112,"yards":30}],"00-0026345":[{"sequence":2,"clubcode":"IND","playerName":"P.Garcon","statId":115,"yards":0}]}},"2596":{"sp":0,"qtr":3,"down":2,"time":"01:55","yrdln":"STL 38","ydstogo":10,"ydsnet":31,"posteam":"IND","desc":"(1:55) P.Manning pass incomplete short right to P.Garcon.","note":null,"players":{"00-0010346":[{"sequence":1,"clubcode":"IND","playerName":"P.Manning","statId":14,"yards":0},{"sequence":3,"clubcode":"IND","playerName":"P.Manning","statId":112,"yards":5}],"00-0026345":[{"sequence":2,"clubcode":"IND","playerName":"P.Garcon","statId":115,"yards":0}]}},"2618":{"sp":0,"qtr":3,"down":3,"time":"01:51","yrdln":"STL 38","ydstogo":10,"ydsnet":31,"posteam":"IND","desc":"(1:51) (Shotgun) P.Manning pass incomplete deep left to R.Wayne.","note":null,"players":{"00-0010346":[{"sequence":2,"clubcode":"IND","playerName":"P.Manning","statId":14,"yards":0},{"sequence":4,"clubcode":"IND","playerName":"P.Manning","statId":112,"yards":33}],"0":[{"sequence":1,"clubcode":"IND","playerName":"","statId":7,"yards":0}],"00-0020498":[{"sequence":3,"clubcode":"IND","playerName":"R.Wayne","statId":115,"yards":0}]}},"2640":{"sp":0,"qtr":3,"down":4,"time":"01:47","yrdln":"STL 38","ydstogo":10,"ydsnet":31,"posteam":"IND","desc":"(1:47) P.McAfee punts 28 yards to STL 10, Center-J.Snow, fair catch by D.Amendola.","note":"PUNT","players":{"00-0027145":[{"sequence":1,"clubcode":"IND","playerName":"P.McAfee","statId":29,"yards":28},{"sequence":2,"clubcode":"IND","playerName":"P.McAfee","statId":30,"yards":0}],"00-0026035":[{"sequence":3,"clubcode":"STL","playerName":"D.Amendola","statId":39,"yards":0}]}}},"fds":2,"result":"Punt","penyds":0,"ydsgained":31,"numplays":11,"postime":"3:28","start":{"qtr":3,"time":"05:07","yrdln":"IND 31","team":"IND"},"end":{"qtr":3,"time":"01:39","yrdln":"STL 38","team":"IND"}},"16":{"posteam":"STL","qtr":3,"redzone":true,"plays":{"2659":{"sp":0,"qtr":3,"down":1,"time":"01:39","yrdln":"STL 10","ydstogo":10,"ydsnet":14,"posteam":"STL","desc":"(1:39) S.Jackson left tackle to STL 24 for 14 yards (M.Bullitt).","note":null,"players":{"00-0024697":[{"sequence":3,"clubcode":"IND","playerName":"M.Bullitt","statId":79,"yards":0}],"0":[{"sequence":1,"clubcode":"STL","playerName":"","statId":3,"yards":0}],"00-0022736":[{"sequence":2,"clubcode":"STL","playerName":"S.Jackson","statId":10,"yards":14}]}},"2680":{"sp":1,"qtr":3,"down":1,"time":"01:10","yrdln":"STL 24","ydstogo":10,"ydsnet":14,"posteam":"STL","desc":"(1:10) M.Bulger pass short right INTERCEPTED by J.Lacey at STL 35. J.Lacey for 35 yards, TOUCHDOWN. PENALTY on IND-J.Lacey, Unsportsmanlike Conduct, 15 yards, enforced between downs.","note":"TD","players":{"00-0019599":[{"sequence":1,"clubcode":"STL","playerName":"M.Bulger","statId":19,"yards":0},{"sequence":2,"clubcode":"STL","playerName":"M.Bulger","statId":112,"yards":11}],"00-0026674":[{"sequence":3,"clubcode":"IND","playerName":"J.Lacey","statId":26,"yards":35},{"sequence":4,"clubcode":"IND","playerName":"J.Lacey","statId":85,"yards":0},{"sequence":5,"clubcode":"IND","playerName":"J.Lacey","statId":93,"yards":15}]}}},"fds":1,"result":"Interception","penyds":0,"ydsgained":14,"numplays":2,"postime":"0:39","start":{"qtr":3,"time":"01:39","yrdln":"STL 10","team":"STL"},"end":{"qtr":3,"time":"01:00","yrdln":"STL 24","team":"STL"}},"17":{"posteam":"STL","qtr":4,"redzone":true,"plays":{"2730":{"sp":0,"qtr":3,"down":0,"time":"01:00","yrdln":"IND 15","ydstogo":0,"ydsnet":51,"posteam":"IND","desc":"P.McAfee kicks 73 yards from IND 15 to STL 12. D.Amendola to STL 38 for 26 yards (J.Tamme).","note":"KICKOFF","players":{"00-0027145":[{"sequence":1,"clubcode":"IND","playerName":"P.McAfee","statId":41,"yards":73}],"00-0026267":[{"sequence":3,"clubcode":"IND","playerName":"J.Tamme","statId":79,"yards":0}],"00-0026035":[{"sequence":2,"clubcode":"STL","playerName":"D.Amendola","statId":45,"yards":26}]}},"2752":{"sp":0,"qtr":3,"down":1,"time":"00:53","yrdln":"STL 38","ydstogo":10,"ydsnet":9,"posteam":"STL","desc":"(:53) S.Jackson up the middle to STL 47 for 9 yards (D.Muir).","note":null,"players":{"00-0024692":[{"sequence":2,"clubcode":"IND","playerName":"D.Muir","statId":79,"yards":0}],"00-0022736":[{"sequence":1,"clubcode":"STL","playerName":"S.Jackson","statId":10,"yards":9}]}},"2773":{"sp":0,"qtr":3,"down":2,"time":"00:16","yrdln":"STL 47","ydstogo":1,"ydsnet":51,"posteam":"STL","desc":"(:16) S.Jackson up the middle to IND 39 for 14 yards (M.Bullitt). STL-R.Incognito was injured during the play. His return is Questionable.","note":null,"players":{"00-0024697":[{"sequence":3,"clubcode":"IND","playerName":"M.Bullitt","statId":79,"yards":0}],"0":[{"sequence":1,"clubcode":"STL","playerName":"","statId":3,"yards":0}],"00-0022736":[{"sequence":2,"clubcode":"STL","playerName":"S.Jackson","statId":10,"yards":14}]}},"2794":{"sp":0,"qtr":3,"down":0,"time":"","yrdln":"","ydstogo":0,"ydsnet":23,"posteam":"","desc":"END QUARTER 3","note":null,"players":{}},"2810":{"sp":0,"qtr":4,"down":1,"time":"15:00","yrdln":"IND 39","ydstogo":10,"ydsnet":25,"posteam":"STL","desc":"(15:00) M.Bulger pass short right to R.McMichael to IND 37 for 2 yards (K.Hayden).","note":null,"players":{"00-0023495":[{"sequence":6,"clubcode":"IND","playerName":"K.Hayden","statId":79,"yards":0}],"00-0021236":[{"sequence":3,"clubcode":"STL","playerName":"R.McMichael","statId":21,"yards":2},{"sequence":4,"clubcode":"STL","playerName":"R.McMichael","statId":115,"yards":0},{"sequence":5,"clubcode":"STL","playerName":"R.McMichael","statId":113,"yards":2}],"00-0019599":[{"sequence":1,"clubcode":"STL","playerName":"M.Bulger","statId":15,"yards":2},{"sequence":2,"clubcode":"STL","playerName":"M.Bulger","statId":111,"yards":0}]}},"2834":{"sp":0,"qtr":4,"down":2,"time":"14:23","yrdln":"IND 37","ydstogo":8,"ydsnet":26,"posteam":"STL","desc":"(14:23) S.Jackson up the middle to IND 36 for 1 yard (R.Mathis).","note":null,"players":{"00-0022059":[{"sequence":2,"clubcode":"IND","playerName":"R.Mathis","statId":79,"yards":0}],"00-0022736":[{"sequence":1,"clubcode":"STL","playerName":"S.Jackson","statId":10,"yards":1}]}},"2855":{"sp":0,"qtr":4,"down":3,"time":"13:47","yrdln":"IND 36","ydstogo":7,"ydsnet":37,"posteam":"STL","desc":"(13:47) (Shotgun) M.Bulger pass short left to K.Burton ran ob at IND 25 for 11 yards (J.Lacey).","note":null,"players":{"00-0019599":[{"sequence":3,"clubcode":"STL","playerName":"M.Bulger","statId":15,"yards":11},{"sequence":4,"clubcode":"STL","playerName":"M.Bulger","statId":111,"yards":10}],"00-0026674":[{"sequence":8,"clubcode":"IND","playerName":"J.Lacey","statId":79,"yards":0}],"00-0026268":[{"sequence":5,"clubcode":"STL","playerName":"K.Burton","statId":21,"yards":11},{"sequence":6,"clubcode":"STL","playerName":"K.Burton","statId":115,"yards":0},{"sequence":7,"clubcode":"STL","playerName":"K.Burton","statId":113,"yards":1}],"0":[{"sequence":1,"clubcode":"STL","playerName":"","statId":4,"yards":0},{"sequence":2,"clubcode":"STL","playerName":"","statId":6,"yards":0}]}},"2879":{"sp":0,"qtr":4,"down":1,"time":"13:19","yrdln":"IND 25","ydstogo":10,"ydsnet":45,"posteam":"STL","desc":"(13:19) M.Bulger pass short right to D.Amendola to IND 17 for 8 yards (A.Bethea).","note":null,"players":{"00-0019599":[{"sequence":1,"clubcode":"STL","playerName":"M.Bulger","statId":15,"yards":8},{"sequence":2,"clubcode":"STL","playerName":"M.Bulger","statId":111,"yards":-2}],"00-0024421":[{"sequence":6,"clubcode":"IND","playerName":"A.Bethea","statId":79,"yards":0}],"00-0026035":[{"sequence":3,"clubcode":"STL","playerName":"D.Amendola","statId":21,"yards":8},{"sequence":4,"clubcode":"STL","playerName":"D.Amendola","statId":115,"yards":0},{"sequence":5,"clubcode":"STL","playerName":"D.Amendola","statId":113,"yards":10}]}},"2903":{"sp":0,"qtr":4,"down":2,"time":"12:40","yrdln":"IND 17","ydstogo":2,"ydsnet":48,"posteam":"STL","desc":"(12:40) M.Bulger pass short left to D.Amendola pushed ob at IND 14 for 3 yards (J.Powers).","note":null,"players":{"00-0027064":[{"sequence":7,"clubcode":"IND","playerName":"J.Powers","statId":79,"yards":0}],"00-0019599":[{"sequence":2,"clubcode":"STL","playerName":"M.Bulger","statId":15,"yards":3},{"sequence":3,"clubcode":"STL","playerName":"M.Bulger","statId":111,"yards":-2}],"0":[{"sequence":1,"clubcode":"STL","playerName":"","statId":4,"yards":0}],"00-0026035":[{"sequence":4,"clubcode":"STL","playerName":"D.Amendola","statId":21,"yards":3},{"sequence":5,"clubcode":"STL","playerName":"D.Amendola","statId":115,"yards":0},{"sequence":6,"clubcode":"STL","playerName":"D.Amendola","statId":113,"yards":5}]}},"2933":{"sp":0,"qtr":4,"down":1,"time":"11:59","yrdln":"IND 14","ydstogo":10,"ydsnet":48,"posteam":"STL","desc":"(11:59) S.Jackson left tackle to IND 14 for no gain (C.Session).","note":null,"players":{"00-0025523":[{"sequence":2,"clubcode":"IND","playerName":"C.Session","statId":79,"yards":0}],"00-0022736":[{"sequence":1,"clubcode":"STL","playerName":"S.Jackson","statId":10,"yards":0}]}},"2954":{"sp":0,"qtr":4,"down":2,"time":"11:21","yrdln":"IND 14","ydstogo":10,"ydsnet":51,"posteam":"STL","desc":"(11:21) S.Jackson up the middle to IND 11 for 3 yards (F.Moala).","note":null,"players":{"00-0027032":[{"sequence":2,"clubcode":"IND","playerName":"F.Moala","statId":79,"yards":0}],"00-0022736":[{"sequence":1,"clubcode":"STL","playerName":"S.Jackson","statId":10,"yards":3}]}},"2975":{"sp":0,"qtr":4,"down":3,"time":"10:44","yrdln":"IND 11","ydstogo":7,"ydsnet":51,"posteam":"STL","desc":"(10:44) M.Bulger pass incomplete short right to R.McMichael.","note":null,"players":{"00-0021236":[{"sequence":3,"clubcode":"STL","playerName":"R.McMichael","statId":115,"yards":0}],"00-0019599":[{"sequence":2,"clubcode":"STL","playerName":"M.Bulger","statId":14,"yards":0},{"sequence":4,"clubcode":"STL","playerName":"M.Bulger","statId":112,"yards":6}],"0":[{"sequence":1,"clubcode":"STL","playerName":"","statId":7,"yards":0}]}},"2997":{"sp":0,"qtr":4,"down":4,"time":"10:36","yrdln":"IND 11","ydstogo":7,"ydsnet":51,"posteam":"STL","desc":"(10:36) (Shotgun) M.Bulger pass short right intended for K.Burton INTERCEPTED by K.Hayden at IND 1. K.Hayden to IND 7 for 6 yards (K.Burton).","note":"INT","players":{"00-0023495":[{"sequence":5,"clubcode":"IND","playerName":"K.Hayden","statId":25,"yards":6},{"sequence":6,"clubcode":"IND","playerName":"K.Hayden","statId":85,"yards":0}],"00-0019599":[{"sequence":2,"clubcode":"STL","playerName":"M.Bulger","statId":19,"yards":0},{"sequence":4,"clubcode":"STL","playerName":"M.Bulger","statId":112,"yards":10}],"00-0026268":[{"sequence":3,"clubcode":"STL","playerName":"K.Burton","statId":115,"yards":0},{"sequence":7,"clubcode":"STL","playerName":"K.Burton","statId":79,"yards":0}],"0":[{"sequence":1,"clubcode":"STL","playerName":"","statId":9,"yards":0}]}}},"fds":3,"result":"Interception","penyds":0,"ydsgained":51,"numplays":13,"postime":"5:31","start":{"qtr":3,"time":"01:00","yrdln":"STL 38","team":"STL"},"end":{"qtr":3,"time":"10:29","yrdln":"IND 11","team":"STL"}},"18":{"posteam":"IND","qtr":4,"redzone":true,"plays":{"3023":{"sp":0,"qtr":4,"down":1,"time":"10:29","yrdln":"IND 7","ydstogo":10,"ydsnet":4,"posteam":"IND","desc":"(10:29) J.Addai left end pushed ob at IND 11 for 4 yards (C.Long).","note":null,"players":{"00-0026142":[{"sequence":2,"clubcode":"STL","playerName":"C.Long","statId":79,"yards":0}],"00-0024245":[{"sequence":1,"clubcode":"IND","playerName":"J.Addai","statId":10,"yards":4}]}},"3044":{"sp":0,"qtr":4,"down":2,"time":"10:05","yrdln":"IND 11","ydstogo":6,"ydsnet":13,"posteam":"IND","desc":"(10:05) (Shotgun) P.Manning pass short right to G.Robinson pushed ob at IND 20 for 9 yards (L.Grant).","note":null,"players":{"00-0026354":[{"sequence":7,"clubcode":"STL","playerName":"L.Grant","statId":79,"yards":0}],"00-0024529":[{"sequence":4,"clubcode":"IND","playerName":"G.Robinson","statId":21,"yards":9},{"sequence":5,"clubcode":"IND","playerName":"G.Robinson","statId":115,"yards":0},{"sequence":6,"clubcode":"IND","playerName":"G.Robinson","statId":113,"yards":0}],"00-0010346":[{"sequence":2,"clubcode":"IND","playerName":"P.Manning","statId":15,"yards":9},{"sequence":3,"clubcode":"IND","playerName":"P.Manning","statId":111,"yards":9}],"0":[{"sequence":1,"clubcode":"IND","playerName":"","statId":4,"yards":0}]}},"3068":{"sp":0,"qtr":4,"down":1,"time":"09:40","yrdln":"IND 20","ydstogo":10,"ydsnet":25,"posteam":"IND","desc":"(9:40) J.Addai left tackle to IND 32 for 12 yards (O.Atogwe).","note":null,"players":{"00-0023501":[{"sequence":3,"clubcode":"STL","playerName":"O.Atogwe","statId":79,"yards":0}],"00-0024245":[{"sequence":2,"clubcode":"IND","playerName":"J.Addai","statId":10,"yards":12}],"0":[{"sequence":1,"clubcode":"IND","playerName":"","statId":3,"yards":0}]}},"3089":{"sp":0,"qtr":4,"down":1,"time":"08:57","yrdln":"IND 32","ydstogo":10,"ydsnet":27,"posteam":"IND","desc":"(8:57) (Shotgun) P.Manning pass short left to C.Simpson to IND 34 for 2 yards (J.Butler).","note":null,"players":{"00-0025997":[{"sequence":3,"clubcode":"IND","playerName":"C.Simpson","statId":21,"yards":2},{"sequence":4,"clubcode":"IND","playerName":"C.Simpson","statId":115,"yards":0},{"sequence":5,"clubcode":"IND","playerName":"C.Simpson","statId":113,"yards":9}],"00-0010346":[{"sequence":1,"clubcode":"IND","playerName":"P.Manning","statId":15,"yards":2},{"sequence":2,"clubcode":"IND","playerName":"P.Manning","statId":111,"yards":-7}],"00-0023053":[{"sequence":6,"clubcode":"STL","playerName":"J.Butler","statId":79,"yards":0}]}},"3113":{"sp":0,"qtr":4,"down":2,"time":"08:31","yrdln":"IND 34","ydstogo":8,"ydsnet":32,"posteam":"IND","desc":"(8:31) C.Simpson right tackle to IND 35 for 1 yard (J.Laurinaitis). PENALTY on STL, Defensive 12 On-field, 5 yards, enforced at IND 34 - No Play.","note":"PENALTY","players":{"0":[{"sequence":1,"clubcode":"STL","playerName":"","statId":93,"yards":5}]}},"3146":{"sp":0,"qtr":4,"down":2,"time":"08:12","yrdln":"IND 39","ydstogo":3,"ydsnet":37,"posteam":"IND","desc":"(8:12) (Shotgun) P.Manning pass short left to H.Baskett to IND 44 for 5 yards (J.Laurinaitis).","note":null,"players":{"00-0010346":[{"sequence":2,"clubcode":"IND","playerName":"P.Manning","statId":15,"yards":5},{"sequence":3,"clubcode":"IND","playerName":"P.Manning","statId":111,"yards":5}],"0":[{"sequence":1,"clubcode":"IND","playerName":"","statId":4,"yards":0}],"00-0024013":[{"sequence":4,"clubcode":"IND","playerName":"H.Baskett","statId":21,"yards":5},{"sequence":5,"clubcode":"IND","playerName":"H.Baskett","statId":115,"yards":0},{"sequence":6,"clubcode":"IND","playerName":"H.Baskett","statId":113,"yards":0}],"00-0027011":[{"sequence":7,"clubcode":"STL","playerName":"J.Laurinaitis","statId":79,"yards":0}]}},"3170":{"sp":0,"qtr":4,"down":1,"time":"07:25","yrdln":"IND 44","ydstogo":10,"ydsnet":44,"posteam":"IND","desc":"(7:25) J.Addai right tackle to STL 49 for 7 yards (O.Atogwe).","note":null,"players":{"00-0023501":[{"sequence":2,"clubcode":"STL","playerName":"O.Atogwe","statId":79,"yards":0}],"00-0024245":[{"sequence":1,"clubcode":"IND","playerName":"J.Addai","statId":10,"yards":7}]}},"3191":{"sp":0,"qtr":4,"down":2,"time":"06:43","yrdln":"STL 49","ydstogo":3,"ydsnet":44,"posteam":"IND","desc":"(6:43) P.Manning pass incomplete deep right to P.Garcon (B.Fletcher). STL-B.Fletcher was injured during the play.","note":null,"players":{"00-0010346":[{"sequence":1,"clubcode":"IND","playerName":"P.Manning","statId":14,"yards":0},{"sequence":4,"clubcode":"IND","playerName":"P.Manning","statId":112,"yards":29}],"00-0027041":[{"sequence":3,"clubcode":"STL","playerName":"B.Fletcher","statId":85,"yards":0}],"00-0026345":[{"sequence":2,"clubcode":"IND","playerName":"P.Garcon","statId":115,"yards":0}]}},"3216":{"sp":0,"qtr":4,"down":3,"time":"06:36","yrdln":"STL 49","ydstogo":3,"ydsnet":48,"posteam":"IND","desc":"(6:36) J.Addai right tackle to STL 47 for 2 yards (O.Atogwe). Play Challenged by IND and REVERSED. J.Addai right tackle to STL 45 for 4 yards (O.Atogwe).","note":null,"players":{"00-0023501":[{"sequence":4,"clubcode":"STL","playerName":"O.Atogwe","statId":79,"yards":0}],"00-0024245":[{"sequence":3,"clubcode":"IND","playerName":"J.Addai","statId":10,"yards":4}],"0":[{"sequence":1,"clubcode":"IND","playerName":"","statId":3,"yards":0},{"sequence":2,"clubcode":"IND","playerName":"","statId":6,"yards":0}]}},"3241":{"sp":0,"qtr":4,"down":1,"time":"05:36","yrdln":"STL 45","ydstogo":10,"ydsnet":49,"posteam":"IND","desc":"(5:36) C.Simpson left tackle to STL 44 for 1 yard (C.Long).","note":null,"players":{"00-0026142":[{"sequence":2,"clubcode":"STL","playerName":"C.Long","statId":79,"yards":0}],"00-0025997":[{"sequence":1,"clubcode":"IND","playerName":"C.Simpson","statId":10,"yards":1}]}},"3287":{"sp":0,"qtr":4,"down":2,"time":"04:47","yrdln":"STL 44","ydstogo":9,"ydsnet":52,"posteam":"IND","desc":"(4:47) C.Simpson right tackle to STL 41 for 3 yards (L.Douzable).","note":null,"players":{"00-0025997":[{"sequence":1,"clubcode":"IND","playerName":"C.Simpson","statId":10,"yards":3}],"00-0025942":[{"sequence":2,"clubcode":"STL","playerName":"L.Douzable","statId":79,"yards":0}]}},"3308":{"sp":0,"qtr":4,"down":3,"time":"04:04","yrdln":"STL 41","ydstogo":6,"ydsnet":42,"posteam":"IND","desc":"(4:04) (Shotgun) P.Manning pass short right to P.Garcon to STL 34 for 7 yards. PENALTY on IND-P.Garcon, Offensive Pass Interference, 10 yards, enforced at STL 41 - No Play.","note":"PENALTY","players":{"00-0026345":[{"sequence":1,"clubcode":"IND","playerName":"P.Garcon","statId":93,"yards":10}]}},"3343":{"sp":0,"qtr":4,"down":3,"time":"03:52","yrdln":"IND 49","ydstogo":16,"ydsnet":85,"posteam":"IND","desc":"(3:52) (Shotgun) P.Manning pass incomplete deep middle to P.Garcon. PENALTY on STL-O.Atogwe, Defensive Pass Interference, 43 yards, enforced at IND 49 - No Play.","note":"PENALTY","players":{"00-0023501":[{"sequence":2,"clubcode":"STL","playerName":"O.Atogwe","statId":93,"yards":43}],"0":[{"sequence":1,"clubcode":"IND","playerName":"","statId":5,"yards":0}]}},"3376":{"sp":1,"qtr":4,"down":1,"time":"03:46","yrdln":"STL 8","ydstogo":8,"ydsnet":93,"posteam":"IND","desc":"(3:46) (Shotgun) P.Manning pass short middle to A.Collie for 8 yards, TOUCHDOWN.","note":"TD","players":{"00-0010346":[{"sequence":2,"clubcode":"IND","playerName":"P.Manning","statId":16,"yards":8},{"sequence":3,"clubcode":"IND","playerName":"P.Manning","statId":111,"yards":8}],"0":[{"sequence":1,"clubcode":"IND","playerName":"","statId":4,"yards":0}],"00-0027092":[{"sequence":4,"clubcode":"IND","playerName":"A.Collie","statId":22,"yards":8},{"sequence":5,"clubcode":"IND","playerName":"A.Collie","statId":115,"yards":0},{"sequence":6,"clubcode":"IND","playerName":"A.Collie","statId":113,"yards":0}]}},"3396":{"sp":1,"qtr":4,"down":0,"time":"03:42","yrdln":"STL 2","ydstogo":0,"ydsnet":93,"posteam":"IND","desc":"M.Stover extra point is GOOD, Center-J.Snow, Holder-P.McAfee.","note":"XP","players":{"00-0015784":[{"sequence":1,"clubcode":"IND","playerName":"M.Stover","statId":72,"yards":0}]}}},"fds":6,"result":"Touchdown","penyds":38,"ydsgained":55,"numplays":15,"postime":"6:47","start":{"qtr":4,"time":"10:29","yrdln":"IND 7","team":"IND"},"end":{"qtr":4,"time":"03:42","yrdln":"STL 8","team":"IND"}},"19":{"posteam":"STL","qtr":4,"redzone":true,"plays":{"3412":{"sp":0,"qtr":4,"down":0,"time":"03:42","yrdln":"IND 30","ydstogo":0,"ydsnet":9,"posteam":"IND","desc":"P.McAfee kicks 69 yards from IND 30 to STL 1. D.Amendola to STL 22 for 21 yards (J.Silva).","note":"KICKOFF","players":{"00-0027145":[{"sequence":1,"clubcode":"IND","playerName":"P.McAfee","statId":41,"yards":69}],"00-0025996":[{"sequence":3,"clubcode":"IND","playerName":"J.Silva","statId":79,"yards":0}],"00-0026035":[{"sequence":2,"clubcode":"STL","playerName":"D.Amendola","statId":45,"yards":21}]}},"3434":{"sp":0,"qtr":4,"down":1,"time":"03:37","yrdln":"STL 22","ydstogo":10,"ydsnet":2,"posteam":"STL","desc":"(3:37) (Shotgun) S.Jackson left guard to STL 24 for 2 yards (D.Muir).","note":null,"players":{"00-0024692":[{"sequence":2,"clubcode":"IND","playerName":"D.Muir","statId":79,"yards":0}],"00-0022736":[{"sequence":1,"clubcode":"STL","playerName":"S.Jackson","statId":10,"yards":2}]}},"3455":{"sp":0,"qtr":4,"down":2,"time":"03:09","yrdln":"STL 24","ydstogo":8,"ydsnet":9,"posteam":"STL","desc":"(3:09) (Shotgun) M.Bulger pass short middle to D.Fells to STL 31 for 7 yards (F.Keiaho).","note":null,"players":{"00-0024309":[{"sequence":6,"clubcode":"IND","playerName":"F.Keiaho","statId":79,"yards":0}],"00-0019599":[{"sequence":1,"clubcode":"STL","playerName":"M.Bulger","statId":15,"yards":7},{"sequence":2,"clubcode":"STL","playerName":"M.Bulger","statId":111,"yards":6}],"00-0023752":[{"sequence":3,"clubcode":"STL","playerName":"D.Fells","statId":21,"yards":7},{"sequence":4,"clubcode":"STL","playerName":"D.Fells","statId":115,"yards":0},{"sequence":5,"clubcode":"STL","playerName":"D.Fells","statId":113,"yards":1}]}},"3479":{"sp":0,"qtr":4,"down":3,"time":"03:09","yrdln":"STL 31","ydstogo":1,"ydsnet":9,"posteam":"STL","desc":"(3:09) (Shotgun) M.Bulger pass incomplete deep left to K.Burton.","note":null,"players":{"00-0019599":[{"sequence":2,"clubcode":"STL","playerName":"M.Bulger","statId":14,"yards":0},{"sequence":4,"clubcode":"STL","playerName":"M.Bulger","statId":112,"yards":39}],"00-0026268":[{"sequence":3,"clubcode":"STL","playerName":"K.Burton","statId":115,"yards":0}],"0":[{"sequence":1,"clubcode":"STL","playerName":"","statId":7,"yards":0}]}},"3501":{"sp":0,"qtr":4,"down":4,"time":"02:41","yrdln":"STL 31","ydstogo":1,"ydsnet":9,"posteam":"STL","desc":"(2:41) (Shotgun) M.Bulger pass incomplete short right to D.Avery.","note":null,"players":{"00-0026173":[{"sequence":3,"clubcode":"STL","playerName":"D.Avery","statId":115,"yards":0}],"00-0019599":[{"sequence":2,"clubcode":"STL","playerName":"M.Bulger","statId":14,"yards":0},{"sequence":4,"clubcode":"STL","playerName":"M.Bulger","statId":112,"yards":8}],"0":[{"sequence":1,"clubcode":"STL","playerName":"","statId":9,"yards":0}]}}},"fds":0,"result":"Downs","penyds":0,"ydsgained":9,"numplays":5,"postime":"1:05","start":{"qtr":4,"time":"03:42","yrdln":"STL 22","team":"STL"},"end":{"qtr":4,"time":"02:37","yrdln":"STL 31","team":"STL"}},"20":{"posteam":"IND","qtr":4,"redzone":true,"plays":{"3524":{"sp":1,"qtr":4,"down":1,"time":"02:37","yrdln":"STL 31","ydstogo":10,"ydsnet":31,"posteam":"IND","desc":"(2:37) C.Simpson left end for 31 yards, TOUCHDOWN.","note":"TD","players":{"00-0025997":[{"sequence":2,"clubcode":"IND","playerName":"C.Simpson","statId":11,"yards":31}],"0":[{"sequence":1,"clubcode":"IND","playerName":"","statId":3,"yards":0}]}},"3541":{"sp":1,"qtr":4,"down":0,"time":"02:29","yrdln":"STL 2","ydstogo":0,"ydsnet":31,"posteam":"IND","desc":"M.Stover extra point is GOOD, Center-J.Snow, Holder-P.McAfee.","note":"XP","players":{"00-0015784":[{"sequence":1,"clubcode":"IND","playerName":"M.Stover","statId":72,"yards":0}]}}},"fds":1,"result":"Touchdown","penyds":0,"ydsgained":31,"numplays":2,"postime":"0:08","start":{"qtr":4,"time":"02:37","yrdln":"STL 31","team":"IND"},"end":{"qtr":4,"time":"02:29","yrdln":"STL 31","team":"IND"}},"21":{"posteam":"STL","qtr":4,"redzone":true,"plays":{"3557":{"sp":0,"qtr":4,"down":0,"time":"02:29","yrdln":"IND 30","ydstogo":0,"ydsnet":0,"posteam":"IND","desc":"P.McAfee kicks 70 yards from IND 30 to STL 0. D.Amendola to STL 21 for 21 yards (T.Rushing).","note":"KICKOFF","players":{"00-0024452":[{"sequence":3,"clubcode":"IND","playerName":"T.Rushing","statId":79,"yards":0}],"00-0027145":[{"sequence":1,"clubcode":"IND","playerName":"P.McAfee","statId":43,"yards":70}],"00-0026035":[{"sequence":2,"clubcode":"STL","playerName":"D.Amendola","statId":45,"yards":21}]}},"3579":{"sp":0,"qtr":4,"down":1,"time":"02:24","yrdln":"STL 21","ydstogo":10,"ydsnet":3,"posteam":"STL","desc":"(2:24) (Shotgun) K.Darby left tackle to STL 24 for 3 yards (R.Humber).","note":null,"players":{"00-0026672":[{"sequence":2,"clubcode":"IND","playerName":"R.Humber","statId":79,"yards":0}],"00-0025633":[{"sequence":1,"clubcode":"STL","playerName":"K.Darby","statId":10,"yards":3}]}},"3600":{"sp":0,"qtr":4,"down":0,"time":"02:00","yrdln":"","ydstogo":0,"ydsnet":3,"posteam":"","desc":"Two-Minute Warning","note":null,"players":{}},"3617":{"sp":0,"qtr":4,"down":2,"time":"02:00","yrdln":"STL 24","ydstogo":7,"ydsnet":5,"posteam":"STL","desc":"(2:00) (Shotgun) K.Darby right tackle to STL 26 for 2 yards (J.Lacey).","note":null,"players":{"00-0026674":[{"sequence":2,"clubcode":"IND","playerName":"J.Lacey","statId":79,"yards":0}],"00-0025633":[{"sequence":1,"clubcode":"STL","playerName":"K.Darby","statId":10,"yards":2}]}},"3638":{"sp":0,"qtr":4,"down":3,"time":"01:28","yrdln":"STL 26","ydstogo":5,"ydsnet":11,"posteam":"STL","desc":"(1:28) (Shotgun) S.Gado up the middle to STL 32 for 6 yards (A.Francisco).","note":null,"players":{"00-0023213":[{"sequence":4,"clubcode":"IND","playerName":"A.Francisco","statId":79,"yards":0}],"0":[{"sequence":1,"clubcode":"STL","playerName":"","statId":3,"yards":0},{"sequence":2,"clubcode":"STL","playerName":"","statId":6,"yards":0}],"00-0023074":[{"sequence":3,"clubcode":"STL","playerName":"S.Gado","statId":10,"yards":6}]}},"3659":{"sp":0,"qtr":4,"down":1,"time":"00:54","yrdln":"STL 32","ydstogo":10,"ydsnet":13,"posteam":"STL","desc":"(:54) (Shotgun) S.Gado up the middle to STL 34 for 2 yards (P.Wheeler).","note":null,"players":{"00-0026233":[{"sequence":2,"clubcode":"IND","playerName":"P.Wheeler","statId":79,"yards":0}],"00-0023074":[{"sequence":1,"clubcode":"STL","playerName":"S.Gado","statId":10,"yards":2}]}},"3680":{"sp":0,"qtr":4,"down":2,"time":"00:17","yrdln":"STL 34","ydstogo":8,"ydsnet":11,"posteam":"STL","desc":"(:17) (Shotgun) S.Gado up the middle to STL 32 for -2 yards (R.Humber).","note":null,"players":{"00-0026672":[{"sequence":3,"clubcode":"IND","playerName":"R.Humber","statId":79,"yards":0},{"sequence":4,"clubcode":"IND","playerName":"R.Humber","statId":120,"yards":0}],"0":[{"sequence":2,"clubcode":"STL","playerName":"","statId":95,"yards":-2}],"00-0023074":[{"sequence":1,"clubcode":"STL","playerName":"S.Gado","statId":10,"yards":-2}]}},"3701":{"sp":0,"qtr":4,"down":0,"time":"","yrdln":"","ydstogo":0,"ydsnet":11,"posteam":"","desc":"END GAME","note":null,"players":{}}},"fds":1,"result":"End of Game","penyds":0,"ydsgained":11,"numplays":8,"postime":"2:29","start":{"qtr":4,"time":"02:29","yrdln":"STL 21","team":"STL"},"end":{"qtr":4,"time":"00:00","yrdln":"","team":"STL"}},"crntdrv":21},"scrsummary":{"324":{"type":"TD","desc":"R.Wayne 6 yd. pass from P.Manning (M.Stover kick is good) Drive: 12 plays, 90 yards in 6:10","qtr":1,"team":"IND","players":{"":"0","P.Manning":"00-0010346","R.Wayne":"00-0020498","M.Stover":"00-0015784"}},"542":{"type":"FG","desc":"Josh.Brown 30 yd. Field Goal Drive: 8 plays, 69 yards in 3:24","qtr":1,"team":"STL","players":{"Josh.Brown":"00-0021940"}},"651":{"type":"TD","desc":"D.Clark 27 yd. pass from P.Manning (M.Stover kick is good) Drive: 3 plays, 78 yards in 1:55","qtr":1,"team":"IND","players":{"":"0","P.Manning":"00-0010346","D.Clark":"00-0022165","M.Stover":"00-0015784"}},"1627":{"type":"TD","desc":"J.Addai 6 yd. run (M.Stover kick is good) Drive: 8 plays, 41 yards in 3:42","qtr":2,"team":"IND","players":{"":"0","J.Addai":"00-0024245","M.Stover":"00-0015784"}},"2391":{"type":"FG","desc":"Josh.Brown 45 yd. Field Goal Drive: 7 plays, 33 yards in 3:56","qtr":3,"team":"STL","players":{"Josh.Brown":"00-0021940"}},"2680":{"type":"TD","desc":"J.Lacey 35 yd. interception return (M.Stover kick is good)","qtr":3,"team":"IND","players":{"M.Bulger":"00-0019599","J.Lacey":"00-0026674","M.Stover":"00-0015784"}},"3376":{"type":"TD","desc":"A.Collie 8 yd. pass from P.Manning (M.Stover kick is good) Drive: 11 plays, 93 yards in 6:47","qtr":4,"team":"IND","players":{"":"0","P.Manning":"00-0010346","A.Collie":"00-0027092","M.Stover":"00-0015784"}},"3524":{"type":"TD","desc":"C.Simpson 31 yd. run (M.Stover kick is good) Drive: 1 plays, 31 yards in 0:08","qtr":4,"team":"IND","players":{"":"0","C.Simpson":"00-0025997","M.Stover":"00-0015784"}}},"weather":null,"media":null,"yl":"","qtr":"Final","note":null,"down":0,"togo":0,"redzone":true,"clock":"00:17","posteam":"STL","stadium":null},"nextupdate":258}