{"2009100411":{"home":{"score":{"1":0,"2":7,"3":14,"4":14,"5":0,"T":35},"abbr":"SF","to":3,"stats":{"passing":{"00-0020679":{"name":"S.Hill","att":24,"cmp":14,"yds":152,"tds":2,"ints":0,"twopta":0,"twoptm":0}},"rushing":{"00-0027048":{"name":"G.Coffee","att":24,"yds":74,"tds":0,"lng":17,"twopta":0,"twoptm":0},"00-0024389":{"name":"D.Walker","att":1,"yds":16,"tds":0,"lng":16,"twopta":0,"twoptm":0},"00-0020508":{"name":"M.Norris","att":2,"yds":8,"tds":0,"lng":5,"twopta":0,"twoptm":0},"00-0020679":{"name":"S.Hill","att":2,"yds":-2,"tds":0,"lng":-1,"twopta":0,"twoptm":0}},"receiving":{"00-0027048":{"name":"G.Coffee","rec":4,"yds":32,"tds":0,"lng":12,"twopta":0,"twoptm":0},"00-0024221":{"name":"V.Davis","rec":3,"yds":43,"tds":1,"lng":21,"twopta":0,"twoptm":0},"00-0002099":{"name":"I.Bruce","rec":3,"yds":20,"tds":0,"lng":9,"twopta":0,"twoptm":0},"00-0026314":{"name":"J.Morgan","rec":2,"yds":39,"tds":1,"lng":24,"twopta":0,"twoptm":0},"00-0024389":{"name":"D.Walker","rec":1,"yds":10,"tds":0,"lng":10,"twopta":0,"twoptm":0},"00-0022064":{"name":"A.Battle","rec":1,"yds":8,"tds":0,"lng":8,"twopta":0,"twoptm":0}},"fumbles":{"00-0022064":{"name":"A.Battle","tot":2,"rcv":0,"trcv":0,"yds":0,"lost":0},"00-0001388":{"name":"D.Bly","tot":0,"rcv":1,"trcv":1,"yds":1,"lost":0},"00-0026499":{"name":"S.McKillop","tot":0,"rcv":0,"trcv":1,"yds":0,"lost":0},"00-0025484":{"name":"R.McDonald","tot":0,"rcv":0,"trcv":1,"yds":11,"lost":0}},"kicking":{"00-0011970":{"name":"J.Nedney","fgm":0,"fga":1,"fgyds":0,"totpfg":0,"xpmade":5,"xpmissed":0,"xpa":5,"xpb":0,"xptot":5}},"punting":{"00-0022824":{"name":"A.Lee","pts":7,"yds":305,"avg":39,"i20":5,"lng":49}},"kickret":{"00-0024315":{"name":"M.Robinson","ret":1,"avg":25,"tds":0,"lng":25}},"puntret":{"00-0022064":{"name":"A.Battle","ret":3,"avg":1,"tds":0,"lng":3}},"defense":{"00-0021185":{"name":"M.Lewis","tkl":7,"ast":1,"sk":0,"int":0,"ffum":0},"00-0025398":{"name":"P.Willis","tkl":5,"ast":3,"sk":2.5,"int":1,"ffum":0},"00-0015474":{"name":"T.Spikes","tkl":5,"ast":3,"sk":1,"int":0,"ffum":0},"00-0025513":{"name":"D.Goldson","tkl":7,"ast":0,"sk":1,"int":0,"ffum":0},"00-0020495":{"name":"N.Clements","tkl":5,"ast":0,"sk":0,"int":0,"ffum":0},"00-0024237":{"name":"M.Lawson","tkl":3,"ast":2,"sk":0.5,"int":0,"ffum":0},"00-0022147":{"name":"A.Franklin","tkl":1,"ast":3,"sk":0,"int":0,"ffum":0},"00-0024354":{"name":"P.Haralson","tkl":1,"ast":1,"sk":0,"int":0,"ffum":0},"00-0020535":{"name":"J.Smith","tkl":1,"ast":0,"sk":0,"int":0,"ffum":0},"00-0025484":{"name":"R.McDonald","tkl":1,"ast":0,"sk":0,"int":0,"ffum":0},"00-0024495":{"name":"A.Brooks","tkl":1,"ast":0,"sk":0,"int":0,"ffum":0},"00-0022843":{"name":"S.Spencer","tkl":1,"ast":0,"sk":0,"int":0,"ffum":0},"00-0022863":{"name":"I.Sopoaga","tkl":0,"ast":1,"sk":0,"int":0,"ffum":0},"00-0023084":{"name":"M.Harris","tkl":0,"ast":1,"sk":0,"int":0,"ffum":0}},"team":{"totfd":13,"totyds":228,"pyds":132,"ryds":96,"pen":3,"penyds":33,"trnovr":0,"pt":7,"ptyds":305,"ptavg":39,"top":"30:12"}},"players":null},"away":{"score":{"1":0,"2":0,"3":0,"4":0,"5":0,"T":0},"abbr":"STL","to":3,"stats":{"passing":{"00-0022164":{"name":"K.Boller","att":24,"cmp":13,"yds":108,"tds":0,"ints":1,"twopta":0,"twoptm":0}},"rushing":{"00-0022736":{"name":"S.Jackson","att":23,"yds":79,"tds":0,"lng":15,"twopta":0,"twoptm":0},"00-0025633":{"name":"K.Darby","att":2,"yds":12,"tds":0,"lng":11,"twopta":0,"twoptm":0},"00-0022164":{"name":"K.Boller","att":2,"yds":5,"tds":0,"lng":5,"twopta":0,"twoptm":0},"00-0023074":{"name":"S.Gado","att":1,"yds":-1,"tds":0,"lng":-1,"twopta":0,"twoptm":0}},"receiving":{"00-0026173":{"name":"D.Avery","rec":3,"yds":47,"tds":0,"lng":22,"twopta":0,"twoptm":0},"00-0022736":{"name":"S.Jackson","rec":3,"yds":6,"tds":0,"lng":5,"twopta":0,"twoptm":0},"00-0021236":{"name":"R.McMichael","rec":2,"yds":17,"tds":0,"lng":9,"twopta":0,"twoptm":0},"00-0023752":{"name":"D.Fells","rec":1,"yds":17,"tds":0,"lng":17,"twopta":0,"twoptm":0},"00-0026268":{"name":"K.Burton","rec":1,"yds":12,"tds":0,"lng":12,"twopta":0,"twoptm":0},"00-0026035":{"name":"D.Amendola","rec":1,"yds":8,"tds":0,"lng":8,"twopta":0,"twoptm":0},"00-0025633":{"name":"K.Darby","rec":1,"yds":2,"tds":0,"lng":2,"twopta":0,"twoptm":0},"00-0022796":{"name":"M.Karney","rec":1,"yds":-1,"tds":0,"lng":-1,"twopta":0,"twoptm":0}},"fumbles":{"00-0024008":{"name":"Q.Butler","tot":1,"rcv":0,"trcv":0,"yds":0,"lost":1},"00-0022164":{"name":"K.Boller","tot":1,"rcv":0,"trcv":0,"yds":-9,"lost":1}},"kicking":{"00-0021940":{"name":"Josh.Brown","fgm":0,"fga":1,"fgyds":0,"totpfg":0,"xpmade":0,"xpmissed":0,"xpa":0,"xpb":0,"xptot":0}},"punting":{"00-0022684":{"name":"D.Jones","pts":8,"yds":349,"avg":41,"i20":0,"lng":56}},"kickret":{"00-0026035":{"name":"D.Amendola","ret":4,"avg":20,"tds":0,"lng":27},"00-0025633":{"name":"K.Darby","ret":1,"avg":11,"tds":0,"lng":11}},"puntret":{"00-0026035":{"name":"D.Amendola","ret":2,"avg":4,"tds":0,"lng":6},"00-0024008":{"name":"Q.Butler","ret":1,"avg":0,"tds":0,"lng":0}},"defense":{"00-0027011":{"name":"J.Laurinaitis","tkl":6,"ast":3,"sk":0,"int":0,"ffum":0},"00-0019387":{"name":"J.Hall","tkl":6,"ast":1,"sk":1,"int":0,"ffum":0},"00-0021085":{"name":"W.Witherspoon","tkl":5,"ast":0,"sk":0,"int":0,"ffum":0},"00-0023501":{"name":"O.Atogwe","tkl":2,"ast":3,"sk":0,"int":0,"ffum":0},"00-0027041":{"name":"B.Fletcher","tkl":3,"ast":0,"sk":0,"int":0,"ffum":0},"00-0024298":{"name":"A.Smith","tkl":3,"ast":0,"sk":0,"int":0,"ffum":0},"00-0009978":{"name":"L.Little","tkl":1,"ast":2,"sk":1,"int":0,"ffum":0},"00-0026354":{"name":"L.Grant","tkl":2,"ast":0,"sk":1,"int":0,"ffum":0},"00-0025471":{"name":"J.Wade","tkl":2,"ast":0,"sk":0,"int":0,"ffum":0},"00-0025541":{"name":"C.Ryan","tkl":2,"ast":0,"sk":0,"int":0,"ffum":0},"00-0025626":{"name":"C.Ah You","tkl":1,"ast":1,"sk":1,"int":0,"ffum":0},"00-0019104":{"name":"P.Lenon","tkl":1,"ast":1,"sk":0,"int":0,"ffum":0},"00-0026241":{"name":"J.King","tkl":1,"ast":1,"sk":0,"int":0,"ffum":0},"00-0024008":{"name":"Q.Butler","tkl":1,"ast":0,"sk":0,"int":0,"ffum":0},"00-0024796":{"name":"C.Dahl","tkl":1,"ast":0,"sk":0,"int":0,"ffum":0}},"team":{"totfd":9,"totyds":177,"pyds":82,"ryds":95,"pen":10,"penyds":73,"trnovr":3,"pt":8,"ptyds":349,"ptavg":41,"top":"29:48"}},"players":null},"drives":{"1":{"posteam":"STL","qtr":1,"redzone":true,"plays":{"44":{"sp":0,"qtr":1,"down":0,"time":"15:00","yrdln":"SF 30","ydstogo":0,"ydsnet":1,"posteam":"SF","desc":"J.Nedney kicks 65 yards from SF 30 to STL 5. D.Amendola to SF 3 for 92 yards (T.Brown). PENALTY on STL-A.Smith, Offensive Holding, 10 yards, enforced at STL 32. D.Amendola credited with 27-yard return.","note":"KICKOFF","players":{"00-0024298":[{"sequence":4,"clubcode":"STL","playerName":"A.Smith","statId":93,"yards":10}],"00-0011970":[{"sequence":1,"clubcode":"SF","playerName":"J.Nedney","statId":41,"yards":65}],"00-0025534":[{"sequence":3,"clubcode":"SF","playerName":"T.Brown","statId":79,"yards":0}],"00-0026035":[{"sequence":2,"clubcode":"STL","playerName":"D.Amendola","statId":45,"yards":27}]}},"77":{"sp":0,"qtr":1,"down":1,"time":"14:47","yrdln":"STL 22","ydstogo":10,"ydsnet":1,"posteam":"STL","desc":"(14:47) S.Jackson right end to STL 23 for 1 yard (M.Lewis).","note":null,"players":{"00-0021185":[{"sequence":2,"clubcode":"SF","playerName":"M.Lewis","statId":79,"yards":0}],"00-0022736":[{"sequence":1,"clubcode":"STL","playerName":"S.Jackson","statId":10,"yards":1}]}},"102":{"sp":0,"qtr":1,"down":2,"time":"14:11","yrdln":"STL 23","ydstogo":9,"ydsnet":1,"posteam":"STL","desc":"(14:11) K.Boller pass incomplete short left to K.Burton [I.Sopoaga].","note":null,"players":{"00-0022164":[{"sequence":1,"clubcode":"STL","playerName":"K.Boller","statId":14,"yards":0},{"sequence":4,"clubcode":"STL","playerName":"K.Boller","statId":112,"yards":8}],"00-0026268":[{"sequence":2,"clubcode":"STL","playerName":"K.Burton","statId":115,"yards":0}],"00-0022863":[{"sequence":3,"clubcode":"SF","playerName":"I.Sopoaga","statId":110,"yards":0}]}},"124":{"sp":0,"qtr":1,"down":3,"time":"14:05","yrdln":"STL 23","ydstogo":9,"ydsnet":1,"posteam":"STL","desc":"(14:05) K.Boller pass incomplete short left to R.McMichael.","note":null,"players":{"00-0022164":[{"sequence":2,"clubcode":"STL","playerName":"K.Boller","statId":14,"yards":0},{"sequence":4,"clubcode":"STL","playerName":"K.Boller","statId":112,"yards":12}],"00-0021236":[{"sequence":3,"clubcode":"STL","playerName":"R.McMichael","statId":115,"yards":0}],"0":[{"sequence":1,"clubcode":"STL","playerName":"","statId":7,"yards":0}]}},"146":{"sp":0,"qtr":1,"down":4,"time":"14:05","yrdln":"STL 23","ydstogo":9,"ydsnet":1,"posteam":"STL","desc":"(14:05) D.Jones punts 43 yards to SF 34, Center-C.Massey, out of bounds.","note":"PUNT","players":{"0":[{"sequence":2,"clubcode":"SF","playerName":"","statId":37,"yards":0}],"00-0022684":[{"sequence":1,"clubcode":"STL","playerName":"D.Jones","statId":29,"yards":43}]}}},"fds":0,"result":"Punt","penyds":0,"ydsgained":1,"numplays":5,"postime":"1:08","start":{"qtr":1,"time":"15:00","yrdln":"STL 22","team":"STL"},"end":{"qtr":1,"time":"13:52","yrdln":"STL 23","team":"STL"}},"2":{"posteam":"SF","qtr":1,"redzone":true,"plays":{"166":{"sp":0,"qtr":1,"down":1,"time":"13:52","yrdln":"SF 34","ydstogo":10,"ydsnet":17,"posteam":"SF","desc":"(13:52) S.Hill pass short right to I.Bruce to SF 39 for 5 yards (J.Wade). cAUGHT AT sf 33.","note":null,"players":{"00-0002099":[{"sequence":3,"clubcode":"SF","playerName":"I.Bruce","statId":21,"yards":5},{"sequence":4,"clubcode":"SF","playerName":"I.Bruce","statId":115,"yards":0},{"sequence":5,"clubcode":"SF","playerName":"I.Bruce","statId":113,"yards":6}],"00-0025471":[{"sequence":6,"clubcode":"STL","playerName":"J.Wade","statId":79,"yards":0}],"00-0020679":[{"sequence":1,"clubcode":"SF","playerName":"S.Hill","statId":15,"yards":5},{"sequence":2,"clubcode":"SF","playerName":"S.Hill","statId":111,"yards":-1}]}},"190":{"sp":0,"qtr":1,"down":2,"time":"13:29","yrdln":"SF 39","ydstogo":5,"ydsnet":7,"posteam":"SF","desc":"(13:29) G.Coffee right guard to SF 41 for 2 yards (J.Hall).","note":null,"players":{"00-0019387":[{"sequence":2,"clubcode":"STL","playerName":"J.Hall","statId":79,"yards":0}],"00-0027048":[{"sequence":1,"clubcode":"SF","playerName":"G.Coffee","statId":10,"yards":2}]}},"211":{"sp":0,"qtr":1,"down":3,"time":"12:45","yrdln":"SF 41","ydstogo":3,"ydsnet":16,"posteam":"SF","desc":"(12:45) (Shotgun) S.Hill pass short right to V.Davis to 50 for 9 yards (O.Atogwe). cAUGHT AT sf 45.","note":null,"players":{"00-0023501":[{"sequence":8,"clubcode":"STL","playerName":"O.Atogwe","statId":79,"yards":0}],"00-0024221":[{"sequence":5,"clubcode":"SF","playerName":"V.Davis","statId":21,"yards":9},{"sequence":6,"clubcode":"SF","playerName":"V.Davis","statId":115,"yards":0},{"sequence":7,"clubcode":"SF","playerName":"V.Davis","statId":113,"yards":5}],"0":[{"sequence":1,"clubcode":"SF","playerName":"","statId":4,"yards":0},{"sequence":2,"clubcode":"SF","playerName":"","statId":6,"yards":0}],"00-0020679":[{"sequence":3,"clubcode":"SF","playerName":"S.Hill","statId":15,"yards":9},{"sequence":4,"clubcode":"SF","playerName":"S.Hill","statId":111,"yards":4}]}},"240":{"sp":0,"qtr":1,"down":1,"time":"12:07","yrdln":"50","ydstogo":10,"ydsnet":16,"posteam":"SF","desc":"(12:07) G.Coffee right tackle to 50 for no gain (J.Laurinaitis).","note":null,"players":{"00-0027011":[{"sequence":2,"clubcode":"STL","playerName":"J.Laurinaitis","statId":79,"yards":0}],"00-0027048":[{"sequence":1,"clubcode":"SF","playerName":"G.Coffee","statId":10,"yards":0}]}},"265":{"sp":0,"qtr":1,"down":2,"time":"11:27","yrdln":"50","ydstogo":10,"ydsnet":17,"posteam":"SF","desc":"(11:27) S.Hill pass short right to G.Coffee to STL 49 for 1 yard (W.Witherspoon). Caught at SF 45.","note":null,"players":{"00-0021085":[{"sequence":6,"clubcode":"STL","playerName":"W.Witherspoon","statId":79,"yards":0}],"00-0027048":[{"sequence":3,"clubcode":"SF","playerName":"G.Coffee","statId":21,"yards":1},{"sequence":4,"clubcode":"SF","playerName":"G.Coffee","statId":115,"yards":0},{"sequence":5,"clubcode":"SF","playerName":"G.Coffee","statId":113,"yards":6}],"00-0020679":[{"sequence":1,"clubcode":"SF","playerName":"S.Hill","statId":15,"yards":1},{"sequence":2,"clubcode":"SF","playerName":"S.Hill","statId":111,"yards":-5}]}},"289":{"sp":0,"qtr":1,"down":3,"time":"10:49","yrdln":"STL 49","ydstogo":9,"ydsnet":17,"posteam":"SF","desc":"(10:49) (Shotgun) S.Hill pass incomplete short middle to V.Davis (O.Atogwe).","note":null,"players":{"00-0023501":[{"sequence":4,"clubcode":"STL","playerName":"O.Atogwe","statId":85,"yards":0}],"00-0024221":[{"sequence":3,"clubcode":"SF","playerName":"V.Davis","statId":115,"yards":0}],"0":[{"sequence":1,"clubcode":"SF","playerName":"","statId":7,"yards":0}],"00-0020679":[{"sequence":2,"clubcode":"SF","playerName":"S.Hill","statId":14,"yards":0},{"sequence":5,"clubcode":"SF","playerName":"S.Hill","statId":112,"yards":13}]}},"315":{"sp":0,"qtr":1,"down":4,"time":"10:43","yrdln":"STL 49","ydstogo":9,"ydsnet":17,"posteam":"SF","desc":"(10:43) A.Lee punts 49 yards to end zone, Center-B.Jennings, Touchback.","note":"PUNT","players":{"0":[{"sequence":2,"clubcode":"STL","playerName":"","statId":40,"yards":0}],"00-0022824":[{"sequence":1,"clubcode":"SF","playerName":"A.Lee","statId":32,"yards":49}]}}},"fds":1,"result":"Punt","penyds":0,"ydsgained":17,"numplays":7,"postime":"3:17","start":{"qtr":1,"time":"13:52","yrdln":"SF 34","team":"SF"},"end":{"qtr":1,"time":"10:35","yrdln":"STL 49","team":"SF"}},"3":{"posteam":"STL","qtr":1,"redzone":true,"plays":{"334":{"sp":0,"qtr":1,"down":1,"time":"10:35","yrdln":"STL 20","ydstogo":10,"ydsnet":5,"posteam":"STL","desc":"(10:35) S.Jackson right tackle to STL 25 for 5 yards (M.Lewis; I.Sopoaga).","note":null,"players":{"00-0022863":[{"sequence":3,"clubcode":"SF","playerName":"I.Sopoaga","statId":82,"yards":0}],"00-0021185":[{"sequence":2,"clubcode":"SF","playerName":"M.Lewis","statId":82,"yards":0}],"00-0022736":[{"sequence":1,"clubcode":"STL","playerName":"S.Jackson","statId":10,"yards":5}]}},"356":{"sp":0,"qtr":1,"down":2,"time":"10:01","yrdln":"STL 25","ydstogo":5,"ydsnet":-5,"posteam":"STL","desc":"(10:01) S.Jackson left end to STL 26 for 1 yard (P.Willis). PENALTY on STL-D.Fells, Offensive Holding, 10 yards, enforced at STL 25 - No Play.","note":"PENALTY","players":{"00-0023752":[{"sequence":1,"clubcode":"STL","playerName":"D.Fells","statId":93,"yards":10}]}},"388":{"sp":0,"qtr":1,"down":2,"time":"09:39","yrdln":"STL 15","ydstogo":15,"ydsnet":-10,"posteam":"STL","desc":"(9:39) PENALTY on STL, Illegal Substitution, 5 yards, enforced at STL 15 - No Play.","note":"PENALTY","players":{"0":[{"sequence":1,"clubcode":"STL","playerName":"","statId":93,"yards":5}]}},"411":{"sp":0,"qtr":1,"down":2,"time":"09:22","yrdln":"STL 10","ydstogo":20,"ydsnet":-4,"posteam":"STL","desc":"(9:22) S.Jackson up the middle to STL 16 for 6 yards (P.Willis).","note":null,"players":{"00-0025398":[{"sequence":2,"clubcode":"SF","playerName":"P.Willis","statId":79,"yards":0}],"00-0022736":[{"sequence":1,"clubcode":"STL","playerName":"S.Jackson","statId":10,"yards":6}]}},"432":{"sp":0,"qtr":1,"down":3,"time":"08:44","yrdln":"STL 16","ydstogo":14,"ydsnet":18,"posteam":"STL","desc":"(8:44) K.Boller pass short right to D.Avery to STL 38 for 22 yards (D.Goldson). Caught at STL 22.","note":null,"players":{"00-0026173":[{"sequence":5,"clubcode":"STL","playerName":"D.Avery","statId":21,"yards":22},{"sequence":6,"clubcode":"STL","playerName":"D.Avery","statId":115,"yards":0},{"sequence":7,"clubcode":"STL","playerName":"D.Avery","statId":113,"yards":16}],"00-0022164":[{"sequence":3,"clubcode":"STL","playerName":"K.Boller","statId":15,"yards":22},{"sequence":4,"clubcode":"STL","playerName":"K.Boller","statId":111,"yards":6}],"00-0025513":[{"sequence":8,"clubcode":"SF","playerName":"D.Goldson","statId":79,"yards":0}],"0":[{"sequence":1,"clubcode":"STL","playerName":"","statId":4,"yards":0},{"sequence":2,"clubcode":"STL","playerName":"","statId":6,"yards":0}]}},"456":{"sp":0,"qtr":1,"down":1,"time":"08:12","yrdln":"STL 38","ydstogo":10,"ydsnet":22,"posteam":"STL","desc":"(8:12) S.Jackson left guard to STL 42 for 4 yards (A.Franklin; T.Spikes).","note":null,"players":{"00-0015474":[{"sequence":3,"clubcode":"SF","playerName":"T.Spikes","statId":82,"yards":0}],"00-0022147":[{"sequence":2,"clubcode":"SF","playerName":"A.Franklin","statId":82,"yards":0}],"00-0022736":[{"sequence":1,"clubcode":"STL","playerName":"S.Jackson","statId":10,"yards":4}]}},"481":{"sp":0,"qtr":1,"down":2,"time":"07:37","yrdln":"STL 42","ydstogo":6,"ydsnet":39,"posteam":"STL","desc":"(7:37) K.Boller pass short right to D.Fells to SF 41 for 17 yards (M.Lewis). Caught at STL 47.","note":null,"players":{"00-0022164":[{"sequence":2,"clubcode":"STL","playerName":"K.Boller","statId":15,"yards":17},{"sequence":3,"clubcode":"STL","playerName":"K.Boller","statId":111,"yards":5}],"00-0023752":[{"sequence":4,"clubcode":"STL","playerName":"D.Fells","statId":21,"yards":17},{"sequence":5,"clubcode":"STL","playerName":"D.Fells","statId":115,"yards":0},{"sequence":6,"clubcode":"STL","playerName":"D.Fells","statId":113,"yards":12}],"0":[{"sequence":1,"clubcode":"STL","playerName":"","statId":4,"yards":0}],"00-0021185":[{"sequence":7,"clubcode":"SF","playerName":"M.Lewis","statId":79,"yards":0}]}},"505":{"sp":0,"qtr":1,"down":1,"time":"07:15","yrdln":"SF 41","ydstogo":10,"ydsnet":43,"posteam":"STL","desc":"(7:15) S.Jackson right tackle to SF 37 for 4 yards (N.Clements).","note":null,"players":{"00-0020495":[{"sequence":2,"clubcode":"SF","playerName":"N.Clements","statId":79,"yards":0}],"00-0022736":[{"sequence":1,"clubcode":"STL","playerName":"S.Jackson","statId":10,"yards":4}]}},"530":{"sp":0,"qtr":1,"down":2,"time":"06:34","yrdln":"SF 37","ydstogo":6,"ydsnet":48,"posteam":"STL","desc":"(6:34) K.Boller pass short right to S.Jackson pushed ob at SF 32 for 5 yards (T.Spikes). Caught at SF 40.","note":null,"players":{"00-0015474":[{"sequence":6,"clubcode":"SF","playerName":"T.Spikes","statId":79,"yards":0}],"00-0022164":[{"sequence":1,"clubcode":"STL","playerName":"K.Boller","statId":15,"yards":5},{"sequence":2,"clubcode":"STL","playerName":"K.Boller","statId":111,"yards":-3}],"00-0022736":[{"sequence":3,"clubcode":"STL","playerName":"S.Jackson","statId":21,"yards":5},{"sequence":4,"clubcode":"STL","playerName":"S.Jackson","statId":115,"yards":0},{"sequence":5,"clubcode":"STL","playerName":"S.Jackson","statId":113,"yards":8}]}},"558":{"sp":0,"qtr":1,"down":3,"time":"06:05","yrdln":"SF 32","ydstogo":1,"ydsnet":47,"posteam":"STL","desc":"(6:05) S.Gado right guard to SF 33 for -1 yards (A.Brooks).","note":null,"players":{"00-0024495":[{"sequence":4,"clubcode":"SF","playerName":"A.Brooks","statId":79,"yards":0},{"sequence":5,"clubcode":"SF","playerName":"A.Brooks","statId":120,"yards":0}],"0":[{"sequence":1,"clubcode":"STL","playerName":"","statId":7,"yards":0},{"sequence":3,"clubcode":"STL","playerName":"","statId":95,"yards":-1}],"00-0023074":[{"sequence":2,"clubcode":"STL","playerName":"S.Gado","statId":10,"yards":-1}]}},"579":{"sp":0,"qtr":1,"down":4,"time":"05:22","yrdln":"SF 33","ydstogo":2,"ydsnet":47,"posteam":"STL","desc":"(5:22) Josh.Brown 51 yard field goal is No Good, Short, Center-C.Massey, Holder-D.Jones.","note":"FGM","players":{"00-0021940":[{"sequence":1,"clubcode":"STL","playerName":"Josh.Brown","statId":69,"yards":51}]}}},"fds":2,"result":"Missed FG","penyds":-15,"ydsgained":62,"numplays":11,"postime":"5:22","start":{"qtr":1,"time":"10:35","yrdln":"STL 20","team":"STL"},"end":{"qtr":1,"time":"05:13","yrdln":"SF 33","team":"STL"}},"4":{"posteam":"SF","qtr":1,"redzone":true,"plays":{"600":{"sp":0,"qtr":1,"down":1,"time":"05:13","yrdln":"SF 41","ydstogo":10,"ydsnet":12,"posteam":"SF","desc":"(5:13) S.Hill pass short left to G.Coffee to STL 47 for 12 yards (O.Atogwe; P.Lenon). Caught at SF 44.","note":null,"players":{"00-0019104":[{"sequence":8,"clubcode":"STL","playerName":"P.Lenon","statId":82,"yards":0}],"00-0023501":[{"sequence":7,"clubcode":"STL","playerName":"O.Atogwe","statId":82,"yards":0}],"0":[{"sequence":1,"clubcode":"SF","playerName":"","statId":4,"yards":0}],"00-0027048":[{"sequence":4,"clubcode":"SF","playerName":"G.Coffee","statId":21,"yards":12},{"sequence":5,"clubcode":"SF","playerName":"G.Coffee","statId":115,"yards":0},{"sequence":6,"clubcode":"SF","playerName":"G.Coffee","statId":113,"yards":9}],"00-0020679":[{"sequence":2,"clubcode":"SF","playerName":"S.Hill","statId":15,"yards":12},{"sequence":3,"clubcode":"SF","playerName":"S.Hill","statId":111,"yards":3}]}},"625":{"sp":0,"qtr":1,"down":1,"time":"04:34","yrdln":"STL 47","ydstogo":10,"ydsnet":9,"posteam":"SF","desc":"(4:34) G.Coffee left end to STL 43 for 4 yards (C.Dahl). PENALTY on SF-V.Davis, Offensive Holding, 10 yards, enforced at STL 43.","note":"PENALTY","players":{"00-0024796":[{"sequence":2,"clubcode":"STL","playerName":"C.Dahl","statId":79,"yards":0}],"00-0024221":[{"sequence":3,"clubcode":"SF","playerName":"V.Davis","statId":93,"yards":10}],"00-0027048":[{"sequence":1,"clubcode":"SF","playerName":"G.Coffee","statId":10,"yards":4}]}},"661":{"sp":0,"qtr":1,"down":1,"time":"04:02","yrdln":"SF 47","ydstogo":16,"ydsnet":17,"posteam":"SF","desc":"(4:02) (Shotgun) G.Coffee up the middle to 50 for 3 yards (C.Ryan).","note":null,"players":{"00-0025541":[{"sequence":2,"clubcode":"STL","playerName":"C.Ryan","statId":79,"yards":0}],"00-0027048":[{"sequence":1,"clubcode":"SF","playerName":"G.Coffee","statId":10,"yards":3}]}},"682":{"sp":0,"qtr":1,"down":2,"time":"03:19","yrdln":"50","ydstogo":13,"ydsnet":17,"posteam":"SF","desc":"(3:19) (Shotgun) S.Hill pass short left to G.Coffee to STL 42 for 8 yards (B.Fletcher). Caught at SF 45.","note":null,"players":{"00-0027041":[{"sequence":6,"clubcode":"STL","playerName":"B.Fletcher","statId":79,"yards":0}],"00-0027048":[{"sequence":3,"clubcode":"SF","playerName":"G.Coffee","statId":21,"yards":8},{"sequence":4,"clubcode":"SF","playerName":"G.Coffee","statId":115,"yards":0},{"sequence":5,"clubcode":"SF","playerName":"G.Coffee","statId":113,"yards":13}],"00-0020679":[{"sequence":1,"clubcode":"SF","playerName":"S.Hill","statId":15,"yards":8},{"sequence":2,"clubcode":"SF","playerName":"S.Hill","statId":111,"yards":-5}]}},"706":{"sp":0,"qtr":1,"down":3,"time":"02:38","yrdln":"STL 42","ydstogo":5,"ydsnet":17,"posteam":"SF","desc":"(2:38) (Shotgun) S.Hill pass incomplete short right to G.Coffee.","note":null,"players":{"0":[{"sequence":1,"clubcode":"SF","playerName":"","statId":7,"yards":0}],"00-0027048":[{"sequence":3,"clubcode":"SF","playerName":"G.Coffee","statId":115,"yards":0}],"00-0020679":[{"sequence":2,"clubcode":"SF","playerName":"S.Hill","statId":14,"yards":0},{"sequence":4,"clubcode":"SF","playerName":"S.Hill","statId":112,"yards":-1}]}},"732":{"sp":0,"qtr":1,"down":4,"time":"02:33","yrdln":"STL 42","ydstogo":5,"ydsnet":17,"posteam":"SF","desc":"(2:33) A.Lee punts 32 yards to STL 10, Center-B.Jennings, fair catch by D.Amendola.","note":"PUNT","players":{"00-0022824":[{"sequence":1,"clubcode":"SF","playerName":"A.Lee","statId":29,"yards":32},{"sequence":2,"clubcode":"SF","playerName":"A.Lee","statId":30,"yards":0}],"00-0026035":[{"sequence":3,"clubcode":"STL","playerName":"D.Amendola","statId":39,"yards":0}]}}},"fds":1,"result":"Punt","penyds":-10,"ydsgained":27,"numplays":6,"postime":"2:47","start":{"qtr":1,"time":"05:13","yrdln":"SF 41","team":"SF"},"end":{"qtr":1,"time":"02:26","yrdln":"STL 42","team":"SF"}},"5":{"posteam":"STL","qtr":1,"redzone":true,"plays":{"752":{"sp":0,"qtr":1,"down":1,"time":"02:26","yrdln":"STL 10","ydstogo":10,"ydsnet":2,"posteam":"STL","desc":"(2:26) S.Jackson left end to STL 12 for 2 yards (M.Lewis).","note":null,"players":{"00-0021185":[{"sequence":2,"clubcode":"SF","playerName":"M.Lewis","statId":79,"yards":0}],"00-0022736":[{"sequence":1,"clubcode":"STL","playerName":"S.Jackson","statId":10,"yards":2}]}},"774":{"sp":0,"qtr":1,"down":2,"time":"01:45","yrdln":"STL 12","ydstogo":8,"ydsnet":-4,"posteam":"STL","desc":"(1:45) K.Boller sacked at STL 6 for -6 yards (P.Willis).","note":null,"players":{"00-0022164":[{"sequence":1,"clubcode":"STL","playerName":"K.Boller","statId":20,"yards":-6}],"00-0025398":[{"sequence":2,"clubcode":"SF","playerName":"P.Willis","statId":83,"yards":-6},{"sequence":3,"clubcode":"SF","playerName":"P.Willis","statId":110,"yards":0},{"sequence":4,"clubcode":"SF","playerName":"P.Willis","statId":79,"yards":0},{"sequence":5,"clubcode":"SF","playerName":"P.Willis","statId":120,"yards":0}]}},"804":{"sp":0,"qtr":1,"down":3,"time":"01:12","yrdln":"STL 6","ydstogo":14,"ydsnet":-4,"posteam":"STL","desc":"(1:12) S.Jackson right end to STL 6 for no gain (N.Clements).","note":null,"players":{"00-0020495":[{"sequence":3,"clubcode":"SF","playerName":"N.Clements","statId":79,"yards":0}],"0":[{"sequence":1,"clubcode":"STL","playerName":"","statId":7,"yards":0}],"00-0022736":[{"sequence":2,"clubcode":"STL","playerName":"S.Jackson","statId":10,"yards":0}]}},"825":{"sp":0,"qtr":1,"down":4,"time":"00:32","yrdln":"STL 6","ydstogo":14,"ydsnet":-4,"posteam":"STL","desc":"(:32) D.Jones punts 55 yards to SF 39, Center-C.Massey. A.Battle to SF 42 for 3 yards (Q.Butler).","note":"PUNT","players":{"00-0024008":[{"sequence":3,"clubcode":"STL","playerName":"Q.Butler","statId":79,"yards":0}],"00-0022064":[{"sequence":2,"clubcode":"SF","playerName":"A.Battle","statId":33,"yards":3}],"00-0022684":[{"sequence":1,"clubcode":"STL","playerName":"D.Jones","statId":29,"yards":55}]}}},"fds":0,"result":"Punt","penyds":0,"ydsgained":-4,"numplays":4,"postime":"2:07","start":{"qtr":1,"time":"02:26","yrdln":"STL 10","team":"STL"},"end":{"qtr":1,"time":"00:19","yrdln":"STL 6","team":"STL"}},"6":{"posteam":"SF","qtr":2,"redzone":true,"plays":{"851":{"sp":0,"qtr":1,"down":1,"time":"00:19","yrdln":"SF 42","ydstogo":10,"ydsnet":-3,"posteam":"SF","desc":"(:19) G.Coffee up the middle to SF 39 for -3 yards (A.Smith).","note":null,"players":{"00-0024298":[{"sequence":3,"clubcode":"STL","playerName":"A.Smith","statId":79,"yards":0},{"sequence":4,"clubcode":"STL","playerName":"A.Smith","statId":120,"yards":0}],"0":[{"sequence":2,"clubcode":"SF","playerName":"","statId":95,"yards":-3}],"00-0027048":[{"sequence":1,"clubcode":"SF","playerName":"G.Coffee","statId":10,"yards":-3}]}},"872":{"sp":0,"qtr":1,"down":0,"time":"","yrdln":"","ydstogo":0,"ydsnet":-3,"posteam":"","desc":"END QUARTER 1","note":null,"players":{}},"889":{"sp":0,"qtr":2,"down":2,"time":"15:00","yrdln":"SF 39","ydstogo":13,"ydsnet":-13,"posteam":"SF","desc":"(15:00) (Shotgun) S.Hill pass short left to J.Morgan to STL 47 for 14 yards (J.King). PENALTY on SF-J.Morgan, Offensive Pass Interference, 10 yards, enforced at SF 39 - No Play.","note":"PENALTY","players":{"00-0026314":[{"sequence":1,"clubcode":"SF","playerName":"J.Morgan","statId":93,"yards":10}]}},"924":{"sp":0,"qtr":2,"down":2,"time":"14:29","yrdln":"SF 29","ydstogo":23,"ydsnet":-3,"posteam":"SF","desc":"(14:29) (Shotgun) S.Hill pass short right to D.Walker to SF 39 for 10 yards (A.Smith). Caught at SF 27.","note":null,"players":{"00-0024298":[{"sequence":6,"clubcode":"STL","playerName":"A.Smith","statId":79,"yards":0}],"00-0024389":[{"sequence":3,"clubcode":"SF","playerName":"D.Walker","statId":21,"yards":10},{"sequence":4,"clubcode":"SF","playerName":"D.Walker","statId":115,"yards":0},{"sequence":5,"clubcode":"SF","playerName":"D.Walker","statId":113,"yards":12}],"00-0020679":[{"sequence":1,"clubcode":"SF","playerName":"S.Hill","statId":15,"yards":10},{"sequence":2,"clubcode":"SF","playerName":"S.Hill","statId":111,"yards":-2}]}},"948":{"sp":0,"qtr":2,"down":3,"time":"13:49","yrdln":"SF 39","ydstogo":13,"ydsnet":18,"posteam":"SF","desc":"(13:49) (Shotgun) S.Hill pass deep right to V.Davis to STL 40 for 21 yards (O.Atogwe; J.King). Caught at STL 45.","note":null,"players":{"00-0023501":[{"sequence":8,"clubcode":"STL","playerName":"O.Atogwe","statId":82,"yards":0}],"00-0026241":[{"sequence":9,"clubcode":"STL","playerName":"J.King","statId":82,"yards":0}],"00-0024221":[{"sequence":5,"clubcode":"SF","playerName":"V.Davis","statId":21,"yards":21},{"sequence":6,"clubcode":"SF","playerName":"V.Davis","statId":115,"yards":0},{"sequence":7,"clubcode":"SF","playerName":"V.Davis","statId":113,"yards":5}],"0":[{"sequence":1,"clubcode":"SF","playerName":"","statId":4,"yards":0},{"sequence":2,"clubcode":"SF","playerName":"","statId":6,"yards":0}],"00-0020679":[{"sequence":3,"clubcode":"SF","playerName":"S.Hill","statId":15,"yards":21},{"sequence":4,"clubcode":"SF","playerName":"S.Hill","statId":111,"yards":16}]}},"976":{"sp":0,"qtr":2,"down":1,"time":"13:09","yrdln":"STL 40","ydstogo":10,"ydsnet":21,"posteam":"SF","desc":"(13:09) G.Coffee left guard to STL 37 for 3 yards (J.King).","note":null,"players":{"00-0026241":[{"sequence":2,"clubcode":"STL","playerName":"J.King","statId":79,"yards":0}],"00-0027048":[{"sequence":1,"clubcode":"SF","playerName":"G.Coffee","statId":10,"yards":3}]}},"1001":{"sp":0,"qtr":2,"down":2,"time":"12:30","yrdln":"STL 37","ydstogo":7,"ydsnet":23,"posteam":"SF","desc":"(12:30) G.Coffee up the middle to STL 35 for 2 yards (J.Laurinaitis).","note":null,"players":{"00-0027011":[{"sequence":2,"clubcode":"STL","playerName":"J.Laurinaitis","statId":79,"yards":0}],"00-0027048":[{"sequence":1,"clubcode":"SF","playerName":"G.Coffee","statId":10,"yards":2}]}},"1022":{"sp":0,"qtr":2,"down":3,"time":"11:47","yrdln":"STL 35","ydstogo":5,"ydsnet":33,"posteam":"SF","desc":"(11:47) (Shotgun) S.Hill pass incomplete short left to J.Morgan. PENALTY on STL-J.Wade, Defensive Pass Interference, 9 yards, enforced at STL 35 - No Play.","note":"PENALTY","players":{"00-0025471":[{"sequence":2,"clubcode":"STL","playerName":"J.Wade","statId":93,"yards":9}],"0":[{"sequence":1,"clubcode":"SF","playerName":"","statId":5,"yards":0}]}},"1055":{"sp":0,"qtr":2,"down":1,"time":"11:42","yrdln":"STL 26","ydstogo":10,"ydsnet":26,"posteam":"SF","desc":"(11:42) S.Hill sacked at STL 32 for -6 yards (L.Grant).","note":null,"players":{"00-0026354":[{"sequence":2,"clubcode":"STL","playerName":"L.Grant","statId":83,"yards":-6},{"sequence":3,"clubcode":"STL","playerName":"L.Grant","statId":110,"yards":0},{"sequence":4,"clubcode":"STL","playerName":"L.Grant","statId":79,"yards":0},{"sequence":5,"clubcode":"STL","playerName":"L.Grant","statId":120,"yards":0}],"00-0020679":[{"sequence":1,"clubcode":"SF","playerName":"S.Hill","statId":20,"yards":-6}]}},"1074":{"sp":0,"qtr":2,"down":2,"time":"11:07","yrdln":"STL 32","ydstogo":16,"ydsnet":35,"posteam":"SF","desc":"(11:07) G.Coffee right tackle to STL 23 for 9 yards (W.Witherspoon).","note":null,"players":{"00-0021085":[{"sequence":2,"clubcode":"STL","playerName":"W.Witherspoon","statId":79,"yards":0}],"00-0027048":[{"sequence":1,"clubcode":"SF","playerName":"G.Coffee","statId":10,"yards":9}]}},"1095":{"sp":0,"qtr":2,"down":3,"time":"10:22","yrdln":"STL 23","ydstogo":7,"ydsnet":33,"posteam":"SF","desc":"(10:22) S.Hill sacked at STL 25 for -2 yards (C.Ah You).","note":null,"players":{"00-0025626":[{"sequence":3,"clubcode":"STL","playerName":"C.Ah You","statId":83,"yards":-2},{"sequence":4,"clubcode":"STL","playerName":"C.Ah You","statId":110,"yards":0},{"sequence":5,"clubcode":"STL","playerName":"C.Ah You","statId":79,"yards":0},{"sequence":6,"clubcode":"STL","playerName":"C.Ah You","statId":120,"yards":0}],"0":[{"sequence":1,"clubcode":"SF","playerName":"","statId":7,"yards":0}],"00-0020679":[{"sequence":2,"clubcode":"SF","playerName":"S.Hill","statId":20,"yards":-2}]}},"1114":{"sp":0,"qtr":2,"down":4,"time":"09:47","yrdln":"STL 25","ydstogo":9,"ydsnet":33,"posteam":"SF","desc":"(9:47) J.Nedney 43 yard field goal is No Good, Hit Left Upright, Center-B.Jennings, Holder-A.Lee.","note":"FGM","players":{"00-0011970":[{"sequence":1,"clubcode":"SF","playerName":"J.Nedney","statId":69,"yards":43}]}}},"fds":2,"result":"Missed FG","penyds":-1,"ydsgained":34,"numplays":12,"postime":"5:39","start":{"qtr":1,"time":"00:19","yrdln":"SF 42","team":"SF"},"end":{"qtr":1,"time":"09:40","yrdln":"STL 25","team":"SF"}},"7":{"posteam":"STL","qtr":2,"redzone":true,"plays":{"1135":{"sp":0,"qtr":2,"down":1,"time":"09:40","yrdln":"STL 33","ydstogo":10,"ydsnet":0,"posteam":"STL","desc":"(9:40) S.Jackson right guard to STL 33 for no gain (M.Lawson).","note":null,"players":{"00-0024237":[{"sequence":2,"clubcode":"SF","playerName":"M.Lawson","statId":79,"yards":0}],"00-0022736":[{"sequence":1,"clubcode":"STL","playerName":"S.Jackson","statId":10,"yards":0}]}},"1161":{"sp":0,"qtr":2,"down":2,"time":"09:04","yrdln":"STL 33","ydstogo":10,"ydsnet":0,"posteam":"STL","desc":"(9:04) K.Boller pass incomplete deep left to R.McMichael.","note":null,"players":{"00-0022164":[{"sequence":1,"clubcode":"STL","playerName":"K.Boller","statId":14,"yards":0},{"sequence":3,"clubcode":"STL","playerName":"K.Boller","statId":112,"yards":19}],"00-0021236":[{"sequence":2,"clubcode":"STL","playerName":"R.McMichael","statId":115,"yards":0}]}},"1183":{"sp":0,"qtr":2,"down":3,"time":"09:04","yrdln":"STL 33","ydstogo":10,"ydsnet":5,"posteam":"STL","desc":"(9:04) (Shotgun) K.Boller up the middle to STL 38 for 5 yards (M.Lawson).","note":null,"players":{"00-0022164":[{"sequence":2,"clubcode":"STL","playerName":"K.Boller","statId":10,"yards":5}],"00-0024237":[{"sequence":3,"clubcode":"SF","playerName":"M.Lawson","statId":79,"yards":0}],"0":[{"sequence":1,"clubcode":"STL","playerName":"","statId":7,"yards":0}]}},"1208":{"sp":0,"qtr":2,"down":4,"time":"08:20","yrdln":"STL 38","ydstogo":5,"ydsnet":5,"posteam":"STL","desc":"(8:20) D.Jones punts 40 yards to SF 22, Center-C.Massey, fair catch by A.Battle.","note":"PUNT","players":{"00-0022064":[{"sequence":2,"clubcode":"SF","playerName":"A.Battle","statId":39,"yards":0}],"00-0022684":[{"sequence":1,"clubcode":"STL","playerName":"D.Jones","statId":29,"yards":40}]}}},"fds":0,"result":"Punt","penyds":0,"ydsgained":5,"numplays":4,"postime":"1:27","start":{"qtr":2,"time":"09:40","yrdln":"STL 33","team":"STL"},"end":{"qtr":2,"time":"08:13","yrdln":"STL 38","team":"STL"}},"8":{"posteam":"SF","qtr":2,"redzone":true,"plays":{"1228":{"sp":0,"qtr":2,"down":1,"time":"08:13","yrdln":"SF 22","ydstogo":10,"ydsnet":8,"posteam":"SF","desc":"(8:13) G.Coffee up the middle to SF 30 for 8 yards (J.Hall).","note":null,"players":{"00-0019387":[{"sequence":2,"clubcode":"STL","playerName":"J.Hall","statId":79,"yards":0}],"00-0027048":[{"sequence":1,"clubcode":"SF","playerName":"G.Coffee","statId":10,"yards":8}]}},"1260":{"sp":0,"qtr":2,"down":2,"time":"07:38","yrdln":"SF 30","ydstogo":2,"ydsnet":13,"posteam":"SF","desc":"(7:38) M.Norris up the middle to SF 35 for 5 yards (J.Hall).","note":null,"players":{"00-0020508":[{"sequence":2,"clubcode":"SF","playerName":"M.Norris","statId":10,"yards":5}],"0":[{"sequence":1,"clubcode":"SF","playerName":"","statId":3,"yards":0}],"00-0019387":[{"sequence":3,"clubcode":"STL","playerName":"J.Hall","statId":79,"yards":0}]}},"1281":{"sp":0,"qtr":2,"down":1,"time":"07:01","yrdln":"SF 35","ydstogo":10,"ydsnet":12,"posteam":"SF","desc":"(7:01) G.Coffee right tackle to SF 34 for -1 yards (J.Hall; J.Laurinaitis).","note":null,"players":{"0":[{"sequence":2,"clubcode":"SF","playerName":"","statId":95,"yards":-1}],"00-0019387":[{"sequence":3,"clubcode":"STL","playerName":"J.Hall","statId":82,"yards":0}],"00-0027011":[{"sequence":4,"clubcode":"STL","playerName":"J.Laurinaitis","statId":82,"yards":0}],"00-0027048":[{"sequence":1,"clubcode":"SF","playerName":"G.Coffee","statId":10,"yards":-1}]}},"1302":{"sp":0,"qtr":2,"down":2,"time":"06:19","yrdln":"SF 34","ydstogo":11,"ydsnet":12,"posteam":"SF","desc":"(6:19) S.Hill pass incomplete short right to M.Norris.","note":null,"players":{"00-0020508":[{"sequence":2,"clubcode":"SF","playerName":"M.Norris","statId":115,"yards":0}],"00-0020679":[{"sequence":1,"clubcode":"SF","playerName":"S.Hill","statId":14,"yards":0},{"sequence":3,"clubcode":"SF","playerName":"S.Hill","statId":112,"yards":3}]}},"1324":{"sp":0,"qtr":2,"down":3,"time":"06:13","yrdln":"SF 34","ydstogo":11,"ydsnet":21,"posteam":"SF","desc":"(6:13) (Shotgun) S.Hill pass short right to I.Bruce to SF 43 for 9 yards (Q.Butler). Caught at SF 41.","note":null,"players":{"00-0002099":[{"sequence":4,"clubcode":"SF","playerName":"I.Bruce","statId":21,"yards":9},{"sequence":5,"clubcode":"SF","playerName":"I.Bruce","statId":115,"yards":0},{"sequence":6,"clubcode":"SF","playerName":"I.Bruce","statId":113,"yards":2}],"00-0024008":[{"sequence":7,"clubcode":"STL","playerName":"Q.Butler","statId":79,"yards":0}],"0":[{"sequence":1,"clubcode":"SF","playerName":"","statId":7,"yards":0}],"00-0020679":[{"sequence":2,"clubcode":"SF","playerName":"S.Hill","statId":15,"yards":9},{"sequence":3,"clubcode":"SF","playerName":"S.Hill","statId":111,"yards":7}]}},"1349":{"sp":1,"qtr":2,"down":4,"time":"05:40","yrdln":"SF 43","ydstogo":2,"ydsnet":21,"posteam":"SF","desc":"(5:40) A.Lee punts 37 yards to STL 20, Center-B.Jennings. Q.Butler MUFFS catch, touched at STL 14, RECOVERED by SF-S.McKillop at STL 0. TOUCHDOWN. Punt hit Q.Butler on leg at STL 20 where he kicked ball at STL 14 and it rolled into end zone. S.McKillop recovered for TD.  A.Lee credited with 43-yard punt to STL 14.","note":"TD","players":{"00-0024008":[{"sequence":2,"clubcode":"STL","playerName":"Q.Butler","statId":53,"yards":0},{"sequence":3,"clubcode":"STL","playerName":"Q.Butler","statId":106,"yards":0},{"sequence":4,"clubcode":"STL","playerName":"Q.Butler","statId":33,"yards":0}],"00-0026499":[{"sequence":6,"clubcode":"SF","playerName":"S.McKillop","statId":60,"yards":0}],"00-0022824":[{"sequence":1,"clubcode":"SF","playerName":"A.Lee","statId":29,"yards":43},{"sequence":5,"clubcode":"SF","playerName":"A.Lee","statId":30,"yards":0}]}}},"fds":1,"result":"Punt","penyds":0,"ydsgained":21,"numplays":6,"postime":"2:46","start":{"qtr":2,"time":"08:13","yrdln":"SF 22","team":"SF"},"end":{"qtr":2,"time":"05:27","yrdln":"SF 43","team":"SF"}},"9":{"posteam":"STL","qtr":2,"redzone":true,"plays":{"1402":{"sp":0,"qtr":2,"down":0,"time":"05:27","yrdln":"SF 30","ydstogo":0,"ydsnet":0,"posteam":"SF","desc":"J.Nedney kicks 60 yards from SF 30 to STL 10. D.Amendola to STL 27 for 17 yards (T.Brown).","note":"KICKOFF","players":{"00-0011970":[{"sequence":1,"clubcode":"SF","playerName":"J.Nedney","statId":41,"yards":60}],"00-0025534":[{"sequence":3,"clubcode":"SF","playerName":"T.Brown","statId":79,"yards":0}],"00-0026035":[{"sequence":2,"clubcode":"STL","playerName":"D.Amendola","statId":45,"yards":17}]}},"1449":{"sp":0,"qtr":2,"down":1,"time":"05:21","yrdln":"STL 27","ydstogo":10,"ydsnet":0,"posteam":"STL","desc":"(5:21) K.Boller pass incomplete short right to R.McMichael.","note":null,"players":{"00-0022164":[{"sequence":1,"clubcode":"STL","playerName":"K.Boller","statId":14,"yards":0},{"sequence":3,"clubcode":"STL","playerName":"K.Boller","statId":112,"yards":13}],"00-0021236":[{"sequence":2,"clubcode":"STL","playerName":"R.McMichael","statId":115,"yards":0}]}},"1475":{"sp":0,"qtr":2,"down":2,"time":"05:15","yrdln":"STL 27","ydstogo":10,"ydsnet":6,"posteam":"STL","desc":"(5:15) S.Jackson right guard to STL 33 for 6 yards (M.Lewis).","note":null,"players":{"00-0021185":[{"sequence":2,"clubcode":"SF","playerName":"M.Lewis","statId":79,"yards":0}],"00-0022736":[{"sequence":1,"clubcode":"STL","playerName":"S.Jackson","statId":10,"yards":6}]}},"1496":{"sp":0,"qtr":2,"down":3,"time":"04:34","yrdln":"STL 33","ydstogo":4,"ydsnet":18,"posteam":"STL","desc":"(4:34) K.Boller pass short left to K.Burton to STL 45 for 12 yards (D.Goldson). Caught at STL 41.","note":null,"players":{"00-0022164":[{"sequence":3,"clubcode":"STL","playerName":"K.Boller","statId":15,"yards":12},{"sequence":4,"clubcode":"STL","playerName":"K.Boller","statId":111,"yards":8}],"00-0025513":[{"sequence":8,"clubcode":"SF","playerName":"D.Goldson","statId":79,"yards":0}],"00-0026268":[{"sequence":5,"clubcode":"STL","playerName":"K.Burton","statId":21,"yards":12},{"sequence":6,"clubcode":"STL","playerName":"K.Burton","statId":115,"yards":0},{"sequence":7,"clubcode":"STL","playerName":"K.Burton","statId":113,"yards":4}],"0":[{"sequence":1,"clubcode":"STL","playerName":"","statId":4,"yards":0},{"sequence":2,"clubcode":"STL","playerName":"","statId":6,"yards":0}]}},"1520":{"sp":0,"qtr":2,"down":1,"time":"03:59","yrdln":"STL 45","ydstogo":10,"ydsnet":8,"posteam":"STL","desc":"(3:59) K.Boller sacked at STL 35 for -10 yards (T.Spikes).","note":null,"players":{"00-0015474":[{"sequence":2,"clubcode":"SF","playerName":"T.Spikes","statId":83,"yards":-10},{"sequence":3,"clubcode":"SF","playerName":"T.Spikes","statId":110,"yards":0},{"sequence":4,"clubcode":"SF","playerName":"T.Spikes","statId":79,"yards":0},{"sequence":5,"clubcode":"SF","playerName":"T.Spikes","statId":120,"yards":0}],"00-0022164":[{"sequence":1,"clubcode":"STL","playerName":"K.Boller","statId":20,"yards":-10}]}},"1543":{"sp":0,"qtr":2,"down":2,"time":"03:21","yrdln":"STL 35","ydstogo":20,"ydsnet":23,"posteam":"STL","desc":"(3:21) S.Jackson left end to 50 for 15 yards (S.Spencer).","note":null,"players":{"00-0022843":[{"sequence":2,"clubcode":"SF","playerName":"S.Spencer","statId":79,"yards":0}],"00-0022736":[{"sequence":1,"clubcode":"STL","playerName":"S.Jackson","statId":10,"yards":15}]}},"1564":{"sp":0,"qtr":2,"down":3,"time":"02:55","yrdln":"50","ydstogo":5,"ydsnet":31,"posteam":"STL","desc":"(2:55) K.Boller pass short right to R.McMichael to SF 42 for 8 yards (M.Lewis). Penalty on SF-R.McDonald, Defensive Offside, declined.","note":null,"players":{"00-0022164":[{"sequence":3,"clubcode":"STL","playerName":"K.Boller","statId":15,"yards":8},{"sequence":4,"clubcode":"STL","playerName":"K.Boller","statId":111,"yards":8}],"00-0021236":[{"sequence":5,"clubcode":"STL","playerName":"R.McMichael","statId":21,"yards":8},{"sequence":6,"clubcode":"STL","playerName":"R.McMichael","statId":115,"yards":0},{"sequence":7,"clubcode":"STL","playerName":"R.McMichael","statId":113,"yards":0}],"0":[{"sequence":1,"clubcode":"STL","playerName":"","statId":4,"yards":0},{"sequence":2,"clubcode":"STL","playerName":"","statId":6,"yards":0}],"00-0021185":[{"sequence":8,"clubcode":"SF","playerName":"M.Lewis","statId":79,"yards":0}]}},"1599":{"sp":0,"qtr":2,"down":1,"time":"02:36","yrdln":"SF 42","ydstogo":10,"ydsnet":33,"posteam":"STL","desc":"(2:36) S.Jackson right tackle to SF 40 for 2 yards (P.Haralson).","note":null,"players":{"00-0024354":[{"sequence":2,"clubcode":"SF","playerName":"P.Haralson","statId":79,"yards":0}],"00-0022736":[{"sequence":1,"clubcode":"STL","playerName":"S.Jackson","statId":10,"yards":2}]}},"1620":{"sp":0,"qtr":2,"down":0,"time":"02:00","yrdln":"","ydstogo":0,"ydsnet":33,"posteam":"","desc":"Two-Minute Warning","note":null,"players":{}},"1637":{"sp":0,"qtr":2,"down":2,"time":"02:00","yrdln":"SF 40","ydstogo":8,"ydsnet":37,"posteam":"STL","desc":"(2:00) S.Jackson right tackle to SF 36 for 4 yards (P.Haralson; P.Willis).","note":null,"players":{"00-0024354":[{"sequence":2,"clubcode":"SF","playerName":"P.Haralson","statId":82,"yards":0}],"00-0025398":[{"sequence":3,"clubcode":"SF","playerName":"P.Willis","statId":82,"yards":0}],"00-0022736":[{"sequence":1,"clubcode":"STL","playerName":"S.Jackson","statId":10,"yards":4}]}},"1658":{"sp":0,"qtr":2,"down":3,"time":"01:29","yrdln":"SF 36","ydstogo":4,"ydsnet":32,"posteam":"STL","desc":"(1:29) K.Boller pass short middle to D.Amendola to SF 17 for 19 yards (D.Goldson). PENALTY on STL-J.Wade, Illegal Formation, 5 yards, enforced at SF 36 - No Play.","note":"PENALTY","players":{"00-0025471":[{"sequence":1,"clubcode":"STL","playerName":"J.Wade","statId":93,"yards":5}]}},"1693":{"sp":0,"qtr":2,"down":3,"time":"01:21","yrdln":"SF 41","ydstogo":9,"ydsnet":32,"posteam":"STL","desc":"(1:21) (Shotgun) S.Jackson right end pushed ob at SF 41 for no gain (R.McDonald).","note":null,"players":{"0":[{"sequence":1,"clubcode":"STL","playerName":"","statId":7,"yards":0}],"00-0025484":[{"sequence":3,"clubcode":"SF","playerName":"R.McDonald","statId":79,"yards":0}],"00-0022736":[{"sequence":2,"clubcode":"STL","playerName":"S.Jackson","statId":10,"yards":0}]}},"1714":{"sp":0,"qtr":2,"down":4,"time":"01:11","yrdln":"SF 41","ydstogo":9,"ydsnet":32,"posteam":"STL","desc":"(1:11) D.Jones punts 41 yards to end zone, Center-C.Massey, Touchback.","note":"PUNT","players":{"0":[{"sequence":2,"clubcode":"SF","playerName":"","statId":40,"yards":0}],"00-0022684":[{"sequence":1,"clubcode":"STL","playerName":"D.Jones","statId":32,"yards":41}]}}},"fds":2,"result":"Punt","penyds":-5,"ydsgained":37,"numplays":13,"postime":"4:25","start":{"qtr":2,"time":"05:27","yrdln":"STL 27","team":"STL"},"end":{"qtr":2,"time":"01:02","yrdln":"SF 41","team":"STL"}},"10":{"posteam":"SF","qtr":2,"redzone":true,"plays":{"1732":{"sp":0,"qtr":2,"down":1,"time":"01:02","yrdln":"SF 20","ydstogo":10,"ydsnet":2,"posteam":"SF","desc":"(1:02) (Shotgun) G.Coffee up the middle to SF 22 for 2 yards (J.Laurinaitis; C.Ah You).","note":null,"players":{"00-0025626":[{"sequence":3,"clubcode":"STL","playerName":"C.Ah You","statId":82,"yards":0}],"00-0027011":[{"sequence":2,"clubcode":"STL","playerName":"J.Laurinaitis","statId":82,"yards":0}],"00-0027048":[{"sequence":1,"clubcode":"SF","playerName":"G.Coffee","statId":10,"yards":2}]}},"1753":{"sp":0,"qtr":2,"down":0,"time":"00:56","yrdln":"","ydstogo":0,"ydsnet":2,"posteam":"","desc":"Timeout #1 by STL at 00:56.","note":"TIMEOUT","players":{"0":[{"sequence":1,"clubcode":"STL","playerName":"","statId":68,"yards":0}]}},"1770":{"sp":0,"qtr":2,"down":2,"time":"00:56","yrdln":"SF 22","ydstogo":8,"ydsnet":0,"posteam":"SF","desc":"(:56) (Shotgun) S.Hill pass incomplete short right. PENALTY on SF-S.Hill, Intentional Grounding, 13 yards, enforced at SF 22. Penalty on SF, Ineligible Downfield Pass, declined.","note":"PENALTY","players":{"00-0020679":[{"sequence":1,"clubcode":"SF","playerName":"S.Hill","statId":14,"yards":0},{"sequence":2,"clubcode":"SF","playerName":"S.Hill","statId":112,"yards":-4},{"sequence":3,"clubcode":"SF","playerName":"S.Hill","statId":93,"yards":13}]}},"1814":{"sp":0,"qtr":2,"down":3,"time":"00:52","yrdln":"SF 9","ydstogo":21,"ydsnet":0,"posteam":"SF","desc":"(:52) (Shotgun) S.Hill pass short middle to G.Coffee to SF 20 for 11 yards (J.Wade).","note":null,"players":{"00-0025471":[{"sequence":7,"clubcode":"STL","playerName":"J.Wade","statId":79,"yards":0}],"0":[{"sequence":1,"clubcode":"SF","playerName":"","statId":7,"yards":0}],"00-0027048":[{"sequence":4,"clubcode":"SF","playerName":"G.Coffee","statId":21,"yards":11},{"sequence":5,"clubcode":"SF","playerName":"G.Coffee","statId":115,"yards":0},{"sequence":6,"clubcode":"SF","playerName":"G.Coffee","statId":113,"yards":11}],"00-0020679":[{"sequence":2,"clubcode":"SF","playerName":"S.Hill","statId":15,"yards":11},{"sequence":3,"clubcode":"SF","playerName":"S.Hill","statId":111,"yards":0}]}},"1838":{"sp":0,"qtr":2,"down":0,"time":"00:43","yrdln":"","ydstogo":0,"ydsnet":0,"posteam":"","desc":"Timeout #2 by STL at 00:43.","note":"TIMEOUT","players":{"0":[{"sequence":1,"clubcode":"STL","playerName":"","statId":68,"yards":0}]}},"2005":{"sp":0,"qtr":2,"down":4,"time":"00:43","yrdln":"SF 20","ydstogo":10,"ydsnet":0,"posteam":"SF","desc":"(:43) A.Lee punts 48 yards to STL 32, Center-B.Jennings. D.Amendola to STL 38 for 6 yards (B.Jennings).","note":"PUNT","players":{"00-0019548":[{"sequence":3,"clubcode":"SF","playerName":"B.Jennings","statId":79,"yards":0}],"00-0022824":[{"sequence":1,"clubcode":"SF","playerName":"A.Lee","statId":29,"yards":48}],"00-0026035":[{"sequence":2,"clubcode":"STL","playerName":"D.Amendola","statId":33,"yards":6}]}}},"fds":0,"result":"Punt","penyds":-13,"ydsgained":13,"numplays":6,"postime":"0:30","start":{"qtr":2,"time":"01:02","yrdln":"SF 20","team":"SF"},"end":{"qtr":2,"time":"00:32","yrdln":"SF 20","team":"SF"}},"11":{"posteam":"STL","qtr":2,"redzone":true,"plays":{"1864":{"sp":0,"qtr":2,"down":1,"time":"00:32","yrdln":"STL 38","ydstogo":10,"ydsnet":12,"posteam":"STL","desc":"(:32) K.Boller pass incomplete deep right to K.Burton.","note":null,"players":{"00-0022164":[{"sequence":1,"clubcode":"STL","playerName":"K.Boller","statId":14,"yards":0},{"sequence":3,"clubcode":"STL","playerName":"K.Boller","statId":112,"yards":25}],"00-0026268":[{"sequence":2,"clubcode":"STL","playerName":"K.Burton","statId":115,"yards":0}]}},"1886":{"sp":0,"qtr":2,"down":2,"time":"00:26","yrdln":"STL 38","ydstogo":10,"ydsnet":4,"posteam":"STL","desc":"(:26) (Shotgun) K.Boller pass short right to S.Jackson to STL 42 for 4 yards (M.Lewis). Caught at STL 40.","note":null,"players":{"00-0022164":[{"sequence":1,"clubcode":"STL","playerName":"K.Boller","statId":15,"yards":4},{"sequence":2,"clubcode":"STL","playerName":"K.Boller","statId":111,"yards":2}],"00-0021185":[{"sequence":6,"clubcode":"SF","playerName":"M.Lewis","statId":79,"yards":0}],"00-0022736":[{"sequence":3,"clubcode":"STL","playerName":"S.Jackson","statId":21,"yards":4},{"sequence":4,"clubcode":"STL","playerName":"S.Jackson","statId":115,"yards":0},{"sequence":5,"clubcode":"STL","playerName":"S.Jackson","statId":113,"yards":2}]}},"1910":{"sp":0,"qtr":2,"down":0,"time":"00:16","yrdln":"","ydstogo":0,"ydsnet":4,"posteam":"","desc":"Timeout #2 by STL at 00:16.","note":"TIMEOUT","players":{"0":[{"sequence":1,"clubcode":"STL","playerName":"","statId":68,"yards":0}]}},"1931":{"sp":0,"qtr":2,"down":3,"time":"00:16","yrdln":"STL 42","ydstogo":6,"ydsnet":12,"posteam":"STL","desc":"(:16) (Shotgun) K.Boller pass short middle to D.Amendola to 50 for 8 yards (D.Goldson).","note":null,"players":{"00-0022164":[{"sequence":3,"clubcode":"STL","playerName":"K.Boller","statId":15,"yards":8},{"sequence":4,"clubcode":"STL","playerName":"K.Boller","statId":111,"yards":6}],"00-0025513":[{"sequence":8,"clubcode":"SF","playerName":"D.Goldson","statId":79,"yards":0}],"0":[{"sequence":1,"clubcode":"STL","playerName":"","statId":4,"yards":0},{"sequence":2,"clubcode":"STL","playerName":"","statId":6,"yards":0}],"00-0026035":[{"sequence":5,"clubcode":"STL","playerName":"D.Amendola","statId":21,"yards":8},{"sequence":6,"clubcode":"STL","playerName":"D.Amendola","statId":115,"yards":0},{"sequence":7,"clubcode":"STL","playerName":"D.Amendola","statId":113,"yards":2}]}},"1965":{"sp":0,"qtr":2,"down":1,"time":"00:16","yrdln":"50","ydstogo":10,"ydsnet":12,"posteam":"STL","desc":"(:16) PENALTY on STL, Illegal Shift, 0 yards, enforced at 50 - No Play.","note":"PENALTY","players":{"0":[{"sequence":1,"clubcode":"STL","playerName":"","statId":93,"yards":0}]}},"1988":{"sp":0,"qtr":2,"down":0,"time":"","yrdln":"","ydstogo":0,"ydsnet":12,"posteam":"","desc":"END QUARTER 2","note":null,"players":{}}},"fds":1,"result":"End of Half","penyds":0,"ydsgained":12,"numplays":6,"postime":"0:32","start":{"qtr":2,"time":"00:32","yrdln":"STL 38","team":"STL"},"end":{"qtr":2,"time":"00:00","yrdln":"50","team":"STL"}},"12":{"posteam":"SF","qtr":3,"redzone":true,"plays":{"2031":{"sp":0,"qtr":3,"down":0,"time":"15:00","yrdln":"STL 30","ydstogo":0,"ydsnet":0,"posteam":"STL","desc":"Josh.Brown kicks 69 yards from STL 30 to SF 1. M.Robinson to SF 26 for 25 yards (D.Roach; L.Grant).","note":"KICKOFF","players":{"00-0026354":[{"sequence":4,"clubcode":"STL","playerName":"L.Grant","statId":82,"yards":0}],"00-0021940":[{"sequence":1,"clubcode":"STL","playerName":"Josh.Brown","statId":41,"yards":69}],"00-0024315":[{"sequence":2,"clubcode":"SF","playerName":"M.Robinson","statId":45,"yards":25}],"00-0026126":[{"sequence":3,"clubcode":"STL","playerName":"D.Roach","statId":82,"yards":0}]}},"2053":{"sp":0,"qtr":3,"down":1,"time":"14:54","yrdln":"SF 26","ydstogo":10,"ydsnet":0,"posteam":"SF","desc":"(14:54) S.Hill pass incomplete short middle to I.Bruce [G.Gibson].","note":null,"players":{"00-0002099":[{"sequence":2,"clubcode":"SF","playerName":"I.Bruce","statId":115,"yards":0}],"00-0023327":[{"sequence":3,"clubcode":"STL","playerName":"G.Gibson","statId":110,"yards":0}],"00-0020679":[{"sequence":1,"clubcode":"SF","playerName":"S.Hill","statId":14,"yards":0},{"sequence":4,"clubcode":"SF","playerName":"S.Hill","statId":112,"yards":0}]}},"2087":{"sp":0,"qtr":3,"down":2,"time":"14:46","yrdln":"SF 26","ydstogo":10,"ydsnet":2,"posteam":"SF","desc":"(14:46) G.Coffee up the middle to SF 28 for 2 yards (L.Little; J.Laurinaitis).","note":null,"players":{"00-0009978":[{"sequence":2,"clubcode":"STL","playerName":"L.Little","statId":82,"yards":0}],"00-0027011":[{"sequence":3,"clubcode":"STL","playerName":"J.Laurinaitis","statId":82,"yards":0}],"00-0027048":[{"sequence":1,"clubcode":"SF","playerName":"G.Coffee","statId":10,"yards":2}]}},"2108":{"sp":0,"qtr":3,"down":3,"time":"14:06","yrdln":"SF 28","ydstogo":8,"ydsnet":19,"posteam":"SF","desc":"(14:06) (Shotgun) S.Hill pass incomplete short right to I.Bruce [J.Hall]. PENALTY on STL, Defensive Pass Interference, 17 yards, enforced at SF 28 - No Play.","note":"PENALTY","players":{"0":[{"sequence":1,"clubcode":"SF","playerName":"","statId":5,"yards":0},{"sequence":2,"clubcode":"STL","playerName":"","statId":93,"yards":17}]}},"2141":{"sp":0,"qtr":3,"down":1,"time":"13:59","yrdln":"SF 45","ydstogo":10,"ydsnet":18,"posteam":"SF","desc":"(13:59) G.Coffee left end to SF 44 for -1 yards (C.Ryan).","note":null,"players":{"0":[{"sequence":2,"clubcode":"SF","playerName":"","statId":95,"yards":-1}],"00-0025541":[{"sequence":3,"clubcode":"STL","playerName":"C.Ryan","statId":79,"yards":0},{"sequence":4,"clubcode":"STL","playerName":"C.Ryan","statId":120,"yards":0}],"00-0027048":[{"sequence":1,"clubcode":"SF","playerName":"G.Coffee","statId":10,"yards":-1}]}},"2162":{"sp":0,"qtr":3,"down":2,"time":"13:21","yrdln":"SF 44","ydstogo":11,"ydsnet":18,"posteam":"SF","desc":"(13:21) S.Hill pass incomplete deep middle to J.Morgan [L.Little].","note":null,"players":{"00-0026314":[{"sequence":2,"clubcode":"SF","playerName":"J.Morgan","statId":115,"yards":0}],"00-0009978":[{"sequence":3,"clubcode":"STL","playerName":"L.Little","statId":110,"yards":0}],"00-0020679":[{"sequence":1,"clubcode":"SF","playerName":"S.Hill","statId":14,"yards":0},{"sequence":4,"clubcode":"SF","playerName":"S.Hill","statId":112,"yards":44}]}},"2184":{"sp":0,"qtr":3,"down":3,"time":"13:13","yrdln":"SF 44","ydstogo":11,"ydsnet":12,"posteam":"SF","desc":"(13:13) (Shotgun) S.Hill sacked at SF 38 for -6 yards (J.Hall).","note":null,"players":{"0":[{"sequence":1,"clubcode":"SF","playerName":"","statId":7,"yards":0}],"00-0019387":[{"sequence":3,"clubcode":"STL","playerName":"J.Hall","statId":83,"yards":-6},{"sequence":4,"clubcode":"STL","playerName":"J.Hall","statId":110,"yards":0},{"sequence":5,"clubcode":"STL","playerName":"J.Hall","statId":79,"yards":0},{"sequence":6,"clubcode":"STL","playerName":"J.Hall","statId":120,"yards":0}],"00-0020679":[{"sequence":2,"clubcode":"SF","playerName":"S.Hill","statId":20,"yards":-6}]}},"2204":{"sp":0,"qtr":3,"down":4,"time":"12:49","yrdln":"SF 38","ydstogo":17,"ydsnet":12,"posteam":"SF","desc":"(12:49) A.Lee punts 48 yards to STL 14, Center-B.Jennings. D.Amendola to STL 17 for 3 yards (M.Hudson).","note":"PUNT","players":{"00-0024406":[{"sequence":4,"clubcode":"SF","playerName":"M.Hudson","statId":79,"yards":0}],"00-0022824":[{"sequence":1,"clubcode":"SF","playerName":"A.Lee","statId":29,"yards":48},{"sequence":3,"clubcode":"SF","playerName":"A.Lee","statId":30,"yards":0}],"00-0026035":[{"sequence":2,"clubcode":"STL","playerName":"D.Amendola","statId":33,"yards":3}]}}},"fds":1,"result":"Punt","penyds":17,"ydsgained":-5,"numplays":8,"postime":"2:22","start":{"qtr":3,"time":"15:00","yrdln":"SF 26","team":"SF"},"end":{"qtr":3,"time":"12:38","yrdln":"SF 38","team":"SF"}},"13":{"posteam":"STL","qtr":3,"redzone":true,"plays":{"2230":{"sp":0,"qtr":3,"down":1,"time":"12:38","yrdln":"STL 17","ydstogo":10,"ydsnet":-2,"posteam":"STL","desc":"(12:38) K.Boller sacked at STL 15 for -2 yards (sack split by P.Willis and M.Lawson).","note":null,"players":{"00-0022164":[{"sequence":1,"clubcode":"STL","playerName":"K.Boller","statId":20,"yards":-2}],"00-0024237":[{"sequence":3,"clubcode":"SF","playerName":"M.Lawson","statId":84,"yards":-2},{"sequence":5,"clubcode":"SF","playerName":"M.Lawson","statId":110,"yards":0},{"sequence":7,"clubcode":"SF","playerName":"M.Lawson","statId":82,"yards":0}],"00-0025398":[{"sequence":2,"clubcode":"SF","playerName":"P.Willis","statId":84,"yards":-2},{"sequence":4,"clubcode":"SF","playerName":"P.Willis","statId":110,"yards":0},{"sequence":6,"clubcode":"SF","playerName":"P.Willis","statId":82,"yards":0}]}},"2249":{"sp":0,"qtr":3,"down":2,"time":"12:09","yrdln":"STL 15","ydstogo":12,"ydsnet":-4,"posteam":"STL","desc":"(12:09) S.Jackson right end to STL 18 for 3 yards (T.Spikes, M.Lawson).","note":null,"players":{"00-0015474":[{"sequence":2,"clubcode":"SF","playerName":"T.Spikes","statId":80,"yards":0}],"00-0024237":[{"sequence":3,"clubcode":"SF","playerName":"M.Lawson","statId":82,"yards":0}],"00-0022736":[{"sequence":1,"clubcode":"STL","playerName":"S.Jackson","statId":10,"yards":3}]}},"2270":{"sp":0,"qtr":3,"down":3,"time":"11:32","yrdln":"STL 18","ydstogo":9,"ydsnet":-4,"posteam":"STL","desc":"(11:32) (Shotgun) K.Boller pass short middle to S.Jackson to STL 26 for 8 yards (M.Roman). PENALTY on STL-J.Greco, Ineligible Downfield Pass, 5 yards, enforced at STL 18 - No Play.","note":"PENALTY","players":{"00-0026205":[{"sequence":1,"clubcode":"STL","playerName":"J.Greco","statId":93,"yards":5}]}},"2305":{"sp":0,"qtr":3,"down":3,"time":"11:00","yrdln":"STL 13","ydstogo":14,"ydsnet":-2,"posteam":"STL","desc":"(11:00) (Shotgun) S.Jackson up the middle to STL 15 for 2 yards (J.Smith).","note":null,"players":{"00-0020535":[{"sequence":3,"clubcode":"SF","playerName":"J.Smith","statId":79,"yards":0}],"0":[{"sequence":1,"clubcode":"STL","playerName":"","statId":7,"yards":0}],"00-0022736":[{"sequence":2,"clubcode":"STL","playerName":"S.Jackson","statId":10,"yards":2}]}},"2326":{"sp":0,"qtr":3,"down":4,"time":"10:25","yrdln":"STL 15","ydstogo":12,"ydsnet":-2,"posteam":"STL","desc":"(10:25) D.Jones punts 33 yards to STL 48, Center-C.Massey. A.Battle MUFFS catch, ball out of bounds at STL 48. A.Battle charged with return of 0-yards and a fumble.","note":"FUMBLE","players":{"00-0022064":[{"sequence":2,"clubcode":"SF","playerName":"A.Battle","statId":53,"yards":0},{"sequence":3,"clubcode":"SF","playerName":"A.Battle","statId":54,"yards":0},{"sequence":4,"clubcode":"SF","playerName":"A.Battle","statId":33,"yards":0}],"00-0022684":[{"sequence":1,"clubcode":"STL","playerName":"D.Jones","statId":29,"yards":33}]}}},"fds":0,"result":"Punt","penyds":-5,"ydsgained":3,"numplays":5,"postime":"2:22","start":{"qtr":3,"time":"12:38","yrdln":"STL 17","team":"STL"},"end":{"qtr":3,"time":"10:16","yrdln":"STL 15","team":"STL"}},"14":{"posteam":"SF","qtr":3,"redzone":true,"plays":{"2346":{"sp":0,"qtr":3,"down":1,"time":"10:16","yrdln":"STL 48","ydstogo":10,"ydsnet":48,"posteam":"SF","desc":"(10:16) G.Coffee up the middle to STL 48 for no gain (P.Lenon).","note":null,"players":{"00-0019104":[{"sequence":2,"clubcode":"STL","playerName":"P.Lenon","statId":79,"yards":0}],"00-0027048":[{"sequence":1,"clubcode":"SF","playerName":"G.Coffee","statId":10,"yards":0}]}},"2375":{"sp":0,"qtr":3,"down":2,"time":"09:44","yrdln":"STL 48","ydstogo":10,"ydsnet":16,"posteam":"SF","desc":"(9:44) D.Walker left end to STL 32 for 16 yards (O.Atogwe).","note":null,"players":{"00-0023501":[{"sequence":3,"clubcode":"STL","playerName":"O.Atogwe","statId":79,"yards":0}],"0":[{"sequence":1,"clubcode":"SF","playerName":"","statId":3,"yards":0}],"00-0024389":[{"sequence":2,"clubcode":"SF","playerName":"D.Walker","statId":10,"yards":16}]}},"2396":{"sp":0,"qtr":3,"down":1,"time":"09:10","yrdln":"STL 32","ydstogo":10,"ydsnet":16,"posteam":"SF","desc":"(9:10) S.Hill pass incomplete short middle to M.Robinson [L.Douzable].","note":null,"players":{"00-0025942":[{"sequence":3,"clubcode":"STL","playerName":"L.Douzable","statId":110,"yards":0}],"00-0024315":[{"sequence":2,"clubcode":"SF","playerName":"M.Robinson","statId":115,"yards":0}],"00-0020679":[{"sequence":1,"clubcode":"SF","playerName":"S.Hill","statId":14,"yards":0},{"sequence":4,"clubcode":"SF","playerName":"S.Hill","statId":112,"yards":6}]}},"2421":{"sp":0,"qtr":3,"down":2,"time":"09:04","yrdln":"STL 32","ydstogo":10,"ydsnet":18,"posteam":"SF","desc":"(9:04) G.Coffee up the middle to STL 30 for 2 yards (J.Laurinaitis).","note":null,"players":{"00-0027011":[{"sequence":2,"clubcode":"STL","playerName":"J.Laurinaitis","statId":79,"yards":0}],"00-0027048":[{"sequence":1,"clubcode":"SF","playerName":"G.Coffee","statId":10,"yards":2}]}},"2446":{"sp":0,"qtr":3,"down":3,"time":"08:25","yrdln":"STL 30","ydstogo":8,"ydsnet":33,"posteam":"SF","desc":"(8:25) (Shotgun) S.Hill pass short left to J.Morgan to STL 15 for 15 yards (B.Fletcher). Caught at STL 28.","note":null,"players":{"00-0026314":[{"sequence":5,"clubcode":"SF","playerName":"J.Morgan","statId":21,"yards":15},{"sequence":6,"clubcode":"SF","playerName":"J.Morgan","statId":115,"yards":0},{"sequence":7,"clubcode":"SF","playerName":"J.Morgan","statId":113,"yards":13}],"00-0027041":[{"sequence":8,"clubcode":"STL","playerName":"B.Fletcher","statId":79,"yards":0}],"0":[{"sequence":1,"clubcode":"SF","playerName":"","statId":4,"yards":0},{"sequence":2,"clubcode":"SF","playerName":"","statId":6,"yards":0}],"00-0020679":[{"sequence":3,"clubcode":"SF","playerName":"S.Hill","statId":15,"yards":15},{"sequence":4,"clubcode":"SF","playerName":"S.Hill","statId":111,"yards":2}]}},"2470":{"sp":0,"qtr":3,"down":1,"time":"07:45","yrdln":"STL 15","ydstogo":10,"ydsnet":35,"posteam":"SF","desc":"(7:45) G.Coffee left guard to STL 13 for 2 yards (J.Hall).","note":null,"players":{"00-0019387":[{"sequence":2,"clubcode":"STL","playerName":"J.Hall","statId":79,"yards":0}],"00-0027048":[{"sequence":1,"clubcode":"SF","playerName":"G.Coffee","statId":10,"yards":2}]}},"2495":{"sp":1,"qtr":3,"down":2,"time":"07:08","yrdln":"STL 13","ydstogo":8,"ydsnet":48,"posteam":"SF","desc":"(7:08) S.Hill pass short middle to V.Davis for 13 yards, TOUCHDOWN.","note":"TD","players":{"00-0024221":[{"sequence":4,"clubcode":"SF","playerName":"V.Davis","statId":22,"yards":13},{"sequence":5,"clubcode":"SF","playerName":"V.Davis","statId":115,"yards":0},{"sequence":6,"clubcode":"SF","playerName":"V.Davis","statId":113,"yards":0}],"0":[{"sequence":1,"clubcode":"SF","playerName":"","statId":4,"yards":0}],"00-0020679":[{"sequence":2,"clubcode":"SF","playerName":"S.Hill","statId":16,"yards":13},{"sequence":3,"clubcode":"SF","playerName":"S.Hill","statId":111,"yards":13}]}},"2516":{"sp":1,"qtr":3,"down":0,"time":"07:03","yrdln":"STL 2","ydstogo":0,"ydsnet":48,"posteam":"SF","desc":"J.Nedney extra point is GOOD, Center-B.Jennings, Holder-A.Lee.","note":"XP","players":{"00-0011970":[{"sequence":1,"clubcode":"SF","playerName":"J.Nedney","statId":72,"yards":0}]}}},"fds":3,"result":"Touchdown","penyds":0,"ydsgained":48,"numplays":8,"postime":"3:13","start":{"qtr":3,"time":"10:16","yrdln":"STL 48","team":"SF"},"end":{"qtr":3,"time":"07:03","yrdln":"STL 13","team":"SF"}},"15":{"posteam":"STL","qtr":3,"redzone":true,"plays":{"2532":{"sp":0,"qtr":3,"down":0,"time":"07:03","yrdln":"SF 30","ydstogo":0,"ydsnet":0,"posteam":"SF","desc":"J.Nedney kicks 71 yards from SF 30 to STL -1. D.Amendola to STL 18 for 19 yards (D.Walker).","note":"KICKOFF","players":{"00-0011970":[{"sequence":1,"clubcode":"SF","playerName":"J.Nedney","statId":43,"yards":71},{"sequence":3,"clubcode":"SF","playerName":"J.Nedney","statId":42,"yards":0}],"00-0024389":[{"sequence":4,"clubcode":"SF","playerName":"D.Walker","statId":79,"yards":0}],"00-0026035":[{"sequence":2,"clubcode":"STL","playerName":"D.Amendola","statId":45,"yards":19}]}},"2554":{"sp":0,"qtr":3,"down":1,"time":"06:58","yrdln":"STL 18","ydstogo":10,"ydsnet":0,"posteam":"STL","desc":"(6:58) S.Jackson right end to STL 18 for no gain (P.Willis).","note":null,"players":{"00-0025398":[{"sequence":2,"clubcode":"SF","playerName":"P.Willis","statId":79,"yards":0}],"00-0022736":[{"sequence":1,"clubcode":"STL","playerName":"S.Jackson","statId":10,"yards":0}]}},"2576":{"sp":0,"qtr":3,"down":2,"time":"06:24","yrdln":"STL 18","ydstogo":10,"ydsnet":2,"posteam":"STL","desc":"(6:24) K.Boller pass short right to K.Darby to STL 20 for 2 yards (N.Clements).","note":null,"players":{"00-0022164":[{"sequence":1,"clubcode":"STL","playerName":"K.Boller","statId":15,"yards":2},{"sequence":2,"clubcode":"STL","playerName":"K.Boller","statId":111,"yards":-3}],"00-0020495":[{"sequence":6,"clubcode":"SF","playerName":"N.Clements","statId":79,"yards":0}],"00-0025633":[{"sequence":3,"clubcode":"STL","playerName":"K.Darby","statId":21,"yards":2},{"sequence":4,"clubcode":"STL","playerName":"K.Darby","statId":115,"yards":0},{"sequence":5,"clubcode":"STL","playerName":"K.Darby","statId":113,"yards":5}]}},"2600":{"sp":1,"qtr":3,"down":3,"time":"05:40","yrdln":"STL 20","ydstogo":8,"ydsnet":2,"posteam":"STL","desc":"(5:40) (Shotgun) K.Boller pass short middle intended for K.Burton INTERCEPTED by P.Willis at STL 23. P.Willis for 23 yards, TOUCHDOWN.","note":"TD","players":{"00-0022164":[{"sequence":2,"clubcode":"STL","playerName":"K.Boller","statId":19,"yards":0},{"sequence":4,"clubcode":"STL","playerName":"K.Boller","statId":112,"yards":3}],"00-0025398":[{"sequence":5,"clubcode":"SF","playerName":"P.Willis","statId":26,"yards":23},{"sequence":6,"clubcode":"SF","playerName":"P.Willis","statId":85,"yards":0}],"00-0026268":[{"sequence":3,"clubcode":"STL","playerName":"K.Burton","statId":115,"yards":0}],"0":[{"sequence":1,"clubcode":"STL","playerName":"","statId":7,"yards":0}]}}},"fds":0,"result":"Interception","penyds":0,"ydsgained":2,"numplays":4,"postime":"1:32","start":{"qtr":3,"time":"07:03","yrdln":"STL 18","team":"STL"},"end":{"qtr":3,"time":"05:31","yrdln":"STL 20","team":"STL"}},"16":{"posteam":"STL","qtr":3,"redzone":true,"plays":{"2639":{"sp":0,"qtr":3,"down":0,"time":"05:31","yrdln":"SF 30","ydstogo":0,"ydsnet":0,"posteam":"SF","desc":"J.Nedney kicks 67 yards from SF 30 to STL 3. K.Darby to STL 14 for 11 yards (M.Robinson). PENALTY on STL-B.Bajema, Illegal Block Above the Waist, 7 yards, enforced at STL 14.","note":"KICKOFF","players":{"00-0023679":[{"sequence":5,"clubcode":"STL","playerName":"B.Bajema","statId":93,"yards":7}],"00-0011970":[{"sequence":1,"clubcode":"SF","playerName":"J.Nedney","statId":41,"yards":67},{"sequence":3,"clubcode":"SF","playerName":"J.Nedney","statId":42,"yards":0}],"00-0024315":[{"sequence":4,"clubcode":"SF","playerName":"M.Robinson","statId":79,"yards":0}],"00-0025633":[{"sequence":2,"clubcode":"STL","playerName":"K.Darby","statId":45,"yards":11}]}},"2672":{"sp":0,"qtr":3,"down":1,"time":"05:25","yrdln":"STL 7","ydstogo":10,"ydsnet":13,"posteam":"STL","desc":"(5:25) K.Boller pass short right to D.Avery to STL 21 for 14 yards (T.Spikes). SF-D.Goldson was injured during the play.  Caught at STL 4.","note":null,"players":{"00-0015474":[{"sequence":7,"clubcode":"SF","playerName":"T.Spikes","statId":79,"yards":0}],"00-0026173":[{"sequence":4,"clubcode":"STL","playerName":"D.Avery","statId":21,"yards":14},{"sequence":5,"clubcode":"STL","playerName":"D.Avery","statId":115,"yards":0},{"sequence":6,"clubcode":"STL","playerName":"D.Avery","statId":113,"yards":17}],"00-0022164":[{"sequence":2,"clubcode":"STL","playerName":"K.Boller","statId":15,"yards":14},{"sequence":3,"clubcode":"STL","playerName":"K.Boller","statId":111,"yards":-3}],"0":[{"sequence":1,"clubcode":"STL","playerName":"","statId":4,"yards":0}]}},"2696":{"sp":0,"qtr":3,"down":1,"time":"04:46","yrdln":"STL 21","ydstogo":10,"ydsnet":13,"posteam":"STL","desc":"(4:46) K.Boller pass short right to M.Karney to STL 20 for -1 yards (T.Spikes). Caught at STL 19.","note":null,"players":{"00-0015474":[{"sequence":6,"clubcode":"SF","playerName":"T.Spikes","statId":79,"yards":0},{"sequence":7,"clubcode":"SF","playerName":"T.Spikes","statId":120,"yards":0}],"00-0022164":[{"sequence":1,"clubcode":"STL","playerName":"K.Boller","statId":15,"yards":-1},{"sequence":2,"clubcode":"STL","playerName":"K.Boller","statId":111,"yards":-2}],"00-0022796":[{"sequence":3,"clubcode":"STL","playerName":"M.Karney","statId":21,"yards":-1},{"sequence":4,"clubcode":"STL","playerName":"M.Karney","statId":115,"yards":0},{"sequence":5,"clubcode":"STL","playerName":"M.Karney","statId":113,"yards":1}]}},"2728":{"sp":0,"qtr":3,"down":2,"time":"04:05","yrdln":"STL 20","ydstogo":11,"ydsnet":13,"posteam":"STL","desc":"(4:05) K.Boller pass incomplete short right to D.Fells.","note":null,"players":{"00-0022164":[{"sequence":1,"clubcode":"STL","playerName":"K.Boller","statId":14,"yards":0},{"sequence":3,"clubcode":"STL","playerName":"K.Boller","statId":112,"yards":10}],"00-0023752":[{"sequence":2,"clubcode":"STL","playerName":"D.Fells","statId":115,"yards":0}]}},"2754":{"sp":0,"qtr":3,"down":3,"time":"03:58","yrdln":"STL 20","ydstogo":11,"ydsnet":13,"posteam":"STL","desc":"(3:58) (Shotgun) K.Boller pass incomplete short left to R.Martin (D.Bly) [J.Smith].","note":null,"players":{"00-0022164":[{"sequence":2,"clubcode":"STL","playerName":"K.Boller","statId":14,"yards":0},{"sequence":6,"clubcode":"STL","playerName":"K.Boller","statId":112,"yards":10}],"00-0020535":[{"sequence":5,"clubcode":"SF","playerName":"J.Smith","statId":110,"yards":0}],"00-0022421":[{"sequence":3,"clubcode":"STL","playerName":"R.Martin","statId":115,"yards":0}],"0":[{"sequence":1,"clubcode":"STL","playerName":"","statId":7,"yards":0}],"00-0001388":[{"sequence":4,"clubcode":"SF","playerName":"D.Bly","statId":85,"yards":0}]}},"2776":{"sp":0,"qtr":3,"down":4,"time":"03:53","yrdln":"STL 20","ydstogo":11,"ydsnet":13,"posteam":"STL","desc":"(3:53) D.Jones punts 41 yards to SF 39, Center-C.Massey, fair catch by A.Battle.","note":"PUNT","players":{"00-0022064":[{"sequence":2,"clubcode":"SF","playerName":"A.Battle","statId":39,"yards":0}],"00-0022684":[{"sequence":1,"clubcode":"STL","playerName":"D.Jones","statId":29,"yards":41}]}}},"fds":1,"result":"Punt","penyds":0,"ydsgained":13,"numplays":6,"postime":"1:46","start":{"qtr":3,"time":"05:31","yrdln":"STL 7","team":"STL"},"end":{"qtr":3,"time":"03:45","yrdln":"STL 20","team":"STL"}},"17":{"posteam":"SF","qtr":3,"redzone":true,"plays":{"2796":{"sp":0,"qtr":3,"down":1,"time":"03:45","yrdln":"SF 39","ydstogo":10,"ydsnet":4,"posteam":"SF","desc":"(3:45) G.Coffee up the middle to SF 43 for 4 yards (W.Witherspoon).","note":null,"players":{"00-0021085":[{"sequence":2,"clubcode":"STL","playerName":"W.Witherspoon","statId":79,"yards":0}],"00-0027048":[{"sequence":1,"clubcode":"SF","playerName":"G.Coffee","statId":10,"yards":4}]}},"2817":{"sp":0,"qtr":3,"down":2,"time":"03:05","yrdln":"SF 43","ydstogo":6,"ydsnet":4,"posteam":"SF","desc":"(3:05) S.Hill pass incomplete short right to J.Morgan.","note":null,"players":{"00-0026314":[{"sequence":2,"clubcode":"SF","playerName":"J.Morgan","statId":115,"yards":0}],"00-0020679":[{"sequence":1,"clubcode":"SF","playerName":"S.Hill","statId":14,"yards":0},{"sequence":3,"clubcode":"SF","playerName":"S.Hill","statId":112,"yards":-7}]}},"2839":{"sp":0,"qtr":3,"down":3,"time":"03:00","yrdln":"SF 43","ydstogo":6,"ydsnet":4,"posteam":"SF","desc":"(3:00) (Shotgun) S.Hill pass incomplete short middle to G.Coffee.","note":null,"players":{"0":[{"sequence":1,"clubcode":"SF","playerName":"","statId":7,"yards":0}],"00-0027048":[{"sequence":3,"clubcode":"SF","playerName":"G.Coffee","statId":115,"yards":0}],"00-0020679":[{"sequence":2,"clubcode":"SF","playerName":"S.Hill","statId":14,"yards":0},{"sequence":4,"clubcode":"SF","playerName":"S.Hill","statId":112,"yards":1}]}},"2861":{"sp":0,"qtr":3,"down":4,"time":"02:55","yrdln":"SF 43","ydstogo":6,"ydsnet":4,"posteam":"SF","desc":"(2:55) A.Lee punts 49 yards to STL 8, Center-B.Jennings, fair catch by Q.Butler.","note":"PUNT","players":{"00-0024008":[{"sequence":3,"clubcode":"STL","playerName":"Q.Butler","statId":39,"yards":0}],"00-0022824":[{"sequence":1,"clubcode":"SF","playerName":"A.Lee","statId":29,"yards":49},{"sequence":2,"clubcode":"SF","playerName":"A.Lee","statId":30,"yards":0}]}}},"fds":0,"result":"Punt","penyds":0,"ydsgained":4,"numplays":4,"postime":"0:57","start":{"qtr":3,"time":"03:45","yrdln":"SF 39","team":"SF"},"end":{"qtr":3,"time":"02:48","yrdln":"SF 43","team":"SF"}},"18":{"posteam":"STL","qtr":3,"redzone":true,"plays":{"2881":{"sp":0,"qtr":3,"down":1,"time":"02:48","yrdln":"STL 8","ydstogo":10,"ydsnet":-5,"posteam":"STL","desc":"(2:48) S.Jackson right end to STL 3 for -5 yards (M.Lawson). SF-M.Lawson was injured during the play.","note":null,"players":{"00-0024237":[{"sequence":3,"clubcode":"SF","playerName":"M.Lawson","statId":79,"yards":0},{"sequence":4,"clubcode":"SF","playerName":"M.Lawson","statId":120,"yards":0}],"0":[{"sequence":2,"clubcode":"STL","playerName":"","statId":95,"yards":-5}],"00-0022736":[{"sequence":1,"clubcode":"STL","playerName":"S.Jackson","statId":10,"yards":-5}]}},"2905":{"sp":0,"qtr":3,"down":2,"time":"02:14","yrdln":"STL 3","ydstogo":15,"ydsnet":-5,"posteam":"STL","desc":"(2:14) S.Jackson right guard to STL 3 for no gain (A.Franklin; T.Spikes).","note":null,"players":{"00-0015474":[{"sequence":3,"clubcode":"SF","playerName":"T.Spikes","statId":82,"yards":0}],"00-0022147":[{"sequence":2,"clubcode":"SF","playerName":"A.Franklin","statId":82,"yards":0}],"00-0022736":[{"sequence":1,"clubcode":"STL","playerName":"S.Jackson","statId":10,"yards":0}]}},"2926":{"sp":0,"qtr":3,"down":3,"time":"01:36","yrdln":"STL 3","ydstogo":15,"ydsnet":-5,"posteam":"STL","desc":"(1:36) K.Boller pass incomplete short right to S.Jackson [J.Smith].","note":null,"players":{"00-0022164":[{"sequence":2,"clubcode":"STL","playerName":"K.Boller","statId":14,"yards":0},{"sequence":5,"clubcode":"STL","playerName":"K.Boller","statId":112,"yards":5}],"00-0020535":[{"sequence":4,"clubcode":"SF","playerName":"J.Smith","statId":110,"yards":0}],"0":[{"sequence":1,"clubcode":"STL","playerName":"","statId":7,"yards":0}],"00-0022736":[{"sequence":3,"clubcode":"STL","playerName":"S.Jackson","statId":115,"yards":0}]}},"2948":{"sp":0,"qtr":3,"down":4,"time":"01:31","yrdln":"STL 3","ydstogo":15,"ydsnet":-5,"posteam":"STL","desc":"(1:31) D.Jones punts 40 yards to STL 43, Center-C.Massey, downed by STL-Q.Butler.","note":"PUNT","players":{"0":[{"sequence":2,"clubcode":"SF","playerName":"","statId":38,"yards":0}],"00-0022684":[{"sequence":1,"clubcode":"STL","playerName":"D.Jones","statId":29,"yards":40}]}}},"fds":0,"result":"Punt","penyds":0,"ydsgained":-5,"numplays":4,"postime":"1:29","start":{"qtr":3,"time":"02:48","yrdln":"STL 8","team":"STL"},"end":{"qtr":3,"time":"01:19","yrdln":"STL 3","team":"STL"}},"19":{"posteam":"SF","qtr":4,"redzone":true,"plays":{"2967":{"sp":0,"qtr":3,"down":1,"time":"01:19","yrdln":"STL 43","ydstogo":10,"ydsnet":0,"posteam":"SF","desc":"(1:19) S.Hill pass incomplete short left to G.Coffee.","note":null,"players":{"00-0027048":[{"sequence":2,"clubcode":"SF","playerName":"G.Coffee","statId":115,"yards":0}],"00-0020679":[{"sequence":1,"clubcode":"SF","playerName":"S.Hill","statId":14,"yards":0},{"sequence":3,"clubcode":"SF","playerName":"S.Hill","statId":112,"yards":-5}]}},"2990":{"sp":0,"qtr":3,"down":2,"time":"01:14","yrdln":"STL 43","ydstogo":10,"ydsnet":14,"posteam":"SF","desc":"(1:14) S.Hill pass short right to I.Bruce to STL 37 for 6 yards (A.Smith). Caught at STL 45.","note":null,"players":{"00-0002099":[{"sequence":3,"clubcode":"SF","playerName":"I.Bruce","statId":21,"yards":6},{"sequence":4,"clubcode":"SF","playerName":"I.Bruce","statId":115,"yards":0},{"sequence":5,"clubcode":"SF","playerName":"I.Bruce","statId":113,"yards":8}],"00-0024298":[{"sequence":6,"clubcode":"STL","playerName":"A.Smith","statId":79,"yards":0}],"00-0020679":[{"sequence":1,"clubcode":"SF","playerName":"S.Hill","statId":15,"yards":6},{"sequence":2,"clubcode":"SF","playerName":"S.Hill","statId":111,"yards":-2}]}},"3018":{"sp":0,"qtr":3,"down":3,"time":"00:46","yrdln":"STL 37","ydstogo":4,"ydsnet":14,"posteam":"SF","desc":"(:46) (Shotgun) S.Hill pass short middle to A.Battle to STL 29 for 8 yards (J.Laurinaitis). Caught at STL 32.","note":null,"players":{"0":[{"sequence":1,"clubcode":"SF","playerName":"","statId":4,"yards":0},{"sequence":2,"clubcode":"SF","playerName":"","statId":6,"yards":0}],"00-0027011":[{"sequence":8,"clubcode":"STL","playerName":"J.Laurinaitis","statId":79,"yards":0}],"00-0022064":[{"sequence":5,"clubcode":"SF","playerName":"A.Battle","statId":21,"yards":8},{"sequence":6,"clubcode":"SF","playerName":"A.Battle","statId":115,"yards":0},{"sequence":7,"clubcode":"SF","playerName":"A.Battle","statId":113,"yards":3}],"00-0020679":[{"sequence":3,"clubcode":"SF","playerName":"S.Hill","statId":15,"yards":8},{"sequence":4,"clubcode":"SF","playerName":"S.Hill","statId":111,"yards":5}]}},"3042":{"sp":0,"qtr":3,"down":0,"time":"","yrdln":"","ydstogo":0,"ydsnet":14,"posteam":"","desc":"END QUARTER 3","note":null,"players":{}},"3062":{"sp":0,"qtr":4,"down":1,"time":"15:00","yrdln":"STL 29","ydstogo":10,"ydsnet":19,"posteam":"SF","desc":"(15:00) G.Coffee up the middle to STL 24 for 5 yards (J.Laurinaitis).","note":null,"players":{"00-0027011":[{"sequence":2,"clubcode":"STL","playerName":"J.Laurinaitis","statId":79,"yards":0}],"00-0027048":[{"sequence":1,"clubcode":"SF","playerName":"G.Coffee","statId":10,"yards":5}]}},"3087":{"sp":1,"qtr":4,"down":2,"time":"14:22","yrdln":"STL 24","ydstogo":5,"ydsnet":43,"posteam":"SF","desc":"(14:22) S.Hill pass deep right to J.Morgan for 24 yards, TOUCHDOWN.","note":"TD","players":{"00-0026314":[{"sequence":4,"clubcode":"SF","playerName":"J.Morgan","statId":22,"yards":24},{"sequence":5,"clubcode":"SF","playerName":"J.Morgan","statId":115,"yards":0},{"sequence":6,"clubcode":"SF","playerName":"J.Morgan","statId":113,"yards":0}],"0":[{"sequence":1,"clubcode":"SF","playerName":"","statId":4,"yards":0}],"00-0020679":[{"sequence":2,"clubcode":"SF","playerName":"S.Hill","statId":16,"yards":24},{"sequence":3,"clubcode":"SF","playerName":"S.Hill","statId":111,"yards":24}]}},"3108":{"sp":1,"qtr":4,"down":0,"time":"14:14","yrdln":"STL 2","ydstogo":0,"ydsnet":43,"posteam":"SF","desc":"J.Nedney extra point is GOOD, Center-B.Jennings, Holder-A.Lee.","note":"XP","players":{"00-0011970":[{"sequence":1,"clubcode":"SF","playerName":"J.Nedney","statId":72,"yards":0}]}}},"fds":2,"result":"Touchdown","penyds":0,"ydsgained":43,"numplays":7,"postime":"2:05","start":{"qtr":3,"time":"01:19","yrdln":"STL 43","team":"SF"},"end":{"qtr":3,"time":"14:14","yrdln":"STL 24","team":"SF"}},"20":{"posteam":"STL","qtr":4,"redzone":true,"plays":{"3124":{"sp":0,"qtr":4,"down":0,"time":"14:14","yrdln":"SF 30","ydstogo":0,"ydsnet":0,"posteam":"SF","desc":"J.Nedney kicks 70 yards from SF 30 to end zone, Touchback.","note":"KICKOFF","players":{"00-0011970":[{"sequence":1,"clubcode":"SF","playerName":"J.Nedney","statId":44,"yards":70}],"0":[{"sequence":2,"clubcode":"STL","playerName":"","statId":51,"yards":0}]}},"3142":{"sp":0,"qtr":4,"down":1,"time":"14:14","yrdln":"STL 20","ydstogo":10,"ydsnet":0,"posteam":"STL","desc":"(14:14) K.Boller pass incomplete short right to D.Fells.","note":null,"players":{"00-0022164":[{"sequence":1,"clubcode":"STL","playerName":"K.Boller","statId":14,"yards":0},{"sequence":3,"clubcode":"STL","playerName":"K.Boller","statId":112,"yards":15}],"00-0023752":[{"sequence":2,"clubcode":"STL","playerName":"D.Fells","statId":115,"yards":0}]}},"3164":{"sp":1,"qtr":4,"down":2,"time":"14:08","yrdln":"STL 20","ydstogo":10,"ydsnet":-9,"posteam":"STL","desc":"(14:08) K.Boller FUMBLES (Aborted) at STL 12, RECOVERED by SF-R.McDonald at STL 11. R.McDonald for 11 yards, TOUCHDOWN. K.Boller was attempting to handoff to D.Amendola and fumbled.","note":"TD","players":{"00-0022164":[{"sequence":1,"clubcode":"STL","playerName":"K.Boller","statId":10,"yards":0},{"sequence":2,"clubcode":"STL","playerName":"K.Boller","statId":57,"yards":-9},{"sequence":3,"clubcode":"STL","playerName":"K.Boller","statId":53,"yards":0},{"sequence":4,"clubcode":"STL","playerName":"K.Boller","statId":106,"yards":0}],"00-0025484":[{"sequence":5,"clubcode":"SF","playerName":"R.McDonald","statId":60,"yards":11}]}}},"fds":0,"result":"Fumble","penyds":0,"ydsgained":-9,"numplays":3,"postime":"0:14","start":{"qtr":4,"time":"14:14","yrdln":"STL 20","team":"STL"},"end":{"qtr":4,"time":"14:00","yrdln":"STL 20","team":"STL"}},"21":{"posteam":"STL","qtr":4,"redzone":true,"plays":{"3210":{"sp":0,"qtr":4,"down":0,"time":"14:00","yrdln":"SF 30","ydstogo":0,"ydsnet":0,"posteam":"SF","desc":"J.Nedney kicks 58 yards from SF 30 to STL 12. D.Amendola to STL 31 for 19 yards (S.McKillop).","note":"KICKOFF","players":{"00-0026499":[{"sequence":3,"clubcode":"SF","playerName":"S.McKillop","statId":79,"yards":0}],"00-0011970":[{"sequence":1,"clubcode":"SF","playerName":"J.Nedney","statId":41,"yards":58}],"00-0026035":[{"sequence":2,"clubcode":"STL","playerName":"D.Amendola","statId":45,"yards":19}]}},"3249":{"sp":0,"qtr":4,"down":1,"time":"13:55","yrdln":"STL 31","ydstogo":10,"ydsnet":7,"posteam":"STL","desc":"(13:55) S.Jackson left guard to STL 38 for 7 yards (T.Spikes; P.Willis).","note":null,"players":{"00-0015474":[{"sequence":2,"clubcode":"SF","playerName":"T.Spikes","statId":82,"yards":0}],"00-0025398":[{"sequence":3,"clubcode":"SF","playerName":"P.Willis","statId":82,"yards":0}],"00-0022736":[{"sequence":1,"clubcode":"STL","playerName":"S.Jackson","statId":10,"yards":7}]}},"3270":{"sp":0,"qtr":4,"down":2,"time":"13:26","yrdln":"STL 38","ydstogo":3,"ydsnet":18,"posteam":"STL","desc":"(13:26) S.Jackson left guard to STL 49 for 11 yards (D.Goldson). SF-D.Bly was injured during the play.","note":null,"players":{"00-0025513":[{"sequence":3,"clubcode":"SF","playerName":"D.Goldson","statId":79,"yards":0}],"0":[{"sequence":1,"clubcode":"STL","playerName":"","statId":3,"yards":0}],"00-0022736":[{"sequence":2,"clubcode":"STL","playerName":"S.Jackson","statId":10,"yards":11}]}},"3294":{"sp":0,"qtr":4,"down":1,"time":"13:01","yrdln":"STL 49","ydstogo":10,"ydsnet":29,"posteam":"STL","desc":"(13:01) K.Boller pass short right to D.Avery pushed ob at SF 40 for 11 yards (M.Lewis). Caught at STL 46.","note":null,"players":{"00-0026173":[{"sequence":4,"clubcode":"STL","playerName":"D.Avery","statId":21,"yards":11},{"sequence":5,"clubcode":"STL","playerName":"D.Avery","statId":115,"yards":0},{"sequence":6,"clubcode":"STL","playerName":"D.Avery","statId":113,"yards":14}],"00-0022164":[{"sequence":2,"clubcode":"STL","playerName":"K.Boller","statId":15,"yards":11},{"sequence":3,"clubcode":"STL","playerName":"K.Boller","statId":111,"yards":-3}],"0":[{"sequence":1,"clubcode":"STL","playerName":"","statId":4,"yards":0}],"00-0021185":[{"sequence":7,"clubcode":"SF","playerName":"M.Lewis","statId":79,"yards":0}]}},"3319":{"sp":0,"qtr":4,"down":1,"time":"12:38","yrdln":"SF 40","ydstogo":10,"ydsnet":26,"posteam":"STL","desc":"(12:38) K.Boller pass short left to S.Jackson to SF 43 for -3 yards (P.Willis). Caught at SF 40.","note":null,"players":{"00-0022164":[{"sequence":1,"clubcode":"STL","playerName":"K.Boller","statId":15,"yards":-3},{"sequence":2,"clubcode":"STL","playerName":"K.Boller","statId":111,"yards":0}],"00-0025398":[{"sequence":6,"clubcode":"SF","playerName":"P.Willis","statId":79,"yards":0},{"sequence":7,"clubcode":"SF","playerName":"P.Willis","statId":120,"yards":0}],"00-0022736":[{"sequence":3,"clubcode":"STL","playerName":"S.Jackson","statId":21,"yards":-3},{"sequence":4,"clubcode":"STL","playerName":"S.Jackson","statId":115,"yards":0},{"sequence":5,"clubcode":"STL","playerName":"S.Jackson","statId":113,"yards":-3}]}},"3347":{"sp":0,"qtr":4,"down":2,"time":"11:59","yrdln":"SF 43","ydstogo":13,"ydsnet":32,"posteam":"STL","desc":"(11:59) (Shotgun) S.Jackson up the middle to SF 37 for 6 yards (N.Clements).","note":null,"players":{"00-0020495":[{"sequence":2,"clubcode":"SF","playerName":"N.Clements","statId":79,"yards":0}],"00-0022736":[{"sequence":1,"clubcode":"STL","playerName":"S.Jackson","statId":10,"yards":6}]}},"3372":{"sp":0,"qtr":4,"down":3,"time":"11:23","yrdln":"SF 37","ydstogo":7,"ydsnet":41,"posteam":"STL","desc":"(11:23) (Shotgun) K.Boller pass short right to R.McMichael to SF 28 for 9 yards (N.Clements).","note":null,"players":{"00-0022164":[{"sequence":3,"clubcode":"STL","playerName":"K.Boller","statId":15,"yards":9},{"sequence":4,"clubcode":"STL","playerName":"K.Boller","statId":111,"yards":9}],"00-0021236":[{"sequence":5,"clubcode":"STL","playerName":"R.McMichael","statId":21,"yards":9},{"sequence":6,"clubcode":"STL","playerName":"R.McMichael","statId":115,"yards":0},{"sequence":7,"clubcode":"STL","playerName":"R.McMichael","statId":113,"yards":0}],"00-0020495":[{"sequence":8,"clubcode":"SF","playerName":"N.Clements","statId":79,"yards":0}],"0":[{"sequence":1,"clubcode":"STL","playerName":"","statId":4,"yards":0},{"sequence":2,"clubcode":"STL","playerName":"","statId":6,"yards":0}]}},"3396":{"sp":0,"qtr":4,"down":1,"time":"10:44","yrdln":"SF 28","ydstogo":10,"ydsnet":42,"posteam":"STL","desc":"(10:44) S.Jackson left tackle to SF 27 for 1 yard (A.Franklin; M.Harris).","note":null,"players":{"00-0023084":[{"sequence":3,"clubcode":"SF","playerName":"M.Harris","statId":82,"yards":0}],"00-0022147":[{"sequence":2,"clubcode":"SF","playerName":"A.Franklin","statId":82,"yards":0}],"00-0022736":[{"sequence":1,"clubcode":"STL","playerName":"S.Jackson","statId":10,"yards":1}]}},"3417":{"sp":0,"qtr":4,"down":2,"time":"09:57","yrdln":"SF 27","ydstogo":9,"ydsnet":47,"posteam":"STL","desc":"(9:57) S.Jackson left end to SF 22 for 5 yards (D.Goldson).","note":null,"players":{"00-0025513":[{"sequence":2,"clubcode":"SF","playerName":"D.Goldson","statId":79,"yards":0}],"00-0022736":[{"sequence":1,"clubcode":"STL","playerName":"S.Jackson","statId":10,"yards":5}]}},"3438":{"sp":0,"qtr":4,"down":3,"time":"09:18","yrdln":"SF 22","ydstogo":4,"ydsnet":47,"posteam":"STL","desc":"(9:18) (Shotgun) K.Boller sacked at SF 22 for 0 yards (D.Goldson).","note":null,"players":{"00-0022164":[{"sequence":2,"clubcode":"STL","playerName":"K.Boller","statId":20,"yards":0}],"00-0025513":[{"sequence":3,"clubcode":"SF","playerName":"D.Goldson","statId":83,"yards":0},{"sequence":4,"clubcode":"SF","playerName":"D.Goldson","statId":110,"yards":0},{"sequence":5,"clubcode":"SF","playerName":"D.Goldson","statId":79,"yards":0}],"0":[{"sequence":1,"clubcode":"STL","playerName":"","statId":7,"yards":0}]}},"3466":{"sp":0,"qtr":4,"down":4,"time":"08:32","yrdln":"SF 22","ydstogo":4,"ydsnet":47,"posteam":"STL","desc":"(8:32) (Shotgun) K.Boller pass incomplete deep right to D.Avery.","note":null,"players":{"00-0026173":[{"sequence":3,"clubcode":"STL","playerName":"D.Avery","statId":115,"yards":0}],"00-0022164":[{"sequence":2,"clubcode":"STL","playerName":"K.Boller","statId":14,"yards":0},{"sequence":4,"clubcode":"STL","playerName":"K.Boller","statId":112,"yards":22}],"0":[{"sequence":1,"clubcode":"STL","playerName":"","statId":9,"yards":0}]}}},"fds":3,"result":"Downs","penyds":0,"ydsgained":47,"numplays":11,"postime":"5:34","start":{"qtr":4,"time":"14:00","yrdln":"STL 31","team":"STL"},"end":{"qtr":4,"time":"08:26","yrdln":"SF 22","team":"STL"}},"22":{"posteam":"SF","qtr":4,"redzone":true,"plays":{"3489":{"sp":0,"qtr":4,"down":1,"time":"08:26","yrdln":"SF 23","ydstogo":10,"ydsnet":30,"posteam":"SF","desc":"(8:26) G.Coffee right guard to SF 27 for 4 yards (W.Witherspoon).","note":null,"players":{"00-0021085":[{"sequence":2,"clubcode":"STL","playerName":"W.Witherspoon","statId":79,"yards":0}],"00-0027048":[{"sequence":1,"clubcode":"SF","playerName":"G.Coffee","statId":10,"yards":4}]}},"3510":{"sp":0,"qtr":4,"down":2,"time":"07:44","yrdln":"SF 27","ydstogo":5,"ydsnet":22,"posteam":"SF","desc":"(7:44) G.Coffee up the middle to SF 44 for 17 yards (L.Grant).","note":null,"players":{"00-0026354":[{"sequence":3,"clubcode":"STL","playerName":"L.Grant","statId":79,"yards":0}],"0":[{"sequence":1,"clubcode":"SF","playerName":"","statId":3,"yards":0}],"00-0027048":[{"sequence":2,"clubcode":"SF","playerName":"G.Coffee","statId":10,"yards":17}]}},"3531":{"sp":0,"qtr":4,"down":1,"time":"06:58","yrdln":"SF 44","ydstogo":10,"ydsnet":25,"posteam":"SF","desc":"(6:58) G.Coffee left tackle to SF 47 for 3 yards (L.Little; O.Atogwe).","note":null,"players":{"00-0023501":[{"sequence":3,"clubcode":"STL","playerName":"O.Atogwe","statId":82,"yards":0}],"00-0009978":[{"sequence":2,"clubcode":"STL","playerName":"L.Little","statId":82,"yards":0}],"00-0027048":[{"sequence":1,"clubcode":"SF","playerName":"G.Coffee","statId":10,"yards":3}]}},"3552":{"sp":0,"qtr":4,"down":2,"time":"06:15","yrdln":"SF 47","ydstogo":7,"ydsnet":33,"posteam":"SF","desc":"(6:15) G.Coffee up the middle to 50 for 3 yards (J.Hall). PENALTY on STL-L.Ramsey, Illegal Use of Hands, 5 yards, enforced at 50.","note":"PENALTY","players":{"00-0024418":[{"sequence":4,"clubcode":"STL","playerName":"L.Ramsey","statId":93,"yards":5}],"0":[{"sequence":1,"clubcode":"SF","playerName":"","statId":5,"yards":0}],"00-0019387":[{"sequence":3,"clubcode":"STL","playerName":"J.Hall","statId":79,"yards":0}],"00-0027048":[{"sequence":2,"clubcode":"SF","playerName":"G.Coffee","statId":10,"yards":3}]}},"3584":{"sp":0,"qtr":4,"down":1,"time":"05:51","yrdln":"STL 45","ydstogo":10,"ydsnet":34,"posteam":"SF","desc":"(5:51) G.Coffee up the middle to STL 44 for 1 yard (J.Laurinaitis).","note":null,"players":{"00-0027011":[{"sequence":2,"clubcode":"STL","playerName":"J.Laurinaitis","statId":79,"yards":0}],"00-0027048":[{"sequence":1,"clubcode":"SF","playerName":"G.Coffee","statId":10,"yards":1}]}},"3605":{"sp":0,"qtr":4,"down":2,"time":"05:07","yrdln":"STL 44","ydstogo":9,"ydsnet":37,"posteam":"SF","desc":"(5:07) G.Coffee right end to STL 41 for 3 yards (B.Fletcher).","note":null,"players":{"00-0027041":[{"sequence":2,"clubcode":"STL","playerName":"B.Fletcher","statId":79,"yards":0}],"00-0027048":[{"sequence":1,"clubcode":"SF","playerName":"G.Coffee","statId":10,"yards":3}]}},"3626":{"sp":0,"qtr":4,"down":3,"time":"04:25","yrdln":"STL 41","ydstogo":6,"ydsnet":31,"posteam":"SF","desc":"(4:25) S.Hill sacked at STL 47 for -6 yards (L.Little).","note":null,"players":{"0":[{"sequence":1,"clubcode":"SF","playerName":"","statId":7,"yards":0}],"00-0009978":[{"sequence":3,"clubcode":"STL","playerName":"L.Little","statId":83,"yards":-6},{"sequence":4,"clubcode":"STL","playerName":"L.Little","statId":110,"yards":0},{"sequence":5,"clubcode":"STL","playerName":"L.Little","statId":79,"yards":0},{"sequence":6,"clubcode":"STL","playerName":"L.Little","statId":120,"yards":0}],"00-0020679":[{"sequence":2,"clubcode":"SF","playerName":"S.Hill","statId":20,"yards":-6}]}},"3645":{"sp":0,"qtr":4,"down":4,"time":"03:48","yrdln":"STL 47","ydstogo":12,"ydsnet":31,"posteam":"SF","desc":"(3:48) A.Lee punts 36 yards to STL 11, Center-B.Jennings, fair catch by D.Amendola.","note":"PUNT","players":{"00-0022824":[{"sequence":1,"clubcode":"SF","playerName":"A.Lee","statId":29,"yards":36},{"sequence":2,"clubcode":"SF","playerName":"A.Lee","statId":30,"yards":0}],"00-0026035":[{"sequence":3,"clubcode":"STL","playerName":"D.Amendola","statId":39,"yards":0}]}}},"fds":2,"result":"Punt","penyds":5,"ydsgained":25,"numplays":8,"postime":"4:48","start":{"qtr":4,"time":"08:26","yrdln":"SF 23","team":"SF"},"end":{"qtr":4,"time":"03:38","yrdln":"STL 47","team":"SF"}},"23":{"posteam":"STL","qtr":4,"redzone":true,"plays":{"3664":{"sp":0,"qtr":4,"down":1,"time":"03:38","yrdln":"STL 11","ydstogo":10,"ydsnet":1,"posteam":"STL","desc":"(3:38) K.Darby right guard to STL 12 for 1 yard (A.Franklin).","note":null,"players":{"00-0022147":[{"sequence":2,"clubcode":"SF","playerName":"A.Franklin","statId":79,"yards":0}],"00-0025633":[{"sequence":1,"clubcode":"STL","playerName":"K.Darby","statId":10,"yards":1}]}},"3686":{"sp":0,"qtr":4,"down":2,"time":"03:08","yrdln":"STL 12","ydstogo":9,"ydsnet":-7,"posteam":"STL","desc":"(3:08) K.Boller sacked at STL 4 for -8 yards (P.Willis).","note":null,"players":{"00-0022164":[{"sequence":1,"clubcode":"STL","playerName":"K.Boller","statId":20,"yards":-8}],"00-0025398":[{"sequence":2,"clubcode":"SF","playerName":"P.Willis","statId":83,"yards":-8},{"sequence":3,"clubcode":"SF","playerName":"P.Willis","statId":110,"yards":0},{"sequence":4,"clubcode":"SF","playerName":"P.Willis","statId":79,"yards":0},{"sequence":5,"clubcode":"SF","playerName":"P.Willis","statId":120,"yards":0}]}},"3705":{"sp":0,"qtr":4,"down":3,"time":"02:33","yrdln":"STL 4","ydstogo":17,"ydsnet":4,"posteam":"STL","desc":"(2:33) K.Darby left tackle to STL 15 for 11 yards (D.Goldson).","note":null,"players":{"00-0025513":[{"sequence":3,"clubcode":"SF","playerName":"D.Goldson","statId":79,"yards":0}],"0":[{"sequence":1,"clubcode":"STL","playerName":"","statId":7,"yards":0}],"00-0025633":[{"sequence":2,"clubcode":"STL","playerName":"K.Darby","statId":10,"yards":11}]}},"3726":{"sp":0,"qtr":4,"down":0,"time":"02:00","yrdln":"","ydstogo":0,"ydsnet":4,"posteam":"","desc":"Two-Minute Warning","note":null,"players":{}},"3747":{"sp":0,"qtr":4,"down":4,"time":"02:00","yrdln":"STL 15","ydstogo":6,"ydsnet":4,"posteam":"STL","desc":"(2:00) D.Jones punts 49 yards to SF 36, Center-C.Massey. A.Battle MUFFS catch, recovered by SF-D.Bly at SF 29. D.Bly to SF 30 for 1 yard (C.Chamberlain). D.Jones credited with 56-yard punt to SF 29.","note":"FUMBLE","players":{"00-0026368":[{"sequence":5,"clubcode":"STL","playerName":"C.Chamberlain","statId":79,"yards":0}],"00-0001388":[{"sequence":4,"clubcode":"SF","playerName":"D.Bly","statId":55,"yards":1}],"00-0022064":[{"sequence":2,"clubcode":"SF","playerName":"A.Battle","statId":53,"yards":0},{"sequence":3,"clubcode":"SF","playerName":"A.Battle","statId":33,"yards":0}],"00-0022684":[{"sequence":1,"clubcode":"STL","playerName":"D.Jones","statId":29,"yards":56}]}}},"fds":0,"result":"Punt","penyds":0,"ydsgained":4,"numplays":5,"postime":"1:50","start":{"qtr":4,"time":"03:38","yrdln":"STL 11","team":"STL"},"end":{"qtr":4,"time":"01:48","yrdln":"STL 15","team":"STL"}},"24":{"posteam":"SF","qtr":4,"redzone":true,"plays":{"3777":{"sp":0,"qtr":4,"down":1,"time":"01:48","yrdln":"SF 30","ydstogo":10,"ydsnet":1,"posteam":"SF","desc":"(1:48) M.Norris up the middle to SF 33 for 3 yards (W.Witherspoon).","note":null,"players":{"00-0020508":[{"sequence":1,"clubcode":"SF","playerName":"M.Norris","statId":10,"yards":3}],"00-0021085":[{"sequence":2,"clubcode":"STL","playerName":"W.Witherspoon","statId":79,"yards":0}]}},"3798":{"sp":0,"qtr":4,"down":2,"time":"01:03","yrdln":"SF 33","ydstogo":7,"ydsnet":1,"posteam":"SF","desc":"(1:03) S.Hill kneels to SF 32 for -1 yards.","note":null,"players":{"00-0020679":[{"sequence":1,"clubcode":"SF","playerName":"S.Hill","statId":10,"yards":-1}]}},"3819":{"sp":0,"qtr":4,"down":3,"time":"00:33","yrdln":"SF 32","ydstogo":8,"ydsnet":1,"posteam":"SF","desc":"(:33) S.Hill kneels to SF 31 for -1 yards.","note":null,"players":{"0":[{"sequence":1,"clubcode":"SF","playerName":"","statId":7,"yards":0}],"00-0020679":[{"sequence":2,"clubcode":"SF","playerName":"S.Hill","statId":10,"yards":-1}]}},"3840":{"sp":0,"qtr":4,"down":0,"time":"00:00","yrdln":"","ydstogo":0,"ydsnet":1,"posteam":"","desc":"END GAME","note":null,"players":{}}},"fds":0,"result":"End of Game","penyds":0,"ydsgained":1,"numplays":4,"postime":"1:48","start":{"qtr":4,"time":"01:48","yrdln":"SF 30","team":"SF"},"end":{"qtr":4,"time":"00:00","yrdln":"","team":"SF"}},"crntdrv":24},"scrsummary":{"1349":{"type":"TD","desc":"S.McKillop fumble recovery in end zone (J.Nedney kick is good)","qtr":2,"team":"SF","players":{"A.Lee":"00-0022824","Q.Butler":"00-0024008","S.McKillop":"00-0026499","J.Nedney":"00-0011970"}},"2495":{"type":"TD","desc":"V.Davis 13 yd. pass from S.Hill (J.Nedney kick is good) Drive: 7 plays, 48 yards in 3:13","qtr":3,"team":"SF","players":{"":"0","S.Hill":"00-0020679","V.Davis":"00-0024221","J.Nedney":"00-0011970"}},"2600":{"type":"TD","desc":"P.Willis 23 yd. interception return (J.Nedney kick is good)","qtr":3,"team":"SF","players":{"":"0","K.Boller":"00-0022164","K.Burton":"00-0026268","P.Willis":"00-0025398","J.Nedney":"00-0011970"}},"3087":{"type":"TD","desc":"J.Morgan 24 yd. pass from S.Hill (J.Nedney kick is good) Drive: 5 plays, 43 yards in 2:05","qtr":4,"team":"SF","players":{"":"0","S.Hill":"00-0020679","J.Morgan":"00-0026314","J.Nedney":"00-0011970"}},"3164":{"type":"TD","desc":"R.McDonald 11 yd. fumble return (J.Nedney kick is good)","qtr":4,"team":"SF","players":{"D.Amendola":"00-0026035","R.McDonald":"00-0025484","J.Nedney":"00-0011970"}}},"weather":null,"media":null,"yl":"","qtr":"Final","note":null,"down":0,"togo":0,"redzone":true,"clock":"00:33","posteam":"SF","stadium":null},"nextupdate":372}