{"2009101806":{"home":{"score":{"1":7,"2":0,"3":7,"4":7,"5":0,"T":21},"abbr":"TB","to":0,"stats":{"passing":{"00-0026300":{"name":"J.Johnson","att":17,"cmp":11,"yds":147,"tds":0,"ints":1,"twopta":0,"twoptm":0}},"rushing":{"00-0023440":{"name":"C.Williams","att":16,"yds":77,"tds":1,"lng":20,"twopta":0,"twoptm":0},"00-0026300":{"name":"J.Johnson","att":8,"yds":45,"tds":0,"lng":12,"twopta":0,"twoptm":0},"00-0022770":{"name":"D.Ward","att":1,"yds":2,"tds":0,"lng":2,"twopta":0,"twoptm":0}},"receiving":{"00-0026953":{"name":"S.Stroughter","rec":3,"yds":65,"tds":0,"lng":29,"twopta":0,"twoptm":0},"00-0022922":{"name":"K.Winslow","rec":3,"yds":29,"tds":0,"lng":18,"twopta":0,"twoptm":0},"00-0021191":{"name":"A.Bryant","rec":2,"yds":37,"tds":0,"lng":29,"twopta":0,"twoptm":0},"00-0022725":{"name":"M.Clayton","rec":1,"yds":9,"tds":0,"lng":9,"twopta":0,"twoptm":0},"00-0022770":{"name":"D.Ward","rec":1,"yds":5,"tds":0,"lng":5,"twopta":0,"twoptm":0},"00-0021755":{"name":"E.Graham","rec":1,"yds":2,"tds":0,"lng":2,"twopta":0,"twoptm":0}},"fumbles":{"00-0026300":{"name":"J.Johnson","tot":5,"rcv":1,"trcv":1,"yds":-2,"lost":1},"00-0021755":{"name":"E.Graham","tot":0,"rcv":1,"trcv":1,"yds":0,"lost":0},"00-0021159":{"name":"J.Stevens","tot":0,"rcv":1,"trcv":1,"yds":0,"lost":0},"00-0022157":{"name":"J.Faine","tot":0,"rcv":1,"trcv":1,"yds":0,"lost":0},"00-0021382":{"name":"R.Sims","tot":0,"rcv":0,"trcv":1,"yds":0,"lost":0}},"kicking":{"00-0023728":{"name":"S.Andrus","fgm":0,"fga":1,"fgyds":0,"totpfg":0,"xpmade":3,"xpmissed":0,"xpa":3,"xpb":0,"xptot":3}},"punting":{"00-0008484":{"name":"D.Johnson","pts":4,"yds":163,"avg":27,"i20":1,"lng":46}},"kickret":{"00-0026953":{"name":"S.Stroughter","ret":3,"avg":47,"tds":1,"lng":97},"00-0026113":{"name":"C.Smith","ret":1,"avg":25,"tds":0,"lng":25}},"puntret":{"00-0026113":{"name":"C.Smith","ret":1,"avg":6,"tds":0,"lng":6}},"defense":{"00-0025451":{"name":"S.Piscitelli","tkl":8,"ast":2,"sk":0,"int":0,"ffum":0},"00-0023471":{"name":"B.Ruud","tkl":6,"ast":3,"sk":0,"int":1,"ffum":0},"00-0021332":{"name":"S.White","tkl":8,"ast":0,"sk":1,"int":0,"ffum":0},"00-0000741":{"name":"R.Barber","tkl":6,"ast":2,"sk":0,"int":0,"ffum":0},"00-0021382":{"name":"R.Sims","tkl":5,"ast":1,"sk":0,"int":0,"ffum":0},"00-0025493":{"name":"T.Jackson","tkl":4,"ast":1,"sk":0,"int":1,"ffum":1},"00-0025443":{"name":"T.Crowder","tkl":4,"ast":1,"sk":0,"int":0,"ffum":0},"00-0026315":{"name":"G.Hayes","tkl":2,"ast":3,"sk":0,"int":0,"ffum":0},"00-0021960":{"name":"J.Wilkerson","tkl":3,"ast":1,"sk":0,"int":0,"ffum":0},"00-0025902":{"name":"E.Mack","tkl":2,"ast":0,"sk":0,"int":0,"ffum":0},"00-0027055":{"name":"R.Miller","tkl":2,"ast":0,"sk":0,"int":0,"ffum":0},"00-0025455":{"name":"Q.Black","tkl":1,"ast":1,"sk":0,"int":0,"ffum":0},"00-0026160":{"name":"A.Talib","tkl":1,"ast":1,"sk":0,"int":0,"ffum":0},"00-0025569":{"name":"A.Hayward","tkl":0,"ast":1,"sk":0,"int":0,"ffum":0}},"team":{"totfd":12,"totyds":245,"pyds":121,"ryds":124,"pen":5,"penyds":40,"trnovr":2,"pt":4,"ptyds":163,"ptavg":27,"top":"27:39"}},"players":null},"away":{"score":{"1":0,"2":7,"3":14,"4":7,"5":0,"T":28},"abbr":"CAR","to":2,"stats":{"passing":{"00-0004161":{"name":"J.Delhomme","att":17,"cmp":9,"yds":65,"tds":1,"ints":2,"twopta":0,"twoptm":0}},"rushing":{"00-0024242":{"name":"D.Williams","att":30,"yds":152,"tds":2,"lng":20,"twopta":0,"twoptm":0},"00-0026153":{"name":"J.Stewart","att":17,"yds":110,"tds":1,"lng":26,"twopta":0,"twoptm":0},"00-0004161":{"name":"J.Delhomme","att":1,"yds":5,"tds":0,"lng":5,"twopta":0,"twoptm":0}},"receiving":{"00-0011795":{"name":"M.Muhammad","rec":3,"yds":27,"tds":0,"lng":16,"twopta":0,"twoptm":0},"00-0024242":{"name":"D.Williams","rec":2,"yds":20,"tds":0,"lng":16,"twopta":0,"twoptm":0},"00-0024369":{"name":"J.King","rec":2,"yds":8,"tds":1,"lng":7,"twopta":0,"twoptm":0},"00-0025542":{"name":"D.Rosario","rec":1,"yds":6,"tds":0,"lng":6,"twopta":0,"twoptm":0},"00-0020337":{"name":"S.Smith","rec":1,"yds":4,"tds":0,"lng":4,"twopta":0,"twoptm":0}},"fumbles":{"00-0026153":{"name":"J.Stewart","tot":1,"rcv":0,"trcv":0,"yds":0,"lost":1},"00-0016271":{"name":"H.Thomas","tot":0,"rcv":0,"trcv":1,"yds":0,"lost":0}},"kicking":{"00-0009028":{"name":"J.Kasay","fgm":0,"fga":0,"fgyds":0,"totpfg":0,"xpmade":4,"xpmissed":0,"xpa":4,"xpb":0,"xptot":4}},"punting":{"00-0019921":{"name":"J.Baker","pts":3,"yds":122,"avg":39,"i20":2,"lng":46}},"kickret":{"00-0026276":{"name":"K.Moore","ret":3,"avg":19,"tds":0,"lng":24}},"puntret":{"00-0026944":{"name":"C.Munnerlyn","ret":1,"avg":34,"tds":0,"lng":34}},"defense":{"00-0023448":{"name":"T.Davis","tkl":8,"ast":0,"sk":0,"int":1,"ffum":0},"00-0021140":{"name":"J.Peppers","tkl":7,"ast":0,"sk":2,"int":0,"ffum":1},"00-0023614":{"name":"C.Harris","tkl":4,"ast":2,"sk":0,"int":0,"ffum":0},"00-0022047":{"name":"T.Brayton","tkl":3,"ast":3,"sk":0,"int":0,"ffum":0},"00-0019467":{"name":"N.Diggs","tkl":4,"ast":0,"sk":0,"int":0,"ffum":0},"00-0025470":{"name":"C.Johnson","tkl":3,"ast":1,"sk":2,"int":0,"ffum":2},"00-0026207":{"name":"C.Godfrey","tkl":3,"ast":0,"sk":0,"int":0,"ffum":0},"00-0025412":{"name":"J.Beason","tkl":1,"ast":2,"sk":0,"int":0,"ffum":0},"00-0024273":{"name":"R.Marshall","tkl":2,"ast":0,"sk":0,"int":0,"ffum":0},"00-0027019":{"name":"E.Brown","tkl":1,"ast":1,"sk":0,"int":0,"ffum":1},"00-0016271":{"name":"H.Thomas","tkl":1,"ast":0,"sk":0,"int":0,"ffum":0},"00-0024303":{"name":"J.Anderson","tkl":1,"ast":0,"sk":0,"int":0,"ffum":0},"00-0022914":{"name":"C.Gamble","tkl":1,"ast":0,"sk":0,"int":0,"ffum":0}},"team":{"totfd":22,"totyds":322,"pyds":55,"ryds":267,"pen":3,"penyds":30,"trnovr":3,"pt":3,"ptyds":122,"ptavg":39,"top":"32:21"}},"players":null},"drives":{"1":{"posteam":"CAR","qtr":1,"redzone":true,"plays":{"35":{"sp":0,"qtr":1,"down":0,"time":"15:00","yrdln":"TB 30","ydstogo":0,"ydsnet":0,"posteam":"TB","desc":"S.Andrus kicks 61 yards from TB 30 to CAR 9. K.Moore pushed ob at CAR 33 for 24 yards (A.Hayward).","note":"KICKOFF","players":{"00-0025569":[{"sequence":3,"clubcode":"TB","playerName":"A.Hayward","statId":79,"yards":0}],"00-0026276":[{"sequence":2,"clubcode":"CAR","playerName":"K.Moore","statId":45,"yards":24}],"00-0023728":[{"sequence":1,"clubcode":"TB","playerName":"S.Andrus","statId":41,"yards":61}]}},"57":{"sp":0,"qtr":1,"down":1,"time":"14:52","yrdln":"CAR 33","ydstogo":10,"ydsnet":-4,"posteam":"CAR","desc":"(14:52) D.Williams left tackle to CAR 29 for -4 yards (R.Barber).","note":null,"players":{"0":[{"sequence":2,"clubcode":"CAR","playerName":"","statId":95,"yards":-4}],"00-0024242":[{"sequence":1,"clubcode":"CAR","playerName":"D.Williams","statId":10,"yards":-4}],"00-0000741":[{"sequence":3,"clubcode":"TB","playerName":"R.Barber","statId":79,"yards":0},{"sequence":4,"clubcode":"TB","playerName":"R.Barber","statId":120,"yards":0}]}},"78":{"sp":0,"qtr":1,"down":2,"time":"14:16","yrdln":"CAR 29","ydstogo":14,"ydsnet":0,"posteam":"CAR","desc":"(14:16) D.Williams right guard to CAR 33 for 4 yards (S.White).","note":null,"players":{"00-0021332":[{"sequence":2,"clubcode":"TB","playerName":"S.White","statId":79,"yards":0}],"00-0024242":[{"sequence":1,"clubcode":"CAR","playerName":"D.Williams","statId":10,"yards":4}]}},"99":{"sp":0,"qtr":1,"down":3,"time":"13:34","yrdln":"CAR 33","ydstogo":10,"ydsnet":0,"posteam":"CAR","desc":"(13:34) (Shotgun) J.Delhomme pass incomplete deep left to S.Smith.","note":null,"players":{"00-0004161":[{"sequence":2,"clubcode":"CAR","playerName":"J.Delhomme","statId":14,"yards":0},{"sequence":4,"clubcode":"CAR","playerName":"J.Delhomme","statId":112,"yards":42}],"00-0020337":[{"sequence":3,"clubcode":"CAR","playerName":"S.Smith","statId":115,"yards":0}],"0":[{"sequence":1,"clubcode":"CAR","playerName":"","statId":7,"yards":0}]}},"121":{"sp":0,"qtr":1,"down":4,"time":"13:25","yrdln":"CAR 33","ydstogo":10,"ydsnet":0,"posteam":"CAR","desc":"(13:25) (Punt formation) J.Baker punts 32 yards to TB 35, Center-J.Jansen. C.Smith to TB 41 for 6 yards (D.Connor).","note":"PUNT","players":{"00-0019921":[{"sequence":1,"clubcode":"CAR","playerName":"J.Baker","statId":29,"yards":32}],"00-0026113":[{"sequence":2,"clubcode":"TB","playerName":"C.Smith","statId":33,"yards":6}],"00-0026214":[{"sequence":3,"clubcode":"CAR","playerName":"D.Connor","statId":79,"yards":0}]}}},"fds":0,"result":"Punt","penyds":0,"ydsgained":0,"numplays":5,"postime":"1:48","start":{"qtr":1,"time":"15:00","yrdln":"CAR 33","team":"CAR"},"end":{"qtr":1,"time":"13:12","yrdln":"CAR 33","team":"CAR"}},"2":{"posteam":"TB","qtr":1,"redzone":true,"plays":{"146":{"sp":0,"qtr":1,"down":1,"time":"13:12","yrdln":"TB 41","ydstogo":10,"ydsnet":0,"posteam":"TB","desc":"(13:12) (Shotgun) J.Johnson pass incomplete short left to K.Winslow (J.Beason).","note":null,"players":{"00-0025412":[{"sequence":3,"clubcode":"CAR","playerName":"J.Beason","statId":85,"yards":0}],"00-0026300":[{"sequence":1,"clubcode":"TB","playerName":"J.Johnson","statId":14,"yards":0},{"sequence":4,"clubcode":"TB","playerName":"J.Johnson","statId":112,"yards":4}],"00-0022922":[{"sequence":2,"clubcode":"TB","playerName":"K.Winslow","statId":115,"yards":0}]}},"168":{"sp":0,"qtr":1,"down":2,"time":"13:05","yrdln":"TB 41","ydstogo":10,"ydsnet":-1,"posteam":"TB","desc":"(13:05) C.Williams right tackle to TB 40 for -1 yards (J.Peppers).","note":null,"players":{"0":[{"sequence":2,"clubcode":"TB","playerName":"","statId":95,"yards":-1}],"00-0021140":[{"sequence":3,"clubcode":"CAR","playerName":"J.Peppers","statId":79,"yards":0},{"sequence":4,"clubcode":"CAR","playerName":"J.Peppers","statId":120,"yards":0}],"00-0023440":[{"sequence":1,"clubcode":"TB","playerName":"C.Williams","statId":10,"yards":-1}]}},"189":{"sp":0,"qtr":1,"down":3,"time":"12:28","yrdln":"TB 40","ydstogo":11,"ydsnet":28,"posteam":"TB","desc":"(12:28) (Shotgun) J.Johnson pass short left to S.Stroughter pushed ob at CAR 31 for 29 yards (C.Harris) [T.Brayton].","note":null,"players":{"00-0022047":[{"sequence":8,"clubcode":"CAR","playerName":"T.Brayton","statId":110,"yards":0}],"00-0023614":[{"sequence":9,"clubcode":"CAR","playerName":"C.Harris","statId":79,"yards":0}],"00-0026953":[{"sequence":5,"clubcode":"TB","playerName":"S.Stroughter","statId":21,"yards":29},{"sequence":6,"clubcode":"TB","playerName":"S.Stroughter","statId":115,"yards":0},{"sequence":7,"clubcode":"TB","playerName":"S.Stroughter","statId":113,"yards":26}],"00-0026300":[{"sequence":3,"clubcode":"TB","playerName":"J.Johnson","statId":15,"yards":29},{"sequence":4,"clubcode":"TB","playerName":"J.Johnson","statId":111,"yards":3}],"0":[{"sequence":1,"clubcode":"TB","playerName":"","statId":4,"yards":0},{"sequence":2,"clubcode":"TB","playerName":"","statId":6,"yards":0}]}},"218":{"sp":0,"qtr":1,"down":1,"time":"11:43","yrdln":"CAR 31","ydstogo":10,"ydsnet":39,"posteam":"TB","desc":"(11:43) C.Williams up the middle to CAR 20 for 11 yards (C.Godfrey, C.Harris).","note":null,"players":{"00-0026207":[{"sequence":3,"clubcode":"CAR","playerName":"C.Godfrey","statId":80,"yards":0}],"00-0023614":[{"sequence":4,"clubcode":"CAR","playerName":"C.Harris","statId":82,"yards":0}],"0":[{"sequence":1,"clubcode":"TB","playerName":"","statId":3,"yards":0}],"00-0023440":[{"sequence":2,"clubcode":"TB","playerName":"C.Williams","statId":10,"yards":11}]}},"239":{"sp":1,"qtr":1,"down":1,"time":"11:07","yrdln":"CAR 20","ydstogo":10,"ydsnet":59,"posteam":"TB","desc":"(11:07) C.Williams left tackle for 20 yards, TOUCHDOWN.","note":"TD","players":{"0":[{"sequence":1,"clubcode":"TB","playerName":"","statId":3,"yards":0}],"00-0023440":[{"sequence":2,"clubcode":"TB","playerName":"C.Williams","statId":11,"yards":20}]}},"256":{"sp":1,"qtr":1,"down":0,"time":"10:57","yrdln":"CAR 2","ydstogo":0,"ydsnet":59,"posteam":"TB","desc":"(Kick formation) S.Andrus extra point is GOOD, Center-A.Economos, Holder-D.Johnson.","note":"XP","players":{"00-0023728":[{"sequence":1,"clubcode":"TB","playerName":"S.Andrus","statId":72,"yards":0}]}}},"fds":3,"result":"Touchdown","penyds":0,"ydsgained":59,"numplays":6,"postime":"2:15","start":{"qtr":1,"time":"13:12","yrdln":"TB 41","team":"TB"},"end":{"qtr":1,"time":"10:57","yrdln":"CAR 20","team":"TB"}},"3":{"posteam":"CAR","qtr":1,"redzone":true,"plays":{"272":{"sp":0,"qtr":1,"down":0,"time":"10:57","yrdln":"TB 30","ydstogo":0,"ydsnet":0,"posteam":"TB","desc":"S.Andrus kicks 62 yards from TB 30 to CAR 8. K.Moore to CAR 21 for 13 yards (C.Smith).","note":"KICKOFF","players":{"00-0026276":[{"sequence":2,"clubcode":"CAR","playerName":"K.Moore","statId":45,"yards":13}],"00-0023728":[{"sequence":1,"clubcode":"TB","playerName":"S.Andrus","statId":41,"yards":62}],"00-0026113":[{"sequence":3,"clubcode":"TB","playerName":"C.Smith","statId":79,"yards":0}]}},"294":{"sp":0,"qtr":1,"down":1,"time":"10:49","yrdln":"CAR 21","ydstogo":10,"ydsnet":5,"posteam":"CAR","desc":"(10:49) J.Delhomme pass short right to M.Muhammad to CAR 26 for 5 yards (R.Barber).","note":null,"players":{"00-0004161":[{"sequence":1,"clubcode":"CAR","playerName":"J.Delhomme","statId":15,"yards":5},{"sequence":2,"clubcode":"CAR","playerName":"J.Delhomme","statId":111,"yards":5}],"00-0011795":[{"sequence":3,"clubcode":"CAR","playerName":"M.Muhammad","statId":21,"yards":5},{"sequence":4,"clubcode":"CAR","playerName":"M.Muhammad","statId":115,"yards":0},{"sequence":5,"clubcode":"CAR","playerName":"M.Muhammad","statId":113,"yards":0}],"00-0000741":[{"sequence":6,"clubcode":"TB","playerName":"R.Barber","statId":79,"yards":0}]}},"318":{"sp":0,"qtr":1,"down":2,"time":"10:15","yrdln":"CAR 26","ydstogo":5,"ydsnet":6,"posteam":"CAR","desc":"(10:15) D.Williams up the middle to CAR 27 for 1 yard (R.Sims).","note":null,"players":{"00-0021382":[{"sequence":2,"clubcode":"TB","playerName":"R.Sims","statId":79,"yards":0}],"00-0024242":[{"sequence":1,"clubcode":"CAR","playerName":"D.Williams","statId":10,"yards":1}]}},"339":{"sp":0,"qtr":1,"down":3,"time":"09:37","yrdln":"CAR 27","ydstogo":4,"ydsnet":12,"posteam":"CAR","desc":"(9:37) J.Delhomme pass short right to M.Muhammad to CAR 33 for 6 yards (E.Mack, T.Jackson).","note":null,"players":{"00-0025493":[{"sequence":9,"clubcode":"TB","playerName":"T.Jackson","statId":82,"yards":0}],"00-0004161":[{"sequence":3,"clubcode":"CAR","playerName":"J.Delhomme","statId":15,"yards":6},{"sequence":4,"clubcode":"CAR","playerName":"J.Delhomme","statId":111,"yards":6}],"0":[{"sequence":1,"clubcode":"CAR","playerName":"","statId":4,"yards":0},{"sequence":2,"clubcode":"CAR","playerName":"","statId":6,"yards":0}],"00-0025902":[{"sequence":8,"clubcode":"TB","playerName":"E.Mack","statId":80,"yards":0}],"00-0011795":[{"sequence":5,"clubcode":"CAR","playerName":"M.Muhammad","statId":21,"yards":6},{"sequence":6,"clubcode":"CAR","playerName":"M.Muhammad","statId":115,"yards":0},{"sequence":7,"clubcode":"CAR","playerName":"M.Muhammad","statId":113,"yards":0}]}},"363":{"sp":0,"qtr":1,"down":1,"time":"08:57","yrdln":"CAR 33","ydstogo":10,"ydsnet":27,"posteam":"CAR","desc":"(8:57) D.Williams left end to CAR 48 for 15 yards (R.Barber; B.Ruud).","note":null,"players":{"00-0023471":[{"sequence":4,"clubcode":"TB","playerName":"B.Ruud","statId":82,"yards":0}],"0":[{"sequence":1,"clubcode":"CAR","playerName":"","statId":3,"yards":0}],"00-0024242":[{"sequence":2,"clubcode":"CAR","playerName":"D.Williams","statId":10,"yards":15}],"00-0000741":[{"sequence":3,"clubcode":"TB","playerName":"R.Barber","statId":82,"yards":0}]}},"384":{"sp":0,"qtr":1,"down":1,"time":"08:18","yrdln":"CAR 48","ydstogo":10,"ydsnet":34,"posteam":"CAR","desc":"(8:18) D.Williams right guard to TB 45 for 7 yards (S.Piscitelli).","note":null,"players":{"00-0025451":[{"sequence":2,"clubcode":"TB","playerName":"S.Piscitelli","statId":79,"yards":0}],"00-0024242":[{"sequence":1,"clubcode":"CAR","playerName":"D.Williams","statId":10,"yards":7}]}},"405":{"sp":0,"qtr":1,"down":2,"time":"07:40","yrdln":"TB 45","ydstogo":3,"ydsnet":34,"posteam":"CAR","desc":"(7:40) J.Delhomme pass incomplete deep left to S.Smith.","note":null,"players":{"00-0004161":[{"sequence":1,"clubcode":"CAR","playerName":"J.Delhomme","statId":14,"yards":0},{"sequence":3,"clubcode":"CAR","playerName":"J.Delhomme","statId":112,"yards":45}],"00-0020337":[{"sequence":2,"clubcode":"CAR","playerName":"S.Smith","statId":115,"yards":0}]}},"427":{"sp":0,"qtr":1,"down":3,"time":"07:30","yrdln":"TB 45","ydstogo":3,"ydsnet":34,"posteam":"CAR","desc":"(7:30) J.Delhomme pass incomplete short left to D.Rosario (B.Ruud).","note":null,"players":{"00-0023471":[{"sequence":4,"clubcode":"TB","playerName":"B.Ruud","statId":85,"yards":0}],"00-0004161":[{"sequence":2,"clubcode":"CAR","playerName":"J.Delhomme","statId":14,"yards":0},{"sequence":5,"clubcode":"CAR","playerName":"J.Delhomme","statId":112,"yards":3}],"00-0025542":[{"sequence":3,"clubcode":"CAR","playerName":"D.Rosario","statId":115,"yards":0}],"0":[{"sequence":1,"clubcode":"CAR","playerName":"","statId":7,"yards":0}]}},"449":{"sp":0,"qtr":1,"down":4,"time":"07:23","yrdln":"TB 45","ydstogo":3,"ydsnet":24,"posteam":"CAR","desc":"(7:23) (Punt formation) J.Baker punts 35 yards to TB 10, Center-J.Jansen, fair catch by C.Smith. PENALTY on CAR-J.Jansen, Offensive Holding, 10 yards, enforced at TB 45 - No Play.","note":"PENALTY","players":{"00-0026027":[{"sequence":1,"clubcode":"CAR","playerName":"J.Jansen","statId":93,"yards":10}]}},"479":{"sp":0,"qtr":1,"down":4,"time":"07:13","yrdln":"CAR 45","ydstogo":13,"ydsnet":24,"posteam":"CAR","desc":"(7:13) (Punt formation) J.Baker punts 46 yards to TB 9, Center-J.Jansen, downed by CAR-J.Anderson.","note":"PUNT","players":{"00-0019921":[{"sequence":1,"clubcode":"CAR","playerName":"J.Baker","statId":29,"yards":46},{"sequence":2,"clubcode":"CAR","playerName":"J.Baker","statId":30,"yards":0}],"0":[{"sequence":3,"clubcode":"TB","playerName":"","statId":38,"yards":0}]}}},"fds":2,"result":"Punt","penyds":-10,"ydsgained":34,"numplays":10,"postime":"3:58","start":{"qtr":1,"time":"10:57","yrdln":"CAR 21","team":"CAR"},"end":{"qtr":1,"time":"06:59","yrdln":"CAR 45","team":"CAR"}},"4":{"posteam":"TB","qtr":1,"redzone":true,"plays":{"498":{"sp":0,"qtr":1,"down":1,"time":"06:59","yrdln":"TB 9","ydstogo":10,"ydsnet":3,"posteam":"TB","desc":"(6:59) C.Williams left guard to TB 12 for 3 yards (N.Diggs).","note":null,"players":{"00-0019467":[{"sequence":2,"clubcode":"CAR","playerName":"N.Diggs","statId":79,"yards":0}],"00-0023440":[{"sequence":1,"clubcode":"TB","playerName":"C.Williams","statId":10,"yards":3}]}},"519":{"sp":0,"qtr":1,"down":2,"time":"06:25","yrdln":"TB 12","ydstogo":7,"ydsnet":6,"posteam":"TB","desc":"(6:25) C.Williams left tackle to TB 15 for 3 yards (R.Marshall, J.Beason).","note":null,"players":{"00-0025412":[{"sequence":3,"clubcode":"CAR","playerName":"J.Beason","statId":82,"yards":0}],"00-0023440":[{"sequence":1,"clubcode":"TB","playerName":"C.Williams","statId":10,"yards":3}],"00-0024273":[{"sequence":2,"clubcode":"CAR","playerName":"R.Marshall","statId":80,"yards":0}]}},"540":{"sp":0,"qtr":1,"down":3,"time":"05:42","yrdln":"TB 15","ydstogo":4,"ydsnet":35,"posteam":"TB","desc":"(5:42) (Shotgun) J.Johnson pass deep left to A.Bryant to TB 44 for 29 yards (C.Godfrey, C.Harris).","note":null,"players":{"00-0026207":[{"sequence":8,"clubcode":"CAR","playerName":"C.Godfrey","statId":80,"yards":0}],"00-0023614":[{"sequence":9,"clubcode":"CAR","playerName":"C.Harris","statId":82,"yards":0}],"00-0021191":[{"sequence":5,"clubcode":"TB","playerName":"A.Bryant","statId":21,"yards":29},{"sequence":6,"clubcode":"TB","playerName":"A.Bryant","statId":115,"yards":0},{"sequence":7,"clubcode":"TB","playerName":"A.Bryant","statId":113,"yards":2}],"00-0026300":[{"sequence":3,"clubcode":"TB","playerName":"J.Johnson","statId":15,"yards":29},{"sequence":4,"clubcode":"TB","playerName":"J.Johnson","statId":111,"yards":27}],"0":[{"sequence":1,"clubcode":"TB","playerName":"","statId":4,"yards":0},{"sequence":2,"clubcode":"TB","playerName":"","statId":6,"yards":0}]}},"564":{"sp":0,"qtr":1,"down":1,"time":"04:57","yrdln":"TB 44","ydstogo":10,"ydsnet":37,"posteam":"TB","desc":"(4:57) C.Williams up the middle to TB 46 for 2 yards (C.Johnson).","note":null,"players":{"00-0025470":[{"sequence":2,"clubcode":"CAR","playerName":"C.Johnson","statId":79,"yards":0}],"00-0023440":[{"sequence":1,"clubcode":"TB","playerName":"C.Williams","statId":10,"yards":2}]}},"585":{"sp":0,"qtr":1,"down":2,"time":"04:13","yrdln":"TB 46","ydstogo":8,"ydsnet":43,"posteam":"TB","desc":"(4:13) J.Johnson pass short right to K.Winslow to CAR 48 for 6 yards (N.Diggs).","note":null,"players":{"00-0019467":[{"sequence":6,"clubcode":"CAR","playerName":"N.Diggs","statId":79,"yards":0}],"00-0026300":[{"sequence":1,"clubcode":"TB","playerName":"J.Johnson","statId":15,"yards":6},{"sequence":2,"clubcode":"TB","playerName":"J.Johnson","statId":111,"yards":5}],"00-0022922":[{"sequence":3,"clubcode":"TB","playerName":"K.Winslow","statId":21,"yards":6},{"sequence":4,"clubcode":"TB","playerName":"K.Winslow","statId":115,"yards":0},{"sequence":5,"clubcode":"TB","playerName":"K.Winslow","statId":113,"yards":1}]}},"609":{"sp":0,"qtr":1,"down":3,"time":"03:32","yrdln":"CAR 48","ydstogo":2,"ydsnet":53,"posteam":"TB","desc":"(3:32) J.Johnson pass short left to S.Stroughter to CAR 38 for 10 yards (J.Beason).","note":null,"players":{"00-0025412":[{"sequence":8,"clubcode":"CAR","playerName":"J.Beason","statId":79,"yards":0}],"00-0026953":[{"sequence":5,"clubcode":"TB","playerName":"S.Stroughter","statId":21,"yards":10},{"sequence":6,"clubcode":"TB","playerName":"S.Stroughter","statId":115,"yards":0},{"sequence":7,"clubcode":"TB","playerName":"S.Stroughter","statId":113,"yards":12}],"00-0026300":[{"sequence":3,"clubcode":"TB","playerName":"J.Johnson","statId":15,"yards":10},{"sequence":4,"clubcode":"TB","playerName":"J.Johnson","statId":111,"yards":-2}],"0":[{"sequence":1,"clubcode":"TB","playerName":"","statId":4,"yards":0},{"sequence":2,"clubcode":"TB","playerName":"","statId":6,"yards":0}]}},"633":{"sp":0,"qtr":1,"down":1,"time":"02:51","yrdln":"CAR 38","ydstogo":10,"ydsnet":56,"posteam":"TB","desc":"(2:51) C.Williams up the middle to CAR 35 for 3 yards (C.Harris).","note":null,"players":{"00-0023614":[{"sequence":2,"clubcode":"CAR","playerName":"C.Harris","statId":79,"yards":0}],"00-0023440":[{"sequence":1,"clubcode":"TB","playerName":"C.Williams","statId":10,"yards":3}]}},"654":{"sp":0,"qtr":1,"down":2,"time":"02:15","yrdln":"CAR 35","ydstogo":7,"ydsnet":64,"posteam":"TB","desc":"(2:15) J.Johnson pass short right to M.Clayton pushed ob at CAR 26 for 9 yards (C.Gamble).","note":null,"players":{"00-0022914":[{"sequence":7,"clubcode":"CAR","playerName":"C.Gamble","statId":79,"yards":0}],"00-0026300":[{"sequence":2,"clubcode":"TB","playerName":"J.Johnson","statId":15,"yards":9},{"sequence":3,"clubcode":"TB","playerName":"J.Johnson","statId":111,"yards":8}],"0":[{"sequence":1,"clubcode":"TB","playerName":"","statId":4,"yards":0}],"00-0022725":[{"sequence":4,"clubcode":"TB","playerName":"M.Clayton","statId":21,"yards":9},{"sequence":5,"clubcode":"TB","playerName":"M.Clayton","statId":115,"yards":0},{"sequence":6,"clubcode":"TB","playerName":"M.Clayton","statId":113,"yards":1}]}},"678":{"sp":0,"qtr":1,"down":1,"time":"01:38","yrdln":"CAR 26","ydstogo":10,"ydsnet":65,"posteam":"TB","desc":"(1:38) C.Williams up the middle to CAR 26 for no gain (J.Beason; T.Brayton).","note":null,"players":{"00-0025412":[{"sequence":2,"clubcode":"CAR","playerName":"J.Beason","statId":82,"yards":0}],"00-0022047":[{"sequence":3,"clubcode":"CAR","playerName":"T.Brayton","statId":82,"yards":0}],"00-0023440":[{"sequence":1,"clubcode":"TB","playerName":"C.Williams","statId":10,"yards":0}]}},"699":{"sp":0,"qtr":1,"down":2,"time":"01:02","yrdln":"CAR 26","ydstogo":10,"ydsnet":66,"posteam":"TB","desc":"(1:02) C.Williams left tackle to CAR 25 for 1 yard (T.Davis, T.Brayton).","note":null,"players":{"00-0022047":[{"sequence":3,"clubcode":"CAR","playerName":"T.Brayton","statId":82,"yards":0}],"00-0023448":[{"sequence":2,"clubcode":"CAR","playerName":"T.Davis","statId":80,"yards":0}],"00-0023440":[{"sequence":1,"clubcode":"TB","playerName":"C.Williams","statId":10,"yards":1}]}},"720":{"sp":0,"qtr":1,"down":3,"time":"00:21","yrdln":"CAR 25","ydstogo":9,"ydsnet":66,"posteam":"TB","desc":"(:21) (Shotgun) J.Johnson pass incomplete short right to S.Stroughter.","note":null,"players":{"00-0026953":[{"sequence":3,"clubcode":"TB","playerName":"S.Stroughter","statId":115,"yards":0}],"00-0026300":[{"sequence":2,"clubcode":"TB","playerName":"J.Johnson","statId":14,"yards":0},{"sequence":4,"clubcode":"TB","playerName":"J.Johnson","statId":112,"yards":12}],"0":[{"sequence":1,"clubcode":"TB","playerName":"","statId":7,"yards":0}]}},"742":{"sp":0,"qtr":1,"down":4,"time":"00:15","yrdln":"CAR 25","ydstogo":9,"ydsnet":66,"posteam":"TB","desc":"(:15) (Field Goal formation) S.Andrus 43 yard field goal is No Good, Short, Center-A.Economos, Holder-D.Johnson.","note":"FGM","players":{"00-0023728":[{"sequence":1,"clubcode":"TB","playerName":"S.Andrus","statId":69,"yards":43}]}}},"fds":3,"result":"Missed FG","penyds":0,"ydsgained":66,"numplays":12,"postime":"6:49","start":{"qtr":1,"time":"06:59","yrdln":"TB 9","team":"TB"},"end":{"qtr":1,"time":"00:10","yrdln":"CAR 25","team":"TB"}},"5":{"posteam":"CAR","qtr":2,"redzone":true,"plays":{"762":{"sp":0,"qtr":1,"down":1,"time":"00:10","yrdln":"CAR 33","ydstogo":10,"ydsnet":5,"posteam":"CAR","desc":"(:10) D.Williams left tackle to CAR 38 for 5 yards (B.Ruud, T.Crowder).","note":null,"players":{"00-0023471":[{"sequence":2,"clubcode":"TB","playerName":"B.Ruud","statId":80,"yards":0}],"00-0025443":[{"sequence":3,"clubcode":"TB","playerName":"T.Crowder","statId":82,"yards":0}],"00-0024242":[{"sequence":1,"clubcode":"CAR","playerName":"D.Williams","statId":10,"yards":5}]}},"783":{"sp":0,"qtr":1,"down":0,"time":"","yrdln":"","ydstogo":0,"ydsnet":5,"posteam":"","desc":"END QUARTER 1","note":null,"players":{}},"799":{"sp":0,"qtr":2,"down":2,"time":"15:00","yrdln":"CAR 38","ydstogo":5,"ydsnet":24,"posteam":"CAR","desc":"(15:00) J.Delhomme pass short right to M.Muhammad to TB 46 for 16 yards (Q.Black, R.Barber).","note":null,"players":{"00-0004161":[{"sequence":2,"clubcode":"CAR","playerName":"J.Delhomme","statId":15,"yards":16},{"sequence":3,"clubcode":"CAR","playerName":"J.Delhomme","statId":111,"yards":10}],"0":[{"sequence":1,"clubcode":"CAR","playerName":"","statId":4,"yards":0}],"00-0011795":[{"sequence":4,"clubcode":"CAR","playerName":"M.Muhammad","statId":21,"yards":16},{"sequence":5,"clubcode":"CAR","playerName":"M.Muhammad","statId":115,"yards":0},{"sequence":6,"clubcode":"CAR","playerName":"M.Muhammad","statId":113,"yards":6}],"00-0025455":[{"sequence":7,"clubcode":"TB","playerName":"Q.Black","statId":80,"yards":0}],"00-0000741":[{"sequence":8,"clubcode":"TB","playerName":"R.Barber","statId":82,"yards":0}]}},"823":{"sp":0,"qtr":2,"down":1,"time":"14:27","yrdln":"TB 46","ydstogo":10,"ydsnet":30,"posteam":"CAR","desc":"(14:27) D.Williams up the middle to TB 43 for 3 yards (R.Miller).","note":null,"players":{"00-0027055":[{"sequence":2,"clubcode":"TB","playerName":"R.Miller","statId":79,"yards":0}],"00-0024242":[{"sequence":1,"clubcode":"CAR","playerName":"D.Williams","statId":10,"yards":3}]}},"844":{"sp":0,"qtr":2,"down":2,"time":"13:46","yrdln":"TB 43","ydstogo":7,"ydsnet":67,"posteam":"CAR","desc":"(13:46) D.Williams right guard to TB 37 for 6 yards (T.Crowder).","note":null,"players":{"00-0025443":[{"sequence":2,"clubcode":"TB","playerName":"T.Crowder","statId":79,"yards":0}],"00-0024242":[{"sequence":1,"clubcode":"CAR","playerName":"D.Williams","statId":10,"yards":6}]}},"865":{"sp":0,"qtr":2,"down":3,"time":"13:08","yrdln":"TB 37","ydstogo":1,"ydsnet":33,"posteam":"CAR","desc":"(13:08) J.Stewart right end pushed ob at TB 34 for 3 yards (S.Piscitelli, B.Ruud).","note":null,"players":{"00-0023471":[{"sequence":5,"clubcode":"TB","playerName":"B.Ruud","statId":82,"yards":0}],"00-0026153":[{"sequence":3,"clubcode":"CAR","playerName":"J.Stewart","statId":10,"yards":3}],"00-0025451":[{"sequence":4,"clubcode":"TB","playerName":"S.Piscitelli","statId":80,"yards":0}],"0":[{"sequence":1,"clubcode":"CAR","playerName":"","statId":3,"yards":0},{"sequence":2,"clubcode":"CAR","playerName":"","statId":6,"yards":0}]}},"891":{"sp":0,"qtr":2,"down":1,"time":"12:36","yrdln":"TB 34","ydstogo":10,"ydsnet":47,"posteam":"CAR","desc":"(12:36) J.Stewart left guard to TB 20 for 14 yards (T.Jackson).","note":null,"players":{"00-0026153":[{"sequence":2,"clubcode":"CAR","playerName":"J.Stewart","statId":10,"yards":14}],"00-0025493":[{"sequence":3,"clubcode":"TB","playerName":"T.Jackson","statId":79,"yards":0}],"0":[{"sequence":1,"clubcode":"CAR","playerName":"","statId":3,"yards":0}]}},"912":{"sp":1,"qtr":2,"down":1,"time":"11:59","yrdln":"TB 20","ydstogo":10,"ydsnet":67,"posteam":"CAR","desc":"(11:59) D.Williams left end for 20 yards, TOUCHDOWN.","note":"TD","players":{"0":[{"sequence":1,"clubcode":"CAR","playerName":"","statId":3,"yards":0}],"00-0024242":[{"sequence":2,"clubcode":"CAR","playerName":"D.Williams","statId":11,"yards":20}]}},"929":{"sp":1,"qtr":2,"down":0,"time":"11:48","yrdln":"TB 2","ydstogo":0,"ydsnet":67,"posteam":"CAR","desc":"(Kick formation) J.Kasay extra point is GOOD, Center-J.Jansen, Holder-J.Baker.","note":"XP","players":{"00-0009028":[{"sequence":1,"clubcode":"CAR","playerName":"J.Kasay","statId":72,"yards":0}]}}},"fds":4,"result":"Touchdown","penyds":0,"ydsgained":67,"numplays":9,"postime":"3:22","start":{"qtr":1,"time":"00:10","yrdln":"CAR 33","team":"CAR"},"end":{"qtr":1,"time":"11:48","yrdln":"TB 20","team":"CAR"}},"6":{"posteam":"TB","qtr":2,"redzone":true,"plays":{"945":{"sp":0,"qtr":2,"down":0,"time":"11:48","yrdln":"CAR 30","ydstogo":0,"ydsnet":0,"posteam":"CAR","desc":"R.Lloyd kicks 75 yards from CAR 30 to TB -5. C.Smith to TB 20 for 25 yards (L.Johnson).","note":"KICKOFF","players":{"00-0026113":[{"sequence":2,"clubcode":"TB","playerName":"C.Smith","statId":45,"yards":25}],"00-0022860":[{"sequence":3,"clubcode":"CAR","playerName":"L.Johnson","statId":79,"yards":0}],"00-0023363":[{"sequence":1,"clubcode":"CAR","playerName":"R.Lloyd","statId":43,"yards":75}]}},"967":{"sp":0,"qtr":2,"down":1,"time":"11:41","yrdln":"TB 20","ydstogo":10,"ydsnet":5,"posteam":"TB","desc":"(11:41) J.Johnson pass short right to D.Ward to TB 25 for 5 yards (T.Davis).","note":null,"players":{"00-0022770":[{"sequence":3,"clubcode":"TB","playerName":"D.Ward","statId":21,"yards":5},{"sequence":4,"clubcode":"TB","playerName":"D.Ward","statId":115,"yards":0},{"sequence":5,"clubcode":"TB","playerName":"D.Ward","statId":113,"yards":7}],"00-0026300":[{"sequence":1,"clubcode":"TB","playerName":"J.Johnson","statId":15,"yards":5},{"sequence":2,"clubcode":"TB","playerName":"J.Johnson","statId":111,"yards":-2}],"00-0023448":[{"sequence":6,"clubcode":"CAR","playerName":"T.Davis","statId":79,"yards":0}]}},"991":{"sp":0,"qtr":2,"down":2,"time":"10:55","yrdln":"TB 25","ydstogo":5,"ydsnet":3,"posteam":"TB","desc":"(10:55) J.Johnson FUMBLES (Aborted) at TB 21, RECOVERED by CAR-H.Thomas at TB 23. H.Thomas to TB 23 for no gain (J.Zuttah).","note":"FUMBLE","players":{"00-0026223":[{"sequence":6,"clubcode":"TB","playerName":"J.Zuttah","statId":79,"yards":0}],"00-0026300":[{"sequence":1,"clubcode":"TB","playerName":"J.Johnson","statId":10,"yards":0},{"sequence":2,"clubcode":"TB","playerName":"J.Johnson","statId":57,"yards":-2},{"sequence":3,"clubcode":"TB","playerName":"J.Johnson","statId":53,"yards":0},{"sequence":4,"clubcode":"TB","playerName":"J.Johnson","statId":106,"yards":0}],"00-0016271":[{"sequence":5,"clubcode":"CAR","playerName":"H.Thomas","statId":59,"yards":0}]}}},"fds":0,"result":"Fumble","penyds":0,"ydsgained":3,"numplays":3,"postime":"1:03","start":{"qtr":2,"time":"11:48","yrdln":"TB 20","team":"TB"},"end":{"qtr":2,"time":"10:45","yrdln":"TB 25","team":"TB"}},"7":{"posteam":"CAR","qtr":2,"redzone":true,"plays":{"1016":{"sp":0,"qtr":2,"down":1,"time":"10:45","yrdln":"TB 23","ydstogo":10,"ydsnet":6,"posteam":"CAR","desc":"(10:45) J.Stewart up the middle to TB 17 for 6 yards (J.Wilkerson, G.Hayes).","note":null,"players":{"00-0026153":[{"sequence":1,"clubcode":"CAR","playerName":"J.Stewart","statId":10,"yards":6}],"00-0021960":[{"sequence":2,"clubcode":"TB","playerName":"J.Wilkerson","statId":80,"yards":0}],"00-0026315":[{"sequence":3,"clubcode":"TB","playerName":"G.Hayes","statId":82,"yards":0}]}},"1037":{"sp":0,"qtr":2,"down":2,"time":"10:11","yrdln":"TB 17","ydstogo":4,"ydsnet":20,"posteam":"CAR","desc":"(10:11) J.Stewart up the middle to TB 3 for 14 yards (T.Jackson). FUMBLES (T.Jackson), RECOVERED by TB-R.Sims at TB 3. R.Sims to TB 3 for no gain (J.Otah).","note":"FUMBLE","players":{"00-0026153":[{"sequence":1,"clubcode":"CAR","playerName":"J.Stewart","statId":10,"yards":14},{"sequence":3,"clubcode":"CAR","playerName":"J.Stewart","statId":52,"yards":0},{"sequence":4,"clubcode":"CAR","playerName":"J.Stewart","statId":106,"yards":0}],"00-0025493":[{"sequence":2,"clubcode":"TB","playerName":"T.Jackson","statId":79,"yards":0},{"sequence":5,"clubcode":"TB","playerName":"T.Jackson","statId":91,"yards":0}],"00-0026159":[{"sequence":7,"clubcode":"CAR","playerName":"J.Otah","statId":79,"yards":0}],"00-0021382":[{"sequence":6,"clubcode":"TB","playerName":"R.Sims","statId":59,"yards":0}]}}},"fds":0,"result":"Fumble","penyds":0,"ydsgained":20,"numplays":2,"postime":"0:50","start":{"qtr":2,"time":"10:45","yrdln":"TB 23","team":"CAR"},"end":{"qtr":2,"time":"09:55","yrdln":"TB 17","team":"CAR"}},"8":{"posteam":"TB","qtr":2,"redzone":true,"plays":{"1069":{"sp":0,"qtr":2,"down":1,"time":"09:55","yrdln":"TB 3","ydstogo":10,"ydsnet":2,"posteam":"TB","desc":"(9:55) D.Ward right guard to TB 5 for 2 yards (C.Harris).","note":null,"players":{"00-0023614":[{"sequence":2,"clubcode":"CAR","playerName":"C.Harris","statId":79,"yards":0}],"00-0022770":[{"sequence":1,"clubcode":"TB","playerName":"D.Ward","statId":10,"yards":2}]}},"1090":{"sp":0,"qtr":2,"down":2,"time":"09:15","yrdln":"TB 5","ydstogo":8,"ydsnet":2,"posteam":"TB","desc":"(9:15) J.Johnson pass incomplete short right to J.Gilmore (T.Davis).","note":null,"players":{"00-0021304":[{"sequence":2,"clubcode":"TB","playerName":"J.Gilmore","statId":115,"yards":0}],"00-0026300":[{"sequence":1,"clubcode":"TB","playerName":"J.Johnson","statId":14,"yards":0},{"sequence":4,"clubcode":"TB","playerName":"J.Johnson","statId":112,"yards":3}],"00-0023448":[{"sequence":3,"clubcode":"CAR","playerName":"T.Davis","statId":85,"yards":0}]}},"1112":{"sp":0,"qtr":2,"down":3,"time":"09:10","yrdln":"TB 5","ydstogo":8,"ydsnet":1,"posteam":"TB","desc":"(9:10) (Shotgun) J.Johnson sacked at TB 4 for -1 yards (J.Peppers, E.Brown).","note":null,"players":{"00-0027019":[{"sequence":6,"clubcode":"CAR","playerName":"E.Brown","statId":82,"yards":0}],"00-0026300":[{"sequence":2,"clubcode":"TB","playerName":"J.Johnson","statId":20,"yards":-1}],"0":[{"sequence":1,"clubcode":"TB","playerName":"","statId":7,"yards":0}],"00-0021140":[{"sequence":3,"clubcode":"CAR","playerName":"J.Peppers","statId":83,"yards":-1},{"sequence":4,"clubcode":"CAR","playerName":"J.Peppers","statId":110,"yards":0},{"sequence":5,"clubcode":"CAR","playerName":"J.Peppers","statId":80,"yards":0},{"sequence":7,"clubcode":"CAR","playerName":"J.Peppers","statId":120,"yards":0}]}},"1131":{"sp":0,"qtr":2,"down":4,"time":"08:38","yrdln":"TB 4","ydstogo":9,"ydsnet":1,"posteam":"TB","desc":"(8:38) (Punt formation) D.Johnson punts 39 yards to TB 43, Center-A.Economos, fair catch by C.Munnerlyn.","note":"PUNT","players":{"00-0008484":[{"sequence":1,"clubcode":"TB","playerName":"D.Johnson","statId":29,"yards":39}],"00-0026944":[{"sequence":2,"clubcode":"CAR","playerName":"C.Munnerlyn","statId":39,"yards":0}]}}},"fds":0,"result":"Punt","penyds":0,"ydsgained":1,"numplays":4,"postime":"1:27","start":{"qtr":2,"time":"09:55","yrdln":"TB 3","team":"TB"},"end":{"qtr":2,"time":"08:28","yrdln":"TB 4","team":"TB"}},"9":{"posteam":"CAR","qtr":2,"redzone":true,"plays":{"1150":{"sp":0,"qtr":2,"down":1,"time":"08:28","yrdln":"TB 43","ydstogo":10,"ydsnet":10,"posteam":"CAR","desc":"(8:28) J.Delhomme scrambles left end to TB 38 for 5 yards (S.Piscitelli). PENALTY on TB-A.Talib, Illegal Contact, 5 yards, enforced at TB 38.","note":"PENALTY","players":{"00-0025451":[{"sequence":3,"clubcode":"TB","playerName":"S.Piscitelli","statId":79,"yards":0}],"00-0004161":[{"sequence":2,"clubcode":"CAR","playerName":"J.Delhomme","statId":10,"yards":5}],"0":[{"sequence":1,"clubcode":"CAR","playerName":"","statId":5,"yards":0}],"00-0026160":[{"sequence":4,"clubcode":"TB","playerName":"A.Talib","statId":93,"yards":5}]}},"1182":{"sp":0,"qtr":2,"down":1,"time":"07:59","yrdln":"TB 33","ydstogo":10,"ydsnet":11,"posteam":"CAR","desc":"(7:59) J.Stewart right guard to TB 32 for 1 yard (R.Barber, S.Piscitelli).","note":null,"players":{"00-0026153":[{"sequence":1,"clubcode":"CAR","playerName":"J.Stewart","statId":10,"yards":1}],"00-0025451":[{"sequence":3,"clubcode":"TB","playerName":"S.Piscitelli","statId":82,"yards":0}],"00-0000741":[{"sequence":2,"clubcode":"TB","playerName":"R.Barber","statId":80,"yards":0}]}},"1203":{"sp":0,"qtr":2,"down":2,"time":"07:19","yrdln":"TB 32","ydstogo":9,"ydsnet":9,"posteam":"CAR","desc":"(7:19) J.Stewart left guard to TB 34 for -2 yards (S.White, G.Hayes).","note":null,"players":{"00-0026153":[{"sequence":1,"clubcode":"CAR","playerName":"J.Stewart","statId":10,"yards":-2}],"00-0021332":[{"sequence":3,"clubcode":"TB","playerName":"S.White","statId":80,"yards":0},{"sequence":5,"clubcode":"TB","playerName":"S.White","statId":120,"yards":0}],"0":[{"sequence":2,"clubcode":"CAR","playerName":"","statId":95,"yards":-2}],"00-0026315":[{"sequence":4,"clubcode":"TB","playerName":"G.Hayes","statId":82,"yards":0}]}},"1224":{"sp":0,"qtr":2,"down":3,"time":"06:35","yrdln":"TB 34","ydstogo":11,"ydsnet":9,"posteam":"CAR","desc":"(6:35) (Shotgun) J.Delhomme pass incomplete deep left to S.Smith.","note":null,"players":{"00-0004161":[{"sequence":2,"clubcode":"CAR","playerName":"J.Delhomme","statId":14,"yards":0},{"sequence":4,"clubcode":"CAR","playerName":"J.Delhomme","statId":112,"yards":19}],"00-0020337":[{"sequence":3,"clubcode":"CAR","playerName":"S.Smith","statId":115,"yards":0}],"0":[{"sequence":1,"clubcode":"CAR","playerName":"","statId":7,"yards":0}]}},"1246":{"sp":0,"qtr":2,"down":4,"time":"06:25","yrdln":"TB 34","ydstogo":11,"ydsnet":9,"posteam":"CAR","desc":"(6:25) (Field Goal formation) J.Kasay 52 yard field goal is BLOCKED (D.Joseph), Center-J.Jansen, Holder-J.Baker, RECOVERED by TB-Q.Black at TB 28. Q.Black to TB 35 for 7 yards (J.King).","note":"FGB","players":{"00-0024238":[{"sequence":2,"clubcode":"TB","playerName":"D.Joseph","statId":88,"yards":0}],"00-0025455":[{"sequence":3,"clubcode":"TB","playerName":"Q.Black","statId":63,"yards":7}],"00-0024369":[{"sequence":4,"clubcode":"CAR","playerName":"J.King","statId":79,"yards":0}],"00-0009028":[{"sequence":1,"clubcode":"CAR","playerName":"J.Kasay","statId":71,"yards":52}]}}},"fds":1,"result":"Blocked FG","penyds":5,"ydsgained":4,"numplays":5,"postime":"2:13","start":{"qtr":2,"time":"08:28","yrdln":"TB 43","team":"CAR"},"end":{"qtr":2,"time":"06:15","yrdln":"TB 34","team":"CAR"}},"10":{"posteam":"TB","qtr":2,"redzone":true,"plays":{"1275":{"sp":0,"qtr":2,"down":1,"time":"06:15","yrdln":"TB 35","ydstogo":10,"ydsnet":2,"posteam":"TB","desc":"(6:15) J.Johnson scrambles up the middle to TB 37 for 2 yards (T.Brayton).","note":null,"players":{"00-0022047":[{"sequence":2,"clubcode":"CAR","playerName":"T.Brayton","statId":79,"yards":0}],"00-0026300":[{"sequence":1,"clubcode":"TB","playerName":"J.Johnson","statId":10,"yards":2}]}},"1296":{"sp":0,"qtr":2,"down":2,"time":"05:30","yrdln":"TB 37","ydstogo":8,"ydsnet":4,"posteam":"TB","desc":"(5:30) C.Williams left guard to TB 39 for 2 yards (N.Diggs).","note":null,"players":{"00-0019467":[{"sequence":2,"clubcode":"CAR","playerName":"N.Diggs","statId":79,"yards":0}],"00-0023440":[{"sequence":1,"clubcode":"TB","playerName":"C.Williams","statId":10,"yards":2}]}},"1317":{"sp":0,"qtr":2,"down":3,"time":"04:52","yrdln":"TB 39","ydstogo":6,"ydsnet":9,"posteam":"TB","desc":"(4:52) (Shotgun) J.Johnson pass incomplete short right to M.Clayton. PENALTY on CAR-J.Peppers, Defensive Offside, 5 yards, enforced at TB 39 - No Play.","note":"PENALTY","players":{"00-0021140":[{"sequence":1,"clubcode":"CAR","playerName":"J.Peppers","statId":93,"yards":5}]}},"1350":{"sp":0,"qtr":2,"down":3,"time":"04:45","yrdln":"TB 44","ydstogo":1,"ydsnet":11,"posteam":"TB","desc":"(4:45) C.Williams left tackle to TB 46 for 2 yards (T.Brayton).","note":null,"players":{"00-0022047":[{"sequence":4,"clubcode":"CAR","playerName":"T.Brayton","statId":79,"yards":0}],"0":[{"sequence":1,"clubcode":"TB","playerName":"","statId":3,"yards":0},{"sequence":2,"clubcode":"TB","playerName":"","statId":6,"yards":0}],"00-0023440":[{"sequence":3,"clubcode":"TB","playerName":"C.Williams","statId":10,"yards":2}]}},"1371":{"sp":0,"qtr":2,"down":1,"time":"04:01","yrdln":"TB 46","ydstogo":10,"ydsnet":23,"posteam":"TB","desc":"(4:01) (Shotgun) J.Johnson scrambles left end ran ob at CAR 42 for 12 yards (C.Godfrey).","note":null,"players":{"00-0026207":[{"sequence":3,"clubcode":"CAR","playerName":"C.Godfrey","statId":79,"yards":0}],"00-0026300":[{"sequence":2,"clubcode":"TB","playerName":"J.Johnson","statId":10,"yards":12}],"0":[{"sequence":1,"clubcode":"TB","playerName":"","statId":3,"yards":0}]}},"1392":{"sp":0,"qtr":2,"down":1,"time":"03:31","yrdln":"CAR 42","ydstogo":10,"ydsnet":41,"posteam":"TB","desc":"(3:31) J.Johnson pass short middle to K.Winslow to CAR 24 for 18 yards (T.Davis).","note":null,"players":{"00-0026300":[{"sequence":2,"clubcode":"TB","playerName":"J.Johnson","statId":15,"yards":18},{"sequence":3,"clubcode":"TB","playerName":"J.Johnson","statId":111,"yards":11}],"00-0022922":[{"sequence":4,"clubcode":"TB","playerName":"K.Winslow","statId":21,"yards":18},{"sequence":5,"clubcode":"TB","playerName":"K.Winslow","statId":115,"yards":0},{"sequence":6,"clubcode":"TB","playerName":"K.Winslow","statId":113,"yards":7}],"0":[{"sequence":1,"clubcode":"TB","playerName":"","statId":4,"yards":0}],"00-0023448":[{"sequence":7,"clubcode":"CAR","playerName":"T.Davis","statId":79,"yards":0}]}},"1416":{"sp":0,"qtr":2,"down":1,"time":"02:50","yrdln":"CAR 24","ydstogo":10,"ydsnet":40,"posteam":"TB","desc":"(2:50) C.Williams left guard to CAR 25 for -1 yards (T.Brayton; C.Johnson).","note":null,"players":{"00-0022047":[{"sequence":3,"clubcode":"CAR","playerName":"T.Brayton","statId":82,"yards":0}],"0":[{"sequence":2,"clubcode":"TB","playerName":"","statId":95,"yards":-1}],"00-0025470":[{"sequence":4,"clubcode":"CAR","playerName":"C.Johnson","statId":82,"yards":0}],"00-0023440":[{"sequence":1,"clubcode":"TB","playerName":"C.Williams","statId":10,"yards":-1}]}},"1437":{"sp":0,"qtr":2,"down":2,"time":"02:08","yrdln":"CAR 25","ydstogo":11,"ydsnet":30,"posteam":"TB","desc":"(2:08) J.Johnson scrambles right end ran ob at CAR 21 for 4 yards. PENALTY on TB-J.Faine, Offensive Holding, 10 yards, enforced at CAR 25 - No Play.","note":"PENALTY","players":{"00-0022157":[{"sequence":1,"clubcode":"TB","playerName":"J.Faine","statId":93,"yards":10}]}},"1469":{"sp":0,"qtr":2,"down":0,"time":"01:58","yrdln":"","ydstogo":0,"ydsnet":30,"posteam":"","desc":"Two-Minute Warning","note":null,"players":{}},"1486":{"sp":0,"qtr":2,"down":2,"time":"01:58","yrdln":"CAR 35","ydstogo":21,"ydsnet":24,"posteam":"TB","desc":"(1:58) J.Johnson sacked at CAR 42 for -7 yards (J.Peppers). FUMBLES (J.Peppers), recovered by TB-E.Graham at CAR 41. E.Graham to CAR 41 for no gain (J.Peppers).","note":"FUMBLE","players":{"00-0021755":[{"sequence":6,"clubcode":"TB","playerName":"E.Graham","statId":55,"yards":0}],"00-0026300":[{"sequence":1,"clubcode":"TB","playerName":"J.Johnson","statId":20,"yards":-6},{"sequence":4,"clubcode":"TB","playerName":"J.Johnson","statId":52,"yards":0}],"00-0021140":[{"sequence":2,"clubcode":"CAR","playerName":"J.Peppers","statId":83,"yards":-6},{"sequence":3,"clubcode":"CAR","playerName":"J.Peppers","statId":79,"yards":0},{"sequence":5,"clubcode":"CAR","playerName":"J.Peppers","statId":91,"yards":0},{"sequence":7,"clubcode":"CAR","playerName":"J.Peppers","statId":79,"yards":0},{"sequence":8,"clubcode":"CAR","playerName":"J.Peppers","statId":120,"yards":0}]}},"1522":{"sp":0,"qtr":2,"down":3,"time":"01:12","yrdln":"CAR 41","ydstogo":27,"ydsnet":24,"posteam":"TB","desc":"(1:12) (Shotgun) J.Johnson pass incomplete deep right to M.Clayton (R.Marshall).","note":null,"players":{"00-0026300":[{"sequence":2,"clubcode":"TB","playerName":"J.Johnson","statId":14,"yards":0},{"sequence":5,"clubcode":"TB","playerName":"J.Johnson","statId":112,"yards":21}],"0":[{"sequence":1,"clubcode":"TB","playerName":"","statId":7,"yards":0}],"00-0022725":[{"sequence":3,"clubcode":"TB","playerName":"M.Clayton","statId":115,"yards":0}],"00-0024273":[{"sequence":4,"clubcode":"CAR","playerName":"R.Marshall","statId":85,"yards":0}]}},"1544":{"sp":0,"qtr":2,"down":4,"time":"01:05","yrdln":"CAR 41","ydstogo":27,"ydsnet":24,"posteam":"TB","desc":"(1:05) (Punt formation) D.Johnson punts 41 yards to end zone, Center-A.Economos, Touchback.","note":"PUNT","players":{"00-0008484":[{"sequence":1,"clubcode":"TB","playerName":"D.Johnson","statId":32,"yards":41}],"0":[{"sequence":2,"clubcode":"CAR","playerName":"","statId":40,"yards":0}]}}},"fds":3,"result":"Punt","penyds":-5,"ydsgained":29,"numplays":12,"postime":"5:19","start":{"qtr":2,"time":"06:15","yrdln":"TB 35","team":"TB"},"end":{"qtr":2,"time":"00:56","yrdln":"CAR 41","team":"TB"}},"11":{"posteam":"CAR","qtr":2,"redzone":true,"plays":{"1561":{"sp":0,"qtr":2,"down":1,"time":"00:56","yrdln":"CAR 20","ydstogo":10,"ydsnet":4,"posteam":"CAR","desc":"(:56) (Shotgun) D.Williams up the middle to CAR 24 for 4 yards (B.Ruud, J.Wilkerson).","note":null,"players":{"00-0023471":[{"sequence":2,"clubcode":"TB","playerName":"B.Ruud","statId":80,"yards":0}],"00-0021960":[{"sequence":3,"clubcode":"TB","playerName":"J.Wilkerson","statId":82,"yards":0}],"00-0024242":[{"sequence":1,"clubcode":"CAR","playerName":"D.Williams","statId":10,"yards":4}]}},"1582":{"sp":0,"qtr":2,"down":0,"time":"00:47","yrdln":"","ydstogo":0,"ydsnet":4,"posteam":"","desc":"Timeout #1 by CAR at 00:47.","note":"TIMEOUT","players":{"0":[{"sequence":1,"clubcode":"CAR","playerName":"","statId":68,"yards":0}]}},"1599":{"sp":0,"qtr":2,"down":2,"time":"00:47","yrdln":"CAR 24","ydstogo":6,"ydsnet":8,"posteam":"CAR","desc":"(:47) J.Delhomme pass short right to D.Williams ran ob at CAR 28 for 4 yards (E.Mack).","note":null,"players":{"00-0004161":[{"sequence":1,"clubcode":"CAR","playerName":"J.Delhomme","statId":15,"yards":4},{"sequence":2,"clubcode":"CAR","playerName":"J.Delhomme","statId":111,"yards":-1}],"00-0025902":[{"sequence":6,"clubcode":"TB","playerName":"E.Mack","statId":79,"yards":0}],"00-0024242":[{"sequence":3,"clubcode":"CAR","playerName":"D.Williams","statId":21,"yards":4},{"sequence":4,"clubcode":"CAR","playerName":"D.Williams","statId":115,"yards":0},{"sequence":5,"clubcode":"CAR","playerName":"D.Williams","statId":113,"yards":5}]}},"1623":{"sp":0,"qtr":2,"down":3,"time":"00:42","yrdln":"CAR 28","ydstogo":2,"ydsnet":13,"posteam":"CAR","desc":"(:42) (Shotgun) D.Williams up the middle to CAR 33 for 5 yards (S.White).","note":null,"players":{"00-0021332":[{"sequence":4,"clubcode":"TB","playerName":"S.White","statId":79,"yards":0}],"0":[{"sequence":1,"clubcode":"CAR","playerName":"","statId":3,"yards":0},{"sequence":2,"clubcode":"CAR","playerName":"","statId":6,"yards":0}],"00-0024242":[{"sequence":3,"clubcode":"CAR","playerName":"D.Williams","statId":10,"yards":5}]}},"1644":{"sp":0,"qtr":2,"down":0,"time":"00:36","yrdln":"","ydstogo":0,"ydsnet":13,"posteam":"","desc":"Timeout #2 by CAR at 00:36.","note":"TIMEOUT","players":{"0":[{"sequence":1,"clubcode":"CAR","playerName":"","statId":68,"yards":0}]}},"1661":{"sp":0,"qtr":2,"down":1,"time":"00:36","yrdln":"CAR 33","ydstogo":10,"ydsnet":13,"posteam":"CAR","desc":"(:36) J.Delhomme pass incomplete deep middle to D.Rosario (B.Ruud) [J.Wilkerson].","note":null,"players":{"00-0023471":[{"sequence":3,"clubcode":"TB","playerName":"B.Ruud","statId":85,"yards":0}],"00-0021960":[{"sequence":4,"clubcode":"TB","playerName":"J.Wilkerson","statId":110,"yards":0}],"00-0004161":[{"sequence":1,"clubcode":"CAR","playerName":"J.Delhomme","statId":14,"yards":0},{"sequence":5,"clubcode":"CAR","playerName":"J.Delhomme","statId":112,"yards":33}],"00-0025542":[{"sequence":2,"clubcode":"CAR","playerName":"D.Rosario","statId":115,"yards":0}]}},"1683":{"sp":0,"qtr":2,"down":2,"time":"00:30","yrdln":"CAR 33","ydstogo":10,"ydsnet":13,"posteam":"CAR","desc":"(:30) (Shotgun) J.Delhomme pass incomplete short right to D.Rosario.","note":null,"players":{"00-0004161":[{"sequence":1,"clubcode":"CAR","playerName":"J.Delhomme","statId":14,"yards":0},{"sequence":3,"clubcode":"CAR","playerName":"J.Delhomme","statId":112,"yards":11}],"00-0025542":[{"sequence":2,"clubcode":"CAR","playerName":"D.Rosario","statId":115,"yards":0}]}},"1705":{"sp":0,"qtr":2,"down":3,"time":"00:24","yrdln":"CAR 33","ydstogo":10,"ydsnet":18,"posteam":"CAR","desc":"(:24) (Shotgun) D.Williams up the middle to CAR 38 for 5 yards (S.White).","note":null,"players":{"00-0021332":[{"sequence":3,"clubcode":"TB","playerName":"S.White","statId":79,"yards":0}],"0":[{"sequence":1,"clubcode":"CAR","playerName":"","statId":7,"yards":0}],"00-0024242":[{"sequence":2,"clubcode":"CAR","playerName":"D.Williams","statId":10,"yards":5}]}},"1726":{"sp":0,"qtr":2,"down":0,"time":"00:20","yrdln":"","ydstogo":0,"ydsnet":18,"posteam":"","desc":"Timeout #1 by TB at 00:20.","note":"TIMEOUT","players":{"0":[{"sequence":1,"clubcode":"TB","playerName":"","statId":68,"yards":0}]}},"1743":{"sp":0,"qtr":2,"down":4,"time":"00:20","yrdln":"CAR 38","ydstogo":5,"ydsnet":18,"posteam":"CAR","desc":"(:20) (Punt formation) J.Baker punts 44 yards to TB 18, Center-J.Jansen, downed by CAR-Team. Penalty on CAR-D.Wesley, Interference with Opportunity to Catch, declined. PENALTY on CAR-D.Wesley, Disqualification, 15 yards, enforced at TB 18.","note":"PUNT","players":{"00-0019921":[{"sequence":1,"clubcode":"CAR","playerName":"J.Baker","statId":29,"yards":44},{"sequence":2,"clubcode":"CAR","playerName":"J.Baker","statId":30,"yards":0}],"0":[{"sequence":3,"clubcode":"TB","playerName":"","statId":38,"yards":0}],"00-0021224":[{"sequence":4,"clubcode":"CAR","playerName":"D.Wesley","statId":93,"yards":15}]}}},"fds":1,"result":"Punt","penyds":0,"ydsgained":18,"numplays":10,"postime":"0:49","start":{"qtr":2,"time":"00:56","yrdln":"CAR 20","team":"CAR"},"end":{"qtr":2,"time":"00:07","yrdln":"CAR 38","team":"CAR"}},"12":{"posteam":"TB","qtr":2,"redzone":true,"plays":{"1779":{"sp":0,"qtr":2,"down":1,"time":"00:07","yrdln":"TB 33","ydstogo":10,"ydsnet":-1,"posteam":"TB","desc":"(:07) J.Johnson kneels to TB 32 for -1 yards.","note":null,"players":{"00-0026300":[{"sequence":1,"clubcode":"TB","playerName":"J.Johnson","statId":10,"yards":-1}]}},"1800":{"sp":0,"qtr":2,"down":0,"time":"","yrdln":"","ydstogo":0,"ydsnet":-1,"posteam":"","desc":"END QUARTER 2","note":null,"players":{}}},"fds":0,"result":"End of Half","penyds":0,"ydsgained":-1,"numplays":2,"postime":"0:07","start":{"qtr":2,"time":"00:07","yrdln":"TB 33","team":"TB"},"end":{"qtr":2,"time":"00:00","yrdln":"TB 33","team":"TB"}},"13":{"posteam":"TB","qtr":3,"redzone":true,"plays":{"1831":{"sp":0,"qtr":3,"down":0,"time":"15:00","yrdln":"CAR 30","ydstogo":0,"ydsnet":0,"posteam":"CAR","desc":"R.Lloyd kicks 73 yards from CAR 30 to TB -3. S.Stroughter to TB 23 for 26 yards (S.Martin, R.Marshall).","note":"KICKOFF","players":{"00-0026953":[{"sequence":2,"clubcode":"TB","playerName":"S.Stroughter","statId":45,"yards":26}],"00-0027035":[{"sequence":3,"clubcode":"CAR","playerName":"S.Martin","statId":80,"yards":0}],"00-0023363":[{"sequence":1,"clubcode":"CAR","playerName":"R.Lloyd","statId":43,"yards":73}],"00-0024273":[{"sequence":4,"clubcode":"CAR","playerName":"R.Marshall","statId":82,"yards":0}]}},"1853":{"sp":0,"qtr":3,"down":1,"time":"14:53","yrdln":"TB 23","ydstogo":10,"ydsnet":0,"posteam":"TB","desc":"(14:53) J.Johnson pass short right intended for M.Clayton INTERCEPTED by T.Davis at TB 36. T.Davis pushed ob at TB 12 for 24 yards (J.Zuttah).","note":"INT","players":{"00-0026223":[{"sequence":6,"clubcode":"TB","playerName":"J.Zuttah","statId":79,"yards":0}],"00-0026300":[{"sequence":1,"clubcode":"TB","playerName":"J.Johnson","statId":19,"yards":0},{"sequence":3,"clubcode":"TB","playerName":"J.Johnson","statId":112,"yards":13}],"00-0023448":[{"sequence":4,"clubcode":"CAR","playerName":"T.Davis","statId":25,"yards":24},{"sequence":5,"clubcode":"CAR","playerName":"T.Davis","statId":85,"yards":0}],"00-0022725":[{"sequence":2,"clubcode":"TB","playerName":"M.Clayton","statId":115,"yards":0}]}}},"fds":0,"result":"Interception","penyds":0,"ydsgained":0,"numplays":2,"postime":"0:20","start":{"qtr":3,"time":"15:00","yrdln":"TB 23","team":"TB"},"end":{"qtr":3,"time":"14:40","yrdln":"TB 23","team":"TB"}},"14":{"posteam":"CAR","qtr":3,"redzone":true,"plays":{"1884":{"sp":0,"qtr":3,"down":1,"time":"14:40","yrdln":"TB 12","ydstogo":10,"ydsnet":6,"posteam":"CAR","desc":"(14:40) D.Williams up the middle to TB 6 for 6 yards (R.Sims).","note":null,"players":{"00-0021382":[{"sequence":2,"clubcode":"TB","playerName":"R.Sims","statId":79,"yards":0}],"00-0024242":[{"sequence":1,"clubcode":"CAR","playerName":"D.Williams","statId":10,"yards":6}]}},"1905":{"sp":0,"qtr":3,"down":2,"time":"14:04","yrdln":"TB 6","ydstogo":4,"ydsnet":8,"posteam":"CAR","desc":"(14:04) D.Williams right guard to TB 4 for 2 yards (R.Sims).","note":null,"players":{"00-0021382":[{"sequence":2,"clubcode":"TB","playerName":"R.Sims","statId":79,"yards":0}],"00-0024242":[{"sequence":1,"clubcode":"CAR","playerName":"D.Williams","statId":10,"yards":2}]}},"1926":{"sp":0,"qtr":3,"down":3,"time":"13:24","yrdln":"TB 4","ydstogo":2,"ydsnet":9,"posteam":"CAR","desc":"(13:24) D.Williams left guard to TB 3 for 1 yard (R.Miller).","note":null,"players":{"00-0027055":[{"sequence":3,"clubcode":"TB","playerName":"R.Miller","statId":79,"yards":0}],"0":[{"sequence":1,"clubcode":"CAR","playerName":"","statId":7,"yards":0}],"00-0024242":[{"sequence":2,"clubcode":"CAR","playerName":"D.Williams","statId":10,"yards":1}]}},"1947":{"sp":0,"qtr":3,"down":4,"time":"12:50","yrdln":"TB 3","ydstogo":1,"ydsnet":11,"posteam":"CAR","desc":"(12:50) D.Williams left guard to TB 1 for 2 yards (T.Crowder, A.Talib).","note":null,"players":{"00-0025443":[{"sequence":4,"clubcode":"TB","playerName":"T.Crowder","statId":80,"yards":0}],"0":[{"sequence":1,"clubcode":"CAR","playerName":"","statId":3,"yards":0},{"sequence":2,"clubcode":"CAR","playerName":"","statId":8,"yards":0}],"00-0026160":[{"sequence":5,"clubcode":"TB","playerName":"A.Talib","statId":82,"yards":0}],"00-0024242":[{"sequence":3,"clubcode":"CAR","playerName":"D.Williams","statId":10,"yards":2}]}},"1968":{"sp":1,"qtr":3,"down":1,"time":"12:15","yrdln":"TB 1","ydstogo":1,"ydsnet":12,"posteam":"CAR","desc":"(12:15) J.Delhomme pass short left to J.King for 1 yard, TOUCHDOWN.","note":"TD","players":{"00-0004161":[{"sequence":2,"clubcode":"CAR","playerName":"J.Delhomme","statId":16,"yards":1},{"sequence":3,"clubcode":"CAR","playerName":"J.Delhomme","statId":111,"yards":1}],"0":[{"sequence":1,"clubcode":"CAR","playerName":"","statId":4,"yards":0}],"00-0024369":[{"sequence":4,"clubcode":"CAR","playerName":"J.King","statId":22,"yards":1},{"sequence":5,"clubcode":"CAR","playerName":"J.King","statId":115,"yards":0},{"sequence":6,"clubcode":"CAR","playerName":"J.King","statId":113,"yards":0}]}},"1988":{"sp":1,"qtr":3,"down":0,"time":"12:07","yrdln":"TB 2","ydstogo":0,"ydsnet":12,"posteam":"CAR","desc":"(Kick formation) J.Kasay extra point is GOOD, Center-J.Jansen, Holder-J.Baker.","note":"XP","players":{"00-0009028":[{"sequence":1,"clubcode":"CAR","playerName":"J.Kasay","statId":72,"yards":0}]}}},"fds":2,"result":"Touchdown","penyds":0,"ydsgained":12,"numplays":6,"postime":"2:33","start":{"qtr":3,"time":"14:40","yrdln":"TB 12","team":"CAR"},"end":{"qtr":3,"time":"12:07","yrdln":"TB 1","team":"CAR"}},"15":{"posteam":"TB","qtr":3,"redzone":true,"plays":{"2004":{"sp":0,"qtr":3,"down":0,"time":"12:07","yrdln":"CAR 30","ydstogo":0,"ydsnet":0,"posteam":"CAR","desc":"R.Lloyd kicks 69 yards from CAR 30 to TB 1. S.Stroughter to TB 20 for 19 yards (J.Anderson).","note":"KICKOFF","players":{"00-0024303":[{"sequence":3,"clubcode":"CAR","playerName":"J.Anderson","statId":79,"yards":0}],"00-0026953":[{"sequence":2,"clubcode":"TB","playerName":"S.Stroughter","statId":45,"yards":19}],"00-0023363":[{"sequence":1,"clubcode":"CAR","playerName":"R.Lloyd","statId":41,"yards":69}]}},"2026":{"sp":0,"qtr":3,"down":1,"time":"11:58","yrdln":"TB 20","ydstogo":10,"ydsnet":28,"posteam":"TB","desc":"(11:58) C.Williams left guard to TB 19 for -1 yards (H.Thomas).","note":null,"players":{"0":[{"sequence":2,"clubcode":"TB","playerName":"","statId":95,"yards":-1}],"00-0016271":[{"sequence":3,"clubcode":"CAR","playerName":"H.Thomas","statId":79,"yards":0},{"sequence":4,"clubcode":"CAR","playerName":"H.Thomas","statId":120,"yards":0}],"00-0023440":[{"sequence":1,"clubcode":"TB","playerName":"C.Williams","statId":10,"yards":-1}]}},"2047":{"sp":0,"qtr":3,"down":2,"time":"11:23","yrdln":"TB 19","ydstogo":11,"ydsnet":-1,"posteam":"TB","desc":"(11:23) J.Johnson pass incomplete deep left to A.Bryant.","note":null,"players":{"00-0021191":[{"sequence":2,"clubcode":"TB","playerName":"A.Bryant","statId":115,"yards":0}],"00-0026300":[{"sequence":1,"clubcode":"TB","playerName":"J.Johnson","statId":14,"yards":0},{"sequence":3,"clubcode":"TB","playerName":"J.Johnson","statId":112,"yards":16}]}},"2069":{"sp":0,"qtr":3,"down":3,"time":"11:15","yrdln":"TB 19","ydstogo":11,"ydsnet":11,"posteam":"TB","desc":"(11:15) (Shotgun) J.Johnson scrambles left tackle to TB 31 for 12 yards (T.Davis).","note":null,"players":{"00-0026300":[{"sequence":3,"clubcode":"TB","playerName":"J.Johnson","statId":10,"yards":12}],"0":[{"sequence":1,"clubcode":"TB","playerName":"","statId":3,"yards":0},{"sequence":2,"clubcode":"TB","playerName":"","statId":6,"yards":0}],"00-0023448":[{"sequence":4,"clubcode":"CAR","playerName":"T.Davis","statId":79,"yards":0}]}},"2090":{"sp":0,"qtr":3,"down":1,"time":"10:31","yrdln":"TB 31","ydstogo":10,"ydsnet":1,"posteam":"TB","desc":"(10:31) J.Johnson pass short left to K.Winslow ran ob at TB 36 for 5 yards. PENALTY on TB-K.Winslow, Offensive Pass Interference, 10 yards, enforced at TB 31 - No Play.","note":"PENALTY","players":{"00-0022922":[{"sequence":1,"clubcode":"TB","playerName":"K.Winslow","statId":93,"yards":10}]}},"2125":{"sp":0,"qtr":3,"down":1,"time":"10:00","yrdln":"TB 21","ydstogo":20,"ydsnet":6,"posteam":"TB","desc":"(10:00) (Shotgun) C.Williams left tackle to TB 26 for 5 yards (T.Davis).","note":null,"players":{"00-0023448":[{"sequence":2,"clubcode":"CAR","playerName":"T.Davis","statId":79,"yards":0}],"00-0023440":[{"sequence":1,"clubcode":"TB","playerName":"C.Williams","statId":10,"yards":5}]}},"2146":{"sp":0,"qtr":3,"down":2,"time":"09:21","yrdln":"TB 26","ydstogo":15,"ydsnet":14,"posteam":"TB","desc":"(9:21) J.Johnson pass short right to A.Bryant to TB 34 for 8 yards (J.Peppers).","note":null,"players":{"00-0021191":[{"sequence":3,"clubcode":"TB","playerName":"A.Bryant","statId":21,"yards":8},{"sequence":4,"clubcode":"TB","playerName":"A.Bryant","statId":115,"yards":0},{"sequence":5,"clubcode":"TB","playerName":"A.Bryant","statId":113,"yards":9}],"00-0026300":[{"sequence":1,"clubcode":"TB","playerName":"J.Johnson","statId":15,"yards":8},{"sequence":2,"clubcode":"TB","playerName":"J.Johnson","statId":111,"yards":-1}],"00-0021140":[{"sequence":6,"clubcode":"CAR","playerName":"J.Peppers","statId":79,"yards":0}]}},"2170":{"sp":0,"qtr":3,"down":3,"time":"08:49","yrdln":"TB 34","ydstogo":7,"ydsnet":33,"posteam":"TB","desc":"(8:49) (Shotgun) J.Johnson scrambles right tackle to TB 43 for 9 yards (E.Brown). FUMBLES (E.Brown), and recovers at TB 45. J.Johnson to TB 45 for no gain (C.Harris).","note":"FUMBLE","players":{"00-0027019":[{"sequence":3,"clubcode":"CAR","playerName":"E.Brown","statId":79,"yards":0},{"sequence":5,"clubcode":"CAR","playerName":"E.Brown","statId":91,"yards":0}],"00-0023614":[{"sequence":8,"clubcode":"CAR","playerName":"C.Harris","statId":79,"yards":0}],"00-0026300":[{"sequence":4,"clubcode":"TB","playerName":"J.Johnson","statId":52,"yards":0},{"sequence":6,"clubcode":"TB","playerName":"J.Johnson","statId":55,"yards":0},{"sequence":7,"clubcode":"TB","playerName":"J.Johnson","statId":10,"yards":11}],"0":[{"sequence":1,"clubcode":"TB","playerName":"","statId":3,"yards":0},{"sequence":2,"clubcode":"TB","playerName":"","statId":6,"yards":0}]}},"2202":{"sp":0,"qtr":3,"down":1,"time":"07:53","yrdln":"TB 45","ydstogo":10,"ydsnet":33,"posteam":"TB","desc":"(7:53) C.Williams right guard to CAR 47 for 8 yards (R.Marshall).","note":null,"players":{"00-0023440":[{"sequence":1,"clubcode":"TB","playerName":"C.Williams","statId":10,"yards":8}],"00-0024273":[{"sequence":2,"clubcode":"CAR","playerName":"R.Marshall","statId":79,"yards":0}]}},"2223":{"sp":0,"qtr":3,"down":2,"time":"07:12","yrdln":"CAR 47","ydstogo":2,"ydsnet":28,"posteam":"TB","desc":"(7:12) (Shotgun) J.Johnson sacked at TB 45 for -8 yards (C.Johnson). FUMBLES (C.Johnson), recovered by TB-J.Stevens at TB 44. J.Stevens to TB 45 for 1 yard (T.Davis).","note":"FUMBLE","players":{"00-0021159":[{"sequence":6,"clubcode":"TB","playerName":"J.Stevens","statId":55,"yards":0}],"00-0026300":[{"sequence":1,"clubcode":"TB","playerName":"J.Johnson","statId":20,"yards":-8},{"sequence":4,"clubcode":"TB","playerName":"J.Johnson","statId":52,"yards":0}],"00-0023448":[{"sequence":7,"clubcode":"CAR","playerName":"T.Davis","statId":79,"yards":0},{"sequence":8,"clubcode":"CAR","playerName":"T.Davis","statId":120,"yards":0}],"00-0025470":[{"sequence":2,"clubcode":"CAR","playerName":"C.Johnson","statId":83,"yards":-8},{"sequence":3,"clubcode":"CAR","playerName":"C.Johnson","statId":79,"yards":0},{"sequence":5,"clubcode":"CAR","playerName":"C.Johnson","statId":91,"yards":0}]}},"2252":{"sp":0,"qtr":3,"down":3,"time":"06:17","yrdln":"TB 45","ydstogo":10,"ydsnet":28,"posteam":"TB","desc":"(6:17) J.Johnson scrambles left end to TB 48 for 3 yards (T.Davis). Penalty on TB-D.Penn, Offensive Holding, declined.","note":null,"players":{"00-0026300":[{"sequence":2,"clubcode":"TB","playerName":"J.Johnson","statId":10,"yards":3}],"0":[{"sequence":1,"clubcode":"TB","playerName":"","statId":7,"yards":0}],"00-0023448":[{"sequence":3,"clubcode":"CAR","playerName":"T.Davis","statId":79,"yards":0}]}},"2302":{"sp":0,"qtr":3,"down":4,"time":"05:48","yrdln":"TB 48","ydstogo":7,"ydsnet":28,"posteam":"TB","desc":"(5:48) (Punt formation) D.Johnson punts 46 yards to CAR 6, Center-A.Economos. C.Munnerlyn to CAR 40 for 34 yards (D.Johnson).","note":"PUNT","players":{"00-0008484":[{"sequence":1,"clubcode":"TB","playerName":"D.Johnson","statId":29,"yards":46},{"sequence":3,"clubcode":"TB","playerName":"D.Johnson","statId":79,"yards":0}],"00-0026944":[{"sequence":2,"clubcode":"CAR","playerName":"C.Munnerlyn","statId":33,"yards":34}]}}},"fds":2,"result":"Punt","penyds":-10,"ydsgained":38,"numplays":12,"postime":"6:31","start":{"qtr":3,"time":"12:07","yrdln":"TB 20","team":"TB"},"end":{"qtr":3,"time":"05:36","yrdln":"TB 48","team":"TB"}},"16":{"posteam":"CAR","qtr":3,"redzone":true,"plays":{"2327":{"sp":0,"qtr":3,"down":1,"time":"05:36","yrdln":"CAR 40","ydstogo":10,"ydsnet":7,"posteam":"CAR","desc":"(5:36) D.Williams up the middle to CAR 47 for 7 yards (R.Barber).","note":null,"players":{"00-0024242":[{"sequence":1,"clubcode":"CAR","playerName":"D.Williams","statId":10,"yards":7}],"00-0000741":[{"sequence":2,"clubcode":"TB","playerName":"R.Barber","statId":79,"yards":0}]}},"2348":{"sp":0,"qtr":3,"down":2,"time":"05:01","yrdln":"CAR 47","ydstogo":3,"ydsnet":13,"posteam":"CAR","desc":"(5:01) J.Delhomme pass short right to D.Rosario ran ob at TB 47 for 6 yards.","note":null,"players":{"00-0004161":[{"sequence":2,"clubcode":"CAR","playerName":"J.Delhomme","statId":15,"yards":6},{"sequence":3,"clubcode":"CAR","playerName":"J.Delhomme","statId":111,"yards":3}],"00-0025542":[{"sequence":4,"clubcode":"CAR","playerName":"D.Rosario","statId":21,"yards":6},{"sequence":5,"clubcode":"CAR","playerName":"D.Rosario","statId":115,"yards":0},{"sequence":6,"clubcode":"CAR","playerName":"D.Rosario","statId":113,"yards":3}],"0":[{"sequence":1,"clubcode":"CAR","playerName":"","statId":4,"yards":0}]}},"2372":{"sp":0,"qtr":3,"down":1,"time":"04:41","yrdln":"TB 47","ydstogo":10,"ydsnet":25,"posteam":"CAR","desc":"(4:41) D.Williams left end pushed ob at TB 35 for 12 yards (G.Hayes).","note":null,"players":{"0":[{"sequence":1,"clubcode":"CAR","playerName":"","statId":3,"yards":0}],"00-0026315":[{"sequence":3,"clubcode":"TB","playerName":"G.Hayes","statId":79,"yards":0}],"00-0024242":[{"sequence":2,"clubcode":"CAR","playerName":"D.Williams","statId":10,"yards":12}]}},"2393":{"sp":0,"qtr":3,"down":1,"time":"04:12","yrdln":"TB 35","ydstogo":10,"ydsnet":32,"posteam":"CAR","desc":"(4:12) J.Delhomme pass short middle to J.King to TB 28 for 7 yards (B.Ruud) [S.White].","note":null,"players":{"00-0023471":[{"sequence":7,"clubcode":"TB","playerName":"B.Ruud","statId":79,"yards":0}],"00-0004161":[{"sequence":1,"clubcode":"CAR","playerName":"J.Delhomme","statId":15,"yards":7},{"sequence":2,"clubcode":"CAR","playerName":"J.Delhomme","statId":111,"yards":-9}],"00-0021332":[{"sequence":6,"clubcode":"TB","playerName":"S.White","statId":110,"yards":0}],"00-0024369":[{"sequence":3,"clubcode":"CAR","playerName":"J.King","statId":21,"yards":7},{"sequence":4,"clubcode":"CAR","playerName":"J.King","statId":115,"yards":0},{"sequence":5,"clubcode":"CAR","playerName":"J.King","statId":113,"yards":16}]}},"2417":{"sp":0,"qtr":3,"down":2,"time":"03:25","yrdln":"TB 28","ydstogo":3,"ydsnet":34,"posteam":"CAR","desc":"(3:25) J.Stewart right guard to TB 26 for 2 yards (S.Piscitelli).","note":null,"players":{"00-0026153":[{"sequence":1,"clubcode":"CAR","playerName":"J.Stewart","statId":10,"yards":2}],"00-0025451":[{"sequence":2,"clubcode":"TB","playerName":"S.Piscitelli","statId":79,"yards":0}]}},"2438":{"sp":1,"qtr":3,"down":3,"time":"02:44","yrdln":"TB 26","ydstogo":1,"ydsnet":60,"posteam":"CAR","desc":"(2:44) J.Stewart left tackle for 26 yards, TOUCHDOWN.","note":"TD","players":{"00-0026153":[{"sequence":3,"clubcode":"CAR","playerName":"J.Stewart","statId":11,"yards":26}],"0":[{"sequence":1,"clubcode":"CAR","playerName":"","statId":3,"yards":0},{"sequence":2,"clubcode":"CAR","playerName":"","statId":6,"yards":0}]}},"2455":{"sp":1,"qtr":3,"down":0,"time":"02:33","yrdln":"TB 2","ydstogo":0,"ydsnet":60,"posteam":"CAR","desc":"(Kick formation) J.Kasay extra point is GOOD, Center-J.Jansen, Holder-J.Baker.","note":"XP","players":{"00-0009028":[{"sequence":1,"clubcode":"CAR","playerName":"J.Kasay","statId":72,"yards":0}]}}},"fds":3,"result":"Touchdown","penyds":0,"ydsgained":60,"numplays":7,"postime":"3:03","start":{"qtr":3,"time":"05:36","yrdln":"CAR 40","team":"CAR"},"end":{"qtr":3,"time":"02:33","yrdln":"TB 26","team":"CAR"}},"17":{"posteam":"TB","qtr":3,"redzone":true,"plays":{"2471":{"sp":1,"qtr":3,"down":0,"time":"02:33","yrdln":"CAR 30","ydstogo":0,"ydsnet":0,"posteam":"CAR","desc":"R.Lloyd kicks 67 yards from CAR 30 to TB 3. S.Stroughter for 97 yards, TOUCHDOWN.","note":"TD","players":{"00-0026953":[{"sequence":2,"clubcode":"TB","playerName":"S.Stroughter","statId":46,"yards":97}],"00-0023363":[{"sequence":1,"clubcode":"CAR","playerName":"R.Lloyd","statId":41,"yards":67}]}},"2489":{"sp":1,"qtr":3,"down":0,"time":"02:17","yrdln":"CAR 2","ydstogo":0,"ydsnet":0,"posteam":"TB","desc":"(Kick formation) S.Andrus extra point is GOOD, Center-A.Economos, Holder-D.Johnson.","note":"XP","players":{"00-0023728":[{"sequence":1,"clubcode":"TB","playerName":"S.Andrus","statId":72,"yards":0}]}}},"fds":0,"result":"Touchdown","penyds":0,"ydsgained":0,"numplays":2,"postime":"0:16","start":{"qtr":3,"time":"02:33","yrdln":"","team":"TB"},"end":{"qtr":3,"time":"02:17","yrdln":"","team":"TB"}},"18":{"posteam":"CAR","qtr":3,"redzone":true,"plays":{"2505":{"sp":0,"qtr":3,"down":0,"time":"02:17","yrdln":"TB 30","ydstogo":0,"ydsnet":0,"posteam":"TB","desc":"S.Andrus kicks 56 yards from TB 30 to CAR 14. K.Moore to CAR 36 for 22 yards (M.Stovall).","note":"KICKOFF","players":{"00-0026276":[{"sequence":2,"clubcode":"CAR","playerName":"K.Moore","statId":45,"yards":22}],"00-0023728":[{"sequence":1,"clubcode":"TB","playerName":"S.Andrus","statId":41,"yards":56}],"00-0024305":[{"sequence":3,"clubcode":"TB","playerName":"M.Stovall","statId":79,"yards":0}]}},"2527":{"sp":0,"qtr":3,"down":1,"time":"02:10","yrdln":"CAR 36","ydstogo":10,"ydsnet":4,"posteam":"CAR","desc":"(2:10) D.Williams left guard to CAR 40 for 4 yards (S.White).","note":null,"players":{"00-0021332":[{"sequence":2,"clubcode":"TB","playerName":"S.White","statId":79,"yards":0}],"00-0024242":[{"sequence":1,"clubcode":"CAR","playerName":"D.Williams","statId":10,"yards":4}]}},"2548":{"sp":0,"qtr":3,"down":2,"time":"01:34","yrdln":"CAR 40","ydstogo":6,"ydsnet":20,"posteam":"CAR","desc":"(1:34) J.Delhomme pass short left to D.Williams pushed ob at TB 44 for 16 yards (T.Jackson).","note":null,"players":{"00-0025493":[{"sequence":7,"clubcode":"TB","playerName":"T.Jackson","statId":79,"yards":0}],"00-0004161":[{"sequence":2,"clubcode":"CAR","playerName":"J.Delhomme","statId":15,"yards":16},{"sequence":3,"clubcode":"CAR","playerName":"J.Delhomme","statId":111,"yards":2}],"0":[{"sequence":1,"clubcode":"CAR","playerName":"","statId":4,"yards":0}],"00-0024242":[{"sequence":4,"clubcode":"CAR","playerName":"D.Williams","statId":21,"yards":16},{"sequence":5,"clubcode":"CAR","playerName":"D.Williams","statId":115,"yards":0},{"sequence":6,"clubcode":"CAR","playerName":"D.Williams","statId":113,"yards":14}]}},"2572":{"sp":0,"qtr":3,"down":1,"time":"01:06","yrdln":"TB 44","ydstogo":10,"ydsnet":10,"posteam":"CAR","desc":"(1:06) J.Delhomme sacked at CAR 46 for -10 yards (S.White).","note":null,"players":{"00-0004161":[{"sequence":1,"clubcode":"CAR","playerName":"J.Delhomme","statId":20,"yards":-10}],"00-0021332":[{"sequence":2,"clubcode":"TB","playerName":"S.White","statId":83,"yards":-10},{"sequence":3,"clubcode":"TB","playerName":"S.White","statId":110,"yards":0},{"sequence":4,"clubcode":"TB","playerName":"S.White","statId":79,"yards":0},{"sequence":5,"clubcode":"TB","playerName":"S.White","statId":120,"yards":0}]}},"2591":{"sp":0,"qtr":3,"down":2,"time":"00:27","yrdln":"CAR 46","ydstogo":20,"ydsnet":10,"posteam":"CAR","desc":"(:27) J.Delhomme pass deep middle intended for S.Smith INTERCEPTED by B.Ruud (Q.Black) at TB 33. B.Ruud to TB 35 for 2 yards (D.Rosario).","note":"INT","players":{"00-0023471":[{"sequence":5,"clubcode":"TB","playerName":"B.Ruud","statId":25,"yards":2},{"sequence":6,"clubcode":"TB","playerName":"B.Ruud","statId":85,"yards":0}],"00-0004161":[{"sequence":1,"clubcode":"CAR","playerName":"J.Delhomme","statId":19,"yards":0},{"sequence":4,"clubcode":"CAR","playerName":"J.Delhomme","statId":112,"yards":21}],"00-0020337":[{"sequence":2,"clubcode":"CAR","playerName":"S.Smith","statId":115,"yards":0}],"00-0025542":[{"sequence":7,"clubcode":"CAR","playerName":"D.Rosario","statId":79,"yards":0}],"00-0025455":[{"sequence":3,"clubcode":"TB","playerName":"Q.Black","statId":85,"yards":0}]}}},"fds":1,"result":"Interception","penyds":0,"ydsgained":10,"numplays":5,"postime":"2:03","start":{"qtr":3,"time":"02:17","yrdln":"CAR 36","team":"CAR"},"end":{"qtr":3,"time":"00:14","yrdln":"CAR 46","team":"CAR"}},"19":{"posteam":"TB","qtr":4,"redzone":true,"plays":{"2617":{"sp":0,"qtr":3,"down":1,"time":"00:14","yrdln":"TB 35","ydstogo":10,"ydsnet":20,"posteam":"TB","desc":"(:14) C.Williams left tackle pushed ob at CAR 45 for 20 yards (T.Davis).","note":null,"players":{"0":[{"sequence":1,"clubcode":"TB","playerName":"","statId":3,"yards":0}],"00-0023448":[{"sequence":3,"clubcode":"CAR","playerName":"T.Davis","statId":79,"yards":0}],"00-0023440":[{"sequence":2,"clubcode":"TB","playerName":"C.Williams","statId":10,"yards":20}]}},"2649":{"sp":0,"qtr":3,"down":0,"time":"","yrdln":"","ydstogo":0,"ydsnet":20,"posteam":"","desc":"END QUARTER 3","note":null,"players":{}},"2665":{"sp":0,"qtr":4,"down":1,"time":"15:00","yrdln":"CAR 45","ydstogo":10,"ydsnet":22,"posteam":"TB","desc":"(15:00) J.Johnson pass short right to E.Graham to CAR 43 for 2 yards (N.Diggs).","note":null,"players":{"00-0021755":[{"sequence":3,"clubcode":"TB","playerName":"E.Graham","statId":21,"yards":2},{"sequence":4,"clubcode":"TB","playerName":"E.Graham","statId":115,"yards":0},{"sequence":5,"clubcode":"TB","playerName":"E.Graham","statId":113,"yards":3}],"00-0019467":[{"sequence":6,"clubcode":"CAR","playerName":"N.Diggs","statId":79,"yards":0}],"00-0026300":[{"sequence":1,"clubcode":"TB","playerName":"J.Johnson","statId":15,"yards":2},{"sequence":2,"clubcode":"TB","playerName":"J.Johnson","statId":111,"yards":-1}]}},"2689":{"sp":0,"qtr":4,"down":2,"time":"14:23","yrdln":"CAR 43","ydstogo":8,"ydsnet":12,"posteam":"TB","desc":"(14:23) C.Williams left tackle to CAR 40 for 3 yards (T.Davis). PENALTY on TB-D.Penn, Offensive Holding, 10 yards, enforced at CAR 43 - No Play.","note":"PENALTY","players":{"00-0023894":[{"sequence":1,"clubcode":"TB","playerName":"D.Penn","statId":93,"yards":10}]}},"2721":{"sp":0,"qtr":4,"down":0,"time":"13:48","yrdln":"","ydstogo":0,"ydsnet":12,"posteam":"","desc":"Timeout #1 by CAR at 13:48.","note":"TIMEOUT","players":{"0":[{"sequence":1,"clubcode":"CAR","playerName":"","statId":68,"yards":0}]}},"2738":{"sp":0,"qtr":4,"down":2,"time":"13:48","yrdln":"TB 47","ydstogo":18,"ydsnet":23,"posteam":"TB","desc":"(13:48) (Shotgun) J.Johnson pass short right to S.Stroughter to CAR 42 for 11 yards (J.Peppers).","note":null,"players":{"00-0026953":[{"sequence":3,"clubcode":"TB","playerName":"S.Stroughter","statId":21,"yards":11},{"sequence":4,"clubcode":"TB","playerName":"S.Stroughter","statId":115,"yards":0},{"sequence":5,"clubcode":"TB","playerName":"S.Stroughter","statId":113,"yards":4}],"00-0026300":[{"sequence":1,"clubcode":"TB","playerName":"J.Johnson","statId":15,"yards":11},{"sequence":2,"clubcode":"TB","playerName":"J.Johnson","statId":111,"yards":7}],"00-0021140":[{"sequence":6,"clubcode":"CAR","playerName":"J.Peppers","statId":79,"yards":0}]}},"2762":{"sp":0,"qtr":4,"down":3,"time":"13:04","yrdln":"CAR 42","ydstogo":7,"ydsnet":29,"posteam":"TB","desc":"(13:04) (Shotgun) J.Johnson scrambles right end pushed ob at CAR 35 for 7 yards (J.Anderson). Carolina challenged the first down ruling, and the play was REVERSED. (Shotgun) J.Johnson scrambles right end pushed ob at CAR 36 for 6 yards (J.Anderson).","note":null,"players":{"00-0024303":[{"sequence":3,"clubcode":"CAR","playerName":"J.Anderson","statId":79,"yards":0}],"00-0026300":[{"sequence":2,"clubcode":"TB","playerName":"J.Johnson","statId":10,"yards":6}],"0":[{"sequence":1,"clubcode":"TB","playerName":"","statId":7,"yards":0}]}},"2807":{"sp":0,"qtr":4,"down":4,"time":"12:45","yrdln":"CAR 36","ydstogo":1,"ydsnet":24,"posteam":"TB","desc":"(12:45) (Run formation) PENALTY on TB-J.Gilmore, False Start, 5 yards, enforced at CAR 36 - No Play.","note":"PENALTY","players":{"00-0021304":[{"sequence":1,"clubcode":"TB","playerName":"J.Gilmore","statId":93,"yards":5}]}},"2830":{"sp":0,"qtr":4,"down":4,"time":"12:27","yrdln":"CAR 41","ydstogo":6,"ydsnet":24,"posteam":"TB","desc":"(12:27) (Punt formation) D.Johnson punts 37 yards to CAR 4, Center-A.Economos, downed by TB-N.Koutouvides.","note":"PUNT","players":{"00-0008484":[{"sequence":1,"clubcode":"TB","playerName":"D.Johnson","statId":29,"yards":37},{"sequence":2,"clubcode":"TB","playerName":"D.Johnson","statId":30,"yards":0}],"0":[{"sequence":3,"clubcode":"CAR","playerName":"","statId":38,"yards":0}]}}},"fds":1,"result":"Punt","penyds":-15,"ydsgained":39,"numplays":9,"postime":"3:03","start":{"qtr":3,"time":"00:14","yrdln":"TB 35","team":"TB"},"end":{"qtr":3,"time":"12:11","yrdln":"CAR 41","team":"TB"}},"20":{"posteam":"CAR","qtr":4,"redzone":true,"plays":{"2849":{"sp":0,"qtr":4,"down":1,"time":"12:11","yrdln":"CAR 4","ydstogo":10,"ydsnet":3,"posteam":"CAR","desc":"(12:11) D.Williams up the middle to CAR 7 for 3 yards (T.Jackson).","note":null,"players":{"00-0025493":[{"sequence":2,"clubcode":"TB","playerName":"T.Jackson","statId":79,"yards":0}],"00-0024242":[{"sequence":1,"clubcode":"CAR","playerName":"D.Williams","statId":10,"yards":3}]}},"2870":{"sp":0,"qtr":4,"down":2,"time":"11:35","yrdln":"CAR 7","ydstogo":7,"ydsnet":3,"posteam":"CAR","desc":"(11:35) D.Williams right tackle to CAR 7 for no gain (J.Wilkerson, Q.Black).","note":null,"players":{"00-0021960":[{"sequence":2,"clubcode":"TB","playerName":"J.Wilkerson","statId":80,"yards":0}],"00-0025455":[{"sequence":3,"clubcode":"TB","playerName":"Q.Black","statId":82,"yards":0}],"00-0024242":[{"sequence":1,"clubcode":"CAR","playerName":"D.Williams","statId":10,"yards":0}]}},"2891":{"sp":0,"qtr":4,"down":3,"time":"10:51","yrdln":"CAR 7","ydstogo":7,"ydsnet":14,"posteam":"CAR","desc":"(10:51) D.Williams left tackle to CAR 18 for 11 yards (B.Ruud, S.Piscitelli).","note":null,"players":{"00-0023471":[{"sequence":4,"clubcode":"TB","playerName":"B.Ruud","statId":80,"yards":0}],"00-0025451":[{"sequence":5,"clubcode":"TB","playerName":"S.Piscitelli","statId":82,"yards":0}],"0":[{"sequence":1,"clubcode":"CAR","playerName":"","statId":3,"yards":0},{"sequence":2,"clubcode":"CAR","playerName":"","statId":6,"yards":0}],"00-0024242":[{"sequence":3,"clubcode":"CAR","playerName":"D.Williams","statId":10,"yards":11}]}},"2912":{"sp":0,"qtr":4,"down":1,"time":"10:08","yrdln":"CAR 18","ydstogo":10,"ydsnet":16,"posteam":"CAR","desc":"(10:08) J.Stewart right guard to CAR 20 for 2 yards (G.Hayes).","note":null,"players":{"00-0026153":[{"sequence":1,"clubcode":"CAR","playerName":"J.Stewart","statId":10,"yards":2}],"00-0026315":[{"sequence":2,"clubcode":"TB","playerName":"G.Hayes","statId":79,"yards":0}]}},"2933":{"sp":0,"qtr":4,"down":2,"time":"09:26","yrdln":"CAR 20","ydstogo":8,"ydsnet":17,"posteam":"CAR","desc":"(9:26) J.Stewart right guard to CAR 21 for 1 yard (S.White, B.Ruud).","note":null,"players":{"00-0023471":[{"sequence":3,"clubcode":"TB","playerName":"B.Ruud","statId":82,"yards":0}],"00-0026153":[{"sequence":1,"clubcode":"CAR","playerName":"J.Stewart","statId":10,"yards":1}],"00-0021332":[{"sequence":2,"clubcode":"TB","playerName":"S.White","statId":80,"yards":0}]}},"2954":{"sp":1,"qtr":4,"down":3,"time":"08:43","yrdln":"CAR 21","ydstogo":7,"ydsnet":17,"posteam":"CAR","desc":"(8:43) (Shotgun) J.Delhomme pass short middle intended for M.Muhammad INTERCEPTED by T.Jackson [G.Hayes] at CAR 26. T.Jackson for 26 yards, TOUCHDOWN.","note":"TD","players":{"00-0025493":[{"sequence":6,"clubcode":"TB","playerName":"T.Jackson","statId":26,"yards":26},{"sequence":7,"clubcode":"TB","playerName":"T.Jackson","statId":85,"yards":0}],"00-0004161":[{"sequence":2,"clubcode":"CAR","playerName":"J.Delhomme","statId":19,"yards":0},{"sequence":5,"clubcode":"CAR","playerName":"J.Delhomme","statId":112,"yards":5}],"0":[{"sequence":1,"clubcode":"CAR","playerName":"","statId":7,"yards":0}],"00-0011795":[{"sequence":3,"clubcode":"CAR","playerName":"M.Muhammad","statId":115,"yards":0}],"00-0026315":[{"sequence":4,"clubcode":"TB","playerName":"G.Hayes","statId":110,"yards":0}]}}},"fds":1,"result":"Interception","penyds":0,"ydsgained":17,"numplays":6,"postime":"3:38","start":{"qtr":4,"time":"12:11","yrdln":"CAR 4","team":"CAR"},"end":{"qtr":4,"time":"08:33","yrdln":"CAR 21","team":"CAR"}},"21":{"posteam":"CAR","qtr":4,"redzone":true,"plays":{"2992":{"sp":0,"qtr":4,"down":0,"time":"08:33","yrdln":"TB 30","ydstogo":0,"ydsnet":0,"posteam":"TB","desc":"S.Andrus kicks 75 yards from TB 30 to CAR -5. K.Moore, Touchback.","note":"KICKOFF","players":{"00-0023728":[{"sequence":1,"clubcode":"TB","playerName":"S.Andrus","statId":44,"yards":70}],"0":[{"sequence":2,"clubcode":"CAR","playerName":"","statId":51,"yards":0}]}},"3010":{"sp":0,"qtr":4,"down":1,"time":"08:32","yrdln":"CAR 20","ydstogo":10,"ydsnet":5,"posteam":"CAR","desc":"(8:32) D.Williams right guard to CAR 25 for 5 yards (R.Sims).","note":null,"players":{"00-0021382":[{"sequence":2,"clubcode":"TB","playerName":"R.Sims","statId":79,"yards":0}],"00-0024242":[{"sequence":1,"clubcode":"CAR","playerName":"D.Williams","statId":10,"yards":5}]}},"3031":{"sp":0,"qtr":4,"down":2,"time":"07:59","yrdln":"CAR 25","ydstogo":5,"ydsnet":12,"posteam":"CAR","desc":"(7:59) D.Williams left end pushed ob at CAR 32 for 7 yards (S.Piscitelli).","note":null,"players":{"00-0025451":[{"sequence":3,"clubcode":"TB","playerName":"S.Piscitelli","statId":79,"yards":0}],"0":[{"sequence":1,"clubcode":"CAR","playerName":"","statId":3,"yards":0}],"00-0024242":[{"sequence":2,"clubcode":"CAR","playerName":"D.Williams","statId":10,"yards":7}]}},"3057":{"sp":0,"qtr":4,"down":1,"time":"07:30","yrdln":"CAR 32","ydstogo":10,"ydsnet":17,"posteam":"CAR","desc":"(7:30) J.Stewart right guard to CAR 37 for 5 yards (T.Crowder).","note":null,"players":{"00-0026153":[{"sequence":1,"clubcode":"CAR","playerName":"J.Stewart","statId":10,"yards":5}],"00-0025443":[{"sequence":2,"clubcode":"TB","playerName":"T.Crowder","statId":79,"yards":0}]}},"3078":{"sp":0,"qtr":4,"down":2,"time":"06:52","yrdln":"CAR 37","ydstogo":5,"ydsnet":21,"posteam":"CAR","desc":"(6:52) J.Delhomme pass short right to S.Smith to CAR 41 for 4 yards (A.Talib).","note":null,"players":{"00-0004161":[{"sequence":1,"clubcode":"CAR","playerName":"J.Delhomme","statId":15,"yards":4},{"sequence":2,"clubcode":"CAR","playerName":"J.Delhomme","statId":111,"yards":1}],"00-0020337":[{"sequence":3,"clubcode":"CAR","playerName":"S.Smith","statId":21,"yards":4},{"sequence":4,"clubcode":"CAR","playerName":"S.Smith","statId":115,"yards":0},{"sequence":5,"clubcode":"CAR","playerName":"S.Smith","statId":113,"yards":3}],"00-0026160":[{"sequence":6,"clubcode":"TB","playerName":"A.Talib","statId":79,"yards":0}]}},"3102":{"sp":0,"qtr":4,"down":3,"time":"06:08","yrdln":"CAR 41","ydstogo":1,"ydsnet":31,"posteam":"CAR","desc":"(6:08) J.Stewart right guard to TB 49 for 10 yards (S.Piscitelli).","note":null,"players":{"00-0026153":[{"sequence":3,"clubcode":"CAR","playerName":"J.Stewart","statId":10,"yards":10}],"00-0025451":[{"sequence":4,"clubcode":"TB","playerName":"S.Piscitelli","statId":79,"yards":0}],"0":[{"sequence":1,"clubcode":"CAR","playerName":"","statId":3,"yards":0},{"sequence":2,"clubcode":"CAR","playerName":"","statId":6,"yards":0}]}},"3123":{"sp":0,"qtr":4,"down":1,"time":"05:31","yrdln":"TB 49","ydstogo":10,"ydsnet":37,"posteam":"CAR","desc":"(5:31) D.Williams right end to TB 43 for 6 yards (R.Barber).","note":null,"players":{"00-0024242":[{"sequence":1,"clubcode":"CAR","playerName":"D.Williams","statId":10,"yards":6}],"00-0000741":[{"sequence":2,"clubcode":"TB","playerName":"R.Barber","statId":79,"yards":0}]}},"3144":{"sp":0,"qtr":4,"down":2,"time":"04:48","yrdln":"TB 43","ydstogo":4,"ydsnet":38,"posteam":"CAR","desc":"(4:48) D.Williams left end pushed ob at TB 42 for 1 yard (S.Piscitelli).","note":null,"players":{"00-0025451":[{"sequence":2,"clubcode":"TB","playerName":"S.Piscitelli","statId":79,"yards":0}],"00-0024242":[{"sequence":1,"clubcode":"CAR","playerName":"D.Williams","statId":10,"yards":1}]}},"3165":{"sp":0,"qtr":4,"down":3,"time":"04:40","yrdln":"TB 42","ydstogo":3,"ydsnet":47,"posteam":"CAR","desc":"(4:40) J.Stewart right guard to TB 33 for 9 yards (S.Piscitelli).","note":null,"players":{"00-0026153":[{"sequence":3,"clubcode":"CAR","playerName":"J.Stewart","statId":10,"yards":9}],"00-0025451":[{"sequence":4,"clubcode":"TB","playerName":"S.Piscitelli","statId":79,"yards":0}],"0":[{"sequence":1,"clubcode":"CAR","playerName":"","statId":3,"yards":0},{"sequence":2,"clubcode":"CAR","playerName":"","statId":6,"yards":0}]}},"3186":{"sp":0,"qtr":4,"down":1,"time":"04:05","yrdln":"TB 33","ydstogo":10,"ydsnet":52,"posteam":"CAR","desc":"(4:05) J.Stewart left guard to TB 28 for 5 yards (B.Ruud).","note":null,"players":{"00-0023471":[{"sequence":2,"clubcode":"TB","playerName":"B.Ruud","statId":79,"yards":0}],"00-0026153":[{"sequence":1,"clubcode":"CAR","playerName":"J.Stewart","statId":10,"yards":5}]}},"3207":{"sp":0,"qtr":4,"down":2,"time":"03:24","yrdln":"TB 28","ydstogo":5,"ydsnet":57,"posteam":"CAR","desc":"(3:24) J.Stewart right guard to TB 23 for 5 yards (T.Crowder, G.Hayes).","note":null,"players":{"00-0026153":[{"sequence":2,"clubcode":"CAR","playerName":"J.Stewart","statId":10,"yards":5}],"00-0025443":[{"sequence":3,"clubcode":"TB","playerName":"T.Crowder","statId":80,"yards":0}],"0":[{"sequence":1,"clubcode":"CAR","playerName":"","statId":3,"yards":0}],"00-0026315":[{"sequence":4,"clubcode":"TB","playerName":"G.Hayes","statId":82,"yards":0}]}},"3228":{"sp":0,"qtr":4,"down":1,"time":"02:37","yrdln":"TB 23","ydstogo":10,"ydsnet":76,"posteam":"CAR","desc":"(2:37) D.Williams up the middle to TB 17 for 6 yards (R.Sims).","note":null,"players":{"00-0021382":[{"sequence":2,"clubcode":"TB","playerName":"R.Sims","statId":79,"yards":0}],"00-0024242":[{"sequence":1,"clubcode":"CAR","playerName":"D.Williams","statId":10,"yards":6}]}},"3249":{"sp":0,"qtr":4,"down":0,"time":"02:00","yrdln":"","ydstogo":0,"ydsnet":63,"posteam":"","desc":"Two-Minute Warning","note":null,"players":{}},"3266":{"sp":0,"qtr":4,"down":2,"time":"02:00","yrdln":"TB 17","ydstogo":4,"ydsnet":68,"posteam":"CAR","desc":"(2:00) D.Williams right tackle to TB 12 for 5 yards (R.Barber).","note":null,"players":{"0":[{"sequence":1,"clubcode":"CAR","playerName":"","statId":3,"yards":0}],"00-0024242":[{"sequence":2,"clubcode":"CAR","playerName":"D.Williams","statId":10,"yards":5}],"00-0000741":[{"sequence":3,"clubcode":"TB","playerName":"R.Barber","statId":79,"yards":0}]}},"3287":{"sp":0,"qtr":4,"down":0,"time":"01:54","yrdln":"","ydstogo":0,"ydsnet":68,"posteam":"","desc":"Timeout #1 by TB at 01:54.","note":"TIMEOUT","players":{"0":[{"sequence":1,"clubcode":"TB","playerName":"","statId":68,"yards":0}]}},"3304":{"sp":0,"qtr":4,"down":1,"time":"01:54","yrdln":"TB 12","ydstogo":10,"ydsnet":76,"posteam":"CAR","desc":"(1:54) J.Stewart right tackle to TB 4 for 8 yards (S.White).","note":null,"players":{"00-0026153":[{"sequence":1,"clubcode":"CAR","playerName":"J.Stewart","statId":10,"yards":8}],"00-0021332":[{"sequence":2,"clubcode":"TB","playerName":"S.White","statId":79,"yards":0}]}},"3325":{"sp":0,"qtr":4,"down":0,"time":"01:37","yrdln":"","ydstogo":0,"ydsnet":76,"posteam":"","desc":"Timeout #2 by TB at 01:37.","note":"TIMEOUT","players":{"0":[{"sequence":1,"clubcode":"TB","playerName":"","statId":68,"yards":0}]}},"3342":{"sp":0,"qtr":4,"down":2,"time":"01:36","yrdln":"TB 4","ydstogo":2,"ydsnet":77,"posteam":"CAR","desc":"(1:36) J.Stewart right guard to TB 3 for 1 yard (J.Wilkerson, A.Hayward).","note":null,"players":{"00-0025569":[{"sequence":3,"clubcode":"TB","playerName":"A.Hayward","statId":82,"yards":0}],"00-0026153":[{"sequence":1,"clubcode":"CAR","playerName":"J.Stewart","statId":10,"yards":1}],"00-0021960":[{"sequence":2,"clubcode":"TB","playerName":"J.Wilkerson","statId":80,"yards":0}]}},"3363":{"sp":0,"qtr":4,"down":0,"time":"01:22","yrdln":"","ydstogo":0,"ydsnet":78,"posteam":"","desc":"Timeout #3 by TB at 01:22.","note":"TIMEOUT","players":{"0":[{"sequence":1,"clubcode":"TB","playerName":"","statId":68,"yards":0}]}},"3380":{"sp":0,"qtr":4,"down":3,"time":"01:21","yrdln":"TB 3","ydstogo":1,"ydsnet":79,"posteam":"CAR","desc":"(1:21) D.Williams up the middle to TB 1 for 2 yards (B.Ruud, R.Sims).","note":null,"players":{"00-0023471":[{"sequence":4,"clubcode":"TB","playerName":"B.Ruud","statId":80,"yards":0}],"00-0021382":[{"sequence":5,"clubcode":"TB","playerName":"R.Sims","statId":82,"yards":0}],"0":[{"sequence":1,"clubcode":"CAR","playerName":"","statId":3,"yards":0},{"sequence":2,"clubcode":"CAR","playerName":"","statId":6,"yards":0}],"00-0024242":[{"sequence":3,"clubcode":"CAR","playerName":"D.Williams","statId":10,"yards":2}]}},"3401":{"sp":1,"qtr":4,"down":1,"time":"01:21","yrdln":"TB 1","ydstogo":1,"ydsnet":80,"posteam":"CAR","desc":"(1:21) D.Williams left guard for 1 yard, TOUCHDOWN.","note":"TD","players":{"0":[{"sequence":1,"clubcode":"CAR","playerName":"","statId":3,"yards":0}],"00-0024242":[{"sequence":2,"clubcode":"CAR","playerName":"D.Williams","statId":11,"yards":1}]}},"3418":{"sp":1,"qtr":4,"down":0,"time":"00:29","yrdln":"TB 2","ydstogo":0,"ydsnet":80,"posteam":"CAR","desc":"(Kick formation) J.Kasay extra point is GOOD, Center-J.Jansen, Holder-J.Baker.","note":"XP","players":{"00-0009028":[{"sequence":1,"clubcode":"CAR","playerName":"J.Kasay","statId":72,"yards":0}]}}},"fds":7,"result":"Touchdown","penyds":0,"ydsgained":80,"numplays":22,"postime":"8:04","start":{"qtr":4,"time":"08:33","yrdln":"CAR 20","team":"CAR"},"end":{"qtr":4,"time":"00:29","yrdln":"TB 1","team":"CAR"}},"22":{"posteam":"TB","qtr":4,"redzone":true,"plays":{"3434":{"sp":0,"qtr":4,"down":0,"time":"00:29","yrdln":"CAR 30","ydstogo":0,"ydsnet":0,"posteam":"CAR","desc":"R.Lloyd kicks 70 yards from CAR 30 to end zone, Touchback.","note":"KICKOFF","players":{"0":[{"sequence":2,"clubcode":"TB","playerName":"","statId":51,"yards":0}],"00-0023363":[{"sequence":1,"clubcode":"CAR","playerName":"R.Lloyd","statId":44,"yards":70}]}},"3448":{"sp":0,"qtr":4,"down":1,"time":"00:29","yrdln":"TB 20","ydstogo":10,"ydsnet":-11,"posteam":"TB","desc":"(:29) (Shotgun) J.Johnson sacked at TB 11 for -9 yards (C.Johnson). FUMBLES (C.Johnson), recovered by TB-J.Faine at TB 9. J.Faine to TB 9 for no gain (T.Brayton).","note":"FUMBLE","players":{"00-0022047":[{"sequence":7,"clubcode":"CAR","playerName":"T.Brayton","statId":79,"yards":0},{"sequence":8,"clubcode":"CAR","playerName":"T.Brayton","statId":120,"yards":0}],"00-0022157":[{"sequence":6,"clubcode":"TB","playerName":"J.Faine","statId":55,"yards":0}],"00-0026300":[{"sequence":1,"clubcode":"TB","playerName":"J.Johnson","statId":20,"yards":-11},{"sequence":4,"clubcode":"TB","playerName":"J.Johnson","statId":52,"yards":0}],"00-0025470":[{"sequence":2,"clubcode":"CAR","playerName":"C.Johnson","statId":83,"yards":-11},{"sequence":3,"clubcode":"CAR","playerName":"C.Johnson","statId":79,"yards":0},{"sequence":5,"clubcode":"CAR","playerName":"C.Johnson","statId":91,"yards":0}]}},"3477":{"sp":0,"qtr":4,"down":2,"time":"00:05","yrdln":"TB 9","ydstogo":21,"ydsnet":9,"posteam":"TB","desc":"(:05) J.Johnson pass short right to K.Winslow to TB 14 for 5 yards. Lateral to S.Stroughter to TB 29 for 15 yards (J.Peppers).","note":null,"players":{"00-0026953":[{"sequence":6,"clubcode":"TB","playerName":"S.Stroughter","statId":23,"yards":15}],"00-0026300":[{"sequence":1,"clubcode":"TB","playerName":"J.Johnson","statId":15,"yards":20},{"sequence":2,"clubcode":"TB","playerName":"J.Johnson","statId":111,"yards":2}],"00-0022922":[{"sequence":3,"clubcode":"TB","playerName":"K.Winslow","statId":21,"yards":5},{"sequence":4,"clubcode":"TB","playerName":"K.Winslow","statId":115,"yards":0},{"sequence":5,"clubcode":"TB","playerName":"K.Winslow","statId":113,"yards":3}],"00-0021140":[{"sequence":7,"clubcode":"CAR","playerName":"J.Peppers","statId":79,"yards":0}]}},"3506":{"sp":0,"qtr":4,"down":0,"time":"","yrdln":"","ydstogo":0,"ydsnet":9,"posteam":"","desc":"END GAME","note":null,"players":{}}},"fds":0,"result":"End of Game","penyds":0,"ydsgained":9,"numplays":4,"postime":"0:29","start":{"qtr":4,"time":"00:29","yrdln":"TB 20","team":"TB"},"end":{"qtr":4,"time":"00:00","yrdln":"","team":"TB"}},"crntdrv":22},"scrsummary":{"239":{"type":"TD","desc":"C.Williams 20 yd. run (S.Andrus kick is good) Drive: 5 plays, 59 yards in 2:15","qtr":1,"team":"TB","players":{"":"0","C.Williams":"00-0023440","S.Andrus":"00-0023728"}},"912":{"type":"TD","desc":"D.Williams 20 yd. run (J.Kasay kick is good) Drive: 7 plays, 67 yards in 3:22","qtr":2,"team":"CAR","players":{"":"0","D.Williams":"00-0024242","J.Kasay":"00-0009028"}},"1968":{"type":"TD","desc":"J.King 1 yd. pass from J.Delhomme (J.Kasay kick is good) Drive: 5 plays, 12 yards in 2:33","qtr":3,"team":"CAR","players":{"":"0","J.Delhomme":"00-0004161","J.King":"00-0024369","J.Kasay":"00-0009028"}},"2438":{"type":"TD","desc":"J.Stewart 26 yd. run (J.Kasay kick is good) Drive: 6 plays, 60 yards in 3:03","qtr":3,"team":"CAR","players":{"":"0","J.Stewart":"00-0026153","J.Kasay":"00-0009028"}},"2471":{"type":"TD","desc":"S.Stroughter 97 yd. kickoff return (S.Andrus kick is good) Drive: 0 plays, 0 yards in 0:16","qtr":3,"team":"TB","players":{"R.Lloyd":"00-0023363","S.Stroughter":"00-0026953","S.Andrus":"00-0023728"}},"2954":{"type":"TD","desc":"T.Jackson 26 yd. interception return (S.Andrus kick is good)","qtr":4,"team":"TB","players":{"":"0","J.Delhomme":"00-0004161","M.Muhammad":"00-0011795","G.Hayes":"00-0026315","T.Jackson":"00-0025493","S.Andrus":"00-0023728"}},"3401":{"type":"TD","desc":"D.Williams 1 yd. run (J.Kasay kick is good) Drive: 16 plays, 80 yards in 8:04","qtr":4,"team":"CAR","players":{"":"0","D.Williams":"00-0024242","J.Kasay":"00-0009028"}}},"weather":null,"media":null,"yl":"","qtr":"Final","note":null,"down":0,"togo":0,"redzone":true,"clock":"00:05","posteam":"TB","stadium":null},"nextupdate":215}