{"2009121000":{"home":{"score":{"1":3,"2":10,"3":0,"4":0,"5":0,"T":13},"abbr":"CLE","to":2,"stats":{"passing":{"00-0025409":{"name":"B.Quinn","att":19,"cmp":6,"yds":90,"tds":0,"ints":0,"twopta":0,"twoptm":0}},"rushing":{"00-0023176":{"name":"J.Cribbs","att":8,"yds":87,"tds":0,"lng":37,"twopta":0,"twoptm":0},"00-0027167":{"name":"C.Jennings","att":20,"yds":73,"tds":1,"lng":15,"twopta":0,"twoptm":0},"00-0024359":{"name":"J.Harrison","att":7,"yds":9,"tds":0,"lng":5,"twopta":0,"twoptm":0},"00-0025409":{"name":"B.Quinn","att":1,"yds":2,"tds":0,"lng":2,"twopta":0,"twoptm":0},"00-0025622":{"name":"C.Stuckey","att":1,"yds":0,"tds":0,"lng":0,"twopta":0,"twoptm":0}},"receiving":{"00-0026123":{"name":"E.Moore","rec":2,"yds":34,"tds":0,"lng":24,"twopta":0,"twoptm":0},"00-0024359":{"name":"J.Harrison","rec":2,"yds":10,"tds":0,"lng":9,"twopta":0,"twoptm":0},"00-0027026":{"name":"M.Massaquoi","rec":1,"yds":37,"tds":0,"lng":37,"twopta":0,"twoptm":0},"00-0023176":{"name":"J.Cribbs","rec":1,"yds":9,"tds":0,"lng":9,"twopta":0,"twoptm":0}},"fumbles":{"00-0023176":{"name":"J.Cribbs","tot":1,"rcv":1,"trcv":1,"yds":0,"lost":0}},"kicking":{"00-0004091":{"name":"P.Dawson","fgm":2,"fga":2,"fgyds":29,"totpfg":6,"xpmade":1,"xpmissed":0,"xpa":1,"xpb":0,"xptot":1}},"punting":{"00-0023642":{"name":"R.Hodges","pts":8,"yds":302,"avg":37,"i20":4,"lng":49}},"kickret":{"00-0023176":{"name":"J.Cribbs","ret":2,"avg":21,"tds":0,"lng":32}},"puntret":{"00-0023176":{"name":"J.Cribbs","ret":2,"avg":30,"tds":0,"lng":55}},"defense":{"00-0025440":{"name":"E.Wright","tkl":7,"ast":0,"sk":0,"int":0,"ffum":0},"00-0022906":{"name":"C.Williams","tkl":5,"ast":0,"sk":2,"int":0,"ffum":0},"00-0026084":{"name":"B.Schaefering","tkl":4,"ast":1,"sk":1.5,"int":0,"ffum":0},"00-0001563":{"name":"D.Bowens","tkl":4,"ast":1,"sk":1,"int":0,"ffum":0},"00-0023481":{"name":"M.Roth","tkl":2,"ast":3,"sk":0,"int":0,"ffum":0},"00-0019710":{"name":"H.Poteat","tkl":4,"ast":0,"sk":1,"int":0,"ffum":0},"00-0025527":{"name":"B.McDonald","tkl":4,"ast":0,"sk":0,"int":0,"ffum":0},"00-0027074":{"name":"K.Maiava","tkl":3,"ast":1,"sk":0.5,"int":0,"ffum":0},"00-0024228":{"name":"K.Wimbley","tkl":2,"ast":2,"sk":0,"int":0,"ffum":0},"00-0026742":{"name":"M.Benard","tkl":3,"ast":0,"sk":2,"int":0,"ffum":0},"00-0019573":{"name":"R.Smith","tkl":2,"ast":1,"sk":0,"int":0,"ffum":0},"00-0023405":{"name":"A.Elam","tkl":1,"ast":2,"sk":0,"int":0,"ffum":0},"00-0019281":{"name":"M.Furrey","tkl":2,"ast":0,"sk":0,"int":0,"ffum":0},"00-0022247":{"name":"M.Adams","tkl":1,"ast":1,"sk":0,"int":0,"ffum":0},"00-0026330":{"name":"A.Rubin","tkl":1,"ast":0,"sk":0,"int":0,"ffum":0}},"team":{"totfd":12,"totyds":255,"pyds":84,"ryds":171,"pen":6,"penyds":55,"trnovr":0,"pt":8,"ptyds":302,"ptavg":37,"top":"29:15"}},"players":null},"away":{"score":{"1":0,"2":3,"3":3,"4":0,"5":0,"T":6},"abbr":"PIT","to":0,"stats":{"passing":{"00-0022924":{"name":"B.Roethlisberger","att":32,"cmp":18,"yds":201,"tds":0,"ints":0,"twopta":0,"twoptm":0}},"rushing":{"00-0026163":{"name":"R.Mendenhall","att":16,"yds":53,"tds":0,"lng":7,"twopta":0,"twoptm":0},"00-0022250":{"name":"W.Parker","att":3,"yds":12,"tds":0,"lng":6,"twopta":0,"twoptm":0},"00-0022924":{"name":"B.Roethlisberger","att":3,"yds":10,"tds":0,"lng":10,"twopta":0,"twoptm":0}},"receiving":{"00-0024240":{"name":"S.Holmes","rec":6,"yds":93,"tds":0,"lng":24,"twopta":0,"twoptm":0},"00-0023465":{"name":"H.Miller","rec":5,"yds":59,"tds":0,"lng":22,"twopta":0,"twoptm":0},"00-0017162":{"name":"H.Ward","rec":4,"yds":21,"tds":0,"lng":9,"twopta":0,"twoptm":0},"00-0026901":{"name":"M.Wallace","rec":2,"yds":11,"tds":0,"lng":6,"twopta":0,"twoptm":0},"00-0026163":{"name":"R.Mendenhall","rec":1,"yds":17,"tds":0,"lng":17,"twopta":0,"twoptm":0}},"kicking":{"00-0020737":{"name":"J.Reed","fgm":2,"fga":2,"fgyds":42,"totpfg":6,"xpmade":0,"xpmissed":0,"xpa":0,"xpb":0,"xptot":0}},"punting":{"00-0025499":{"name":"D.Sepulveda","pts":8,"yds":342,"avg":35,"i20":3,"lng":60}},"kickret":{"00-0022217":{"name":"M.Moore","ret":3,"avg":10,"tds":0,"lng":12},"00-0026925":{"name":"J.Burnett","ret":1,"avg":13,"tds":0,"lng":13}},"puntret":{"00-0024240":{"name":"S.Holmes","ret":2,"avg":3,"tds":0,"lng":3}},"defense":{"00-0019537":{"name":"T.Carter","tkl":9,"ast":0,"sk":0,"int":0,"ffum":0},"00-0025402":{"name":"L.Timmons","tkl":7,"ast":1,"sk":0,"int":0,"ffum":0},"00-0025433":{"name":"L.Woodley","tkl":6,"ast":0,"sk":1,"int":0,"ffum":0},"00-0020840":{"name":"R.Clark","tkl":5,"ast":1,"sk":0,"int":0,"ffum":0},"00-0021344":{"name":"B.Keisel","tkl":5,"ast":0,"sk":0,"int":0,"ffum":0},"00-0025557":{"name":"W.Gay","tkl":3,"ast":0,"sk":0,"int":0,"ffum":0},"00-0020712":{"name":"J.Harrison","tkl":2,"ast":1,"sk":0,"int":0,"ffum":0},"00-0005082":{"name":"J.Farrior","tkl":1,"ast":2,"sk":0,"int":0,"ffum":0},"00-0020426":{"name":"C.Hampton","tkl":1,"ast":1,"sk":0,"int":0,"ffum":0},"00-0026925":{"name":"J.Burnett","tkl":1,"ast":0,"sk":0,"int":0,"ffum":0},"00-0021891":{"name":"I.Taylor","tkl":1,"ast":0,"sk":0,"int":0,"ffum":0},"00-0016577":{"name":"D.Townsend","tkl":1,"ast":0,"sk":0,"int":0,"ffum":0},"00-0009305":{"name":"T.Kirschke","tkl":1,"ast":0,"sk":0,"int":0,"ffum":0},"00-0019940":{"name":"C.Hoke","tkl":0,"ast":1,"sk":0,"int":0,"ffum":0}},"team":{"totfd":16,"totyds":216,"pyds":141,"ryds":75,"pen":4,"penyds":40,"trnovr":0,"pt":8,"ptyds":342,"ptavg":35,"top":"30:45"}},"players":null},"drives":{"1":{"posteam":"CLE","qtr":1,"redzone":true,"plays":{"36":{"sp":0,"qtr":1,"down":0,"time":"15:00","yrdln":"PIT 30","ydstogo":0,"ydsnet":0,"posteam":"PIT","desc":"J.Reed kicks 68 yards from PIT 30 to CLE 2. J.Cribbs to CLE 34 for 32 yards (A.Frazier).","note":"KICKOFF","players":{"00-0022997":[{"sequence":3,"clubcode":"PIT","playerName":"A.Frazier","statId":79,"yards":0}],"00-0020737":[{"sequence":1,"clubcode":"PIT","playerName":"J.Reed","statId":41,"yards":68}],"00-0023176":[{"sequence":2,"clubcode":"CLE","playerName":"J.Cribbs","statId":45,"yards":32}]}},"58":{"sp":0,"qtr":1,"down":1,"time":"14:52","yrdln":"CLE 34","ydstogo":10,"ydsnet":1,"posteam":"CLE","desc":"(14:52) (Shotgun) J.Harrison right end ran ob at CLE 35 for 1 yard (W.Gay).","note":null,"players":{"00-0025557":[{"sequence":2,"clubcode":"PIT","playerName":"W.Gay","statId":79,"yards":0}],"00-0024359":[{"sequence":1,"clubcode":"CLE","playerName":"J.Harrison","statId":10,"yards":1}]}},"84":{"sp":0,"qtr":1,"down":2,"time":"14:29","yrdln":"CLE 35","ydstogo":9,"ydsnet":10,"posteam":"CLE","desc":"(14:29) (No Huddle) B.Quinn pass short right to J.Harrison to CLE 44 for 9 yards (B.Keisel).","note":null,"players":{"00-0025409":[{"sequence":2,"clubcode":"CLE","playerName":"B.Quinn","statId":15,"yards":9},{"sequence":3,"clubcode":"CLE","playerName":"B.Quinn","statId":111,"yards":-3}],"0":[{"sequence":1,"clubcode":"CLE","playerName":"","statId":4,"yards":0}],"00-0024359":[{"sequence":4,"clubcode":"CLE","playerName":"J.Harrison","statId":21,"yards":9},{"sequence":5,"clubcode":"CLE","playerName":"J.Harrison","statId":115,"yards":0},{"sequence":6,"clubcode":"CLE","playerName":"J.Harrison","statId":113,"yards":12}],"00-0021344":[{"sequence":7,"clubcode":"PIT","playerName":"B.Keisel","statId":79,"yards":0}]}},"108":{"sp":0,"qtr":1,"down":1,"time":"13:43","yrdln":"CLE 44","ydstogo":10,"ydsnet":6,"posteam":"CLE","desc":"(13:43) (No Huddle) J.Harrison left guard to CLE 40 for -4 yards (T.Carter).","note":null,"players":{"00-0019537":[{"sequence":3,"clubcode":"PIT","playerName":"T.Carter","statId":79,"yards":0},{"sequence":4,"clubcode":"PIT","playerName":"T.Carter","statId":120,"yards":0}],"0":[{"sequence":2,"clubcode":"CLE","playerName":"","statId":95,"yards":-4}],"00-0024359":[{"sequence":1,"clubcode":"CLE","playerName":"J.Harrison","statId":10,"yards":-4}]}},"129":{"sp":0,"qtr":1,"down":2,"time":"13:04","yrdln":"CLE 40","ydstogo":14,"ydsnet":6,"posteam":"CLE","desc":"(13:04) (No Huddle) B.Quinn pass incomplete short right to E.Moore.","note":null,"players":{"00-0026123":[{"sequence":2,"clubcode":"CLE","playerName":"E.Moore","statId":115,"yards":0}],"00-0025409":[{"sequence":1,"clubcode":"CLE","playerName":"B.Quinn","statId":14,"yards":0},{"sequence":3,"clubcode":"CLE","playerName":"B.Quinn","statId":112,"yards":15}]}},"151":{"sp":0,"qtr":1,"down":3,"time":"12:59","yrdln":"CLE 40","ydstogo":14,"ydsnet":16,"posteam":"CLE","desc":"(12:59) (No Huddle, Shotgun) B.Quinn pass short middle to E.Moore to 50 for 10 yards (J.Farrior).","note":null,"players":{"00-0026123":[{"sequence":4,"clubcode":"CLE","playerName":"E.Moore","statId":21,"yards":10},{"sequence":5,"clubcode":"CLE","playerName":"E.Moore","statId":115,"yards":0},{"sequence":6,"clubcode":"CLE","playerName":"E.Moore","statId":113,"yards":0}],"00-0025409":[{"sequence":2,"clubcode":"CLE","playerName":"B.Quinn","statId":15,"yards":10},{"sequence":3,"clubcode":"CLE","playerName":"B.Quinn","statId":111,"yards":10}],"00-0005082":[{"sequence":7,"clubcode":"PIT","playerName":"J.Farrior","statId":79,"yards":0}],"0":[{"sequence":1,"clubcode":"CLE","playerName":"","statId":7,"yards":0}]}},"175":{"sp":0,"qtr":1,"down":4,"time":"12:29","yrdln":"50","ydstogo":4,"ydsnet":16,"posteam":"CLE","desc":"(12:29) R.Hodges punts 35 yards to PIT 15, Center-R.Pontbriand, fair catch by M.Moore.","note":"PUNT","players":{"00-0022217":[{"sequence":3,"clubcode":"PIT","playerName":"M.Moore","statId":39,"yards":0}],"00-0023642":[{"sequence":1,"clubcode":"CLE","playerName":"R.Hodges","statId":29,"yards":35},{"sequence":2,"clubcode":"CLE","playerName":"R.Hodges","statId":30,"yards":0}]}}},"fds":1,"result":"Punt","penyds":0,"ydsgained":16,"numplays":7,"postime":"2:38","start":{"qtr":1,"time":"15:00","yrdln":"CLE 34","team":"CLE"},"end":{"qtr":1,"time":"12:22","yrdln":"50","team":"CLE"}},"2":{"posteam":"PIT","qtr":1,"redzone":true,"plays":{"194":{"sp":0,"qtr":1,"down":1,"time":"12:22","yrdln":"PIT 15","ydstogo":10,"ydsnet":5,"posteam":"PIT","desc":"(12:22) R.Mendenhall right tackle to PIT 20 for 5 yards (R.Smith).","note":null,"players":{"00-0019573":[{"sequence":2,"clubcode":"CLE","playerName":"R.Smith","statId":79,"yards":0}],"00-0026163":[{"sequence":1,"clubcode":"PIT","playerName":"R.Mendenhall","statId":10,"yards":5}]}},"215":{"sp":0,"qtr":1,"down":2,"time":"11:42","yrdln":"PIT 20","ydstogo":5,"ydsnet":9,"posteam":"PIT","desc":"(11:42) R.Mendenhall right guard to PIT 24 for 4 yards (K.Maiava, M.Roth).","note":null,"players":{"00-0027074":[{"sequence":2,"clubcode":"CLE","playerName":"K.Maiava","statId":80,"yards":0}],"00-0023481":[{"sequence":3,"clubcode":"CLE","playerName":"M.Roth","statId":82,"yards":0}],"00-0026163":[{"sequence":1,"clubcode":"PIT","playerName":"R.Mendenhall","statId":10,"yards":4}]}},"236":{"sp":0,"qtr":1,"down":3,"time":"10:58","yrdln":"PIT 24","ydstogo":1,"ydsnet":0,"posteam":"PIT","desc":"(10:58) (Shotgun) B.Roethlisberger sacked at PIT 15 for -9 yards (C.Williams).","note":null,"players":{"0":[{"sequence":1,"clubcode":"PIT","playerName":"","statId":7,"yards":0}],"00-0022906":[{"sequence":3,"clubcode":"CLE","playerName":"C.Williams","statId":83,"yards":-9},{"sequence":4,"clubcode":"CLE","playerName":"C.Williams","statId":110,"yards":0},{"sequence":5,"clubcode":"CLE","playerName":"C.Williams","statId":79,"yards":0},{"sequence":6,"clubcode":"CLE","playerName":"C.Williams","statId":120,"yards":0}],"00-0022924":[{"sequence":2,"clubcode":"PIT","playerName":"B.Roethlisberger","statId":20,"yards":-9}]}},"255":{"sp":0,"qtr":1,"down":4,"time":"10:37","yrdln":"PIT 15","ydstogo":10,"ydsnet":0,"posteam":"PIT","desc":"(10:37) D.Sepulveda punts 47 yards to CLE 38, Center-G.Warren, downed by PIT-R.Boiman.","note":"PUNT","players":{"00-0025499":[{"sequence":1,"clubcode":"PIT","playerName":"D.Sepulveda","statId":29,"yards":47}],"0":[{"sequence":2,"clubcode":"CLE","playerName":"","statId":38,"yards":0}]}}},"fds":0,"result":"Punt","penyds":0,"ydsgained":0,"numplays":4,"postime":"1:55","start":{"qtr":1,"time":"12:22","yrdln":"PIT 15","team":"PIT"},"end":{"qtr":1,"time":"10:27","yrdln":"PIT 15","team":"PIT"}},"3":{"posteam":"CLE","qtr":1,"redzone":true,"plays":{"274":{"sp":0,"qtr":1,"down":1,"time":"10:27","yrdln":"CLE 38","ydstogo":10,"ydsnet":3,"posteam":"CLE","desc":"(10:27) J.Harrison left guard to CLE 41 for 3 yards (L.Timmons).","note":null,"players":{"00-0025402":[{"sequence":2,"clubcode":"PIT","playerName":"L.Timmons","statId":79,"yards":0}],"00-0024359":[{"sequence":1,"clubcode":"CLE","playerName":"J.Harrison","statId":10,"yards":3}]}},"295":{"sp":0,"qtr":1,"down":2,"time":"09:50","yrdln":"CLE 41","ydstogo":7,"ydsnet":-2,"posteam":"CLE","desc":"(9:50) (No Huddle, Shotgun) PENALTY on CLE-E.Steinbach, False Start, 5 yards, enforced at CLE 41 - No Play.","note":"PENALTY","players":{"00-0022122":[{"sequence":1,"clubcode":"CLE","playerName":"E.Steinbach","statId":93,"yards":5}]}},"318":{"sp":0,"qtr":1,"down":2,"time":"09:26","yrdln":"CLE 36","ydstogo":12,"ydsnet":0,"posteam":"CLE","desc":"(9:26) (Shotgun) J.Cribbs right tackle to CLE 38 for 2 yards (B.Keisel). Direct snap to #16 Cribbs","note":null,"players":{"00-0021344":[{"sequence":2,"clubcode":"PIT","playerName":"B.Keisel","statId":79,"yards":0}],"00-0023176":[{"sequence":1,"clubcode":"CLE","playerName":"J.Cribbs","statId":10,"yards":2}]}},"343":{"sp":0,"qtr":1,"down":3,"time":"08:41","yrdln":"CLE 38","ydstogo":10,"ydsnet":24,"posteam":"CLE","desc":"(8:41) (No Huddle, Shotgun) B.Quinn pass short middle to E.Moore to PIT 38 for 24 yards (T.Carter).","note":null,"players":{"00-0019537":[{"sequence":8,"clubcode":"PIT","playerName":"T.Carter","statId":79,"yards":0}],"00-0026123":[{"sequence":5,"clubcode":"CLE","playerName":"E.Moore","statId":21,"yards":24},{"sequence":6,"clubcode":"CLE","playerName":"E.Moore","statId":115,"yards":0},{"sequence":7,"clubcode":"CLE","playerName":"E.Moore","statId":113,"yards":24}],"00-0025409":[{"sequence":3,"clubcode":"CLE","playerName":"B.Quinn","statId":15,"yards":24},{"sequence":4,"clubcode":"CLE","playerName":"B.Quinn","statId":111,"yards":0}],"0":[{"sequence":1,"clubcode":"CLE","playerName":"","statId":4,"yards":0},{"sequence":2,"clubcode":"CLE","playerName":"","statId":6,"yards":0}]}},"367":{"sp":0,"qtr":1,"down":1,"time":"07:59","yrdln":"PIT 38","ydstogo":10,"ydsnet":24,"posteam":"CLE","desc":"(7:59) (Shotgun) C.Stuckey right end to PIT 38 for no gain (J.Burnett). #16 Cribbs in at QB  end around","note":null,"players":{"00-0025622":[{"sequence":1,"clubcode":"CLE","playerName":"C.Stuckey","statId":10,"yards":0}],"00-0026925":[{"sequence":2,"clubcode":"PIT","playerName":"J.Burnett","statId":79,"yards":0}]}},"392":{"sp":0,"qtr":1,"down":2,"time":"07:27","yrdln":"PIT 38","ydstogo":10,"ydsnet":24,"posteam":"CLE","desc":"(7:27) (No Huddle) B.Quinn pass incomplete deep right to M.Massaquoi.","note":null,"players":{"00-0027026":[{"sequence":2,"clubcode":"CLE","playerName":"M.Massaquoi","statId":115,"yards":0}],"00-0025409":[{"sequence":1,"clubcode":"CLE","playerName":"B.Quinn","statId":14,"yards":0},{"sequence":3,"clubcode":"CLE","playerName":"B.Quinn","statId":112,"yards":35}]}},"414":{"sp":0,"qtr":1,"down":3,"time":"07:20","yrdln":"PIT 38","ydstogo":10,"ydsnet":24,"posteam":"CLE","desc":"(7:20) (No Huddle, Shotgun) B.Quinn pass incomplete short left to M.Massaquoi.","note":null,"players":{"00-0027026":[{"sequence":3,"clubcode":"CLE","playerName":"M.Massaquoi","statId":115,"yards":0}],"00-0025409":[{"sequence":2,"clubcode":"CLE","playerName":"B.Quinn","statId":14,"yards":0},{"sequence":4,"clubcode":"CLE","playerName":"B.Quinn","statId":112,"yards":0}],"0":[{"sequence":1,"clubcode":"CLE","playerName":"","statId":7,"yards":0}]}},"436":{"sp":0,"qtr":1,"down":4,"time":"07:17","yrdln":"PIT 38","ydstogo":10,"ydsnet":24,"posteam":"CLE","desc":"(7:17) R.Hodges punts 32 yards to PIT 6, Center-R.Pontbriand, downed by CLE-B.Costanzo.","note":"PUNT","players":{"0":[{"sequence":3,"clubcode":"PIT","playerName":"","statId":38,"yards":0}],"00-0023642":[{"sequence":1,"clubcode":"CLE","playerName":"R.Hodges","statId":29,"yards":32},{"sequence":2,"clubcode":"CLE","playerName":"R.Hodges","statId":30,"yards":0}]}}},"fds":1,"result":"Punt","penyds":-5,"ydsgained":29,"numplays":8,"postime":"3:19","start":{"qtr":1,"time":"10:27","yrdln":"CLE 38","team":"CLE"},"end":{"qtr":1,"time":"07:08","yrdln":"PIT 38","team":"CLE"}},"4":{"posteam":"PIT","qtr":1,"redzone":true,"plays":{"455":{"sp":0,"qtr":1,"down":1,"time":"07:08","yrdln":"PIT 6","ydstogo":10,"ydsnet":5,"posteam":"PIT","desc":"(7:08) R.Mendenhall right tackle to PIT 11 for 5 yards (D.Bowens).","note":null,"players":{"00-0001563":[{"sequence":2,"clubcode":"CLE","playerName":"D.Bowens","statId":79,"yards":0}],"00-0026163":[{"sequence":1,"clubcode":"PIT","playerName":"R.Mendenhall","statId":10,"yards":5}]}},"476":{"sp":0,"qtr":1,"down":2,"time":"06:29","yrdln":"PIT 11","ydstogo":5,"ydsnet":7,"posteam":"PIT","desc":"(6:29) R.Mendenhall right guard to PIT 13 for 2 yards (K.Maiava, M.Roth).","note":null,"players":{"00-0027074":[{"sequence":2,"clubcode":"CLE","playerName":"K.Maiava","statId":80,"yards":0}],"00-0023481":[{"sequence":3,"clubcode":"CLE","playerName":"M.Roth","statId":82,"yards":0}],"00-0026163":[{"sequence":1,"clubcode":"PIT","playerName":"R.Mendenhall","statId":10,"yards":2}]}},"497":{"sp":0,"qtr":1,"down":3,"time":"05:45","yrdln":"PIT 13","ydstogo":3,"ydsnet":-3,"posteam":"PIT","desc":"(5:45) (Shotgun) B.Roethlisberger sacked at PIT 3 for -10 yards (H.Poteat).","note":null,"players":{"0":[{"sequence":1,"clubcode":"PIT","playerName":"","statId":7,"yards":0}],"00-0019710":[{"sequence":3,"clubcode":"CLE","playerName":"H.Poteat","statId":83,"yards":-10},{"sequence":4,"clubcode":"CLE","playerName":"H.Poteat","statId":110,"yards":0},{"sequence":5,"clubcode":"CLE","playerName":"H.Poteat","statId":79,"yards":0},{"sequence":6,"clubcode":"CLE","playerName":"H.Poteat","statId":120,"yards":0}],"00-0022924":[{"sequence":2,"clubcode":"PIT","playerName":"B.Roethlisberger","statId":20,"yards":-10}]}},"516":{"sp":0,"qtr":1,"down":4,"time":"05:21","yrdln":"PIT 3","ydstogo":13,"ydsnet":-3,"posteam":"PIT","desc":"(5:21) D.Sepulveda punts 52 yards to CLE 45, Center-G.Warren. J.Cribbs MUFFS catch, and recovers at CLE 37. J.Cribbs to PIT 8 for 55 yards (D.Sepulveda).","note":"FUMBLE","players":{"00-0025499":[{"sequence":1,"clubcode":"PIT","playerName":"D.Sepulveda","statId":29,"yards":60},{"sequence":5,"clubcode":"PIT","playerName":"D.Sepulveda","statId":79,"yards":0}],"00-0023176":[{"sequence":2,"clubcode":"CLE","playerName":"J.Cribbs","statId":53,"yards":0},{"sequence":3,"clubcode":"CLE","playerName":"J.Cribbs","statId":55,"yards":0},{"sequence":4,"clubcode":"CLE","playerName":"J.Cribbs","statId":33,"yards":55}]}}},"fds":0,"result":"Punt","penyds":0,"ydsgained":-3,"numplays":4,"postime":"2:08","start":{"qtr":1,"time":"07:08","yrdln":"PIT 6","team":"PIT"},"end":{"qtr":1,"time":"05:00","yrdln":"PIT 3","team":"PIT"}},"5":{"posteam":"CLE","qtr":1,"redzone":true,"plays":{"541":{"sp":0,"qtr":1,"down":1,"time":"05:00","yrdln":"PIT 8","ydstogo":8,"ydsnet":1,"posteam":"CLE","desc":"(5:00) C.Jennings right guard to PIT 7 for 1 yard (T.Carter).","note":null,"players":{"00-0019537":[{"sequence":2,"clubcode":"PIT","playerName":"T.Carter","statId":79,"yards":0}],"00-0027167":[{"sequence":1,"clubcode":"CLE","playerName":"C.Jennings","statId":10,"yards":1}]}},"562":{"sp":0,"qtr":1,"down":2,"time":"04:29","yrdln":"PIT 7","ydstogo":7,"ydsnet":-9,"posteam":"CLE","desc":"(4:29) B.Quinn pass short middle to C.Jennings to PIT 5 for 2 yards (J.Farrior). PENALTY on CLE-J.Thomas, Offensive Holding, 10 yards, enforced at PIT 7 - No Play.","note":"PENALTY","players":{"00-0025390":[{"sequence":1,"clubcode":"CLE","playerName":"J.Thomas","statId":93,"yards":10}]}},"602":{"sp":0,"qtr":1,"down":2,"time":"04:01","yrdln":"PIT 17","ydstogo":17,"ydsnet":-9,"posteam":"CLE","desc":"(4:01) (Shotgun) B.Quinn pass incomplete short right to M.Massaquoi.","note":null,"players":{"00-0027026":[{"sequence":2,"clubcode":"CLE","playerName":"M.Massaquoi","statId":115,"yards":0}],"00-0025409":[{"sequence":1,"clubcode":"CLE","playerName":"B.Quinn","statId":14,"yards":0},{"sequence":3,"clubcode":"CLE","playerName":"B.Quinn","statId":112,"yards":0}]}},"624":{"sp":0,"qtr":1,"down":0,"time":"03:55","yrdln":"","ydstogo":0,"ydsnet":-9,"posteam":"","desc":"Timeout #1 by CLE at 03:55.","note":"TIMEOUT","players":{"0":[{"sequence":1,"clubcode":"CLE","playerName":"","statId":68,"yards":0}]}},"650":{"sp":0,"qtr":1,"down":3,"time":"03:55","yrdln":"PIT 17","ydstogo":17,"ydsnet":-4,"posteam":"CLE","desc":"(3:55) (Shotgun) PENALTY on PIT-J.Farrior, Encroachment, 5 yards, enforced at PIT 17 - No Play.","note":"PENALTY","players":{"00-0005082":[{"sequence":1,"clubcode":"PIT","playerName":"J.Farrior","statId":93,"yards":5}]}},"681":{"sp":0,"qtr":1,"down":3,"time":"03:55","yrdln":"PIT 12","ydstogo":12,"ydsnet":-4,"posteam":"CLE","desc":"(3:55) B.Quinn pass incomplete short right to R.Royal.","note":null,"players":{"00-0025409":[{"sequence":2,"clubcode":"CLE","playerName":"B.Quinn","statId":14,"yards":0},{"sequence":4,"clubcode":"CLE","playerName":"B.Quinn","statId":112,"yards":3}],"0":[{"sequence":1,"clubcode":"CLE","playerName":"","statId":7,"yards":0}],"00-0021273":[{"sequence":3,"clubcode":"CLE","playerName":"R.Royal","statId":115,"yards":0}]}},"703":{"sp":1,"qtr":1,"down":4,"time":"03:51","yrdln":"PIT 12","ydstogo":12,"ydsnet":-4,"posteam":"CLE","desc":"(3:51) (Field Goal formation) P.Dawson 29 yard field goal is GOOD, Center-R.Pontbriand, Holder-R.Hodges.","note":"FG","players":{"00-0004091":[{"sequence":1,"clubcode":"CLE","playerName":"P.Dawson","statId":70,"yards":29}]}}},"fds":0,"result":"Field Goal","penyds":-5,"ydsgained":1,"numplays":7,"postime":"1:13","start":{"qtr":1,"time":"05:00","yrdln":"PIT 8","team":"CLE"},"end":{"qtr":1,"time":"03:47","yrdln":"PIT 12","team":"CLE"}},"6":{"posteam":"PIT","qtr":2,"redzone":true,"plays":{"722":{"sp":0,"qtr":1,"down":0,"time":"03:47","yrdln":"CLE 30","ydstogo":0,"ydsnet":0,"posteam":"CLE","desc":"P.Dawson kicks 59 yards from CLE 30 to PIT 11. M.Moore to PIT 23 for 12 yards (N.Sorensen).","note":"KICKOFF","players":{"00-0020107":[{"sequence":3,"clubcode":"CLE","playerName":"N.Sorensen","statId":79,"yards":0}],"00-0022217":[{"sequence":2,"clubcode":"PIT","playerName":"M.Moore","statId":45,"yards":12}],"00-0004091":[{"sequence":1,"clubcode":"CLE","playerName":"P.Dawson","statId":41,"yards":59}]}},"744":{"sp":0,"qtr":1,"down":1,"time":"03:40","yrdln":"PIT 23","ydstogo":10,"ydsnet":0,"posteam":"PIT","desc":"(3:40) B.Roethlisberger pass incomplete short right to D.Johnson.","note":null,"players":{"00-0026957":[{"sequence":2,"clubcode":"PIT","playerName":"D.Johnson","statId":115,"yards":0}],"00-0022924":[{"sequence":1,"clubcode":"PIT","playerName":"B.Roethlisberger","statId":14,"yards":0},{"sequence":3,"clubcode":"PIT","playerName":"B.Roethlisberger","statId":112,"yards":-2}]}},"766":{"sp":0,"qtr":1,"down":2,"time":"03:36","yrdln":"PIT 23","ydstogo":10,"ydsnet":9,"posteam":"PIT","desc":"(3:36) B.Roethlisberger pass short right to H.Ward ran ob at PIT 32 for 9 yards.","note":null,"players":{"00-0017162":[{"sequence":3,"clubcode":"PIT","playerName":"H.Ward","statId":21,"yards":9},{"sequence":4,"clubcode":"PIT","playerName":"H.Ward","statId":115,"yards":0},{"sequence":5,"clubcode":"PIT","playerName":"H.Ward","statId":113,"yards":0}],"00-0022924":[{"sequence":1,"clubcode":"PIT","playerName":"B.Roethlisberger","statId":15,"yards":9},{"sequence":2,"clubcode":"PIT","playerName":"B.Roethlisberger","statId":111,"yards":9}]}},"795":{"sp":0,"qtr":1,"down":3,"time":"03:13","yrdln":"PIT 32","ydstogo":1,"ydsnet":9,"posteam":"PIT","desc":"(3:13) R.Mendenhall right tackle to PIT 32 for no gain (D.Bowens). Time out for a measurement","note":null,"players":{"0":[{"sequence":1,"clubcode":"PIT","playerName":"","statId":7,"yards":0}],"00-0001563":[{"sequence":3,"clubcode":"CLE","playerName":"D.Bowens","statId":79,"yards":0}],"00-0026163":[{"sequence":2,"clubcode":"PIT","playerName":"R.Mendenhall","statId":10,"yards":0}]}},"820":{"sp":0,"qtr":1,"down":4,"time":"02:52","yrdln":"PIT 32","ydstogo":1,"ydsnet":11,"posteam":"PIT","desc":"(2:52) B.Roethlisberger up the middle to PIT 34 for 2 yards (C.Williams, R.Smith).","note":null,"players":{"00-0019573":[{"sequence":5,"clubcode":"CLE","playerName":"R.Smith","statId":82,"yards":0}],"0":[{"sequence":1,"clubcode":"PIT","playerName":"","statId":3,"yards":0},{"sequence":2,"clubcode":"PIT","playerName":"","statId":8,"yards":0}],"00-0022906":[{"sequence":4,"clubcode":"CLE","playerName":"C.Williams","statId":80,"yards":0}],"00-0022924":[{"sequence":3,"clubcode":"PIT","playerName":"B.Roethlisberger","statId":10,"yards":2}]}},"841":{"sp":0,"qtr":1,"down":1,"time":"02:10","yrdln":"PIT 34","ydstogo":10,"ydsnet":11,"posteam":"PIT","desc":"(2:10) B.Roethlisberger pass incomplete deep middle to S.Holmes [K.Wimbley].","note":null,"players":{"00-0024228":[{"sequence":3,"clubcode":"CLE","playerName":"K.Wimbley","statId":110,"yards":0}],"00-0024240":[{"sequence":2,"clubcode":"PIT","playerName":"S.Holmes","statId":115,"yards":0}],"00-0022924":[{"sequence":1,"clubcode":"PIT","playerName":"B.Roethlisberger","statId":14,"yards":0},{"sequence":4,"clubcode":"PIT","playerName":"B.Roethlisberger","statId":112,"yards":34}]}},"863":{"sp":0,"qtr":1,"down":2,"time":"02:03","yrdln":"PIT 34","ydstogo":10,"ydsnet":21,"posteam":"PIT","desc":"(2:03) B.Roethlisberger scrambles left end to PIT 44 for 10 yards (M.Furrey).","note":null,"players":{"00-0019281":[{"sequence":3,"clubcode":"CLE","playerName":"M.Furrey","statId":79,"yards":0}],"0":[{"sequence":1,"clubcode":"PIT","playerName":"","statId":3,"yards":0}],"00-0022924":[{"sequence":2,"clubcode":"PIT","playerName":"B.Roethlisberger","statId":10,"yards":10}]}},"884":{"sp":0,"qtr":1,"down":1,"time":"01:18","yrdln":"PIT 44","ydstogo":10,"ydsnet":33,"posteam":"PIT","desc":"(1:18) B.Roethlisberger pass short right to S.Holmes ran ob at CLE 44 for 12 yards (E.Wright).","note":null,"players":{"00-0025440":[{"sequence":7,"clubcode":"CLE","playerName":"E.Wright","statId":79,"yards":0}],"00-0024240":[{"sequence":4,"clubcode":"PIT","playerName":"S.Holmes","statId":21,"yards":12},{"sequence":5,"clubcode":"PIT","playerName":"S.Holmes","statId":115,"yards":0},{"sequence":6,"clubcode":"PIT","playerName":"S.Holmes","statId":113,"yards":13}],"0":[{"sequence":1,"clubcode":"PIT","playerName":"","statId":4,"yards":0}],"00-0022924":[{"sequence":2,"clubcode":"PIT","playerName":"B.Roethlisberger","statId":15,"yards":12},{"sequence":3,"clubcode":"PIT","playerName":"B.Roethlisberger","statId":111,"yards":-1}]}},"908":{"sp":0,"qtr":1,"down":1,"time":"00:56","yrdln":"CLE 44","ydstogo":10,"ydsnet":39,"posteam":"PIT","desc":"(:56) W.Parker right guard to CLE 38 for 6 yards (R.Smith).","note":null,"players":{"00-0022250":[{"sequence":1,"clubcode":"PIT","playerName":"W.Parker","statId":10,"yards":6}],"00-0019573":[{"sequence":2,"clubcode":"CLE","playerName":"R.Smith","statId":79,"yards":0}]}},"929":{"sp":0,"qtr":1,"down":2,"time":"00:15","yrdln":"CLE 38","ydstogo":4,"ydsnet":36,"posteam":"PIT","desc":"(:15) B.Roethlisberger pass short left to H.Ward to CLE 41 for -3 yards (E.Wright).","note":null,"players":{"00-0025440":[{"sequence":6,"clubcode":"CLE","playerName":"E.Wright","statId":79,"yards":0},{"sequence":7,"clubcode":"CLE","playerName":"E.Wright","statId":120,"yards":0}],"00-0017162":[{"sequence":3,"clubcode":"PIT","playerName":"H.Ward","statId":21,"yards":-3},{"sequence":4,"clubcode":"PIT","playerName":"H.Ward","statId":115,"yards":0},{"sequence":5,"clubcode":"PIT","playerName":"H.Ward","statId":113,"yards":0}],"00-0022924":[{"sequence":1,"clubcode":"PIT","playerName":"B.Roethlisberger","statId":15,"yards":-3},{"sequence":2,"clubcode":"PIT","playerName":"B.Roethlisberger","statId":111,"yards":-3}]}},"953":{"sp":0,"qtr":1,"down":0,"time":"","yrdln":"","ydstogo":0,"ydsnet":36,"posteam":"","desc":"END QUARTER 1","note":null,"players":{}},"969":{"sp":0,"qtr":2,"down":3,"time":"15:00","yrdln":"CLE 41","ydstogo":7,"ydsnet":29,"posteam":"PIT","desc":"(15:00) (Shotgun) B.Roethlisberger sacked at CLE 48 for -7 yards (M.Benard).","note":null,"players":{"00-0026742":[{"sequence":3,"clubcode":"CLE","playerName":"M.Benard","statId":83,"yards":-7},{"sequence":4,"clubcode":"CLE","playerName":"M.Benard","statId":110,"yards":0},{"sequence":5,"clubcode":"CLE","playerName":"M.Benard","statId":79,"yards":0},{"sequence":6,"clubcode":"CLE","playerName":"M.Benard","statId":120,"yards":0}],"0":[{"sequence":1,"clubcode":"PIT","playerName":"","statId":7,"yards":0}],"00-0022924":[{"sequence":2,"clubcode":"PIT","playerName":"B.Roethlisberger","statId":20,"yards":-7}]}},"988":{"sp":0,"qtr":2,"down":4,"time":"14:36","yrdln":"CLE 48","ydstogo":14,"ydsnet":29,"posteam":"PIT","desc":"(14:36) D.Sepulveda punts 38 yards to CLE 10, Center-G.Warren, downed by PIT-P.Bailey.","note":"PUNT","players":{"00-0025499":[{"sequence":1,"clubcode":"PIT","playerName":"D.Sepulveda","statId":29,"yards":38},{"sequence":2,"clubcode":"PIT","playerName":"D.Sepulveda","statId":30,"yards":0}],"0":[{"sequence":3,"clubcode":"CLE","playerName":"","statId":38,"yards":0}]}}},"fds":3,"result":"Punt","penyds":0,"ydsgained":29,"numplays":13,"postime":"4:23","start":{"qtr":1,"time":"03:47","yrdln":"PIT 23","team":"PIT"},"end":{"qtr":1,"time":"14:24","yrdln":"CLE 48","team":"PIT"}},"7":{"posteam":"CLE","qtr":2,"redzone":true,"plays":{"1007":{"sp":0,"qtr":2,"down":1,"time":"14:24","yrdln":"CLE 11","ydstogo":10,"ydsnet":33,"posteam":"CLE","desc":"(14:24) J.Harrison right tackle to CLE 16 for 5 yards (L.Woodley). PENALTY on PIT-L.Woodley, Face Mask (15 Yards), 15 yards, enforced at CLE 16.","note":"PENALTY","players":{"0":[{"sequence":1,"clubcode":"CLE","playerName":"","statId":5,"yards":0}],"00-0024359":[{"sequence":2,"clubcode":"CLE","playerName":"J.Harrison","statId":10,"yards":5}],"00-0025433":[{"sequence":3,"clubcode":"PIT","playerName":"L.Woodley","statId":79,"yards":0},{"sequence":4,"clubcode":"PIT","playerName":"L.Woodley","statId":93,"yards":15}]}},"1039":{"sp":0,"qtr":2,"down":1,"time":"14:07","yrdln":"CLE 31","ydstogo":10,"ydsnet":33,"posteam":"CLE","desc":"(14:07) (Shotgun) J.Cribbs left end to CLE 49 for 18 yards (W.Gay). Direct snap to #16 Cribbs","note":null,"players":{"00-0025557":[{"sequence":3,"clubcode":"PIT","playerName":"W.Gay","statId":79,"yards":0}],"0":[{"sequence":1,"clubcode":"CLE","playerName":"","statId":3,"yards":0}],"00-0023176":[{"sequence":2,"clubcode":"CLE","playerName":"J.Cribbs","statId":10,"yards":18}]}},"1064":{"sp":0,"qtr":2,"down":1,"time":"13:20","yrdln":"CLE 49","ydstogo":10,"ydsnet":32,"posteam":"CLE","desc":"(13:20) B.Quinn sacked at CLE 43 for -6 yards (L.Woodley).","note":null,"players":{"00-0025409":[{"sequence":1,"clubcode":"CLE","playerName":"B.Quinn","statId":20,"yards":-6}],"00-0025433":[{"sequence":2,"clubcode":"PIT","playerName":"L.Woodley","statId":83,"yards":-6},{"sequence":3,"clubcode":"PIT","playerName":"L.Woodley","statId":110,"yards":0},{"sequence":4,"clubcode":"PIT","playerName":"L.Woodley","statId":79,"yards":0},{"sequence":5,"clubcode":"PIT","playerName":"L.Woodley","statId":120,"yards":0}]}},"1083":{"sp":0,"qtr":2,"down":2,"time":"12:50","yrdln":"CLE 43","ydstogo":16,"ydsnet":33,"posteam":"CLE","desc":"(12:50) (No Huddle) B.Quinn pass short right to J.Harrison to CLE 44 for 1 yard (L.Woodley).","note":null,"players":{"00-0025409":[{"sequence":1,"clubcode":"CLE","playerName":"B.Quinn","statId":15,"yards":1},{"sequence":2,"clubcode":"CLE","playerName":"B.Quinn","statId":111,"yards":0}],"00-0024359":[{"sequence":3,"clubcode":"CLE","playerName":"J.Harrison","statId":21,"yards":1},{"sequence":4,"clubcode":"CLE","playerName":"J.Harrison","statId":115,"yards":0},{"sequence":5,"clubcode":"CLE","playerName":"J.Harrison","statId":113,"yards":1}],"00-0025433":[{"sequence":6,"clubcode":"PIT","playerName":"L.Woodley","statId":79,"yards":0}]}},"1107":{"sp":0,"qtr":2,"down":3,"time":"12:07","yrdln":"CLE 44","ydstogo":15,"ydsnet":33,"posteam":"CLE","desc":"(12:07) (No Huddle, Shotgun) B.Quinn pass incomplete short right to J.Harrison (L.Woodley).","note":null,"players":{"00-0025409":[{"sequence":2,"clubcode":"CLE","playerName":"B.Quinn","statId":14,"yards":0},{"sequence":5,"clubcode":"CLE","playerName":"B.Quinn","statId":112,"yards":-7}],"0":[{"sequence":1,"clubcode":"CLE","playerName":"","statId":7,"yards":0}],"00-0024359":[{"sequence":3,"clubcode":"CLE","playerName":"J.Harrison","statId":115,"yards":0}],"00-0025433":[{"sequence":4,"clubcode":"PIT","playerName":"L.Woodley","statId":85,"yards":0}]}},"1129":{"sp":0,"qtr":2,"down":4,"time":"12:04","yrdln":"CLE 44","ydstogo":15,"ydsnet":33,"posteam":"CLE","desc":"(12:04) R.Hodges punts 49 yards to PIT 7, Center-R.Pontbriand, downed by CLE-N.Sorensen.","note":"PUNT","players":{"0":[{"sequence":3,"clubcode":"PIT","playerName":"","statId":38,"yards":0}],"00-0023642":[{"sequence":1,"clubcode":"CLE","playerName":"R.Hodges","statId":29,"yards":49},{"sequence":2,"clubcode":"CLE","playerName":"R.Hodges","statId":30,"yards":0}]}}},"fds":2,"result":"Punt","penyds":15,"ydsgained":18,"numplays":6,"postime":"2:32","start":{"qtr":2,"time":"14:24","yrdln":"CLE 11","team":"CLE"},"end":{"qtr":2,"time":"11:52","yrdln":"CLE 44","team":"CLE"}},"8":{"posteam":"PIT","qtr":2,"redzone":true,"plays":{"1148":{"sp":0,"qtr":2,"down":1,"time":"11:52","yrdln":"PIT 7","ydstogo":10,"ydsnet":3,"posteam":"PIT","desc":"(11:52) R.Mendenhall left guard to PIT 10 for 3 yards (E.Wright).","note":null,"players":{"00-0025440":[{"sequence":2,"clubcode":"CLE","playerName":"E.Wright","statId":79,"yards":0}],"00-0026163":[{"sequence":1,"clubcode":"PIT","playerName":"R.Mendenhall","statId":10,"yards":3}]}},"1169":{"sp":0,"qtr":2,"down":2,"time":"11:15","yrdln":"PIT 10","ydstogo":7,"ydsnet":5,"posteam":"PIT","desc":"(11:15) R.Mendenhall right tackle to PIT 12 for 2 yards (C.Williams, K.Wimbley).","note":null,"players":{"00-0024228":[{"sequence":3,"clubcode":"CLE","playerName":"K.Wimbley","statId":82,"yards":0}],"00-0022906":[{"sequence":2,"clubcode":"CLE","playerName":"C.Williams","statId":80,"yards":0}],"00-0026163":[{"sequence":1,"clubcode":"PIT","playerName":"R.Mendenhall","statId":10,"yards":2}]}},"1190":{"sp":0,"qtr":2,"down":3,"time":"10:30","yrdln":"PIT 12","ydstogo":5,"ydsnet":5,"posteam":"PIT","desc":"(10:30) (Shotgun) B.Roethlisberger pass incomplete short right to S.Holmes (E.Wright).","note":null,"players":{"00-0025440":[{"sequence":4,"clubcode":"CLE","playerName":"E.Wright","statId":85,"yards":0}],"00-0024240":[{"sequence":3,"clubcode":"PIT","playerName":"S.Holmes","statId":115,"yards":0}],"0":[{"sequence":1,"clubcode":"PIT","playerName":"","statId":7,"yards":0}],"00-0022924":[{"sequence":2,"clubcode":"PIT","playerName":"B.Roethlisberger","statId":14,"yards":0},{"sequence":5,"clubcode":"PIT","playerName":"B.Roethlisberger","statId":112,"yards":0}]}},"1212":{"sp":0,"qtr":2,"down":4,"time":"10:25","yrdln":"PIT 12","ydstogo":5,"ydsnet":5,"posteam":"PIT","desc":"(10:25) D.Sepulveda punts 36 yards to PIT 48, Center-G.Warren, downed by PIT-K.Fox.","note":"PUNT","players":{"00-0025499":[{"sequence":1,"clubcode":"PIT","playerName":"D.Sepulveda","statId":29,"yards":36}],"0":[{"sequence":2,"clubcode":"CLE","playerName":"","statId":38,"yards":0}]}}},"fds":0,"result":"Punt","penyds":0,"ydsgained":5,"numplays":4,"postime":"1:36","start":{"qtr":2,"time":"11:52","yrdln":"PIT 7","team":"PIT"},"end":{"qtr":2,"time":"10:16","yrdln":"PIT 12","team":"PIT"}},"9":{"posteam":"CLE","qtr":2,"redzone":true,"plays":{"1231":{"sp":0,"qtr":2,"down":1,"time":"10:16","yrdln":"PIT 48","ydstogo":10,"ydsnet":2,"posteam":"CLE","desc":"(10:16) J.Harrison up the middle to PIT 46 for 2 yards (L.Timmons).","note":null,"players":{"00-0025402":[{"sequence":2,"clubcode":"PIT","playerName":"L.Timmons","statId":79,"yards":0}],"00-0024359":[{"sequence":1,"clubcode":"CLE","playerName":"J.Harrison","statId":10,"yards":2}]}},"1252":{"sp":0,"qtr":2,"down":2,"time":"09:46","yrdln":"PIT 46","ydstogo":8,"ydsnet":2,"posteam":"CLE","desc":"(9:46) J.Harrison left tackle to PIT 46 for no gain (J.Harrison).","note":null,"players":{"00-0020712":[{"sequence":2,"clubcode":"PIT","playerName":"J.Harrison","statId":79,"yards":0}],"00-0024359":[{"sequence":1,"clubcode":"CLE","playerName":"J.Harrison","statId":10,"yards":0}]}},"1273":{"sp":0,"qtr":2,"down":3,"time":"09:46","yrdln":"PIT 46","ydstogo":8,"ydsnet":-3,"posteam":"CLE","desc":"(9:46) (No Huddle, Shotgun) PENALTY on CLE-E.Moore, False Start, 5 yards, enforced at PIT 46 - No Play.","note":"PENALTY","players":{"00-0026123":[{"sequence":1,"clubcode":"CLE","playerName":"E.Moore","statId":93,"yards":5}]}},"1296":{"sp":0,"qtr":2,"down":3,"time":"08:49","yrdln":"CLE 49","ydstogo":13,"ydsnet":36,"posteam":"CLE","desc":"(8:49) (No Huddle, Shotgun) B.Quinn pass short left to M.Massaquoi to PIT 14 for 37 yards (R.Clark).","note":null,"players":{"00-0027026":[{"sequence":5,"clubcode":"CLE","playerName":"M.Massaquoi","statId":21,"yards":37},{"sequence":6,"clubcode":"CLE","playerName":"M.Massaquoi","statId":115,"yards":0},{"sequence":7,"clubcode":"CLE","playerName":"M.Massaquoi","statId":113,"yards":27}],"00-0025409":[{"sequence":3,"clubcode":"CLE","playerName":"B.Quinn","statId":15,"yards":37},{"sequence":4,"clubcode":"CLE","playerName":"B.Quinn","statId":111,"yards":10}],"0":[{"sequence":1,"clubcode":"CLE","playerName":"","statId":4,"yards":0},{"sequence":2,"clubcode":"CLE","playerName":"","statId":6,"yards":0}],"00-0020840":[{"sequence":8,"clubcode":"PIT","playerName":"R.Clark","statId":79,"yards":0}]}},"1320":{"sp":0,"qtr":2,"down":1,"time":"08:06","yrdln":"PIT 14","ydstogo":10,"ydsnet":36,"posteam":"CLE","desc":"(8:06) (No Huddle) J.Harrison right guard to PIT 12 for 2 yards (T.Carter).","note":null,"players":{"00-0019537":[{"sequence":2,"clubcode":"PIT","playerName":"T.Carter","statId":79,"yards":0}],"00-0024359":[{"sequence":1,"clubcode":"CLE","playerName":"J.Harrison","statId":10,"yards":2}]}},"1341":{"sp":0,"qtr":2,"down":2,"time":"07:33","yrdln":"PIT 12","ydstogo":8,"ydsnet":36,"posteam":"CLE","desc":"(7:33) (No Huddle) B.Quinn pass incomplete short right to L.Vickers.","note":null,"players":{"00-0025409":[{"sequence":1,"clubcode":"CLE","playerName":"B.Quinn","statId":14,"yards":0},{"sequence":3,"clubcode":"CLE","playerName":"B.Quinn","statId":112,"yards":8}],"00-0024394":[{"sequence":2,"clubcode":"CLE","playerName":"L.Vickers","statId":115,"yards":0}]}},"1363":{"sp":0,"qtr":2,"down":3,"time":"07:29","yrdln":"PIT 12","ydstogo":8,"ydsnet":36,"posteam":"CLE","desc":"(7:29) (No Huddle, Shotgun) B.Quinn pass incomplete short middle to E.Moore.","note":null,"players":{"00-0026123":[{"sequence":3,"clubcode":"CLE","playerName":"E.Moore","statId":115,"yards":0}],"00-0025409":[{"sequence":2,"clubcode":"CLE","playerName":"B.Quinn","statId":14,"yards":0},{"sequence":4,"clubcode":"CLE","playerName":"B.Quinn","statId":112,"yards":12}],"0":[{"sequence":1,"clubcode":"CLE","playerName":"","statId":7,"yards":0}]}},"1385":{"sp":1,"qtr":2,"down":4,"time":"07:24","yrdln":"PIT 12","ydstogo":8,"ydsnet":36,"posteam":"CLE","desc":"(7:24) P.Dawson 29 yard field goal is GOOD, Center-R.Pontbriand, Holder-R.Hodges.","note":"FG","players":{"00-0004091":[{"sequence":1,"clubcode":"CLE","playerName":"P.Dawson","statId":70,"yards":29}]}}},"fds":1,"result":"Field Goal","penyds":-5,"ydsgained":41,"numplays":8,"postime":"2:56","start":{"qtr":2,"time":"10:16","yrdln":"PIT 48","team":"CLE"},"end":{"qtr":2,"time":"07:20","yrdln":"PIT 12","team":"CLE"}},"10":{"posteam":"PIT","qtr":2,"redzone":true,"plays":{"1404":{"sp":0,"qtr":2,"down":0,"time":"07:20","yrdln":"CLE 30","ydstogo":0,"ydsnet":0,"posteam":"CLE","desc":"P.Dawson kicks 57 yards from CLE 30 to PIT 13. J.Burnett to PIT 26 for 13 yards (B.Costanzo).","note":"KICKOFF","players":{"00-0026925":[{"sequence":2,"clubcode":"PIT","playerName":"J.Burnett","statId":45,"yards":13}],"00-0024129":[{"sequence":3,"clubcode":"CLE","playerName":"B.Costanzo","statId":79,"yards":0}],"00-0004091":[{"sequence":1,"clubcode":"CLE","playerName":"P.Dawson","statId":41,"yards":57}]}},"1426":{"sp":0,"qtr":2,"down":1,"time":"07:14","yrdln":"PIT 26","ydstogo":10,"ydsnet":9,"posteam":"PIT","desc":"(7:14) B.Roethlisberger pass short right to H.Miller to PIT 35 for 9 yards (E.Wright).","note":null,"players":{"00-0025440":[{"sequence":6,"clubcode":"CLE","playerName":"E.Wright","statId":79,"yards":0}],"00-0023465":[{"sequence":3,"clubcode":"PIT","playerName":"H.Miller","statId":21,"yards":9},{"sequence":4,"clubcode":"PIT","playerName":"H.Miller","statId":115,"yards":0},{"sequence":5,"clubcode":"PIT","playerName":"H.Miller","statId":113,"yards":10}],"00-0022924":[{"sequence":1,"clubcode":"PIT","playerName":"B.Roethlisberger","statId":15,"yards":9},{"sequence":2,"clubcode":"PIT","playerName":"B.Roethlisberger","statId":111,"yards":-1}]}},"1450":{"sp":0,"qtr":2,"down":2,"time":"06:43","yrdln":"PIT 35","ydstogo":1,"ydsnet":16,"posteam":"PIT","desc":"(6:43) R.Mendenhall right guard to PIT 42 for 7 yards (K.Maiava).","note":null,"players":{"00-0027074":[{"sequence":3,"clubcode":"CLE","playerName":"K.Maiava","statId":79,"yards":0}],"0":[{"sequence":1,"clubcode":"PIT","playerName":"","statId":3,"yards":0}],"00-0026163":[{"sequence":2,"clubcode":"PIT","playerName":"R.Mendenhall","statId":10,"yards":7}]}},"1471":{"sp":0,"qtr":2,"down":1,"time":"06:06","yrdln":"PIT 42","ydstogo":10,"ydsnet":14,"posteam":"PIT","desc":"(6:06) B.Roethlisberger left guard to PIT 40 for -2 yards (D.Bowens, M.Roth).","note":null,"players":{"0":[{"sequence":2,"clubcode":"PIT","playerName":"","statId":95,"yards":-2}],"00-0023481":[{"sequence":4,"clubcode":"CLE","playerName":"M.Roth","statId":82,"yards":0}],"00-0001563":[{"sequence":3,"clubcode":"CLE","playerName":"D.Bowens","statId":80,"yards":0},{"sequence":5,"clubcode":"CLE","playerName":"D.Bowens","statId":120,"yards":0}],"00-0022924":[{"sequence":1,"clubcode":"PIT","playerName":"B.Roethlisberger","statId":10,"yards":-2}]}},"1492":{"sp":0,"qtr":2,"down":2,"time":"05:29","yrdln":"PIT 40","ydstogo":12,"ydsnet":7,"posteam":"PIT","desc":"(5:29) B.Roethlisberger sacked at PIT 33 for -7 yards (C.Williams).","note":null,"players":{"00-0022906":[{"sequence":2,"clubcode":"CLE","playerName":"C.Williams","statId":83,"yards":-7},{"sequence":3,"clubcode":"CLE","playerName":"C.Williams","statId":110,"yards":0},{"sequence":4,"clubcode":"CLE","playerName":"C.Williams","statId":79,"yards":0},{"sequence":5,"clubcode":"CLE","playerName":"C.Williams","statId":120,"yards":0}],"00-0022924":[{"sequence":1,"clubcode":"PIT","playerName":"B.Roethlisberger","statId":20,"yards":-7}]}},"1511":{"sp":0,"qtr":2,"down":3,"time":"05:00","yrdln":"PIT 33","ydstogo":19,"ydsnet":1,"posteam":"PIT","desc":"(5:00) (Shotgun) B.Roethlisberger sacked at PIT 27 for -6 yards (M.Benard).","note":null,"players":{"00-0026742":[{"sequence":3,"clubcode":"CLE","playerName":"M.Benard","statId":83,"yards":-6},{"sequence":4,"clubcode":"CLE","playerName":"M.Benard","statId":110,"yards":0},{"sequence":5,"clubcode":"CLE","playerName":"M.Benard","statId":79,"yards":0},{"sequence":6,"clubcode":"CLE","playerName":"M.Benard","statId":120,"yards":0}],"0":[{"sequence":1,"clubcode":"PIT","playerName":"","statId":7,"yards":0}],"00-0022924":[{"sequence":2,"clubcode":"PIT","playerName":"B.Roethlisberger","statId":20,"yards":-6}]}},"1530":{"sp":0,"qtr":2,"down":4,"time":"04:38","yrdln":"PIT 27","ydstogo":25,"ydsnet":-9,"posteam":"PIT","desc":"(4:38) D.Sepulveda punts 31 yards to CLE 42, Center-G.Warren. H.Poteat to CLE 42 for no gain (K.Fox). FUMBLES (K.Fox), RECOVERED by PIT-A.Madison at CLE 44. PENALTY on PIT-T.Carter, Offensive Holding, 10 yards, enforced at PIT 27 - No Play.","note":"PENALTY","players":{"00-0019537":[{"sequence":1,"clubcode":"PIT","playerName":"T.Carter","statId":93,"yards":10}]}},"1572":{"sp":0,"qtr":2,"down":4,"time":"04:27","yrdln":"PIT 17","ydstogo":35,"ydsnet":0,"posteam":"PIT","desc":"(4:27) D.Sepulveda punts 42 yards to CLE 41, Center-G.Warren, downed by PIT-R.Mundy. PENALTY on CLE-A.Hall, Unnecessary Roughness, 15 yards, enforced at CLE 41.","note":"PUNT","players":{"00-0025499":[{"sequence":1,"clubcode":"PIT","playerName":"D.Sepulveda","statId":29,"yards":42}],"0":[{"sequence":2,"clubcode":"CLE","playerName":"","statId":38,"yards":0}],"00-0026371":[{"sequence":3,"clubcode":"CLE","playerName":"A.Hall","statId":93,"yards":15}]}}},"fds":1,"result":"Punt","penyds":-10,"ydsgained":1,"numplays":8,"postime":"3:04","start":{"qtr":2,"time":"07:20","yrdln":"PIT 26","team":"PIT"},"end":{"qtr":2,"time":"04:16","yrdln":"PIT 17","team":"PIT"}},"11":{"posteam":"CLE","qtr":2,"redzone":true,"plays":{"1602":{"sp":0,"qtr":2,"down":1,"time":"04:16","yrdln":"CLE 26","ydstogo":10,"ydsnet":7,"posteam":"CLE","desc":"(4:16) (Shotgun) J.Cribbs right guard to CLE 33 for 7 yards (B.Keisel). Direct snap to #16 Cribbs","note":null,"players":{"00-0021344":[{"sequence":2,"clubcode":"PIT","playerName":"B.Keisel","statId":79,"yards":0}],"00-0023176":[{"sequence":1,"clubcode":"CLE","playerName":"J.Cribbs","statId":10,"yards":7}]}},"1627":{"sp":0,"qtr":2,"down":2,"time":"03:33","yrdln":"CLE 33","ydstogo":3,"ydsnet":7,"posteam":"CLE","desc":"(3:33) (No Huddle, Shotgun) B.Quinn pass incomplete short right to M.Massaquoi.","note":null,"players":{"00-0027026":[{"sequence":2,"clubcode":"CLE","playerName":"M.Massaquoi","statId":115,"yards":0}],"00-0025409":[{"sequence":1,"clubcode":"CLE","playerName":"B.Quinn","statId":14,"yards":0},{"sequence":3,"clubcode":"CLE","playerName":"B.Quinn","statId":112,"yards":5}]}},"1649":{"sp":0,"qtr":2,"down":3,"time":"03:31","yrdln":"CLE 33","ydstogo":3,"ydsnet":44,"posteam":"CLE","desc":"(3:31) (Shotgun) J.Cribbs left tackle to PIT 30 for 37 yards (L.Woodley). PIT-I.Taylor was injured during the play. His return is Questionable.  Direct snap to #16 Cribbs","note":null,"players":{"0":[{"sequence":1,"clubcode":"CLE","playerName":"","statId":3,"yards":0},{"sequence":2,"clubcode":"CLE","playerName":"","statId":6,"yards":0}],"00-0023176":[{"sequence":3,"clubcode":"CLE","playerName":"J.Cribbs","statId":10,"yards":37}],"00-0025433":[{"sequence":4,"clubcode":"PIT","playerName":"L.Woodley","statId":79,"yards":0}]}},"1678":{"sp":0,"qtr":2,"down":1,"time":"02:54","yrdln":"PIT 30","ydstogo":10,"ydsnet":52,"posteam":"CLE","desc":"(2:54) C.Jennings left guard ran ob at PIT 22 for 8 yards (R.Clark).","note":null,"players":{"00-0027167":[{"sequence":1,"clubcode":"CLE","playerName":"C.Jennings","statId":10,"yards":8}],"00-0020840":[{"sequence":2,"clubcode":"PIT","playerName":"R.Clark","statId":79,"yards":0}]}},"1704":{"sp":0,"qtr":2,"down":2,"time":"02:26","yrdln":"PIT 22","ydstogo":2,"ydsnet":53,"posteam":"CLE","desc":"(2:26) (No Huddle) C.Jennings right guard to PIT 21 for 1 yard (L.Woodley).","note":null,"players":{"00-0027167":[{"sequence":1,"clubcode":"CLE","playerName":"C.Jennings","statId":10,"yards":1}],"00-0025433":[{"sequence":2,"clubcode":"PIT","playerName":"L.Woodley","statId":79,"yards":0}]}},"1725":{"sp":0,"qtr":2,"down":0,"time":"02:00","yrdln":"","ydstogo":0,"ydsnet":53,"posteam":"","desc":"Two-Minute Warning","note":null,"players":{}},"1742":{"sp":0,"qtr":2,"down":3,"time":"02:00","yrdln":"PIT 21","ydstogo":1,"ydsnet":55,"posteam":"CLE","desc":"(2:00) B.Quinn up the middle to PIT 19 for 2 yards (L.Timmons).","note":null,"players":{"00-0025409":[{"sequence":3,"clubcode":"CLE","playerName":"B.Quinn","statId":10,"yards":2}],"00-0025402":[{"sequence":4,"clubcode":"PIT","playerName":"L.Timmons","statId":79,"yards":0}],"0":[{"sequence":1,"clubcode":"CLE","playerName":"","statId":3,"yards":0},{"sequence":2,"clubcode":"CLE","playerName":"","statId":6,"yards":0}]}},"1763":{"sp":0,"qtr":2,"down":1,"time":"01:23","yrdln":"PIT 19","ydstogo":10,"ydsnet":64,"posteam":"CLE","desc":"(1:23) (No Huddle) C.Jennings right tackle to PIT 10 for 9 yards (T.Carter).","note":null,"players":{"00-0019537":[{"sequence":2,"clubcode":"PIT","playerName":"T.Carter","statId":79,"yards":0}],"00-0027167":[{"sequence":1,"clubcode":"CLE","playerName":"C.Jennings","statId":10,"yards":9}]}},"1785":{"sp":1,"qtr":2,"down":2,"time":"00:48","yrdln":"PIT 10","ydstogo":1,"ydsnet":74,"posteam":"CLE","desc":"(:48) (No Huddle) C.Jennings right tackle for 10 yards, TOUCHDOWN. The Replay Assistant challenged the runner broke the plane ruling, and the play was Upheld.","note":"TD","players":{"00-0027167":[{"sequence":2,"clubcode":"CLE","playerName":"C.Jennings","statId":11,"yards":10}],"0":[{"sequence":1,"clubcode":"CLE","playerName":"","statId":3,"yards":0}]}},"1807":{"sp":1,"qtr":2,"down":0,"time":"00:41","yrdln":"PIT 2","ydstogo":0,"ydsnet":74,"posteam":"CLE","desc":"P.Dawson extra point is GOOD, Center-R.Pontbriand, Holder-R.Hodges.","note":"XP","players":{"00-0004091":[{"sequence":1,"clubcode":"CLE","playerName":"P.Dawson","statId":72,"yards":0}]}}},"fds":3,"result":"Touchdown","penyds":0,"ydsgained":74,"numplays":10,"postime":"3:35","start":{"qtr":2,"time":"04:16","yrdln":"CLE 26","team":"CLE"},"end":{"qtr":2,"time":"00:41","yrdln":"PIT 10","team":"CLE"}},"12":{"posteam":"PIT","qtr":2,"redzone":true,"plays":{"1854":{"sp":0,"qtr":2,"down":0,"time":"00:41","yrdln":"CLE 30","ydstogo":0,"ydsnet":0,"posteam":"CLE","desc":"P.Dawson kicks 47 yards from CLE 30 to PIT 23. M.Moore to PIT 33 for 10 yards (R.Robinson).","note":"KICKOFF","players":{"00-0025642":[{"sequence":3,"clubcode":"CLE","playerName":"R.Robinson","statId":79,"yards":0}],"00-0022217":[{"sequence":2,"clubcode":"PIT","playerName":"M.Moore","statId":45,"yards":10}],"00-0004091":[{"sequence":1,"clubcode":"CLE","playerName":"P.Dawson","statId":41,"yards":47}]}},"1876":{"sp":0,"qtr":2,"down":1,"time":"00:33","yrdln":"PIT 33","ydstogo":10,"ydsnet":8,"posteam":"PIT","desc":"(:33) (Shotgun) B.Roethlisberger pass short middle to H.Ward to PIT 41 for 8 yards (H.Poteat).","note":null,"players":{"00-0017162":[{"sequence":3,"clubcode":"PIT","playerName":"H.Ward","statId":21,"yards":8},{"sequence":4,"clubcode":"PIT","playerName":"H.Ward","statId":115,"yards":0},{"sequence":5,"clubcode":"PIT","playerName":"H.Ward","statId":113,"yards":2}],"00-0019710":[{"sequence":6,"clubcode":"CLE","playerName":"H.Poteat","statId":79,"yards":0}],"00-0022924":[{"sequence":1,"clubcode":"PIT","playerName":"B.Roethlisberger","statId":15,"yards":8},{"sequence":2,"clubcode":"PIT","playerName":"B.Roethlisberger","statId":111,"yards":6}]}},"1900":{"sp":0,"qtr":2,"down":0,"time":"00:27","yrdln":"","ydstogo":0,"ydsnet":7,"posteam":"","desc":"Timeout #1 by PIT at 00:27.","note":"TIMEOUT","players":{"0":[{"sequence":1,"clubcode":"PIT","playerName":"","statId":68,"yards":0}]}},"1917":{"sp":0,"qtr":2,"down":2,"time":"00:27","yrdln":"PIT 41","ydstogo":2,"ydsnet":47,"posteam":"PIT","desc":"(:27) (Shotgun) B.Roethlisberger pass deep left to S.Holmes to CLE 35 for 24 yards (M.Furrey). PENALTY on CLE-M.Benard, Roughing the Passer, 15 yards, enforced at CLE 35.","note":"PENALTY","players":{"00-0026742":[{"sequence":9,"clubcode":"CLE","playerName":"M.Benard","statId":93,"yards":15}],"00-0019281":[{"sequence":8,"clubcode":"CLE","playerName":"M.Furrey","statId":79,"yards":0}],"00-0024240":[{"sequence":5,"clubcode":"PIT","playerName":"S.Holmes","statId":21,"yards":24},{"sequence":6,"clubcode":"PIT","playerName":"S.Holmes","statId":115,"yards":0},{"sequence":7,"clubcode":"PIT","playerName":"S.Holmes","statId":113,"yards":5}],"0":[{"sequence":1,"clubcode":"PIT","playerName":"","statId":4,"yards":0},{"sequence":2,"clubcode":"PIT","playerName":"","statId":5,"yards":0}],"00-0022924":[{"sequence":3,"clubcode":"PIT","playerName":"B.Roethlisberger","statId":15,"yards":24},{"sequence":4,"clubcode":"PIT","playerName":"B.Roethlisberger","statId":111,"yards":19}]}},"1952":{"sp":0,"qtr":2,"down":1,"time":"00:15","yrdln":"CLE 20","ydstogo":10,"ydsnet":47,"posteam":"PIT","desc":"(:15) (Shotgun) B.Roethlisberger pass incomplete short middle to H.Ward.","note":null,"players":{"00-0017162":[{"sequence":2,"clubcode":"PIT","playerName":"H.Ward","statId":115,"yards":0}],"00-0022924":[{"sequence":1,"clubcode":"PIT","playerName":"B.Roethlisberger","statId":14,"yards":0},{"sequence":3,"clubcode":"PIT","playerName":"B.Roethlisberger","statId":112,"yards":0}]}},"1974":{"sp":0,"qtr":2,"down":2,"time":"00:12","yrdln":"CLE 20","ydstogo":10,"ydsnet":58,"posteam":"PIT","desc":"(:12) (Shotgun) B.Roethlisberger pass short left to S.Holmes ran ob at CLE 9 for 11 yards.","note":null,"players":{"00-0024240":[{"sequence":4,"clubcode":"PIT","playerName":"S.Holmes","statId":21,"yards":11},{"sequence":5,"clubcode":"PIT","playerName":"S.Holmes","statId":115,"yards":0},{"sequence":6,"clubcode":"PIT","playerName":"S.Holmes","statId":113,"yards":0}],"0":[{"sequence":1,"clubcode":"PIT","playerName":"","statId":4,"yards":0}],"00-0022924":[{"sequence":2,"clubcode":"PIT","playerName":"B.Roethlisberger","statId":15,"yards":11},{"sequence":3,"clubcode":"PIT","playerName":"B.Roethlisberger","statId":111,"yards":11}]}},"1998":{"sp":0,"qtr":2,"down":1,"time":"00:07","yrdln":"CLE 9","ydstogo":9,"ydsnet":58,"posteam":"PIT","desc":"(:07) (Shotgun) B.Roethlisberger pass incomplete short right to H.Miller.","note":null,"players":{"00-0023465":[{"sequence":2,"clubcode":"PIT","playerName":"H.Miller","statId":115,"yards":0}],"00-0022924":[{"sequence":1,"clubcode":"PIT","playerName":"B.Roethlisberger","statId":14,"yards":0},{"sequence":3,"clubcode":"PIT","playerName":"B.Roethlisberger","statId":112,"yards":5}]}},"2020":{"sp":1,"qtr":2,"down":2,"time":"00:02","yrdln":"CLE 9","ydstogo":9,"ydsnet":58,"posteam":"PIT","desc":"(:02) (Field Goal formation) J.Reed 27 yard field goal is GOOD, Center-G.Warren, Holder-D.Sepulveda.","note":"FG","players":{"00-0020737":[{"sequence":1,"clubcode":"PIT","playerName":"J.Reed","statId":70,"yards":27}]}}},"fds":3,"result":"Field Goal","penyds":15,"ydsgained":43,"numplays":8,"postime":"0:41","start":{"qtr":2,"time":"00:41","yrdln":"PIT 33","team":"PIT"},"end":{"qtr":2,"time":"00:00","yrdln":"CLE 9","team":"PIT"}},"13":{"posteam":"PIT","qtr":3,"redzone":true,"plays":{"2053":{"sp":0,"qtr":3,"down":0,"time":"15:00","yrdln":"CLE 30","ydstogo":0,"ydsnet":0,"posteam":"CLE","desc":"P.Dawson kicks 67 yards from CLE 30 to PIT 3. M.Moore to PIT 12 for 9 yards (J.Cribbs).","note":"KICKOFF","players":{"00-0022217":[{"sequence":2,"clubcode":"PIT","playerName":"M.Moore","statId":45,"yards":9}],"00-0004091":[{"sequence":1,"clubcode":"CLE","playerName":"P.Dawson","statId":41,"yards":67},{"sequence":3,"clubcode":"CLE","playerName":"P.Dawson","statId":42,"yards":0}],"00-0023176":[{"sequence":4,"clubcode":"CLE","playerName":"J.Cribbs","statId":79,"yards":0}]}},"2075":{"sp":0,"qtr":3,"down":1,"time":"14:53","yrdln":"PIT 12","ydstogo":10,"ydsnet":-1,"posteam":"PIT","desc":"(14:53) R.Mendenhall right tackle to PIT 11 for -1 yards (M.Roth, D.Bowens).","note":null,"players":{"0":[{"sequence":2,"clubcode":"PIT","playerName":"","statId":95,"yards":-1}],"00-0023481":[{"sequence":3,"clubcode":"CLE","playerName":"M.Roth","statId":80,"yards":0},{"sequence":5,"clubcode":"CLE","playerName":"M.Roth","statId":120,"yards":0}],"00-0001563":[{"sequence":4,"clubcode":"CLE","playerName":"D.Bowens","statId":82,"yards":0}],"00-0026163":[{"sequence":1,"clubcode":"PIT","playerName":"R.Mendenhall","statId":10,"yards":-1}]}},"2096":{"sp":0,"qtr":3,"down":2,"time":"14:09","yrdln":"PIT 11","ydstogo":11,"ydsnet":9,"posteam":"PIT","desc":"(14:09) B.Roethlisberger pass short right to S.Holmes to PIT 21 for 10 yards (K.Wimbley).","note":null,"players":{"00-0024228":[{"sequence":6,"clubcode":"CLE","playerName":"K.Wimbley","statId":79,"yards":0}],"00-0024240":[{"sequence":3,"clubcode":"PIT","playerName":"S.Holmes","statId":21,"yards":10},{"sequence":4,"clubcode":"PIT","playerName":"S.Holmes","statId":115,"yards":0},{"sequence":5,"clubcode":"PIT","playerName":"S.Holmes","statId":113,"yards":2}],"00-0022924":[{"sequence":1,"clubcode":"PIT","playerName":"B.Roethlisberger","statId":15,"yards":10},{"sequence":2,"clubcode":"PIT","playerName":"B.Roethlisberger","statId":111,"yards":8}]}},"2120":{"sp":0,"qtr":3,"down":3,"time":"13:27","yrdln":"PIT 21","ydstogo":1,"ydsnet":13,"posteam":"PIT","desc":"(13:27) (Shotgun) R.Mendenhall right tackle to PIT 25 for 4 yards (B.McDonald).","note":null,"players":{"00-0025527":[{"sequence":4,"clubcode":"CLE","playerName":"B.McDonald","statId":79,"yards":0}],"0":[{"sequence":1,"clubcode":"PIT","playerName":"","statId":3,"yards":0},{"sequence":2,"clubcode":"PIT","playerName":"","statId":6,"yards":0}],"00-0026163":[{"sequence":3,"clubcode":"PIT","playerName":"R.Mendenhall","statId":10,"yards":4}]}},"2141":{"sp":0,"qtr":3,"down":1,"time":"12:46","yrdln":"PIT 25","ydstogo":10,"ydsnet":32,"posteam":"PIT","desc":"(12:46) B.Roethlisberger pass deep left to S.Holmes to PIT 44 for 19 yards (E.Wright) [D.Bowens].","note":null,"players":{"00-0025440":[{"sequence":8,"clubcode":"CLE","playerName":"E.Wright","statId":79,"yards":0}],"00-0024240":[{"sequence":4,"clubcode":"PIT","playerName":"S.Holmes","statId":21,"yards":19},{"sequence":5,"clubcode":"PIT","playerName":"S.Holmes","statId":115,"yards":0},{"sequence":6,"clubcode":"PIT","playerName":"S.Holmes","statId":113,"yards":0}],"0":[{"sequence":1,"clubcode":"PIT","playerName":"","statId":4,"yards":0}],"00-0001563":[{"sequence":7,"clubcode":"CLE","playerName":"D.Bowens","statId":110,"yards":0}],"00-0022924":[{"sequence":2,"clubcode":"PIT","playerName":"B.Roethlisberger","statId":15,"yards":19},{"sequence":3,"clubcode":"PIT","playerName":"B.Roethlisberger","statId":111,"yards":19}]}},"2165":{"sp":0,"qtr":3,"down":1,"time":"12:04","yrdln":"PIT 44","ydstogo":10,"ydsnet":37,"posteam":"PIT","desc":"(12:04) W.Parker right guard to PIT 49 for 5 yards (A.Rubin).","note":null,"players":{"00-0022250":[{"sequence":1,"clubcode":"PIT","playerName":"W.Parker","statId":10,"yards":5}],"00-0026330":[{"sequence":2,"clubcode":"CLE","playerName":"A.Rubin","statId":79,"yards":0}]}},"2186":{"sp":0,"qtr":3,"down":2,"time":"11:21","yrdln":"PIT 49","ydstogo":5,"ydsnet":38,"posteam":"PIT","desc":"(11:21) W.Parker right guard to 50 for 1 yard (C.Williams).","note":null,"players":{"00-0022250":[{"sequence":1,"clubcode":"PIT","playerName":"W.Parker","statId":10,"yards":1}],"00-0022906":[{"sequence":2,"clubcode":"CLE","playerName":"C.Williams","statId":79,"yards":0}]}},"2207":{"sp":0,"qtr":3,"down":3,"time":"10:37","yrdln":"50","ydstogo":4,"ydsnet":38,"posteam":"PIT","desc":"(10:37) (Shotgun) B.Roethlisberger pass incomplete deep middle to S.Holmes.","note":null,"players":{"00-0024240":[{"sequence":3,"clubcode":"PIT","playerName":"S.Holmes","statId":115,"yards":0}],"0":[{"sequence":1,"clubcode":"PIT","playerName":"","statId":7,"yards":0}],"00-0022924":[{"sequence":2,"clubcode":"PIT","playerName":"B.Roethlisberger","statId":14,"yards":0},{"sequence":4,"clubcode":"PIT","playerName":"B.Roethlisberger","statId":112,"yards":16}]}},"2229":{"sp":0,"qtr":3,"down":4,"time":"10:32","yrdln":"50","ydstogo":4,"ydsnet":38,"posteam":"PIT","desc":"(10:32) D.Sepulveda punts 37 yards to CLE 13, Center-G.Warren, downed by PIT-R.Mundy.","note":"PUNT","players":{"00-0025499":[{"sequence":1,"clubcode":"PIT","playerName":"D.Sepulveda","statId":29,"yards":37},{"sequence":2,"clubcode":"PIT","playerName":"D.Sepulveda","statId":30,"yards":0}],"0":[{"sequence":3,"clubcode":"CLE","playerName":"","statId":38,"yards":0}]}}},"fds":2,"result":"Punt","penyds":0,"ydsgained":38,"numplays":9,"postime":"4:38","start":{"qtr":3,"time":"15:00","yrdln":"PIT 12","team":"PIT"},"end":{"qtr":3,"time":"10:22","yrdln":"50","team":"PIT"}},"14":{"posteam":"CLE","qtr":3,"redzone":true,"plays":{"2248":{"sp":0,"qtr":3,"down":1,"time":"10:22","yrdln":"CLE 13","ydstogo":10,"ydsnet":15,"posteam":"CLE","desc":"(10:22) C.Jennings left tackle to CLE 28 for 15 yards (L.Timmons, R.Clark).","note":null,"players":{"00-0027167":[{"sequence":2,"clubcode":"CLE","playerName":"C.Jennings","statId":10,"yards":15}],"00-0025402":[{"sequence":3,"clubcode":"PIT","playerName":"L.Timmons","statId":80,"yards":0}],"0":[{"sequence":1,"clubcode":"CLE","playerName":"","statId":3,"yards":0}],"00-0020840":[{"sequence":4,"clubcode":"PIT","playerName":"R.Clark","statId":82,"yards":0}]}},"2269":{"sp":0,"qtr":3,"down":1,"time":"09:54","yrdln":"CLE 28","ydstogo":10,"ydsnet":20,"posteam":"CLE","desc":"(9:54) (No Huddle) C.Jennings right guard to CLE 33 for 5 yards (J.Harrison, C.Hampton).","note":null,"players":{"00-0027167":[{"sequence":1,"clubcode":"CLE","playerName":"C.Jennings","statId":10,"yards":5}],"00-0020426":[{"sequence":3,"clubcode":"PIT","playerName":"C.Hampton","statId":82,"yards":0}],"00-0020712":[{"sequence":2,"clubcode":"PIT","playerName":"J.Harrison","statId":80,"yards":0}]}},"2290":{"sp":0,"qtr":3,"down":2,"time":"09:17","yrdln":"CLE 33","ydstogo":5,"ydsnet":27,"posteam":"CLE","desc":"(9:17) (No Huddle) C.Jennings right guard to CLE 40 for 7 yards (R.Clark).","note":null,"players":{"00-0027167":[{"sequence":2,"clubcode":"CLE","playerName":"C.Jennings","statId":10,"yards":7}],"0":[{"sequence":1,"clubcode":"CLE","playerName":"","statId":3,"yards":0}],"00-0020840":[{"sequence":3,"clubcode":"PIT","playerName":"R.Clark","statId":79,"yards":0}]}},"2311":{"sp":0,"qtr":3,"down":1,"time":"08:35","yrdln":"CLE 40","ydstogo":10,"ydsnet":27,"posteam":"CLE","desc":"(8:35) (No Huddle) C.Jennings left tackle to CLE 40 for no gain (C.Hampton, J.Farrior).","note":null,"players":{"00-0027167":[{"sequence":1,"clubcode":"CLE","playerName":"C.Jennings","statId":10,"yards":0}],"00-0020426":[{"sequence":2,"clubcode":"PIT","playerName":"C.Hampton","statId":80,"yards":0}],"00-0005082":[{"sequence":3,"clubcode":"PIT","playerName":"J.Farrior","statId":82,"yards":0}]}},"2332":{"sp":0,"qtr":3,"down":2,"time":"07:59","yrdln":"CLE 40","ydstogo":10,"ydsnet":32,"posteam":"CLE","desc":"(7:59) (No Huddle) C.Jennings left tackle to CLE 45 for 5 yards (I.Taylor, J.Harrison).","note":null,"players":{"00-0027167":[{"sequence":1,"clubcode":"CLE","playerName":"C.Jennings","statId":10,"yards":5}],"00-0020712":[{"sequence":3,"clubcode":"PIT","playerName":"J.Harrison","statId":82,"yards":0}],"00-0021891":[{"sequence":2,"clubcode":"PIT","playerName":"I.Taylor","statId":80,"yards":0}]}},"2353":{"sp":0,"qtr":3,"down":3,"time":"07:14","yrdln":"CLE 45","ydstogo":5,"ydsnet":32,"posteam":"CLE","desc":"(7:14) (No Huddle, Shotgun) B.Quinn pass incomplete deep right to C.Stuckey.","note":null,"players":{"00-0025622":[{"sequence":3,"clubcode":"CLE","playerName":"C.Stuckey","statId":115,"yards":0}],"00-0025409":[{"sequence":2,"clubcode":"CLE","playerName":"B.Quinn","statId":14,"yards":0},{"sequence":4,"clubcode":"CLE","playerName":"B.Quinn","statId":112,"yards":17}],"0":[{"sequence":1,"clubcode":"CLE","playerName":"","statId":7,"yards":0}]}},"2375":{"sp":0,"qtr":3,"down":4,"time":"07:08","yrdln":"CLE 45","ydstogo":5,"ydsnet":32,"posteam":"CLE","desc":"(7:08) (Punt formation) R.Hodges punts 27 yards to PIT 28, Center-R.Pontbriand, fair catch by S.Logan.","note":"PUNT","players":{"00-0026491":[{"sequence":2,"clubcode":"PIT","playerName":"S.Logan","statId":39,"yards":0}],"00-0023642":[{"sequence":1,"clubcode":"CLE","playerName":"R.Hodges","statId":29,"yards":27}]}}},"fds":2,"result":"Punt","penyds":0,"ydsgained":32,"numplays":7,"postime":"3:21","start":{"qtr":3,"time":"10:22","yrdln":"CLE 13","team":"CLE"},"end":{"qtr":3,"time":"07:01","yrdln":"CLE 45","team":"CLE"}},"15":{"posteam":"PIT","qtr":3,"redzone":true,"plays":{"2394":{"sp":0,"qtr":3,"down":1,"time":"07:01","yrdln":"PIT 28","ydstogo":10,"ydsnet":0,"posteam":"PIT","desc":"(7:01) (Shotgun) B.Roethlisberger pass incomplete short left to H.Ward.","note":null,"players":{"00-0017162":[{"sequence":2,"clubcode":"PIT","playerName":"H.Ward","statId":115,"yards":0}],"00-0022924":[{"sequence":1,"clubcode":"PIT","playerName":"B.Roethlisberger","statId":14,"yards":0},{"sequence":3,"clubcode":"PIT","playerName":"B.Roethlisberger","statId":112,"yards":13}]}},"2416":{"sp":0,"qtr":3,"down":2,"time":"06:53","yrdln":"PIT 28","ydstogo":10,"ydsnet":3,"posteam":"PIT","desc":"(6:53) R.Mendenhall right guard to PIT 31 for 3 yards (K.Wimbley).","note":null,"players":{"00-0024228":[{"sequence":2,"clubcode":"CLE","playerName":"K.Wimbley","statId":79,"yards":0}],"00-0026163":[{"sequence":1,"clubcode":"PIT","playerName":"R.Mendenhall","statId":10,"yards":3}]}},"2437":{"sp":0,"qtr":3,"down":3,"time":"06:04","yrdln":"PIT 31","ydstogo":7,"ydsnet":-8,"posteam":"PIT","desc":"(6:04) (Shotgun) B.Roethlisberger sacked at PIT 20 for -11 yards (D.Bowens).","note":null,"players":{"0":[{"sequence":1,"clubcode":"PIT","playerName":"","statId":7,"yards":0}],"00-0001563":[{"sequence":3,"clubcode":"CLE","playerName":"D.Bowens","statId":83,"yards":-11},{"sequence":4,"clubcode":"CLE","playerName":"D.Bowens","statId":110,"yards":0},{"sequence":5,"clubcode":"CLE","playerName":"D.Bowens","statId":79,"yards":0},{"sequence":6,"clubcode":"CLE","playerName":"D.Bowens","statId":120,"yards":0}],"00-0022924":[{"sequence":2,"clubcode":"PIT","playerName":"B.Roethlisberger","statId":20,"yards":-11}]}},"2456":{"sp":0,"qtr":3,"down":4,"time":"05:40","yrdln":"PIT 20","ydstogo":18,"ydsnet":-8,"posteam":"PIT","desc":"(5:40) D.Sepulveda punts 52 yards to CLE 28, Center-G.Warren. J.Cribbs to CLE 34 for 6 yards (P.Bailey).","note":"PUNT","players":{"00-0025499":[{"sequence":1,"clubcode":"PIT","playerName":"D.Sepulveda","statId":29,"yards":52}],"00-0025833":[{"sequence":3,"clubcode":"PIT","playerName":"P.Bailey","statId":79,"yards":0}],"00-0023176":[{"sequence":2,"clubcode":"CLE","playerName":"J.Cribbs","statId":33,"yards":6}]}}},"fds":0,"result":"Punt","penyds":0,"ydsgained":-8,"numplays":4,"postime":"1:31","start":{"qtr":3,"time":"07:01","yrdln":"PIT 28","team":"PIT"},"end":{"qtr":3,"time":"05:30","yrdln":"PIT 20","team":"PIT"}},"16":{"posteam":"CLE","qtr":3,"redzone":true,"plays":{"2481":{"sp":0,"qtr":3,"down":1,"time":"05:30","yrdln":"CLE 34","ydstogo":10,"ydsnet":3,"posteam":"CLE","desc":"(5:30) C.Jennings left end to CLE 37 for 3 yards (T.Carter).","note":null,"players":{"00-0019537":[{"sequence":2,"clubcode":"PIT","playerName":"T.Carter","statId":79,"yards":0}],"00-0027167":[{"sequence":1,"clubcode":"CLE","playerName":"C.Jennings","statId":10,"yards":3}]}},"2502":{"sp":0,"qtr":3,"down":2,"time":"04:47","yrdln":"CLE 37","ydstogo":7,"ydsnet":4,"posteam":"CLE","desc":"(4:47) (No Huddle, Shotgun) J.Cribbs left guard to CLE 38 for 1 yard (B.Keisel). Direct snap to #16 Cribbs","note":null,"players":{"00-0021344":[{"sequence":2,"clubcode":"PIT","playerName":"B.Keisel","statId":79,"yards":0}],"00-0023176":[{"sequence":1,"clubcode":"CLE","playerName":"J.Cribbs","statId":10,"yards":1}]}},"2527":{"sp":0,"qtr":3,"down":3,"time":"04:07","yrdln":"CLE 38","ydstogo":6,"ydsnet":4,"posteam":"CLE","desc":"(4:07) (No Huddle) B.Quinn pass incomplete deep right to E.Moore.","note":null,"players":{"00-0026123":[{"sequence":3,"clubcode":"CLE","playerName":"E.Moore","statId":115,"yards":0}],"00-0025409":[{"sequence":2,"clubcode":"CLE","playerName":"B.Quinn","statId":14,"yards":0},{"sequence":4,"clubcode":"CLE","playerName":"B.Quinn","statId":112,"yards":18}],"0":[{"sequence":1,"clubcode":"CLE","playerName":"","statId":7,"yards":0}]}},"2549":{"sp":0,"qtr":3,"down":4,"time":"04:02","yrdln":"CLE 38","ydstogo":6,"ydsnet":4,"posteam":"CLE","desc":"(4:02) R.Hodges punts 35 yards to PIT 27, Center-R.Pontbriand, fair catch by S.Holmes.","note":"PUNT","players":{"00-0024240":[{"sequence":2,"clubcode":"PIT","playerName":"S.Holmes","statId":39,"yards":0}],"00-0023642":[{"sequence":1,"clubcode":"CLE","playerName":"R.Hodges","statId":29,"yards":35}]}}},"fds":0,"result":"Punt","penyds":0,"ydsgained":4,"numplays":4,"postime":"1:37","start":{"qtr":3,"time":"05:30","yrdln":"CLE 34","team":"CLE"},"end":{"qtr":3,"time":"03:53","yrdln":"CLE 38","team":"CLE"}},"17":{"posteam":"PIT","qtr":3,"redzone":true,"plays":{"2568":{"sp":0,"qtr":3,"down":1,"time":"03:53","yrdln":"PIT 27","ydstogo":10,"ydsnet":6,"posteam":"PIT","desc":"(3:53) R.Mendenhall left guard to PIT 33 for 6 yards (B.Schaefering, A.Elam).","note":null,"players":{"00-0026084":[{"sequence":2,"clubcode":"CLE","playerName":"B.Schaefering","statId":80,"yards":0}],"00-0023405":[{"sequence":3,"clubcode":"CLE","playerName":"A.Elam","statId":82,"yards":0}],"00-0026163":[{"sequence":1,"clubcode":"PIT","playerName":"R.Mendenhall","statId":10,"yards":6}]}},"2589":{"sp":0,"qtr":3,"down":2,"time":"03:09","yrdln":"PIT 33","ydstogo":4,"ydsnet":28,"posteam":"PIT","desc":"(3:09) (Shotgun) B.Roethlisberger pass short middle to H.Miller to CLE 45 for 22 yards (B.McDonald, A.Elam).","note":null,"players":{"00-0023465":[{"sequence":4,"clubcode":"PIT","playerName":"H.Miller","statId":21,"yards":22},{"sequence":5,"clubcode":"PIT","playerName":"H.Miller","statId":115,"yards":0},{"sequence":6,"clubcode":"PIT","playerName":"H.Miller","statId":113,"yards":18}],"00-0023405":[{"sequence":8,"clubcode":"CLE","playerName":"A.Elam","statId":82,"yards":0}],"00-0025527":[{"sequence":7,"clubcode":"CLE","playerName":"B.McDonald","statId":80,"yards":0}],"0":[{"sequence":1,"clubcode":"PIT","playerName":"","statId":4,"yards":0}],"00-0022924":[{"sequence":2,"clubcode":"PIT","playerName":"B.Roethlisberger","statId":15,"yards":22},{"sequence":3,"clubcode":"PIT","playerName":"B.Roethlisberger","statId":111,"yards":4}]}},"2613":{"sp":0,"qtr":3,"down":1,"time":"02:28","yrdln":"CLE 45","ydstogo":10,"ydsnet":45,"posteam":"PIT","desc":"(2:28) B.Roethlisberger pass short middle to R.Mendenhall to CLE 28 for 17 yards (B.McDonald).","note":null,"players":{"00-0025527":[{"sequence":7,"clubcode":"CLE","playerName":"B.McDonald","statId":79,"yards":0}],"0":[{"sequence":1,"clubcode":"PIT","playerName":"","statId":4,"yards":0}],"00-0026163":[{"sequence":4,"clubcode":"PIT","playerName":"R.Mendenhall","statId":21,"yards":17},{"sequence":5,"clubcode":"PIT","playerName":"R.Mendenhall","statId":115,"yards":0},{"sequence":6,"clubcode":"PIT","playerName":"R.Mendenhall","statId":113,"yards":16}],"00-0022924":[{"sequence":2,"clubcode":"PIT","playerName":"B.Roethlisberger","statId":15,"yards":17},{"sequence":3,"clubcode":"PIT","playerName":"B.Roethlisberger","statId":111,"yards":1}]}},"2637":{"sp":0,"qtr":3,"down":1,"time":"01:41","yrdln":"CLE 28","ydstogo":10,"ydsnet":50,"posteam":"PIT","desc":"(1:41) B.Roethlisberger pass short right to M.Wallace to CLE 23 for 5 yards (B.McDonald).","note":null,"players":{"00-0025527":[{"sequence":6,"clubcode":"CLE","playerName":"B.McDonald","statId":79,"yards":0}],"00-0026901":[{"sequence":3,"clubcode":"PIT","playerName":"M.Wallace","statId":21,"yards":5},{"sequence":4,"clubcode":"PIT","playerName":"M.Wallace","statId":115,"yards":0},{"sequence":5,"clubcode":"PIT","playerName":"M.Wallace","statId":113,"yards":1}],"00-0022924":[{"sequence":1,"clubcode":"PIT","playerName":"B.Roethlisberger","statId":15,"yards":5},{"sequence":2,"clubcode":"PIT","playerName":"B.Roethlisberger","statId":111,"yards":4}]}},"2661":{"sp":0,"qtr":3,"down":2,"time":"00:59","yrdln":"CLE 23","ydstogo":5,"ydsnet":49,"posteam":"PIT","desc":"(:59) (Shotgun) B.Roethlisberger sacked at CLE 24 for -1 yards (B.Schaefering).","note":null,"players":{"00-0026084":[{"sequence":2,"clubcode":"CLE","playerName":"B.Schaefering","statId":83,"yards":-1},{"sequence":3,"clubcode":"CLE","playerName":"B.Schaefering","statId":110,"yards":0},{"sequence":4,"clubcode":"CLE","playerName":"B.Schaefering","statId":79,"yards":0},{"sequence":5,"clubcode":"CLE","playerName":"B.Schaefering","statId":120,"yards":0}],"00-0022924":[{"sequence":1,"clubcode":"PIT","playerName":"B.Roethlisberger","statId":20,"yards":-1}]}},"2680":{"sp":0,"qtr":3,"down":3,"time":"00:17","yrdln":"CLE 24","ydstogo":6,"ydsnet":49,"posteam":"PIT","desc":"(:17) (Shotgun) B.Roethlisberger pass incomplete deep left to H.Ward.","note":null,"players":{"0":[{"sequence":1,"clubcode":"PIT","playerName":"","statId":7,"yards":0}],"00-0017162":[{"sequence":3,"clubcode":"PIT","playerName":"H.Ward","statId":115,"yards":0}],"00-0022924":[{"sequence":2,"clubcode":"PIT","playerName":"B.Roethlisberger","statId":14,"yards":0},{"sequence":4,"clubcode":"PIT","playerName":"B.Roethlisberger","statId":112,"yards":18}]}},"2702":{"sp":1,"qtr":3,"down":4,"time":"00:12","yrdln":"CLE 24","ydstogo":6,"ydsnet":49,"posteam":"PIT","desc":"(:12) J.Reed 42 yard field goal is GOOD, Center-G.Warren, Holder-D.Sepulveda.","note":"FG","players":{"00-0020737":[{"sequence":1,"clubcode":"PIT","playerName":"J.Reed","statId":70,"yards":42}]}}},"fds":2,"result":"Field Goal","penyds":0,"ydsgained":49,"numplays":7,"postime":"3:45","start":{"qtr":3,"time":"03:53","yrdln":"PIT 27","team":"PIT"},"end":{"qtr":3,"time":"00:08","yrdln":"CLE 24","team":"PIT"}},"18":{"posteam":"CLE","qtr":4,"redzone":true,"plays":{"2721":{"sp":0,"qtr":3,"down":0,"time":"00:08","yrdln":"PIT 30","ydstogo":0,"ydsnet":0,"posteam":"PIT","desc":"J.Reed kicks 66 yards from PIT 30 to CLE 4. J.Cribbs to CLE 15 for 11 yards (A.Madison).","note":"KICKOFF","players":{"00-0024095":[{"sequence":4,"clubcode":"PIT","playerName":"A.Madison","statId":79,"yards":0}],"00-0020737":[{"sequence":1,"clubcode":"PIT","playerName":"J.Reed","statId":41,"yards":66},{"sequence":3,"clubcode":"PIT","playerName":"J.Reed","statId":42,"yards":0}],"00-0023176":[{"sequence":2,"clubcode":"CLE","playerName":"J.Cribbs","statId":45,"yards":11}]}},"2743":{"sp":0,"qtr":3,"down":1,"time":"00:03","yrdln":"CLE 15","ydstogo":10,"ydsnet":0,"posteam":"CLE","desc":"(:03) C.Jennings right guard to CLE 15 for no gain (L.Timmons, J.Farrior).","note":null,"players":{"00-0027167":[{"sequence":1,"clubcode":"CLE","playerName":"C.Jennings","statId":10,"yards":0}],"00-0005082":[{"sequence":3,"clubcode":"PIT","playerName":"J.Farrior","statId":82,"yards":0}],"00-0025402":[{"sequence":2,"clubcode":"PIT","playerName":"L.Timmons","statId":80,"yards":0}]}},"2764":{"sp":0,"qtr":3,"down":0,"time":"","yrdln":"","ydstogo":0,"ydsnet":0,"posteam":"","desc":"END QUARTER 3","note":null,"players":{}},"2780":{"sp":0,"qtr":4,"down":2,"time":"15:00","yrdln":"CLE 15","ydstogo":10,"ydsnet":0,"posteam":"CLE","desc":"(15:00) (Shotgun) B.Quinn pass incomplete deep left to C.Stuckey.","note":null,"players":{"00-0025622":[{"sequence":2,"clubcode":"CLE","playerName":"C.Stuckey","statId":115,"yards":0}],"00-0025409":[{"sequence":1,"clubcode":"CLE","playerName":"B.Quinn","statId":14,"yards":0},{"sequence":3,"clubcode":"CLE","playerName":"B.Quinn","statId":112,"yards":19}]}},"2802":{"sp":0,"qtr":4,"down":3,"time":"14:56","yrdln":"CLE 15","ydstogo":10,"ydsnet":9,"posteam":"CLE","desc":"(14:56) (No Huddle, Shotgun) B.Quinn pass short middle to J.Cribbs to CLE 24 for 9 yards (D.Townsend).","note":null,"players":{"00-0025409":[{"sequence":2,"clubcode":"CLE","playerName":"B.Quinn","statId":15,"yards":9},{"sequence":3,"clubcode":"CLE","playerName":"B.Quinn","statId":111,"yards":0}],"00-0016577":[{"sequence":7,"clubcode":"PIT","playerName":"D.Townsend","statId":79,"yards":0}],"0":[{"sequence":1,"clubcode":"CLE","playerName":"","statId":7,"yards":0}],"00-0023176":[{"sequence":4,"clubcode":"CLE","playerName":"J.Cribbs","statId":21,"yards":9},{"sequence":5,"clubcode":"CLE","playerName":"J.Cribbs","statId":115,"yards":0},{"sequence":6,"clubcode":"CLE","playerName":"J.Cribbs","statId":113,"yards":9}]}},"2826":{"sp":0,"qtr":4,"down":4,"time":"14:17","yrdln":"CLE 24","ydstogo":1,"ydsnet":9,"posteam":"CLE","desc":"(14:17) R.Hodges punts 40 yards to PIT 36, Center-R.Pontbriand. S.Holmes to PIT 39 for 3 yards (B.Costanzo).","note":"PUNT","players":{"00-0024240":[{"sequence":2,"clubcode":"PIT","playerName":"S.Holmes","statId":33,"yards":3}],"00-0024129":[{"sequence":3,"clubcode":"CLE","playerName":"B.Costanzo","statId":79,"yards":0}],"00-0023642":[{"sequence":1,"clubcode":"CLE","playerName":"R.Hodges","statId":29,"yards":40}]}}},"fds":0,"result":"Punt","penyds":0,"ydsgained":9,"numplays":6,"postime":"1:03","start":{"qtr":3,"time":"00:08","yrdln":"CLE 15","team":"CLE"},"end":{"qtr":3,"time":"14:05","yrdln":"CLE 24","team":"CLE"}},"19":{"posteam":"PIT","qtr":4,"redzone":true,"plays":{"2851":{"sp":0,"qtr":4,"down":1,"time":"14:05","yrdln":"PIT 39","ydstogo":10,"ydsnet":17,"posteam":"PIT","desc":"(14:05) (Shotgun) B.Roethlisberger pass deep middle to S.Holmes to CLE 44 for 17 yards (E.Wright).","note":null,"players":{"00-0025440":[{"sequence":7,"clubcode":"CLE","playerName":"E.Wright","statId":79,"yards":0}],"00-0024240":[{"sequence":4,"clubcode":"PIT","playerName":"S.Holmes","statId":21,"yards":17},{"sequence":5,"clubcode":"PIT","playerName":"S.Holmes","statId":115,"yards":0},{"sequence":6,"clubcode":"PIT","playerName":"S.Holmes","statId":113,"yards":1}],"0":[{"sequence":1,"clubcode":"PIT","playerName":"","statId":4,"yards":0}],"00-0022924":[{"sequence":2,"clubcode":"PIT","playerName":"B.Roethlisberger","statId":15,"yards":17},{"sequence":3,"clubcode":"PIT","playerName":"B.Roethlisberger","statId":111,"yards":16}]}},"2875":{"sp":0,"qtr":4,"down":1,"time":"13:23","yrdln":"CLE 44","ydstogo":10,"ydsnet":20,"posteam":"PIT","desc":"(13:23) R.Mendenhall left guard to CLE 41 for 3 yards (B.Schaefering, K.Wimbley).","note":null,"players":{"00-0024228":[{"sequence":3,"clubcode":"CLE","playerName":"K.Wimbley","statId":82,"yards":0}],"00-0026084":[{"sequence":2,"clubcode":"CLE","playerName":"B.Schaefering","statId":80,"yards":0}],"00-0026163":[{"sequence":1,"clubcode":"PIT","playerName":"R.Mendenhall","statId":10,"yards":3}]}},"2896":{"sp":0,"qtr":4,"down":2,"time":"12:43","yrdln":"CLE 41","ydstogo":7,"ydsnet":25,"posteam":"PIT","desc":"(12:43) B.Roethlisberger pass incomplete deep left to S.Holmes. PENALTY on CLE-M.Adams, Defensive Holding, 5 yards, enforced at CLE 41 - No Play.","note":"PENALTY","players":{"0":[{"sequence":1,"clubcode":"PIT","playerName":"","statId":5,"yards":0}],"00-0022247":[{"sequence":2,"clubcode":"CLE","playerName":"M.Adams","statId":93,"yards":5}]}},"2929":{"sp":0,"qtr":4,"down":1,"time":"12:35","yrdln":"CLE 36","ydstogo":10,"ydsnet":27,"posteam":"PIT","desc":"(12:35) R.Mendenhall left guard to CLE 34 for 2 yards (B.Schaefering).","note":null,"players":{"00-0026084":[{"sequence":2,"clubcode":"CLE","playerName":"B.Schaefering","statId":79,"yards":0}],"00-0026163":[{"sequence":1,"clubcode":"PIT","playerName":"R.Mendenhall","statId":10,"yards":2}]}},"2950":{"sp":0,"qtr":4,"down":2,"time":"11:55","yrdln":"CLE 34","ydstogo":8,"ydsnet":27,"posteam":"PIT","desc":"(11:55) B.Roethlisberger pass incomplete short right to S.Holmes (B.McDonald).","note":null,"players":{"00-0024240":[{"sequence":2,"clubcode":"PIT","playerName":"S.Holmes","statId":115,"yards":0}],"00-0025527":[{"sequence":3,"clubcode":"CLE","playerName":"B.McDonald","statId":85,"yards":0}],"00-0022924":[{"sequence":1,"clubcode":"PIT","playerName":"B.Roethlisberger","statId":14,"yards":0},{"sequence":4,"clubcode":"PIT","playerName":"B.Roethlisberger","statId":112,"yards":6}]}},"2972":{"sp":0,"qtr":4,"down":3,"time":"11:51","yrdln":"CLE 34","ydstogo":8,"ydsnet":17,"posteam":"PIT","desc":"(11:51) (Shotgun) B.Roethlisberger pass incomplete short right to H.Miller [M.Roth]. PENALTY on PIT-J.Hartwig, Offensive Holding, 10 yards, enforced at CLE 34 - No Play.","note":"PENALTY","players":{"00-0021297":[{"sequence":1,"clubcode":"PIT","playerName":"J.Hartwig","statId":93,"yards":10}]}},"3005":{"sp":0,"qtr":4,"down":3,"time":"11:46","yrdln":"CLE 44","ydstogo":18,"ydsnet":17,"posteam":"PIT","desc":"(11:46) (Shotgun) B.Roethlisberger pass incomplete short middle to R.Mendenhall.","note":null,"players":{"0":[{"sequence":1,"clubcode":"PIT","playerName":"","statId":7,"yards":0}],"00-0026163":[{"sequence":3,"clubcode":"PIT","playerName":"R.Mendenhall","statId":115,"yards":0}],"00-0022924":[{"sequence":2,"clubcode":"PIT","playerName":"B.Roethlisberger","statId":14,"yards":0},{"sequence":4,"clubcode":"PIT","playerName":"B.Roethlisberger","statId":112,"yards":6}]}},"3027":{"sp":0,"qtr":4,"down":4,"time":"11:39","yrdln":"CLE 44","ydstogo":18,"ydsnet":17,"posteam":"PIT","desc":"(11:39) D.Sepulveda punts 30 yards to CLE 14, Center-G.Warren, downed by PIT-R.Boiman.","note":"PUNT","players":{"00-0025499":[{"sequence":1,"clubcode":"PIT","playerName":"D.Sepulveda","statId":29,"yards":30},{"sequence":2,"clubcode":"PIT","playerName":"D.Sepulveda","statId":30,"yards":0}],"0":[{"sequence":3,"clubcode":"CLE","playerName":"","statId":38,"yards":0}]}}},"fds":2,"result":"Punt","penyds":-5,"ydsgained":22,"numplays":8,"postime":"2:31","start":{"qtr":4,"time":"14:05","yrdln":"PIT 39","team":"PIT"},"end":{"qtr":4,"time":"11:34","yrdln":"CLE 44","team":"PIT"}},"20":{"posteam":"CLE","qtr":4,"redzone":true,"plays":{"3046":{"sp":0,"qtr":4,"down":1,"time":"11:34","yrdln":"CLE 14","ydstogo":10,"ydsnet":3,"posteam":"CLE","desc":"(11:34) C.Jennings right tackle to CLE 17 for 3 yards (T.Kirschke).","note":null,"players":{"00-0027167":[{"sequence":1,"clubcode":"CLE","playerName":"C.Jennings","statId":10,"yards":3}],"00-0009305":[{"sequence":2,"clubcode":"PIT","playerName":"T.Kirschke","statId":79,"yards":0}]}},"3067":{"sp":0,"qtr":4,"down":2,"time":"11:01","yrdln":"CLE 17","ydstogo":7,"ydsnet":9,"posteam":"CLE","desc":"(11:01) (No Huddle, Shotgun) J.Cribbs left end ran ob at CLE 23 for 6 yards (T.Carter). Direct snap to #16 Cribbs","note":null,"players":{"00-0019537":[{"sequence":2,"clubcode":"PIT","playerName":"T.Carter","statId":79,"yards":0}],"00-0023176":[{"sequence":1,"clubcode":"CLE","playerName":"J.Cribbs","statId":10,"yards":6}]}},"3097":{"sp":0,"qtr":4,"down":3,"time":"10:41","yrdln":"CLE 23","ydstogo":1,"ydsnet":11,"posteam":"CLE","desc":"(10:41) (No Huddle, Shotgun) J.Cribbs right tackle to CLE 25 for 2 yards (L.Timmons, C.Hoke). Direct snap to #16 Cribbs","note":null,"players":{"00-0019940":[{"sequence":5,"clubcode":"PIT","playerName":"C.Hoke","statId":82,"yards":0}],"00-0025402":[{"sequence":4,"clubcode":"PIT","playerName":"L.Timmons","statId":80,"yards":0}],"0":[{"sequence":1,"clubcode":"CLE","playerName":"","statId":3,"yards":0},{"sequence":2,"clubcode":"CLE","playerName":"","statId":6,"yards":0}],"00-0023176":[{"sequence":3,"clubcode":"CLE","playerName":"J.Cribbs","statId":10,"yards":2}]}},"3122":{"sp":0,"qtr":4,"down":1,"time":"09:59","yrdln":"CLE 25","ydstogo":10,"ydsnet":13,"posteam":"CLE","desc":"(9:59) C.Jennings right guard to CLE 27 for 2 yards (B.Keisel, L.Timmons).","note":null,"players":{"00-0027167":[{"sequence":1,"clubcode":"CLE","playerName":"C.Jennings","statId":10,"yards":2}],"00-0025402":[{"sequence":3,"clubcode":"PIT","playerName":"L.Timmons","statId":82,"yards":0}],"00-0021344":[{"sequence":2,"clubcode":"PIT","playerName":"B.Keisel","statId":80,"yards":0}]}},"3143":{"sp":0,"qtr":4,"down":2,"time":"09:12","yrdln":"CLE 27","ydstogo":8,"ydsnet":10,"posteam":"CLE","desc":"(9:12) C.Jennings right tackle to CLE 24 for -3 yards (W.Gay).","note":null,"players":{"00-0027167":[{"sequence":1,"clubcode":"CLE","playerName":"C.Jennings","statId":10,"yards":-3}],"00-0025557":[{"sequence":3,"clubcode":"PIT","playerName":"W.Gay","statId":79,"yards":0},{"sequence":4,"clubcode":"PIT","playerName":"W.Gay","statId":120,"yards":0}],"0":[{"sequence":2,"clubcode":"CLE","playerName":"","statId":95,"yards":-3}]}},"3164":{"sp":0,"qtr":4,"down":3,"time":"08:27","yrdln":"CLE 24","ydstogo":11,"ydsnet":24,"posteam":"CLE","desc":"(8:27) (Shotgun) J.Cribbs left tackle ran ob at CLE 38 for 14 yards (R.Clark). Direct snap to #16 Cribbs","note":null,"players":{"0":[{"sequence":1,"clubcode":"CLE","playerName":"","statId":3,"yards":0},{"sequence":2,"clubcode":"CLE","playerName":"","statId":6,"yards":0}],"00-0020840":[{"sequence":4,"clubcode":"PIT","playerName":"R.Clark","statId":79,"yards":0}],"00-0023176":[{"sequence":3,"clubcode":"CLE","playerName":"J.Cribbs","statId":10,"yards":14}]}},"3194":{"sp":0,"qtr":4,"down":1,"time":"07:55","yrdln":"CLE 38","ydstogo":10,"ydsnet":25,"posteam":"CLE","desc":"(7:55) C.Jennings right tackle to CLE 39 for 1 yard (L.Woodley).","note":null,"players":{"00-0027167":[{"sequence":1,"clubcode":"CLE","playerName":"C.Jennings","statId":10,"yards":1}],"00-0025433":[{"sequence":2,"clubcode":"PIT","playerName":"L.Woodley","statId":79,"yards":0}]}},"3215":{"sp":0,"qtr":4,"down":2,"time":"07:13","yrdln":"CLE 39","ydstogo":9,"ydsnet":26,"posteam":"CLE","desc":"(7:13) C.Jennings left guard to CLE 40 for 1 yard (T.Carter).","note":null,"players":{"00-0019537":[{"sequence":2,"clubcode":"PIT","playerName":"T.Carter","statId":79,"yards":0}],"00-0027167":[{"sequence":1,"clubcode":"CLE","playerName":"C.Jennings","statId":10,"yards":1}]}},"3236":{"sp":0,"qtr":4,"down":3,"time":"06:29","yrdln":"CLE 40","ydstogo":8,"ydsnet":26,"posteam":"CLE","desc":"(6:29) (No Huddle, Shotgun) B.Quinn pass incomplete deep middle to E.Moore.","note":null,"players":{"00-0026123":[{"sequence":3,"clubcode":"CLE","playerName":"E.Moore","statId":115,"yards":0}],"00-0025409":[{"sequence":2,"clubcode":"CLE","playerName":"B.Quinn","statId":14,"yards":0},{"sequence":4,"clubcode":"CLE","playerName":"B.Quinn","statId":112,"yards":20}],"0":[{"sequence":1,"clubcode":"CLE","playerName":"","statId":7,"yards":0}]}},"3258":{"sp":0,"qtr":4,"down":4,"time":"06:24","yrdln":"CLE 40","ydstogo":8,"ydsnet":26,"posteam":"CLE","desc":"(6:24) R.Hodges punts 39 yards to PIT 21, Center-R.Pontbriand, out of bounds.","note":"PUNT","players":{"0":[{"sequence":2,"clubcode":"PIT","playerName":"","statId":37,"yards":0}],"00-0023642":[{"sequence":1,"clubcode":"CLE","playerName":"R.Hodges","statId":29,"yards":39}]}}},"fds":2,"result":"Punt","penyds":0,"ydsgained":26,"numplays":10,"postime":"5:18","start":{"qtr":4,"time":"11:34","yrdln":"CLE 14","team":"CLE"},"end":{"qtr":4,"time":"06:16","yrdln":"CLE 40","team":"CLE"}},"21":{"posteam":"PIT","qtr":4,"redzone":true,"plays":{"3276":{"sp":0,"qtr":4,"down":1,"time":"06:16","yrdln":"PIT 21","ydstogo":10,"ydsnet":0,"posteam":"PIT","desc":"(6:16) B.Roethlisberger pass incomplete short left to M.Wallace [K.Wimbley].","note":null,"players":{"00-0024228":[{"sequence":3,"clubcode":"CLE","playerName":"K.Wimbley","statId":110,"yards":0}],"00-0026901":[{"sequence":2,"clubcode":"PIT","playerName":"M.Wallace","statId":115,"yards":0}],"00-0022924":[{"sequence":1,"clubcode":"PIT","playerName":"B.Roethlisberger","statId":14,"yards":0},{"sequence":4,"clubcode":"PIT","playerName":"B.Roethlisberger","statId":112,"yards":0}]}},"3298":{"sp":0,"qtr":4,"down":2,"time":"06:09","yrdln":"PIT 21","ydstogo":10,"ydsnet":11,"posteam":"PIT","desc":"(6:09) B.Roethlisberger pass short right to H.Miller to PIT 32 for 11 yards (H.Poteat).","note":null,"players":{"00-0023465":[{"sequence":4,"clubcode":"PIT","playerName":"H.Miller","statId":21,"yards":11},{"sequence":5,"clubcode":"PIT","playerName":"H.Miller","statId":115,"yards":0},{"sequence":6,"clubcode":"PIT","playerName":"H.Miller","statId":113,"yards":14}],"0":[{"sequence":1,"clubcode":"PIT","playerName":"","statId":4,"yards":0}],"00-0019710":[{"sequence":7,"clubcode":"CLE","playerName":"H.Poteat","statId":79,"yards":0}],"00-0022924":[{"sequence":2,"clubcode":"PIT","playerName":"B.Roethlisberger","statId":15,"yards":11},{"sequence":3,"clubcode":"PIT","playerName":"B.Roethlisberger","statId":111,"yards":-3}]}},"3322":{"sp":0,"qtr":4,"down":1,"time":"05:39","yrdln":"PIT 32","ydstogo":10,"ydsnet":14,"posteam":"PIT","desc":"(5:39) R.Mendenhall left tackle to PIT 35 for 3 yards (M.Roth).","note":null,"players":{"00-0023481":[{"sequence":2,"clubcode":"CLE","playerName":"M.Roth","statId":79,"yards":0}],"00-0026163":[{"sequence":1,"clubcode":"PIT","playerName":"R.Mendenhall","statId":10,"yards":3}]}},"3343":{"sp":0,"qtr":4,"down":2,"time":"04:51","yrdln":"PIT 35","ydstogo":7,"ydsnet":20,"posteam":"PIT","desc":"(4:51) (Shotgun) B.Roethlisberger pass short right to M.Wallace to PIT 41 for 6 yards (E.Wright).","note":null,"players":{"00-0025440":[{"sequence":6,"clubcode":"CLE","playerName":"E.Wright","statId":79,"yards":0}],"00-0026901":[{"sequence":3,"clubcode":"PIT","playerName":"M.Wallace","statId":21,"yards":6},{"sequence":4,"clubcode":"PIT","playerName":"M.Wallace","statId":115,"yards":0},{"sequence":5,"clubcode":"PIT","playerName":"M.Wallace","statId":113,"yards":7}],"00-0022924":[{"sequence":1,"clubcode":"PIT","playerName":"B.Roethlisberger","statId":15,"yards":6},{"sequence":2,"clubcode":"PIT","playerName":"B.Roethlisberger","statId":111,"yards":-1}]}},"3367":{"sp":0,"qtr":4,"down":3,"time":"04:18","yrdln":"PIT 41","ydstogo":1,"ydsnet":25,"posteam":"PIT","desc":"(4:18) R.Mendenhall right guard to PIT 46 for 5 yards (M.Benard, M.Adams).","note":null,"players":{"00-0026742":[{"sequence":4,"clubcode":"CLE","playerName":"M.Benard","statId":80,"yards":0}],"0":[{"sequence":1,"clubcode":"PIT","playerName":"","statId":3,"yards":0},{"sequence":2,"clubcode":"PIT","playerName":"","statId":6,"yards":0}],"00-0022247":[{"sequence":5,"clubcode":"CLE","playerName":"M.Adams","statId":82,"yards":0}],"00-0026163":[{"sequence":3,"clubcode":"PIT","playerName":"R.Mendenhall","statId":10,"yards":5}]}},"3388":{"sp":0,"qtr":4,"down":1,"time":"03:38","yrdln":"PIT 46","ydstogo":10,"ydsnet":25,"posteam":"PIT","desc":"(3:38) B.Roethlisberger pass incomplete short right to H.Ward.","note":null,"players":{"00-0017162":[{"sequence":2,"clubcode":"PIT","playerName":"H.Ward","statId":115,"yards":0}],"00-0022924":[{"sequence":1,"clubcode":"PIT","playerName":"B.Roethlisberger","statId":14,"yards":0},{"sequence":3,"clubcode":"PIT","playerName":"B.Roethlisberger","statId":112,"yards":9}]}},"3410":{"sp":0,"qtr":4,"down":2,"time":"03:30","yrdln":"PIT 46","ydstogo":10,"ydsnet":29,"posteam":"PIT","desc":"(3:30) (Shotgun) B.Roethlisberger pass short left to H.Miller to 50 for 4 yards (H.Poteat).","note":null,"players":{"00-0023465":[{"sequence":3,"clubcode":"PIT","playerName":"H.Miller","statId":21,"yards":4},{"sequence":4,"clubcode":"PIT","playerName":"H.Miller","statId":115,"yards":0},{"sequence":5,"clubcode":"PIT","playerName":"H.Miller","statId":113,"yards":0}],"00-0019710":[{"sequence":6,"clubcode":"CLE","playerName":"H.Poteat","statId":79,"yards":0}],"00-0022924":[{"sequence":1,"clubcode":"PIT","playerName":"B.Roethlisberger","statId":15,"yards":4},{"sequence":2,"clubcode":"PIT","playerName":"B.Roethlisberger","statId":111,"yards":4}]}},"3434":{"sp":0,"qtr":4,"down":3,"time":"02:47","yrdln":"50","ydstogo":6,"ydsnet":36,"posteam":"PIT","desc":"(2:47) (Shotgun) B.Roethlisberger pass short middle to H.Ward to CLE 43 for 7 yards (M.Adams).","note":null,"players":{"0":[{"sequence":1,"clubcode":"PIT","playerName":"","statId":4,"yards":0},{"sequence":2,"clubcode":"PIT","playerName":"","statId":6,"yards":0}],"00-0017162":[{"sequence":5,"clubcode":"PIT","playerName":"H.Ward","statId":21,"yards":7},{"sequence":6,"clubcode":"PIT","playerName":"H.Ward","statId":115,"yards":0},{"sequence":7,"clubcode":"PIT","playerName":"H.Ward","statId":113,"yards":0}],"00-0022247":[{"sequence":8,"clubcode":"CLE","playerName":"M.Adams","statId":79,"yards":0}],"00-0022924":[{"sequence":3,"clubcode":"PIT","playerName":"B.Roethlisberger","statId":15,"yards":7},{"sequence":4,"clubcode":"PIT","playerName":"B.Roethlisberger","statId":111,"yards":7}]}},"3458":{"sp":0,"qtr":4,"down":0,"time":"02:40","yrdln":"","ydstogo":0,"ydsnet":36,"posteam":"","desc":"Timeout #1 by PIT at 02:40.","note":"TIMEOUT","players":{"0":[{"sequence":1,"clubcode":"PIT","playerName":"","statId":68,"yards":0}]}},"3475":{"sp":0,"qtr":4,"down":1,"time":"02:40","yrdln":"CLE 43","ydstogo":10,"ydsnet":27,"posteam":"PIT","desc":"(2:40) (Shotgun) B.Roethlisberger sacked at PIT 48 for -9 yards (sack split by K.Maiava and B.Schaefering).","note":null,"players":{"00-0026084":[{"sequence":3,"clubcode":"CLE","playerName":"B.Schaefering","statId":84,"yards":-9},{"sequence":5,"clubcode":"CLE","playerName":"B.Schaefering","statId":110,"yards":0},{"sequence":7,"clubcode":"CLE","playerName":"B.Schaefering","statId":82,"yards":0}],"00-0027074":[{"sequence":2,"clubcode":"CLE","playerName":"K.Maiava","statId":84,"yards":-9},{"sequence":4,"clubcode":"CLE","playerName":"K.Maiava","statId":110,"yards":0},{"sequence":6,"clubcode":"CLE","playerName":"K.Maiava","statId":82,"yards":0}],"00-0022924":[{"sequence":1,"clubcode":"PIT","playerName":"B.Roethlisberger","statId":20,"yards":-9}]}},"3494":{"sp":0,"qtr":4,"down":2,"time":"02:02","yrdln":"PIT 48","ydstogo":19,"ydsnet":27,"posteam":"PIT","desc":"(2:02) (Shotgun) B.Roethlisberger pass incomplete deep middle to H.Miller.","note":null,"players":{"00-0023465":[{"sequence":2,"clubcode":"PIT","playerName":"H.Miller","statId":115,"yards":0}],"00-0022924":[{"sequence":1,"clubcode":"PIT","playerName":"B.Roethlisberger","statId":14,"yards":0},{"sequence":3,"clubcode":"PIT","playerName":"B.Roethlisberger","statId":112,"yards":22}]}},"3516":{"sp":0,"qtr":4,"down":0,"time":"01:55","yrdln":"","ydstogo":0,"ydsnet":27,"posteam":"","desc":"Two-Minute Warning","note":null,"players":{}},"3533":{"sp":0,"qtr":4,"down":3,"time":"01:55","yrdln":"PIT 48","ydstogo":19,"ydsnet":40,"posteam":"PIT","desc":"(1:55) (Shotgun) B.Roethlisberger pass short right to H.Miller to CLE 39 for 13 yards (A.Elam).","note":null,"players":{"00-0023465":[{"sequence":4,"clubcode":"PIT","playerName":"H.Miller","statId":21,"yards":13},{"sequence":5,"clubcode":"PIT","playerName":"H.Miller","statId":115,"yards":0},{"sequence":6,"clubcode":"PIT","playerName":"H.Miller","statId":113,"yards":6}],"00-0023405":[{"sequence":7,"clubcode":"CLE","playerName":"A.Elam","statId":79,"yards":0}],"0":[{"sequence":1,"clubcode":"PIT","playerName":"","statId":7,"yards":0}],"00-0022924":[{"sequence":2,"clubcode":"PIT","playerName":"B.Roethlisberger","statId":15,"yards":13},{"sequence":3,"clubcode":"PIT","playerName":"B.Roethlisberger","statId":111,"yards":7}]}},"3557":{"sp":0,"qtr":4,"down":0,"time":"01:48","yrdln":"","ydstogo":0,"ydsnet":40,"posteam":"","desc":"Timeout #2 by PIT at 01:48.","note":"TIMEOUT","players":{"0":[{"sequence":1,"clubcode":"PIT","playerName":"","statId":68,"yards":0}]}},"3574":{"sp":0,"qtr":4,"down":4,"time":"01:48","yrdln":"CLE 39","ydstogo":6,"ydsnet":40,"posteam":"PIT","desc":"(1:48) (Shotgun) B.Roethlisberger pass incomplete short right to S.Holmes (D.Bowens).","note":null,"players":{"00-0024240":[{"sequence":3,"clubcode":"PIT","playerName":"S.Holmes","statId":115,"yards":0}],"0":[{"sequence":1,"clubcode":"PIT","playerName":"","statId":9,"yards":0}],"00-0001563":[{"sequence":4,"clubcode":"CLE","playerName":"D.Bowens","statId":85,"yards":0}],"00-0022924":[{"sequence":2,"clubcode":"PIT","playerName":"B.Roethlisberger","statId":14,"yards":0},{"sequence":5,"clubcode":"PIT","playerName":"B.Roethlisberger","statId":112,"yards":12}]}}},"fds":3,"result":"Downs","penyds":0,"ydsgained":40,"numplays":15,"postime":"4:33","start":{"qtr":4,"time":"06:16","yrdln":"PIT 21","team":"PIT"},"end":{"qtr":4,"time":"01:43","yrdln":"CLE 39","team":"PIT"}},"22":{"posteam":"CLE","qtr":4,"redzone":true,"plays":{"3596":{"sp":0,"qtr":4,"down":1,"time":"01:43","yrdln":"CLE 39","ydstogo":10,"ydsnet":3,"posteam":"CLE","desc":"(1:43) C.Jennings right guard to CLE 42 for 3 yards (T.Carter).","note":null,"players":{"00-0019537":[{"sequence":2,"clubcode":"PIT","playerName":"T.Carter","statId":79,"yards":0}],"00-0027167":[{"sequence":1,"clubcode":"CLE","playerName":"C.Jennings","statId":10,"yards":3}]}},"3617":{"sp":0,"qtr":4,"down":0,"time":"01:39","yrdln":"","ydstogo":0,"ydsnet":3,"posteam":"","desc":"Timeout #3 by PIT at 01:39.","note":"TIMEOUT","players":{"0":[{"sequence":1,"clubcode":"PIT","playerName":"","statId":68,"yards":0}]}},"3634":{"sp":0,"qtr":4,"down":2,"time":"01:39","yrdln":"CLE 42","ydstogo":7,"ydsnet":4,"posteam":"CLE","desc":"(1:39) C.Jennings right guard to CLE 43 for 1 yard (L.Timmons).","note":null,"players":{"00-0027167":[{"sequence":1,"clubcode":"CLE","playerName":"C.Jennings","statId":10,"yards":1}],"00-0025402":[{"sequence":2,"clubcode":"PIT","playerName":"L.Timmons","statId":79,"yards":0}]}},"3655":{"sp":0,"qtr":4,"down":3,"time":"00:55","yrdln":"CLE 43","ydstogo":6,"ydsnet":5,"posteam":"CLE","desc":"(:55) C.Jennings right tackle to CLE 44 for 1 yard (R.Clark).","note":null,"players":{"00-0027167":[{"sequence":2,"clubcode":"CLE","playerName":"C.Jennings","statId":10,"yards":1}],"0":[{"sequence":1,"clubcode":"CLE","playerName":"","statId":7,"yards":0}],"00-0020840":[{"sequence":3,"clubcode":"PIT","playerName":"R.Clark","statId":79,"yards":0}]}},"3676":{"sp":0,"qtr":4,"down":0,"time":"00:08","yrdln":"","ydstogo":0,"ydsnet":5,"posteam":"","desc":"Timeout #1 by CLE at 00:08.","note":"TIMEOUT","players":{"0":[{"sequence":1,"clubcode":"CLE","playerName":"","statId":68,"yards":0}]}},"3697":{"sp":0,"qtr":4,"down":4,"time":"00:08","yrdln":"CLE 44","ydstogo":5,"ydsnet":5,"posteam":"CLE","desc":"(:08) R.Hodges punts 45 yards to PIT 11, Center-R.Pontbriand. S.Holmes to PIT 14 for 3 yards (A.Harrison).","note":"PUNT","players":{"00-0022998":[{"sequence":4,"clubcode":"CLE","playerName":"A.Harrison","statId":79,"yards":0}],"00-0024240":[{"sequence":2,"clubcode":"PIT","playerName":"S.Holmes","statId":33,"yards":3}],"00-0023642":[{"sequence":1,"clubcode":"CLE","playerName":"R.Hodges","statId":29,"yards":45},{"sequence":3,"clubcode":"CLE","playerName":"R.Hodges","statId":30,"yards":0}]}}},"fds":0,"result":"Punt","penyds":0,"ydsgained":5,"numplays":6,"postime":"1:43","start":{"qtr":4,"time":"01:43","yrdln":"CLE 39","team":"CLE"},"end":{"qtr":4,"time":"00:00","yrdln":"","team":"CLE"}},"crntdrv":22},"scrsummary":{"703":{"type":"FG","desc":"P.Dawson 29 yd. Field Goal Drive: 4 plays, -4 yards in 1:13","qtr":1,"team":"CLE","players":{"P.Dawson":"00-0004091"}},"1385":{"type":"FG","desc":"P.Dawson 29 yd. Field Goal Drive: 7 plays, 36 yards in 2:56","qtr":2,"team":"CLE","players":{"P.Dawson":"00-0004091"}},"1785":{"type":"TD","desc":"C.Jennings 10 yd. run (P.Dawson kick is good) Drive: 8 plays, 74 yards in 3:35","qtr":2,"team":"CLE","players":{"":"0","C.Jennings":"00-0027167","P.Dawson":"00-0004091"}},"2020":{"type":"FG","desc":"J.Reed 27 yd. Field Goal Drive: 6 plays, 58 yards in 0:41","qtr":2,"team":"PIT","players":{"J.Reed":"00-0020737"}},"2702":{"type":"FG","desc":"J.Reed 42 yd. Field Goal Drive: 7 plays, 49 yards in 3:45","qtr":3,"team":"PIT","players":{"J.Reed":"00-0020737"}}},"weather":null,"media":null,"yl":"","qtr":"Final","note":null,"down":0,"togo":0,"redzone":true,"clock":"00:00","posteam":"PIT","stadium":null},"nextupdate":260}