{"2009100407":{"home":{"score":{"1":0,"2":0,"3":16,"4":0,"5":0,"T":16},"abbr":"WAS","to":2,"stats":{"passing":{"00-0023460":{"name":"J.Campbell","att":22,"cmp":12,"yds":170,"tds":2,"ints":3,"twopta":0,"twoptm":0}},"rushing":{"00-0021179":{"name":"C.Portis","att":25,"yds":98,"tds":0,"lng":10,"twopta":0,"twoptm":0},"00-0023460":{"name":"J.Campbell","att":7,"yds":20,"tds":0,"lng":13,"twopta":0,"twoptm":0},"00-0024561":{"name":"M.Mason","att":2,"yds":8,"tds":0,"lng":8,"twopta":0,"twoptm":0},"00-0021184":{"name":"L.Betts","att":1,"yds":-1,"tds":0,"lng":-1,"twopta":0,"twoptm":0}},"receiving":{"00-0022738":{"name":"C.Cooley","rec":5,"yds":65,"tds":1,"lng":17,"twopta":0,"twoptm":0},"00-0021184":{"name":"L.Betts","rec":3,"yds":21,"tds":0,"lng":12,"twopta":0,"twoptm":0},"00-0020494":{"name":"S.Moss","rec":2,"yds":74,"tds":1,"lng":59,"twopta":0,"twoptm":0},"00-0014655":{"name":"M.Sellers","rec":1,"yds":11,"tds":0,"lng":11,"twopta":0,"twoptm":0},"00-0026188":{"name":"F.Davis","rec":1,"yds":-1,"tds":0,"lng":-1,"twopta":0,"twoptm":0}},"fumbles":{"00-0023460":{"name":"J.Campbell","tot":2,"rcv":0,"trcv":0,"yds":-2,"lost":1},"00-0026389":{"name":"C.Horton","tot":0,"rcv":0,"trcv":1,"yds":0,"lost":0}},"kicking":{"00-0023001":{"name":"S.Suisham","fgm":1,"fga":1,"fgyds":42,"totpfg":3,"xpmade":1,"xpmissed":0,"xpa":1,"xpb":1,"xptot":1}},"punting":{"00-0023001":{"name":"S.Suisham","pts":3,"yds":80,"avg":25,"i20":1,"lng":32},"00-0015194":{"name":"H.Smith","pts":1,"yds":47,"avg":42,"i20":0,"lng":47}},"kickret":{"00-0021357":{"name":"R.Cartwright","ret":2,"avg":25,"tds":0,"lng":27}},"puntret":{"00-0021190":{"name":"A.Randle El","ret":2,"avg":5,"tds":0,"lng":11},"00-0020494":{"name":"S.Moss","ret":1,"avg":4,"tds":0,"lng":4}},"defense":{"00-0024387":{"name":"R.Doughty","tkl":8,"ast":1,"sk":0,"int":0,"ffum":0},"00-0005322":{"name":"L.Fletcher","tkl":5,"ast":4,"sk":1,"int":0,"ffum":0},"00-0025393":{"name":"L.Landry","tkl":6,"ast":1,"sk":0,"int":0,"ffum":0},"00-0026989":{"name":"B.Orakpo","tkl":5,"ast":2,"sk":1,"int":0,"ffum":0},"00-0024250":{"name":"R.McIntosh","tkl":4,"ast":2,"sk":0,"int":0,"ffum":0},"00-0026264":{"name":"J.Tryon","tkl":3,"ast":1,"sk":1,"int":0,"ffum":0},"00-0022923":{"name":"D.Hall","tkl":2,"ast":2,"sk":0,"int":1,"ffum":0},"00-0026389":{"name":"C.Horton","tkl":2,"ast":1,"sk":0,"int":0,"ffum":0},"00-0019700":{"name":"C.Griffin","tkl":2,"ast":1,"sk":0,"int":0,"ffum":0},"00-0024410":{"name":"K.Golston","tkl":1,"ast":2,"sk":0,"int":0,"ffum":0},"00-0027159":{"name":"J.Jarmon","tkl":2,"ast":0,"sk":0,"int":0,"ffum":1},"00-0020489":{"name":"A.Carter","tkl":0,"ast":2,"sk":0,"int":0,"ffum":0},"00-0023444":{"name":"C.Rogers","tkl":1,"ast":0,"sk":0,"int":0,"ffum":0},"00-0024517":{"name":"C.Wilson","tkl":1,"ast":0,"sk":0,"int":0,"ffum":0},"00-0023259":{"name":"L.Alexander","tkl":1,"ast":0,"sk":0,"int":0,"ffum":0},"00-0003874":{"name":"P.Daniels","tkl":0,"ast":1,"sk":0,"int":0,"ffum":0}},"team":{"totfd":14,"totyds":277,"pyds":152,"ryds":125,"pen":4,"penyds":40,"trnovr":4,"pt":4,"ptyds":127,"ptavg":30,"top":"28:56"}},"players":null},"away":{"score":{"1":7,"2":3,"3":0,"4":3,"5":0,"T":13},"abbr":"TB","to":1,"stats":{"passing":{"00-0026300":{"name":"J.Johnson","att":22,"cmp":13,"yds":106,"tds":1,"ints":1,"twopta":0,"twoptm":0}},"rushing":{"00-0023440":{"name":"C.Williams","att":16,"yds":77,"tds":0,"lng":17,"twopta":0,"twoptm":0},"00-0026300":{"name":"J.Johnson","att":7,"yds":41,"tds":0,"lng":15,"twopta":0,"twoptm":0},"00-0021755":{"name":"E.Graham","att":5,"yds":8,"tds":0,"lng":3,"twopta":0,"twoptm":0},"00-0026113":{"name":"C.Smith","att":2,"yds":3,"tds":0,"lng":2,"twopta":0,"twoptm":0}},"receiving":{"00-0021191":{"name":"A.Bryant","rec":4,"yds":44,"tds":1,"lng":27,"twopta":0,"twoptm":0},"00-0023440":{"name":"C.Williams","rec":4,"yds":22,"tds":0,"lng":6,"twopta":0,"twoptm":0},"00-0022922":{"name":"K.Winslow","rec":2,"yds":21,"tds":0,"lng":15,"twopta":0,"twoptm":0},"00-0021755":{"name":"E.Graham","rec":2,"yds":9,"tds":0,"lng":5,"twopta":0,"twoptm":0},"00-0026953":{"name":"S.Stroughter","rec":1,"yds":10,"tds":0,"lng":10,"twopta":0,"twoptm":0}},"fumbles":{"00-0026113":{"name":"C.Smith","tot":1,"rcv":0,"trcv":0,"yds":0,"lost":1},"00-0025391":{"name":"G.Adams","tot":0,"rcv":0,"trcv":1,"yds":0,"lost":0}},"kicking":{"00-0023482":{"name":"M.Nugent","fgm":2,"fga":4,"fgyds":37,"totpfg":6,"xpmade":1,"xpmissed":0,"xpa":1,"xpb":0,"xptot":1}},"punting":{"00-0008484":{"name":"D.Johnson","pts":5,"yds":217,"avg":41,"i20":1,"lng":51}},"kickret":{"00-0026113":{"name":"C.Smith","ret":2,"avg":31,"tds":0,"lng":36}},"puntret":{"00-0026113":{"name":"C.Smith","ret":2,"avg":4,"tds":0,"lng":5}},"defense":{"00-0023471":{"name":"B.Ruud","tkl":6,"ast":3,"sk":0,"int":0,"ffum":0},"00-0025455":{"name":"Q.Black","tkl":6,"ast":2,"sk":1,"int":0,"ffum":0},"00-0026315":{"name":"G.Hayes","tkl":4,"ast":3,"sk":0,"int":0,"ffum":0},"00-0025391":{"name":"G.Adams","tkl":4,"ast":1,"sk":1,"int":0,"ffum":0},"00-0021382":{"name":"R.Sims","tkl":4,"ast":1,"sk":0,"int":0,"ffum":0},"00-0026160":{"name":"A.Talib","tkl":4,"ast":0,"sk":0,"int":3,"ffum":0},"00-0025451":{"name":"S.Piscitelli","tkl":3,"ast":1,"sk":0,"int":0,"ffum":0},"00-0025443":{"name":"T.Crowder","tkl":3,"ast":1,"sk":0,"int":0,"ffum":0},"00-0021960":{"name":"J.Wilkerson","tkl":2,"ast":1,"sk":1,"int":0,"ffum":1},"00-0000741":{"name":"R.Barber","tkl":2,"ast":1,"sk":0,"int":0,"ffum":0},"00-0027055":{"name":"R.Miller","tkl":2,"ast":1,"sk":0,"int":0,"ffum":0},"00-0021332":{"name":"S.White","tkl":0,"ast":2,"sk":0,"int":0,"ffum":0},"00-0022900":{"name":"W.Allen","tkl":1,"ast":0,"sk":0,"int":0,"ffum":0},"00-0025902":{"name":"E.Mack","tkl":1,"ast":0,"sk":0,"int":0,"ffum":0},"00-0019696":{"name":"C.Hovan","tkl":0,"ast":1,"sk":0,"int":0,"ffum":0}},"team":{"totfd":12,"totyds":229,"pyds":100,"ryds":129,"pen":5,"penyds":40,"trnovr":2,"pt":5,"ptyds":217,"ptavg":41,"top":"31:04"}},"players":null},"drives":{"1":{"posteam":"WAS","qtr":1,"redzone":true,"plays":{"47":{"sp":0,"qtr":1,"down":0,"time":"15:00","yrdln":"TB 30","ydstogo":0,"ydsnet":0,"posteam":"TB","desc":"M.Nugent kicks 78 yards from TB 30 to WAS -8. R.Cartwright, Touchback.","note":"KICKOFF","players":{"00-0023482":[{"sequence":1,"clubcode":"TB","playerName":"M.Nugent","statId":44,"yards":70}],"0":[{"sequence":2,"clubcode":"WAS","playerName":"","statId":51,"yards":0}]}},"65":{"sp":0,"qtr":1,"down":1,"time":"15:00","yrdln":"WAS 20","ydstogo":10,"ydsnet":4,"posteam":"WAS","desc":"(15:00) C.Portis left guard to WAS 24 for 4 yards (G.Adams).","note":null,"players":{"00-0021179":[{"sequence":1,"clubcode":"WAS","playerName":"C.Portis","statId":10,"yards":4}],"00-0025391":[{"sequence":2,"clubcode":"TB","playerName":"G.Adams","statId":79,"yards":0}]}},"90":{"sp":0,"qtr":1,"down":2,"time":"14:27","yrdln":"WAS 24","ydstogo":6,"ydsnet":0,"posteam":"WAS","desc":"(14:27) J.Campbell sacked at WAS 20 for -4 yards (G.Adams).","note":null,"players":{"00-0023460":[{"sequence":1,"clubcode":"WAS","playerName":"J.Campbell","statId":20,"yards":-4}],"00-0025391":[{"sequence":2,"clubcode":"TB","playerName":"G.Adams","statId":83,"yards":-4},{"sequence":3,"clubcode":"TB","playerName":"G.Adams","statId":110,"yards":0},{"sequence":4,"clubcode":"TB","playerName":"G.Adams","statId":79,"yards":0},{"sequence":5,"clubcode":"TB","playerName":"G.Adams","statId":120,"yards":0}]}},"109":{"sp":0,"qtr":1,"down":3,"time":"13:56","yrdln":"WAS 20","ydstogo":10,"ydsnet":-10,"posteam":"WAS","desc":"(13:56) (Shotgun) J.Campbell sacked at WAS 11 for -9 yards (J.Wilkerson). FUMBLES (J.Wilkerson) [J.Wilkerson], RECOVERED by TB-G.Adams at WAS 10. G.Adams to WAS 10 for no gain (M.Sellers).","note":"FUMBLE","players":{"00-0023460":[{"sequence":2,"clubcode":"WAS","playerName":"J.Campbell","statId":20,"yards":-10},{"sequence":6,"clubcode":"WAS","playerName":"J.Campbell","statId":52,"yards":0},{"sequence":7,"clubcode":"WAS","playerName":"J.Campbell","statId":106,"yards":0}],"00-0021960":[{"sequence":3,"clubcode":"TB","playerName":"J.Wilkerson","statId":83,"yards":-10},{"sequence":4,"clubcode":"TB","playerName":"J.Wilkerson","statId":110,"yards":0},{"sequence":5,"clubcode":"TB","playerName":"J.Wilkerson","statId":79,"yards":0},{"sequence":8,"clubcode":"TB","playerName":"J.Wilkerson","statId":91,"yards":0}],"00-0014655":[{"sequence":10,"clubcode":"WAS","playerName":"M.Sellers","statId":79,"yards":0}],"0":[{"sequence":1,"clubcode":"WAS","playerName":"","statId":7,"yards":0}],"00-0025391":[{"sequence":9,"clubcode":"TB","playerName":"G.Adams","statId":59,"yards":0}]}}},"fds":0,"result":"Fumble","penyds":0,"ydsgained":-10,"numplays":4,"postime":"1:13","start":{"qtr":1,"time":"15:00","yrdln":"WAS 20","team":"WAS"},"end":{"qtr":1,"time":"13:47","yrdln":"WAS 20","team":"WAS"}},"2":{"posteam":"TB","qtr":1,"redzone":true,"plays":{"138":{"sp":0,"qtr":1,"down":1,"time":"13:47","yrdln":"WAS 10","ydstogo":10,"ydsnet":2,"posteam":"TB","desc":"(13:47) C.Williams right end to WAS 8 for 2 yards (D.Hall).","note":null,"players":{"00-0022923":[{"sequence":2,"clubcode":"WAS","playerName":"D.Hall","statId":79,"yards":0}],"00-0023440":[{"sequence":1,"clubcode":"TB","playerName":"C.Williams","statId":10,"yards":2}]}},"159":{"sp":0,"qtr":1,"down":0,"time":"13:06","yrdln":"","ydstogo":0,"ydsnet":2,"posteam":"","desc":"Timeout #1 by TB at 13:06.","note":"TIMEOUT","players":{"0":[{"sequence":1,"clubcode":"TB","playerName":"","statId":68,"yards":0}]}},"176":{"sp":1,"qtr":1,"down":2,"time":"13:06","yrdln":"WAS 8","ydstogo":8,"ydsnet":10,"posteam":"TB","desc":"(13:06) J.Johnson pass short left to A.Bryant for 8 yards, TOUCHDOWN.","note":"TD","players":{"00-0021191":[{"sequence":4,"clubcode":"TB","playerName":"A.Bryant","statId":22,"yards":8},{"sequence":5,"clubcode":"TB","playerName":"A.Bryant","statId":115,"yards":0},{"sequence":6,"clubcode":"TB","playerName":"A.Bryant","statId":113,"yards":0}],"00-0026300":[{"sequence":2,"clubcode":"TB","playerName":"J.Johnson","statId":16,"yards":8},{"sequence":3,"clubcode":"TB","playerName":"J.Johnson","statId":111,"yards":8}],"0":[{"sequence":1,"clubcode":"TB","playerName":"","statId":4,"yards":0}]}},"196":{"sp":1,"qtr":1,"down":0,"time":"13:00","yrdln":"WAS 2","ydstogo":0,"ydsnet":10,"posteam":"TB","desc":"M.Nugent extra point is GOOD, Center-A.Economos, Holder-D.Johnson.","note":"XP","players":{"00-0023482":[{"sequence":1,"clubcode":"TB","playerName":"M.Nugent","statId":72,"yards":0}]}}},"fds":1,"result":"Touchdown","penyds":0,"ydsgained":10,"numplays":4,"postime":"0:47","start":{"qtr":1,"time":"13:47","yrdln":"WAS 10","team":"TB"},"end":{"qtr":1,"time":"13:00","yrdln":"WAS 8","team":"TB"}},"3":{"posteam":"WAS","qtr":1,"redzone":true,"plays":{"212":{"sp":0,"qtr":1,"down":0,"time":"13:00","yrdln":"TB 30","ydstogo":0,"ydsnet":0,"posteam":"TB","desc":"M.Nugent kicks 73 yards from TB 30 to WAS -3. R.Cartwright pushed ob at WAS 24 for 27 yards (M.Stovall).","note":"KICKOFF","players":{"00-0023482":[{"sequence":1,"clubcode":"TB","playerName":"M.Nugent","statId":43,"yards":73}],"00-0021357":[{"sequence":2,"clubcode":"WAS","playerName":"R.Cartwright","statId":45,"yards":27}],"00-0024305":[{"sequence":3,"clubcode":"TB","playerName":"M.Stovall","statId":79,"yards":0}]}},"234":{"sp":0,"qtr":1,"down":1,"time":"12:54","yrdln":"WAS 24","ydstogo":10,"ydsnet":4,"posteam":"WAS","desc":"(12:54) C.Portis left tackle to WAS 28 for 4 yards (R.Barber, G.Adams).","note":null,"players":{"00-0021179":[{"sequence":1,"clubcode":"WAS","playerName":"C.Portis","statId":10,"yards":4}],"00-0000741":[{"sequence":2,"clubcode":"TB","playerName":"R.Barber","statId":80,"yards":0}],"00-0025391":[{"sequence":3,"clubcode":"TB","playerName":"G.Adams","statId":82,"yards":0}]}},"255":{"sp":0,"qtr":1,"down":2,"time":"12:15","yrdln":"WAS 28","ydstogo":6,"ydsnet":3,"posteam":"WAS","desc":"(12:15) (Shotgun) L.Betts left end to WAS 27 for -1 yards (G.Hayes).","note":null,"players":{"00-0021184":[{"sequence":1,"clubcode":"WAS","playerName":"L.Betts","statId":10,"yards":-1}],"0":[{"sequence":2,"clubcode":"WAS","playerName":"","statId":95,"yards":-1}],"00-0026315":[{"sequence":3,"clubcode":"TB","playerName":"G.Hayes","statId":79,"yards":0},{"sequence":4,"clubcode":"TB","playerName":"G.Hayes","statId":120,"yards":0}]}},"276":{"sp":0,"qtr":1,"down":3,"time":"11:37","yrdln":"WAS 27","ydstogo":7,"ydsnet":3,"posteam":"WAS","desc":"(11:37) (Shotgun) J.Campbell pass incomplete short middle to C.Cooley (G.Adams).","note":null,"players":{"00-0023460":[{"sequence":2,"clubcode":"WAS","playerName":"J.Campbell","statId":14,"yards":0},{"sequence":5,"clubcode":"WAS","playerName":"J.Campbell","statId":112,"yards":13}],"00-0022738":[{"sequence":3,"clubcode":"WAS","playerName":"C.Cooley","statId":115,"yards":0}],"0":[{"sequence":1,"clubcode":"WAS","playerName":"","statId":7,"yards":0}],"00-0025391":[{"sequence":4,"clubcode":"TB","playerName":"G.Adams","statId":85,"yards":0}]}},"298":{"sp":0,"qtr":1,"down":4,"time":"11:32","yrdln":"WAS 27","ydstogo":7,"ydsnet":3,"posteam":"WAS","desc":"(11:32) H.Smith punts 47 yards to TB 26, Center-E.Albright. C.Smith to TB 31 for 5 yards (R.Doughty, M.Sellers).","note":"PUNT","players":{"00-0014655":[{"sequence":4,"clubcode":"WAS","playerName":"M.Sellers","statId":82,"yards":0}],"00-0026113":[{"sequence":2,"clubcode":"TB","playerName":"C.Smith","statId":33,"yards":5}],"00-0024387":[{"sequence":3,"clubcode":"WAS","playerName":"R.Doughty","statId":80,"yards":0}],"00-0015194":[{"sequence":1,"clubcode":"WAS","playerName":"H.Smith","statId":29,"yards":47}]}}},"fds":0,"result":"Punt","penyds":0,"ydsgained":3,"numplays":5,"postime":"1:39","start":{"qtr":1,"time":"13:00","yrdln":"WAS 24","team":"WAS"},"end":{"qtr":1,"time":"11:21","yrdln":"WAS 27","team":"WAS"}},"4":{"posteam":"TB","qtr":1,"redzone":true,"plays":{"323":{"sp":0,"qtr":1,"down":1,"time":"11:21","yrdln":"TB 31","ydstogo":10,"ydsnet":15,"posteam":"TB","desc":"(11:21) C.Williams right guard to TB 46 for 15 yards (R.Doughty, B.Orakpo).","note":null,"players":{"00-0026989":[{"sequence":4,"clubcode":"WAS","playerName":"B.Orakpo","statId":82,"yards":0}],"00-0024387":[{"sequence":3,"clubcode":"WAS","playerName":"R.Doughty","statId":80,"yards":0}],"0":[{"sequence":1,"clubcode":"TB","playerName":"","statId":3,"yards":0}],"00-0023440":[{"sequence":2,"clubcode":"TB","playerName":"C.Williams","statId":10,"yards":15}]}},"344":{"sp":0,"qtr":1,"down":1,"time":"10:42","yrdln":"TB 46","ydstogo":10,"ydsnet":19,"posteam":"TB","desc":"(10:42) J.Johnson scrambles up the middle to 50 for 4 yards (C.Rogers).","note":null,"players":{"00-0023444":[{"sequence":2,"clubcode":"WAS","playerName":"C.Rogers","statId":79,"yards":0}],"00-0026300":[{"sequence":1,"clubcode":"TB","playerName":"J.Johnson","statId":10,"yards":4}]}},"365":{"sp":0,"qtr":1,"down":2,"time":"10:06","yrdln":"50","ydstogo":6,"ydsnet":9,"posteam":"TB","desc":"(10:06) J.Johnson scrambles right tackle to WAS 46 for 4 yards (B.Orakpo). PENALTY on TB-J.Stevens, Offensive Holding, 10 yards, enforced at 50 - No Play.","note":"PENALTY","players":{"00-0021159":[{"sequence":1,"clubcode":"TB","playerName":"J.Stevens","statId":93,"yards":10}]}},"397":{"sp":0,"qtr":1,"down":2,"time":"09:39","yrdln":"TB 40","ydstogo":16,"ydsnet":12,"posteam":"TB","desc":"(9:39) (Shotgun) C.Williams left tackle to TB 43 for 3 yards (K.Golston, A.Carter).","note":null,"players":{"00-0024410":[{"sequence":2,"clubcode":"WAS","playerName":"K.Golston","statId":80,"yards":0}],"00-0020489":[{"sequence":3,"clubcode":"WAS","playerName":"A.Carter","statId":82,"yards":0}],"00-0023440":[{"sequence":1,"clubcode":"TB","playerName":"C.Williams","statId":10,"yards":3}]}},"418":{"sp":0,"qtr":1,"down":3,"time":"08:55","yrdln":"TB 43","ydstogo":13,"ydsnet":18,"posteam":"TB","desc":"(8:55) (Shotgun) J.Johnson pass short left to C.Williams to TB 49 for 6 yards (R.Doughty).","note":null,"players":{"00-0024387":[{"sequence":7,"clubcode":"WAS","playerName":"R.Doughty","statId":79,"yards":0}],"00-0026300":[{"sequence":2,"clubcode":"TB","playerName":"J.Johnson","statId":15,"yards":6},{"sequence":3,"clubcode":"TB","playerName":"J.Johnson","statId":111,"yards":4}],"0":[{"sequence":1,"clubcode":"TB","playerName":"","statId":7,"yards":0}],"00-0023440":[{"sequence":4,"clubcode":"TB","playerName":"C.Williams","statId":21,"yards":6},{"sequence":5,"clubcode":"TB","playerName":"C.Williams","statId":115,"yards":0},{"sequence":6,"clubcode":"TB","playerName":"C.Williams","statId":113,"yards":2}]}},"442":{"sp":0,"qtr":1,"down":4,"time":"08:22","yrdln":"TB 49","ydstogo":7,"ydsnet":18,"posteam":"TB","desc":"(8:22) D.Johnson punts 45 yards to WAS 6, Center-A.Economos. A.Randle El to WAS 5 for -1 yards (N.Koutouvides).","note":"PUNT","players":{"00-0008484":[{"sequence":1,"clubcode":"TB","playerName":"D.Johnson","statId":29,"yards":45},{"sequence":3,"clubcode":"TB","playerName":"D.Johnson","statId":30,"yards":0}],"00-0022710":[{"sequence":4,"clubcode":"TB","playerName":"N.Koutouvides","statId":79,"yards":0}],"00-0021190":[{"sequence":2,"clubcode":"WAS","playerName":"A.Randle El","statId":33,"yards":-1}]}}},"fds":1,"result":"Punt","penyds":-10,"ydsgained":28,"numplays":6,"postime":"3:11","start":{"qtr":1,"time":"11:21","yrdln":"TB 31","team":"TB"},"end":{"qtr":1,"time":"08:10","yrdln":"TB 49","team":"TB"}},"5":{"posteam":"WAS","qtr":1,"redzone":true,"plays":{"467":{"sp":0,"qtr":1,"down":1,"time":"08:10","yrdln":"WAS 5","ydstogo":10,"ydsnet":5,"posteam":"WAS","desc":"(8:10) C.Portis right end to WAS 10 for 5 yards (A.Talib).","note":null,"players":{"00-0021179":[{"sequence":1,"clubcode":"WAS","playerName":"C.Portis","statId":10,"yards":5}],"00-0026160":[{"sequence":2,"clubcode":"TB","playerName":"A.Talib","statId":79,"yards":0}]}},"488":{"sp":0,"qtr":1,"down":2,"time":"07:33","yrdln":"WAS 10","ydstogo":5,"ydsnet":6,"posteam":"WAS","desc":"(7:33) C.Portis left tackle to WAS 11 for 1 yard (R.Sims).","note":null,"players":{"00-0021179":[{"sequence":1,"clubcode":"WAS","playerName":"C.Portis","statId":10,"yards":1}],"00-0021382":[{"sequence":2,"clubcode":"TB","playerName":"R.Sims","statId":79,"yards":0}]}},"509":{"sp":0,"qtr":1,"down":3,"time":"06:54","yrdln":"WAS 11","ydstogo":4,"ydsnet":11,"posteam":"WAS","desc":"(6:54) (Shotgun) J.Campbell pass short left to L.Betts pushed ob at WAS 16 for 5 yards (E.Mack).","note":null,"players":{"00-0023460":[{"sequence":3,"clubcode":"WAS","playerName":"J.Campbell","statId":15,"yards":5},{"sequence":4,"clubcode":"WAS","playerName":"J.Campbell","statId":111,"yards":3}],"00-0021184":[{"sequence":5,"clubcode":"WAS","playerName":"L.Betts","statId":21,"yards":5},{"sequence":6,"clubcode":"WAS","playerName":"L.Betts","statId":115,"yards":0},{"sequence":7,"clubcode":"WAS","playerName":"L.Betts","statId":113,"yards":2}],"0":[{"sequence":1,"clubcode":"WAS","playerName":"","statId":4,"yards":0},{"sequence":2,"clubcode":"WAS","playerName":"","statId":6,"yards":0}],"00-0025902":[{"sequence":8,"clubcode":"TB","playerName":"E.Mack","statId":79,"yards":0}]}},"533":{"sp":0,"qtr":1,"down":1,"time":"06:31","yrdln":"WAS 16","ydstogo":10,"ydsnet":10,"posteam":"WAS","desc":"(6:31) C.Portis right end to WAS 15 for -1 yards (G.Hayes).","note":null,"players":{"00-0021179":[{"sequence":1,"clubcode":"WAS","playerName":"C.Portis","statId":10,"yards":-1}],"0":[{"sequence":2,"clubcode":"WAS","playerName":"","statId":95,"yards":-1}],"00-0026315":[{"sequence":3,"clubcode":"TB","playerName":"G.Hayes","statId":79,"yards":0},{"sequence":4,"clubcode":"TB","playerName":"G.Hayes","statId":120,"yards":0}]}},"554":{"sp":0,"qtr":1,"down":2,"time":"05:54","yrdln":"WAS 15","ydstogo":11,"ydsnet":8,"posteam":"WAS","desc":"(5:54) J.Campbell FUMBLES (Aborted) at WAS 13, ball out of bounds at WAS 13. Campbell attempted backward pass to Portis near sideline","note":"FUMBLE","players":{"00-0023460":[{"sequence":1,"clubcode":"WAS","playerName":"J.Campbell","statId":10,"yards":0},{"sequence":2,"clubcode":"WAS","playerName":"J.Campbell","statId":57,"yards":-2},{"sequence":3,"clubcode":"WAS","playerName":"J.Campbell","statId":53,"yards":0},{"sequence":4,"clubcode":"WAS","playerName":"J.Campbell","statId":54,"yards":0}]}},"575":{"sp":0,"qtr":1,"down":0,"time":"05:24","yrdln":"","ydstogo":0,"ydsnet":8,"posteam":"","desc":"Timeout #2 by TB at 05:24.","note":"TIMEOUT","players":{"0":[{"sequence":1,"clubcode":"TB","playerName":"","statId":68,"yards":0}]}},"592":{"sp":0,"qtr":1,"down":3,"time":"05:24","yrdln":"WAS 13","ydstogo":13,"ydsnet":8,"posteam":"WAS","desc":"(5:24) (Shotgun) J.Campbell pass incomplete short middle to C.Cooley.","note":null,"players":{"00-0023460":[{"sequence":2,"clubcode":"WAS","playerName":"J.Campbell","statId":14,"yards":0},{"sequence":4,"clubcode":"WAS","playerName":"J.Campbell","statId":112,"yards":12}],"00-0022738":[{"sequence":3,"clubcode":"WAS","playerName":"C.Cooley","statId":115,"yards":0}],"0":[{"sequence":1,"clubcode":"WAS","playerName":"","statId":7,"yards":0}]}},"614":{"sp":0,"qtr":1,"down":4,"time":"05:19","yrdln":"WAS 13","ydstogo":13,"ydsnet":8,"posteam":"WAS","desc":"(5:19) S.Suisham punts 31 yards to WAS 44, Center-E.Albright. C.Smith ran ob at WAS 40 for 4 yards.","note":"PUNT","players":{"00-0023001":[{"sequence":1,"clubcode":"WAS","playerName":"S.Suisham","statId":29,"yards":31}],"00-0026113":[{"sequence":2,"clubcode":"TB","playerName":"C.Smith","statId":33,"yards":4}]}}},"fds":1,"result":"Punt","penyds":0,"ydsgained":8,"numplays":8,"postime":"3:00","start":{"qtr":1,"time":"08:10","yrdln":"WAS 5","team":"WAS"},"end":{"qtr":1,"time":"05:10","yrdln":"WAS 13","team":"WAS"}},"6":{"posteam":"TB","qtr":1,"redzone":true,"plays":{"643":{"sp":0,"qtr":1,"down":1,"time":"05:10","yrdln":"WAS 40","ydstogo":10,"ydsnet":13,"posteam":"TB","desc":"(5:10) C.Williams left tackle to WAS 31 for 9 yards (L.Landry).","note":null,"players":{"00-0025393":[{"sequence":2,"clubcode":"WAS","playerName":"L.Landry","statId":79,"yards":0}],"00-0023440":[{"sequence":1,"clubcode":"TB","playerName":"C.Williams","statId":10,"yards":9}]}},"664":{"sp":0,"qtr":1,"down":2,"time":"04:26","yrdln":"WAS 31","ydstogo":1,"ydsnet":13,"posteam":"TB","desc":"(4:26) C.Williams left guard to WAS 27 for 4 yards (L.Fletcher).","note":null,"players":{"00-0005322":[{"sequence":3,"clubcode":"WAS","playerName":"L.Fletcher","statId":79,"yards":0}],"0":[{"sequence":1,"clubcode":"TB","playerName":"","statId":3,"yards":0}],"00-0023440":[{"sequence":2,"clubcode":"TB","playerName":"C.Williams","statId":10,"yards":4}]}},"685":{"sp":0,"qtr":1,"down":1,"time":"03:49","yrdln":"WAS 27","ydstogo":10,"ydsnet":14,"posteam":"TB","desc":"(3:49) (Shotgun) C.Williams up the middle to WAS 26 for 1 yard (L.Landry).","note":null,"players":{"00-0025393":[{"sequence":2,"clubcode":"WAS","playerName":"L.Landry","statId":79,"yards":0}],"00-0023440":[{"sequence":1,"clubcode":"TB","playerName":"C.Williams","statId":10,"yards":1}]}},"706":{"sp":0,"qtr":1,"down":2,"time":"03:08","yrdln":"WAS 26","ydstogo":9,"ydsnet":14,"posteam":"TB","desc":"(3:08) J.Johnson pass incomplete short left to M.Clayton (C.Rogers).","note":null,"players":{"00-0023444":[{"sequence":3,"clubcode":"WAS","playerName":"C.Rogers","statId":85,"yards":0}],"00-0026300":[{"sequence":1,"clubcode":"TB","playerName":"J.Johnson","statId":14,"yards":0},{"sequence":4,"clubcode":"TB","playerName":"J.Johnson","statId":112,"yards":-2}],"00-0022725":[{"sequence":2,"clubcode":"TB","playerName":"M.Clayton","statId":115,"yards":0}]}},"728":{"sp":0,"qtr":1,"down":3,"time":"03:05","yrdln":"WAS 26","ydstogo":9,"ydsnet":9,"posteam":"TB","desc":"(3:05) (Shotgun) PENALTY on TB-J.Johnson, Delay of Game, 5 yards, enforced at WAS 26 - No Play.","note":"PENALTY","players":{"00-0026300":[{"sequence":1,"clubcode":"TB","playerName":"J.Johnson","statId":93,"yards":5}]}},"751":{"sp":0,"qtr":1,"down":3,"time":"03:05","yrdln":"WAS 31","ydstogo":14,"ydsnet":9,"posteam":"TB","desc":"(3:05) (Shotgun) J.Johnson pass incomplete short middle to E.Graham (A.Haynesworth).","note":null,"players":{"00-0021755":[{"sequence":3,"clubcode":"TB","playerName":"E.Graham","statId":115,"yards":0}],"00-0026300":[{"sequence":2,"clubcode":"TB","playerName":"J.Johnson","statId":14,"yards":0},{"sequence":5,"clubcode":"TB","playerName":"J.Johnson","statId":112,"yards":-3}],"0":[{"sequence":1,"clubcode":"TB","playerName":"","statId":7,"yards":0}],"00-0021149":[{"sequence":4,"clubcode":"WAS","playerName":"A.Haynesworth","statId":85,"yards":0}]}},"773":{"sp":0,"qtr":1,"down":4,"time":"03:01","yrdln":"WAS 31","ydstogo":14,"ydsnet":9,"posteam":"TB","desc":"(3:01) M.Nugent 49 yard field goal is No Good, Hit Right Upright, Center-A.Economos, Holder-D.Johnson.","note":"FGM","players":{"00-0023482":[{"sequence":1,"clubcode":"TB","playerName":"M.Nugent","statId":69,"yards":49}]}}},"fds":1,"result":"Missed FG","penyds":-5,"ydsgained":14,"numplays":7,"postime":"2:15","start":{"qtr":1,"time":"05:10","yrdln":"WAS 40","team":"TB"},"end":{"qtr":1,"time":"02:55","yrdln":"WAS 31","team":"TB"}},"7":{"posteam":"WAS","qtr":1,"redzone":true,"plays":{"794":{"sp":0,"qtr":1,"down":1,"time":"02:55","yrdln":"WAS 40","ydstogo":10,"ydsnet":17,"posteam":"WAS","desc":"(2:55) J.Campbell pass short middle to C.Cooley to TB 43 for 17 yards (B.Ruud, S.Piscitelli).","note":null,"players":{"00-0023460":[{"sequence":2,"clubcode":"WAS","playerName":"J.Campbell","statId":15,"yards":17},{"sequence":3,"clubcode":"WAS","playerName":"J.Campbell","statId":111,"yards":8}],"00-0023471":[{"sequence":7,"clubcode":"TB","playerName":"B.Ruud","statId":80,"yards":0}],"00-0025451":[{"sequence":8,"clubcode":"TB","playerName":"S.Piscitelli","statId":82,"yards":0}],"00-0022738":[{"sequence":4,"clubcode":"WAS","playerName":"C.Cooley","statId":21,"yards":17},{"sequence":5,"clubcode":"WAS","playerName":"C.Cooley","statId":115,"yards":0},{"sequence":6,"clubcode":"WAS","playerName":"C.Cooley","statId":113,"yards":9}],"0":[{"sequence":1,"clubcode":"WAS","playerName":"","statId":4,"yards":0}]}},"818":{"sp":0,"qtr":1,"down":1,"time":"02:22","yrdln":"TB 43","ydstogo":10,"ydsnet":19,"posteam":"WAS","desc":"(2:22) C.Portis right end to TB 41 for 2 yards (T.Crowder).","note":null,"players":{"00-0021179":[{"sequence":1,"clubcode":"WAS","playerName":"C.Portis","statId":10,"yards":2}],"00-0025443":[{"sequence":2,"clubcode":"TB","playerName":"T.Crowder","statId":79,"yards":0}]}},"839":{"sp":0,"qtr":1,"down":2,"time":"01:49","yrdln":"TB 41","ydstogo":8,"ydsnet":23,"posteam":"WAS","desc":"(1:49) C.Portis up the middle to TB 37 for 4 yards (S.White; Q.Black).","note":null,"players":{"00-0021179":[{"sequence":1,"clubcode":"WAS","playerName":"C.Portis","statId":10,"yards":4}],"00-0021332":[{"sequence":2,"clubcode":"TB","playerName":"S.White","statId":82,"yards":0}],"00-0025455":[{"sequence":3,"clubcode":"TB","playerName":"Q.Black","statId":82,"yards":0}]}},"860":{"sp":0,"qtr":1,"down":3,"time":"01:12","yrdln":"TB 37","ydstogo":4,"ydsnet":23,"posteam":"WAS","desc":"(1:12) (Shotgun) J.Campbell pass incomplete short middle to A.Randle El (W.Allen).","note":null,"players":{"00-0023460":[{"sequence":2,"clubcode":"WAS","playerName":"J.Campbell","statId":14,"yards":0},{"sequence":5,"clubcode":"WAS","playerName":"J.Campbell","statId":112,"yards":8}],"00-0021190":[{"sequence":3,"clubcode":"WAS","playerName":"A.Randle El","statId":115,"yards":0}],"0":[{"sequence":1,"clubcode":"WAS","playerName":"","statId":7,"yards":0}],"00-0022900":[{"sequence":4,"clubcode":"TB","playerName":"W.Allen","statId":85,"yards":0}]}},"882":{"sp":0,"qtr":1,"down":4,"time":"01:07","yrdln":"TB 37","ydstogo":4,"ydsnet":23,"posteam":"WAS","desc":"(1:07) (Shotgun) J.Campbell pass short middle intended for M.Kelly INTERCEPTED by A.Talib (R.Barber) at TB 30. A.Talib to TB 46 for 16 yards (L.Betts).","note":"INT","players":{"00-0023460":[{"sequence":2,"clubcode":"WAS","playerName":"J.Campbell","statId":19,"yards":0},{"sequence":5,"clubcode":"WAS","playerName":"J.Campbell","statId":112,"yards":7}],"00-0021184":[{"sequence":8,"clubcode":"WAS","playerName":"L.Betts","statId":79,"yards":0}],"00-0026191":[{"sequence":3,"clubcode":"WAS","playerName":"M.Kelly","statId":115,"yards":0}],"0":[{"sequence":1,"clubcode":"WAS","playerName":"","statId":9,"yards":0}],"00-0026160":[{"sequence":6,"clubcode":"TB","playerName":"A.Talib","statId":25,"yards":16},{"sequence":7,"clubcode":"TB","playerName":"A.Talib","statId":85,"yards":0}],"00-0000741":[{"sequence":4,"clubcode":"TB","playerName":"R.Barber","statId":85,"yards":0}]}}},"fds":1,"result":"Interception","penyds":0,"ydsgained":23,"numplays":5,"postime":"2:00","start":{"qtr":1,"time":"02:55","yrdln":"WAS 40","team":"WAS"},"end":{"qtr":1,"time":"00:55","yrdln":"TB 37","team":"WAS"}},"8":{"posteam":"TB","qtr":2,"redzone":true,"plays":{"908":{"sp":0,"qtr":1,"down":1,"time":"00:55","yrdln":"TB 46","ydstogo":10,"ydsnet":4,"posteam":"TB","desc":"(:55) C.Williams left guard to 50 for 4 yards (B.Orakpo, A.Carter).","note":null,"players":{"00-0026989":[{"sequence":2,"clubcode":"WAS","playerName":"B.Orakpo","statId":80,"yards":0}],"00-0020489":[{"sequence":3,"clubcode":"WAS","playerName":"A.Carter","statId":82,"yards":0}],"00-0023440":[{"sequence":1,"clubcode":"TB","playerName":"C.Williams","statId":10,"yards":4}]}},"929":{"sp":0,"qtr":1,"down":2,"time":"00:22","yrdln":"50","ydstogo":6,"ydsnet":-6,"posteam":"TB","desc":"(:22) J.Johnson scrambles right end pushed ob at WAS 43 for 7 yards (B.Orakpo). PENALTY on TB-D.Joseph, Offensive Holding, 10 yards, enforced at 50 - No Play.","note":"PENALTY","players":{"00-0024238":[{"sequence":1,"clubcode":"TB","playerName":"D.Joseph","statId":93,"yards":10}]}},"961":{"sp":0,"qtr":1,"down":0,"time":"","yrdln":"","ydstogo":0,"ydsnet":-6,"posteam":"","desc":"END QUARTER 1","note":null,"players":{}},"977":{"sp":0,"qtr":2,"down":2,"time":"15:00","yrdln":"TB 40","ydstogo":16,"ydsnet":-1,"posteam":"TB","desc":"(15:00) J.Johnson pass short left to E.Graham to TB 45 for 5 yards (R.Doughty, B.Orakpo).","note":null,"players":{"00-0026989":[{"sequence":7,"clubcode":"WAS","playerName":"B.Orakpo","statId":82,"yards":0}],"00-0021755":[{"sequence":3,"clubcode":"TB","playerName":"E.Graham","statId":21,"yards":5},{"sequence":4,"clubcode":"TB","playerName":"E.Graham","statId":115,"yards":0},{"sequence":5,"clubcode":"TB","playerName":"E.Graham","statId":113,"yards":8}],"00-0024387":[{"sequence":6,"clubcode":"WAS","playerName":"R.Doughty","statId":80,"yards":0}],"00-0026300":[{"sequence":1,"clubcode":"TB","playerName":"J.Johnson","statId":15,"yards":5},{"sequence":2,"clubcode":"TB","playerName":"J.Johnson","statId":111,"yards":-3}]}},"1001":{"sp":0,"qtr":2,"down":3,"time":"14:17","yrdln":"TB 45","ydstogo":11,"ydsnet":-5,"posteam":"TB","desc":"(14:17) (Shotgun) J.Johnson sacked at TB 41 for -4 yards (J.Tryon).","note":null,"players":{"00-0026264":[{"sequence":3,"clubcode":"WAS","playerName":"J.Tryon","statId":83,"yards":-4},{"sequence":4,"clubcode":"WAS","playerName":"J.Tryon","statId":110,"yards":0},{"sequence":5,"clubcode":"WAS","playerName":"J.Tryon","statId":79,"yards":0},{"sequence":6,"clubcode":"WAS","playerName":"J.Tryon","statId":120,"yards":0}],"00-0026300":[{"sequence":2,"clubcode":"TB","playerName":"J.Johnson","statId":20,"yards":-4}],"0":[{"sequence":1,"clubcode":"TB","playerName":"","statId":7,"yards":0}]}},"1044":{"sp":0,"qtr":2,"down":4,"time":"13:41","yrdln":"TB 41","ydstogo":15,"ydsnet":-5,"posteam":"TB","desc":"(13:41) D.Johnson punts 46 yards to WAS 13, Center-A.Economos. A.Randle El to WAS 24 for 11 yards (M.Stovall).","note":"PUNT","players":{"00-0008484":[{"sequence":1,"clubcode":"TB","playerName":"D.Johnson","statId":29,"yards":46}],"00-0024305":[{"sequence":3,"clubcode":"TB","playerName":"M.Stovall","statId":79,"yards":0}],"00-0021190":[{"sequence":2,"clubcode":"WAS","playerName":"A.Randle El","statId":33,"yards":11}]}}},"fds":0,"result":"Punt","penyds":-10,"ydsgained":5,"numplays":6,"postime":"2:24","start":{"qtr":1,"time":"00:55","yrdln":"TB 46","team":"TB"},"end":{"qtr":1,"time":"13:31","yrdln":"TB 41","team":"TB"}},"9":{"posteam":"WAS","qtr":2,"redzone":true,"plays":{"1069":{"sp":0,"qtr":2,"down":1,"time":"13:31","yrdln":"WAS 24","ydstogo":10,"ydsnet":6,"posteam":"WAS","desc":"(13:31) C.Portis left end to WAS 30 for 6 yards (Q.Black).","note":null,"players":{"00-0021179":[{"sequence":1,"clubcode":"WAS","playerName":"C.Portis","statId":10,"yards":6}],"00-0025455":[{"sequence":2,"clubcode":"TB","playerName":"Q.Black","statId":79,"yards":0}]}},"1094":{"sp":0,"qtr":2,"down":2,"time":"12:59","yrdln":"WAS 30","ydstogo":4,"ydsnet":-4,"posteam":"WAS","desc":"(12:59) J.Campbell pass incomplete short left to C.Cooley. PENALTY on WAS-C.Rabach, Offensive Holding, 10 yards, enforced at WAS 30 - No Play.","note":"PENALTY","players":{"00-0020450":[{"sequence":1,"clubcode":"WAS","playerName":"C.Rabach","statId":93,"yards":10}]}},"1127":{"sp":0,"qtr":2,"down":2,"time":"12:55","yrdln":"WAS 20","ydstogo":14,"ydsnet":11,"posteam":"WAS","desc":"(12:55) J.Campbell pass short middle to S.Moss to WAS 35 for 15 yards (B.Ruud, R.Barber).","note":null,"players":{"00-0023460":[{"sequence":2,"clubcode":"WAS","playerName":"J.Campbell","statId":15,"yards":15},{"sequence":3,"clubcode":"WAS","playerName":"J.Campbell","statId":111,"yards":15}],"00-0023471":[{"sequence":7,"clubcode":"TB","playerName":"B.Ruud","statId":80,"yards":0}],"00-0020494":[{"sequence":4,"clubcode":"WAS","playerName":"S.Moss","statId":21,"yards":15},{"sequence":5,"clubcode":"WAS","playerName":"S.Moss","statId":115,"yards":0},{"sequence":6,"clubcode":"WAS","playerName":"S.Moss","statId":113,"yards":0}],"0":[{"sequence":1,"clubcode":"WAS","playerName":"","statId":4,"yards":0}],"00-0000741":[{"sequence":8,"clubcode":"TB","playerName":"R.Barber","statId":82,"yards":0}]}},"1151":{"sp":0,"qtr":2,"down":1,"time":"12:21","yrdln":"WAS 35","ydstogo":10,"ydsnet":18,"posteam":"WAS","desc":"(12:21) C.Portis right tackle to WAS 42 for 7 yards (Q.Black, T.Crowder).","note":null,"players":{"00-0021179":[{"sequence":1,"clubcode":"WAS","playerName":"C.Portis","statId":10,"yards":7}],"00-0025443":[{"sequence":3,"clubcode":"TB","playerName":"T.Crowder","statId":82,"yards":0}],"00-0025455":[{"sequence":2,"clubcode":"TB","playerName":"Q.Black","statId":80,"yards":0}]}},"1172":{"sp":0,"qtr":2,"down":2,"time":"11:47","yrdln":"WAS 42","ydstogo":3,"ydsnet":22,"posteam":"WAS","desc":"(11:47) C.Portis left end to WAS 46 for 4 yards (R.Sims).","note":null,"players":{"00-0021179":[{"sequence":2,"clubcode":"WAS","playerName":"C.Portis","statId":10,"yards":4}],"00-0021382":[{"sequence":3,"clubcode":"TB","playerName":"R.Sims","statId":79,"yards":0}],"0":[{"sequence":1,"clubcode":"WAS","playerName":"","statId":3,"yards":0}]}},"1193":{"sp":0,"qtr":2,"down":1,"time":"11:07","yrdln":"WAS 46","ydstogo":10,"ydsnet":22,"posteam":"WAS","desc":"(11:07) J.Campbell pass incomplete short right to C.Cooley [R.Sims].","note":null,"players":{"00-0023460":[{"sequence":1,"clubcode":"WAS","playerName":"J.Campbell","statId":14,"yards":0},{"sequence":4,"clubcode":"WAS","playerName":"J.Campbell","statId":112,"yards":-1}],"00-0021382":[{"sequence":3,"clubcode":"TB","playerName":"R.Sims","statId":110,"yards":0}],"00-0022738":[{"sequence":2,"clubcode":"WAS","playerName":"C.Cooley","statId":115,"yards":0}]}},"1215":{"sp":0,"qtr":2,"down":2,"time":"11:00","yrdln":"WAS 46","ydstogo":10,"ydsnet":30,"posteam":"WAS","desc":"(11:00) M.Mason right tackle to TB 46 for 8 yards (T.Crowder).","note":null,"players":{"00-0025443":[{"sequence":2,"clubcode":"TB","playerName":"T.Crowder","statId":79,"yards":0}],"00-0024561":[{"sequence":1,"clubcode":"WAS","playerName":"M.Mason","statId":10,"yards":8}]}},"1236":{"sp":0,"qtr":2,"down":0,"time":"10:15","yrdln":"","ydstogo":0,"ydsnet":30,"posteam":"","desc":"Timeout #1 by WAS at 10:15.","note":"TIMEOUT","players":{"0":[{"sequence":1,"clubcode":"WAS","playerName":"","statId":68,"yards":0}]}},"1253":{"sp":0,"qtr":2,"down":3,"time":"10:15","yrdln":"TB 46","ydstogo":2,"ydsnet":30,"posteam":"WAS","desc":"(10:15) J.Campbell pass deep right intended for M.Kelly INTERCEPTED by A.Talib at TB 11. A.Talib to TB 43 for 32 yards (S.Heyer).","note":"INT","players":{"00-0023460":[{"sequence":2,"clubcode":"WAS","playerName":"J.Campbell","statId":19,"yards":0},{"sequence":4,"clubcode":"WAS","playerName":"J.Campbell","statId":112,"yards":35}],"00-0024583":[{"sequence":7,"clubcode":"WAS","playerName":"S.Heyer","statId":79,"yards":0}],"00-0026191":[{"sequence":3,"clubcode":"WAS","playerName":"M.Kelly","statId":115,"yards":0}],"0":[{"sequence":1,"clubcode":"WAS","playerName":"","statId":7,"yards":0}],"00-0026160":[{"sequence":5,"clubcode":"TB","playerName":"A.Talib","statId":25,"yards":32},{"sequence":6,"clubcode":"TB","playerName":"A.Talib","statId":85,"yards":0}]}}},"fds":2,"result":"Interception","penyds":-10,"ydsgained":40,"numplays":9,"postime":"3:29","start":{"qtr":2,"time":"13:31","yrdln":"WAS 24","team":"WAS"},"end":{"qtr":2,"time":"10:02","yrdln":"TB 46","team":"WAS"}},"10":{"posteam":"TB","qtr":2,"redzone":true,"plays":{"1279":{"sp":0,"qtr":2,"down":1,"time":"10:02","yrdln":"TB 43","ydstogo":10,"ydsnet":27,"posteam":"TB","desc":"(10:02) J.Johnson pass deep middle to A.Bryant to WAS 30 for 27 yards (L.Landry).","note":null,"players":{"00-0025393":[{"sequence":7,"clubcode":"WAS","playerName":"L.Landry","statId":79,"yards":0}],"00-0021191":[{"sequence":4,"clubcode":"TB","playerName":"A.Bryant","statId":21,"yards":27},{"sequence":5,"clubcode":"TB","playerName":"A.Bryant","statId":115,"yards":0},{"sequence":6,"clubcode":"TB","playerName":"A.Bryant","statId":113,"yards":10}],"00-0026300":[{"sequence":2,"clubcode":"TB","playerName":"J.Johnson","statId":15,"yards":27},{"sequence":3,"clubcode":"TB","playerName":"J.Johnson","statId":111,"yards":17}],"0":[{"sequence":1,"clubcode":"TB","playerName":"","statId":4,"yards":0}]}},"1303":{"sp":0,"qtr":2,"down":1,"time":"09:23","yrdln":"WAS 30","ydstogo":10,"ydsnet":29,"posteam":"TB","desc":"(9:23) E.Graham right end to WAS 28 for 2 yards (L.Fletcher, D.Hall).","note":null,"players":{"00-0021755":[{"sequence":1,"clubcode":"TB","playerName":"E.Graham","statId":10,"yards":2}],"00-0022923":[{"sequence":3,"clubcode":"WAS","playerName":"D.Hall","statId":82,"yards":0}],"00-0005322":[{"sequence":2,"clubcode":"WAS","playerName":"L.Fletcher","statId":80,"yards":0}]}},"1324":{"sp":0,"qtr":2,"down":2,"time":"08:45","yrdln":"WAS 28","ydstogo":8,"ydsnet":27,"posteam":"TB","desc":"(8:45) E.Graham left end to WAS 30 for -2 yards (L.Fletcher). Penalty on TB-J.Gilmore, Illegal Motion, declined.","note":null,"players":{"00-0021755":[{"sequence":1,"clubcode":"TB","playerName":"E.Graham","statId":10,"yards":-2}],"00-0005322":[{"sequence":3,"clubcode":"WAS","playerName":"L.Fletcher","statId":79,"yards":0},{"sequence":4,"clubcode":"WAS","playerName":"L.Fletcher","statId":120,"yards":0}],"0":[{"sequence":2,"clubcode":"TB","playerName":"","statId":95,"yards":-2}]}},"1356":{"sp":0,"qtr":2,"down":3,"time":"08:06","yrdln":"WAS 30","ydstogo":10,"ydsnet":27,"posteam":"TB","desc":"(8:06) (Shotgun) J.Johnson pass incomplete short middle to M.Clayton (R.McIntosh).","note":null,"players":{"00-0024250":[{"sequence":4,"clubcode":"WAS","playerName":"R.McIntosh","statId":85,"yards":0}],"00-0026300":[{"sequence":2,"clubcode":"TB","playerName":"J.Johnson","statId":14,"yards":0},{"sequence":5,"clubcode":"TB","playerName":"J.Johnson","statId":112,"yards":6}],"0":[{"sequence":1,"clubcode":"TB","playerName":"","statId":7,"yards":0}],"00-0022725":[{"sequence":3,"clubcode":"TB","playerName":"M.Clayton","statId":115,"yards":0}]}},"1378":{"sp":0,"qtr":2,"down":4,"time":"08:01","yrdln":"WAS 30","ydstogo":10,"ydsnet":27,"posteam":"TB","desc":"(8:01) M.Nugent 48 yard field goal is No Good, Wide Right, Center-A.Economos, Holder-D.Johnson.","note":"FGM","players":{"00-0023482":[{"sequence":1,"clubcode":"TB","playerName":"M.Nugent","statId":69,"yards":48}]}}},"fds":1,"result":"Missed FG","penyds":0,"ydsgained":27,"numplays":5,"postime":"2:06","start":{"qtr":2,"time":"10:02","yrdln":"TB 43","team":"TB"},"end":{"qtr":2,"time":"07:56","yrdln":"WAS 30","team":"TB"}},"11":{"posteam":"WAS","qtr":2,"redzone":true,"plays":{"1398":{"sp":0,"qtr":2,"down":1,"time":"07:56","yrdln":"WAS 39","ydstogo":10,"ydsnet":-3,"posteam":"WAS","desc":"(7:56) C.Portis left end to TB 46 for 15 yards (S.Piscitelli, R.Miller). PENALTY on WAS-M.Kelly, Offensive Holding, 10 yards, enforced at WAS 46.","note":"PENALTY","players":{"00-0025451":[{"sequence":2,"clubcode":"TB","playerName":"S.Piscitelli","statId":80,"yards":0}],"00-0021179":[{"sequence":1,"clubcode":"WAS","playerName":"C.Portis","statId":10,"yards":7}],"00-0027055":[{"sequence":3,"clubcode":"TB","playerName":"R.Miller","statId":82,"yards":0}],"00-0026191":[{"sequence":4,"clubcode":"WAS","playerName":"M.Kelly","statId":93,"yards":10}]}},"1430":{"sp":0,"qtr":2,"down":1,"time":"07:35","yrdln":"WAS 36","ydstogo":13,"ydsnet":-4,"posteam":"WAS","desc":"(7:35) C.Portis left end to WAS 35 for -1 yards (G.Adams).","note":null,"players":{"00-0021179":[{"sequence":1,"clubcode":"WAS","playerName":"C.Portis","statId":10,"yards":-1}],"0":[{"sequence":2,"clubcode":"WAS","playerName":"","statId":95,"yards":-1}],"00-0025391":[{"sequence":3,"clubcode":"TB","playerName":"G.Adams","statId":79,"yards":0},{"sequence":4,"clubcode":"TB","playerName":"G.Adams","statId":120,"yards":0}]}},"1451":{"sp":0,"qtr":2,"down":2,"time":"07:01","yrdln":"WAS 35","ydstogo":14,"ydsnet":4,"posteam":"WAS","desc":"(7:01) C.Portis left tackle to WAS 43 for 8 yards (W.Allen, B.Ruud).","note":null,"players":{"00-0023471":[{"sequence":3,"clubcode":"TB","playerName":"B.Ruud","statId":82,"yards":0}],"00-0021179":[{"sequence":1,"clubcode":"WAS","playerName":"C.Portis","statId":10,"yards":8}],"00-0022900":[{"sequence":2,"clubcode":"TB","playerName":"W.Allen","statId":80,"yards":0}]}},"1472":{"sp":0,"qtr":2,"down":3,"time":"06:21","yrdln":"WAS 43","ydstogo":6,"ydsnet":16,"posteam":"WAS","desc":"(6:21) (Shotgun) J.Campbell pass short right to L.Betts pushed ob at TB 45 for 12 yards (A.Talib).","note":null,"players":{"00-0023460":[{"sequence":3,"clubcode":"WAS","playerName":"J.Campbell","statId":15,"yards":12},{"sequence":4,"clubcode":"WAS","playerName":"J.Campbell","statId":111,"yards":5}],"00-0021184":[{"sequence":5,"clubcode":"WAS","playerName":"L.Betts","statId":21,"yards":12},{"sequence":6,"clubcode":"WAS","playerName":"L.Betts","statId":115,"yards":0},{"sequence":7,"clubcode":"WAS","playerName":"L.Betts","statId":113,"yards":7}],"0":[{"sequence":1,"clubcode":"WAS","playerName":"","statId":4,"yards":0},{"sequence":2,"clubcode":"WAS","playerName":"","statId":6,"yards":0}],"00-0026160":[{"sequence":8,"clubcode":"TB","playerName":"A.Talib","statId":79,"yards":0}]}},"1501":{"sp":0,"qtr":2,"down":1,"time":"05:59","yrdln":"TB 45","ydstogo":10,"ydsnet":27,"posteam":"WAS","desc":"(5:59) J.Campbell pass short left to M.Sellers pushed ob at TB 34 for 11 yards (B.Ruud).","note":null,"players":{"00-0023460":[{"sequence":2,"clubcode":"WAS","playerName":"J.Campbell","statId":15,"yards":11},{"sequence":3,"clubcode":"WAS","playerName":"J.Campbell","statId":111,"yards":1}],"00-0023471":[{"sequence":7,"clubcode":"TB","playerName":"B.Ruud","statId":79,"yards":0}],"00-0014655":[{"sequence":4,"clubcode":"WAS","playerName":"M.Sellers","statId":21,"yards":11},{"sequence":5,"clubcode":"WAS","playerName":"M.Sellers","statId":115,"yards":0},{"sequence":6,"clubcode":"WAS","playerName":"M.Sellers","statId":113,"yards":10}],"0":[{"sequence":1,"clubcode":"WAS","playerName":"","statId":4,"yards":0}]}},"1530":{"sp":0,"qtr":2,"down":1,"time":"05:37","yrdln":"TB 34","ydstogo":10,"ydsnet":27,"posteam":"WAS","desc":"(5:37) M.Mason right tackle to TB 34 for no gain (R.Sims, G.Hayes).","note":null,"players":{"00-0024561":[{"sequence":1,"clubcode":"WAS","playerName":"M.Mason","statId":10,"yards":0}],"00-0021382":[{"sequence":2,"clubcode":"TB","playerName":"R.Sims","statId":80,"yards":0}],"00-0026315":[{"sequence":3,"clubcode":"TB","playerName":"G.Hayes","statId":82,"yards":0}]}},"1551":{"sp":0,"qtr":2,"down":2,"time":"04:57","yrdln":"TB 34","ydstogo":10,"ydsnet":27,"posteam":"WAS","desc":"(4:57) (Shotgun) J.Campbell pass incomplete short middle to C.Cooley (S.Piscitelli, G.Hayes).","note":null,"players":{"00-0023460":[{"sequence":1,"clubcode":"WAS","playerName":"J.Campbell","statId":14,"yards":0},{"sequence":5,"clubcode":"WAS","playerName":"J.Campbell","statId":112,"yards":4}],"00-0025451":[{"sequence":3,"clubcode":"TB","playerName":"S.Piscitelli","statId":85,"yards":0}],"00-0022738":[{"sequence":2,"clubcode":"WAS","playerName":"C.Cooley","statId":115,"yards":0}],"00-0026315":[{"sequence":4,"clubcode":"TB","playerName":"G.Hayes","statId":85,"yards":0}]}},"1573":{"sp":0,"qtr":2,"down":3,"time":"04:48","yrdln":"TB 34","ydstogo":10,"ydsnet":23,"posteam":"WAS","desc":"(4:48) (Shotgun) J.Campbell sacked at TB 38 for -4 yards (Q.Black).","note":null,"players":{"00-0023460":[{"sequence":2,"clubcode":"WAS","playerName":"J.Campbell","statId":20,"yards":-4}],"0":[{"sequence":1,"clubcode":"WAS","playerName":"","statId":7,"yards":0}],"00-0025455":[{"sequence":3,"clubcode":"TB","playerName":"Q.Black","statId":83,"yards":-4},{"sequence":4,"clubcode":"TB","playerName":"Q.Black","statId":110,"yards":0},{"sequence":5,"clubcode":"TB","playerName":"Q.Black","statId":79,"yards":0},{"sequence":6,"clubcode":"TB","playerName":"Q.Black","statId":120,"yards":0}]}},"1592":{"sp":0,"qtr":2,"down":4,"time":"04:42","yrdln":"TB 38","ydstogo":14,"ydsnet":23,"posteam":"WAS","desc":"(4:42) S.Suisham punts 17 yards to TB 21, Center-E.Albright, fair catch by C.Smith.","note":"PUNT","players":{"00-0023001":[{"sequence":1,"clubcode":"WAS","playerName":"S.Suisham","statId":29,"yards":17}],"00-0026113":[{"sequence":2,"clubcode":"TB","playerName":"C.Smith","statId":39,"yards":0}]}}},"fds":2,"result":"Punt","penyds":-10,"ydsgained":33,"numplays":9,"postime":"3:22","start":{"qtr":2,"time":"07:56","yrdln":"WAS 39","team":"WAS"},"end":{"qtr":2,"time":"04:34","yrdln":"TB 38","team":"WAS"}},"12":{"posteam":"TB","qtr":2,"redzone":true,"plays":{"1626":{"sp":0,"qtr":2,"down":1,"time":"04:34","yrdln":"TB 21","ydstogo":10,"ydsnet":5,"posteam":"TB","desc":"(4:34) J.Johnson scrambles left guard to TB 26 for 5 yards (L.Landry).","note":null,"players":{"00-0025393":[{"sequence":2,"clubcode":"WAS","playerName":"L.Landry","statId":79,"yards":0}],"00-0026300":[{"sequence":1,"clubcode":"TB","playerName":"J.Johnson","statId":10,"yards":5}]}},"1647":{"sp":0,"qtr":2,"down":2,"time":"03:58","yrdln":"TB 26","ydstogo":5,"ydsnet":8,"posteam":"TB","desc":"(3:58) (Shotgun) E.Graham left end to TB 29 for 3 yards (B.Orakpo, L.Fletcher).","note":null,"players":{"00-0026989":[{"sequence":2,"clubcode":"WAS","playerName":"B.Orakpo","statId":80,"yards":0}],"00-0021755":[{"sequence":1,"clubcode":"TB","playerName":"E.Graham","statId":10,"yards":3}],"00-0005322":[{"sequence":3,"clubcode":"WAS","playerName":"L.Fletcher","statId":82,"yards":0}]}},"1668":{"sp":0,"qtr":2,"down":3,"time":"03:20","yrdln":"TB 29","ydstogo":2,"ydsnet":14,"posteam":"TB","desc":"(3:20) (Shotgun) J.Johnson pass short middle to K.Winslow to TB 35 for 6 yards (J.Tryon).","note":null,"players":{"00-0026264":[{"sequence":8,"clubcode":"WAS","playerName":"J.Tryon","statId":79,"yards":0}],"00-0026300":[{"sequence":3,"clubcode":"TB","playerName":"J.Johnson","statId":15,"yards":6},{"sequence":4,"clubcode":"TB","playerName":"J.Johnson","statId":111,"yards":5}],"00-0022922":[{"sequence":5,"clubcode":"TB","playerName":"K.Winslow","statId":21,"yards":6},{"sequence":6,"clubcode":"TB","playerName":"K.Winslow","statId":115,"yards":0},{"sequence":7,"clubcode":"TB","playerName":"K.Winslow","statId":113,"yards":1}],"0":[{"sequence":1,"clubcode":"TB","playerName":"","statId":4,"yards":0},{"sequence":2,"clubcode":"TB","playerName":"","statId":6,"yards":0}]}},"1692":{"sp":0,"qtr":2,"down":1,"time":"02:39","yrdln":"TB 35","ydstogo":10,"ydsnet":24,"posteam":"TB","desc":"(2:39) (Shotgun) J.Johnson pass short left to S.Stroughter to TB 45 for 10 yards (R.McIntosh, L.Landry).","note":null,"players":{"00-0025393":[{"sequence":8,"clubcode":"WAS","playerName":"L.Landry","statId":82,"yards":0}],"00-0024250":[{"sequence":7,"clubcode":"WAS","playerName":"R.McIntosh","statId":80,"yards":0}],"00-0026953":[{"sequence":4,"clubcode":"TB","playerName":"S.Stroughter","statId":21,"yards":10},{"sequence":5,"clubcode":"TB","playerName":"S.Stroughter","statId":115,"yards":0},{"sequence":6,"clubcode":"TB","playerName":"S.Stroughter","statId":113,"yards":13}],"00-0026300":[{"sequence":2,"clubcode":"TB","playerName":"J.Johnson","statId":15,"yards":10},{"sequence":3,"clubcode":"TB","playerName":"J.Johnson","statId":111,"yards":-3}],"0":[{"sequence":1,"clubcode":"TB","playerName":"","statId":4,"yards":0}]}},"1716":{"sp":0,"qtr":2,"down":1,"time":"02:08","yrdln":"TB 45","ydstogo":10,"ydsnet":27,"posteam":"TB","desc":"(2:08) (No Huddle, Shotgun) E.Graham up the middle to TB 48 for 3 yards (C.Wilson, K.Golston).","note":null,"players":{"00-0021755":[{"sequence":1,"clubcode":"TB","playerName":"E.Graham","statId":10,"yards":3}],"00-0024517":[{"sequence":2,"clubcode":"WAS","playerName":"C.Wilson","statId":80,"yards":0}],"00-0024410":[{"sequence":3,"clubcode":"WAS","playerName":"K.Golston","statId":82,"yards":0}]}},"1737":{"sp":0,"qtr":2,"down":0,"time":"02:00","yrdln":"","ydstogo":0,"ydsnet":27,"posteam":"","desc":"Two-Minute Warning","note":null,"players":{}},"1754":{"sp":0,"qtr":2,"down":2,"time":"01:59","yrdln":"TB 48","ydstogo":7,"ydsnet":42,"posteam":"TB","desc":"(1:59) (Shotgun) J.Johnson pass short left to K.Winslow to WAS 37 for 15 yards (C.Horton).","note":null,"players":{"00-0026389":[{"sequence":7,"clubcode":"WAS","playerName":"C.Horton","statId":79,"yards":0}],"00-0026300":[{"sequence":2,"clubcode":"TB","playerName":"J.Johnson","statId":15,"yards":15},{"sequence":3,"clubcode":"TB","playerName":"J.Johnson","statId":111,"yards":15}],"00-0022922":[{"sequence":4,"clubcode":"TB","playerName":"K.Winslow","statId":21,"yards":15},{"sequence":5,"clubcode":"TB","playerName":"K.Winslow","statId":115,"yards":0},{"sequence":6,"clubcode":"TB","playerName":"K.Winslow","statId":113,"yards":0}],"0":[{"sequence":1,"clubcode":"TB","playerName":"","statId":4,"yards":0}]}},"1778":{"sp":0,"qtr":2,"down":1,"time":"01:27","yrdln":"WAS 37","ydstogo":10,"ydsnet":60,"posteam":"TB","desc":"(1:27) (No Huddle, Shotgun) J.Johnson pass incomplete short right to S.Stroughter [A.Haynesworth].","note":null,"players":{"00-0026953":[{"sequence":2,"clubcode":"TB","playerName":"S.Stroughter","statId":115,"yards":0}],"00-0026300":[{"sequence":1,"clubcode":"TB","playerName":"J.Johnson","statId":14,"yards":0},{"sequence":4,"clubcode":"TB","playerName":"J.Johnson","statId":112,"yards":0}],"00-0021149":[{"sequence":3,"clubcode":"WAS","playerName":"A.Haynesworth","statId":110,"yards":0}]}},"1800":{"sp":0,"qtr":2,"down":2,"time":"01:24","yrdln":"WAS 37","ydstogo":10,"ydsnet":57,"posteam":"TB","desc":"(1:24) (Shotgun) J.Johnson scrambles up the middle to WAS 22 for 15 yards (R.Doughty, C.Horton).","note":null,"players":{"00-0026389":[{"sequence":4,"clubcode":"WAS","playerName":"C.Horton","statId":82,"yards":0}],"00-0024387":[{"sequence":3,"clubcode":"WAS","playerName":"R.Doughty","statId":80,"yards":0}],"00-0026300":[{"sequence":2,"clubcode":"TB","playerName":"J.Johnson","statId":10,"yards":15}],"0":[{"sequence":1,"clubcode":"TB","playerName":"","statId":3,"yards":0}]}},"1821":{"sp":0,"qtr":2,"down":1,"time":"00:56","yrdln":"WAS 22","ydstogo":10,"ydsnet":61,"posteam":"TB","desc":"(:56) (No Huddle, Shotgun) J.Johnson pass short left to E.Graham to WAS 18 for 4 yards (R.Doughty).","note":null,"players":{"00-0021755":[{"sequence":3,"clubcode":"TB","playerName":"E.Graham","statId":21,"yards":4},{"sequence":4,"clubcode":"TB","playerName":"E.Graham","statId":115,"yards":0},{"sequence":5,"clubcode":"TB","playerName":"E.Graham","statId":113,"yards":0}],"00-0024387":[{"sequence":6,"clubcode":"WAS","playerName":"R.Doughty","statId":79,"yards":0}],"00-0026300":[{"sequence":1,"clubcode":"TB","playerName":"J.Johnson","statId":15,"yards":4},{"sequence":2,"clubcode":"TB","playerName":"J.Johnson","statId":111,"yards":4}]}},"1845":{"sp":0,"qtr":2,"down":2,"time":"00:31","yrdln":"WAS 18","ydstogo":6,"ydsnet":61,"posteam":"TB","desc":"(:31) (No Huddle, Shotgun) J.Johnson pass incomplete short left to C.Smith (C.Rogers).","note":null,"players":{"00-0026113":[{"sequence":2,"clubcode":"TB","playerName":"C.Smith","statId":115,"yards":0}],"00-0023444":[{"sequence":3,"clubcode":"WAS","playerName":"C.Rogers","statId":85,"yards":0}],"00-0026300":[{"sequence":1,"clubcode":"TB","playerName":"J.Johnson","statId":14,"yards":0},{"sequence":4,"clubcode":"TB","playerName":"J.Johnson","statId":112,"yards":6}]}},"1867":{"sp":0,"qtr":2,"down":3,"time":"00:26","yrdln":"WAS 18","ydstogo":6,"ydsnet":60,"posteam":"TB","desc":"(:26) (Shotgun) J.Johnson sacked at WAS 19 for -1 yards (B.Orakpo).","note":null,"players":{"00-0026989":[{"sequence":3,"clubcode":"WAS","playerName":"B.Orakpo","statId":83,"yards":-1},{"sequence":4,"clubcode":"WAS","playerName":"B.Orakpo","statId":110,"yards":0},{"sequence":5,"clubcode":"WAS","playerName":"B.Orakpo","statId":79,"yards":0},{"sequence":6,"clubcode":"WAS","playerName":"B.Orakpo","statId":120,"yards":0}],"00-0026300":[{"sequence":2,"clubcode":"TB","playerName":"J.Johnson","statId":20,"yards":-1}],"0":[{"sequence":1,"clubcode":"TB","playerName":"","statId":7,"yards":0}]}},"1886":{"sp":0,"qtr":2,"down":0,"time":"00:02","yrdln":"","ydstogo":0,"ydsnet":60,"posteam":"","desc":"Timeout #3 by TB at 00:02.","note":"TIMEOUT","players":{"0":[{"sequence":1,"clubcode":"TB","playerName":"","statId":68,"yards":0}]}},"1903":{"sp":1,"qtr":2,"down":4,"time":"00:02","yrdln":"WAS 19","ydstogo":7,"ydsnet":60,"posteam":"TB","desc":"(:02) M.Nugent 37 yard field goal is GOOD, Center-A.Economos, Holder-D.Johnson.","note":"FG","players":{"00-0023482":[{"sequence":1,"clubcode":"TB","playerName":"M.Nugent","statId":70,"yards":37}]}}},"fds":4,"result":"Field Goal","penyds":0,"ydsgained":60,"numplays":14,"postime":"4:34","start":{"qtr":2,"time":"04:34","yrdln":"TB 21","team":"TB"},"end":{"qtr":2,"time":"00:00","yrdln":"WAS 19","team":"TB"}},"13":{"posteam":"TB","qtr":3,"redzone":true,"plays":{"1936":{"sp":0,"qtr":3,"down":0,"time":"15:00","yrdln":"WAS 30","ydstogo":0,"ydsnet":0,"posteam":"WAS","desc":"S.Suisham kicks 66 yards from WAS 30 to TB 4. C.Smith to TB 40 for 36 yards (R.Doughty).","note":"KICKOFF","players":{"00-0023001":[{"sequence":1,"clubcode":"WAS","playerName":"S.Suisham","statId":41,"yards":66}],"00-0026113":[{"sequence":2,"clubcode":"TB","playerName":"C.Smith","statId":45,"yards":36}],"00-0024387":[{"sequence":3,"clubcode":"WAS","playerName":"R.Doughty","statId":79,"yards":0}]}},"1958":{"sp":0,"qtr":3,"down":1,"time":"14:53","yrdln":"TB 40","ydstogo":10,"ydsnet":0,"posteam":"TB","desc":"(14:53) J.Johnson pass incomplete short right to J.Stevens.","note":null,"players":{"00-0021159":[{"sequence":2,"clubcode":"TB","playerName":"J.Stevens","statId":115,"yards":0}],"00-0026300":[{"sequence":1,"clubcode":"TB","playerName":"J.Johnson","statId":14,"yards":0},{"sequence":3,"clubcode":"TB","playerName":"J.Johnson","statId":112,"yards":-2}]}},"1980":{"sp":0,"qtr":3,"down":2,"time":"14:49","yrdln":"TB 40","ydstogo":10,"ydsnet":3,"posteam":"TB","desc":"(14:49) C.Williams left end to TB 43 for 3 yards (R.McIntosh, L.Fletcher).","note":null,"players":{"00-0024250":[{"sequence":2,"clubcode":"WAS","playerName":"R.McIntosh","statId":80,"yards":0}],"00-0005322":[{"sequence":3,"clubcode":"WAS","playerName":"L.Fletcher","statId":82,"yards":0}],"00-0023440":[{"sequence":1,"clubcode":"TB","playerName":"C.Williams","statId":10,"yards":3}]}},"2001":{"sp":0,"qtr":3,"down":3,"time":"14:11","yrdln":"TB 43","ydstogo":7,"ydsnet":3,"posteam":"TB","desc":"(14:11) (Shotgun) J.Johnson pass deep right intended for A.Bryant INTERCEPTED by D.Hall at WAS 37. D.Hall to TB 41 for 22 yards (D.Penn).","note":"INT","players":{"00-0021191":[{"sequence":3,"clubcode":"TB","playerName":"A.Bryant","statId":115,"yards":0}],"00-0022923":[{"sequence":5,"clubcode":"WAS","playerName":"D.Hall","statId":25,"yards":22},{"sequence":6,"clubcode":"WAS","playerName":"D.Hall","statId":85,"yards":0}],"00-0023894":[{"sequence":7,"clubcode":"TB","playerName":"D.Penn","statId":79,"yards":0}],"00-0026300":[{"sequence":2,"clubcode":"TB","playerName":"J.Johnson","statId":19,"yards":0},{"sequence":4,"clubcode":"TB","playerName":"J.Johnson","statId":112,"yards":20}],"0":[{"sequence":1,"clubcode":"TB","playerName":"","statId":7,"yards":0}]}}},"fds":0,"result":"Interception","penyds":0,"ydsgained":3,"numplays":4,"postime":"1:05","start":{"qtr":3,"time":"15:00","yrdln":"TB 40","team":"TB"},"end":{"qtr":3,"time":"13:55","yrdln":"TB 43","team":"TB"}},"14":{"posteam":"WAS","qtr":3,"redzone":true,"plays":{"2027":{"sp":0,"qtr":3,"down":1,"time":"13:55","yrdln":"TB 41","ydstogo":10,"ydsnet":18,"posteam":"WAS","desc":"(13:55) C.Portis up the middle to TB 40 for 1 yard (B.Ruud, B.Ruud).","note":null,"players":{"00-0023471":[{"sequence":2,"clubcode":"TB","playerName":"B.Ruud","statId":80,"yards":0},{"sequence":3,"clubcode":"TB","playerName":"B.Ruud","statId":82,"yards":0}],"00-0021179":[{"sequence":1,"clubcode":"WAS","playerName":"C.Portis","statId":10,"yards":1}]}},"2048":{"sp":0,"qtr":3,"down":2,"time":"13:23","yrdln":"TB 40","ydstogo":9,"ydsnet":3,"posteam":"WAS","desc":"(13:23) J.Campbell pass short right to C.Cooley to TB 38 for 2 yards (R.Barber, R.Sims).","note":null,"players":{"00-0023460":[{"sequence":1,"clubcode":"WAS","playerName":"J.Campbell","statId":15,"yards":2},{"sequence":2,"clubcode":"WAS","playerName":"J.Campbell","statId":111,"yards":-7}],"00-0021382":[{"sequence":7,"clubcode":"TB","playerName":"R.Sims","statId":82,"yards":0}],"00-0022738":[{"sequence":3,"clubcode":"WAS","playerName":"C.Cooley","statId":21,"yards":2},{"sequence":4,"clubcode":"WAS","playerName":"C.Cooley","statId":115,"yards":0},{"sequence":5,"clubcode":"WAS","playerName":"C.Cooley","statId":113,"yards":9}],"00-0000741":[{"sequence":6,"clubcode":"TB","playerName":"R.Barber","statId":80,"yards":0}]}},"2076":{"sp":0,"qtr":3,"down":3,"time":"12:38","yrdln":"TB 38","ydstogo":7,"ydsnet":12,"posteam":"WAS","desc":"(12:38) (Shotgun) J.Campbell scrambles up the middle to TB 29 for 9 yards (S.Piscitelli, S.White).","note":null,"players":{"00-0023460":[{"sequence":3,"clubcode":"WAS","playerName":"J.Campbell","statId":10,"yards":9}],"00-0025451":[{"sequence":4,"clubcode":"TB","playerName":"S.Piscitelli","statId":80,"yards":0}],"00-0021332":[{"sequence":5,"clubcode":"TB","playerName":"S.White","statId":82,"yards":0}],"0":[{"sequence":1,"clubcode":"WAS","playerName":"","statId":3,"yards":0},{"sequence":2,"clubcode":"WAS","playerName":"","statId":6,"yards":0}]}},"2097":{"sp":0,"qtr":3,"down":1,"time":"12:01","yrdln":"TB 29","ydstogo":10,"ydsnet":14,"posteam":"WAS","desc":"(12:01) C.Portis right tackle to TB 27 for 2 yards (R.Sims).","note":null,"players":{"00-0021179":[{"sequence":1,"clubcode":"WAS","playerName":"C.Portis","statId":10,"yards":2}],"00-0021382":[{"sequence":2,"clubcode":"TB","playerName":"R.Sims","statId":79,"yards":0}]}},"2118":{"sp":0,"qtr":3,"down":2,"time":"11:28","yrdln":"TB 27","ydstogo":8,"ydsnet":18,"posteam":"WAS","desc":"(11:28) C.Portis left tackle to TB 23 for 4 yards (R.Miller, G.Hayes).","note":null,"players":{"00-0021179":[{"sequence":1,"clubcode":"WAS","playerName":"C.Portis","statId":10,"yards":4}],"00-0027055":[{"sequence":2,"clubcode":"TB","playerName":"R.Miller","statId":80,"yards":0}],"00-0026315":[{"sequence":3,"clubcode":"TB","playerName":"G.Hayes","statId":82,"yards":0}]}},"2139":{"sp":0,"qtr":3,"down":3,"time":"10:47","yrdln":"TB 23","ydstogo":4,"ydsnet":18,"posteam":"WAS","desc":"(10:47) (Shotgun) J.Campbell pass incomplete short left to S.Moss.","note":null,"players":{"00-0023460":[{"sequence":2,"clubcode":"WAS","playerName":"J.Campbell","statId":14,"yards":0},{"sequence":4,"clubcode":"WAS","playerName":"J.Campbell","statId":112,"yards":1}],"00-0020494":[{"sequence":3,"clubcode":"WAS","playerName":"S.Moss","statId":115,"yards":0}],"0":[{"sequence":1,"clubcode":"WAS","playerName":"","statId":7,"yards":0}]}},"2161":{"sp":1,"qtr":3,"down":4,"time":"10:41","yrdln":"TB 23","ydstogo":4,"ydsnet":18,"posteam":"WAS","desc":"(10:41) S.Suisham 42 yard field goal is GOOD, Center-E.Albright, Holder-H.Smith.","note":"FG","players":{"00-0023001":[{"sequence":1,"clubcode":"WAS","playerName":"S.Suisham","statId":70,"yards":42}]}}},"fds":1,"result":"Field Goal","penyds":0,"ydsgained":18,"numplays":7,"postime":"3:19","start":{"qtr":3,"time":"13:55","yrdln":"TB 41","team":"WAS"},"end":{"qtr":3,"time":"10:36","yrdln":"TB 23","team":"WAS"}},"15":{"posteam":"TB","qtr":3,"redzone":true,"plays":{"2180":{"sp":0,"qtr":3,"down":0,"time":"10:36","yrdln":"WAS 30","ydstogo":0,"ydsnet":0,"posteam":"WAS","desc":"S.Suisham kicks 73 yards from WAS 30 to TB -3. C.Smith to TB 29 for 32 yards (R.Cartwright). PENALTY on TB-Q.Black, Offensive Holding, 10 yards, enforced at TB 23.","note":"KICKOFF","players":{"00-0023001":[{"sequence":1,"clubcode":"WAS","playerName":"S.Suisham","statId":43,"yards":73}],"00-0021357":[{"sequence":3,"clubcode":"WAS","playerName":"R.Cartwright","statId":79,"yards":0}],"00-0026113":[{"sequence":2,"clubcode":"TB","playerName":"C.Smith","statId":45,"yards":26}],"00-0025455":[{"sequence":4,"clubcode":"TB","playerName":"Q.Black","statId":93,"yards":10}]}},"2213":{"sp":0,"qtr":3,"down":1,"time":"10:29","yrdln":"TB 13","ydstogo":10,"ydsnet":2,"posteam":"TB","desc":"(10:29) C.Williams left end to TB 15 for 2 yards (C.Griffin, P.Daniels).","note":null,"players":{"00-0019700":[{"sequence":2,"clubcode":"WAS","playerName":"C.Griffin","statId":80,"yards":0}],"00-0003874":[{"sequence":3,"clubcode":"WAS","playerName":"P.Daniels","statId":82,"yards":0}],"00-0023440":[{"sequence":1,"clubcode":"TB","playerName":"C.Williams","statId":10,"yards":2}]}},"2234":{"sp":0,"qtr":3,"down":2,"time":"09:51","yrdln":"TB 15","ydstogo":8,"ydsnet":5,"posteam":"TB","desc":"(9:51) C.Williams up the middle to TB 18 for 3 yards (B.Orakpo). TB-J.Zuttah was injured during the play. His return is Questionable.","note":null,"players":{"00-0026989":[{"sequence":2,"clubcode":"WAS","playerName":"B.Orakpo","statId":79,"yards":0}],"00-0023440":[{"sequence":1,"clubcode":"TB","playerName":"C.Williams","statId":10,"yards":3}]}},"2255":{"sp":0,"qtr":3,"down":3,"time":"09:13","yrdln":"TB 18","ydstogo":5,"ydsnet":5,"posteam":"TB","desc":"(9:13) (Shotgun) J.Johnson pass incomplete short middle to K.Winslow (C.Rogers).","note":null,"players":{"00-0023444":[{"sequence":4,"clubcode":"WAS","playerName":"C.Rogers","statId":85,"yards":0}],"00-0026300":[{"sequence":2,"clubcode":"TB","playerName":"J.Johnson","statId":14,"yards":0},{"sequence":5,"clubcode":"TB","playerName":"J.Johnson","statId":112,"yards":5}],"00-0022922":[{"sequence":3,"clubcode":"TB","playerName":"K.Winslow","statId":115,"yards":0}],"0":[{"sequence":1,"clubcode":"TB","playerName":"","statId":7,"yards":0}]}},"2285":{"sp":0,"qtr":3,"down":4,"time":"09:08","yrdln":"TB 18","ydstogo":5,"ydsnet":5,"posteam":"TB","desc":"(9:08) D.Johnson punts 51 yards to WAS 31, Center-A.Economos, downed by TB-M.Stovall.","note":"PUNT","players":{"00-0008484":[{"sequence":1,"clubcode":"TB","playerName":"D.Johnson","statId":29,"yards":51}],"0":[{"sequence":2,"clubcode":"WAS","playerName":"","statId":38,"yards":0}]}}},"fds":0,"result":"Punt","penyds":0,"ydsgained":5,"numplays":5,"postime":"1:40","start":{"qtr":3,"time":"10:36","yrdln":"TB 13","team":"TB"},"end":{"qtr":3,"time":"08:56","yrdln":"TB 18","team":"TB"}},"16":{"posteam":"WAS","qtr":3,"redzone":true,"plays":{"2308":{"sp":0,"qtr":3,"down":1,"time":"08:56","yrdln":"WAS 31","ydstogo":10,"ydsnet":8,"posteam":"WAS","desc":"(8:56) C.Portis left end pushed ob at WAS 39 for 8 yards (B.Ruud).","note":null,"players":{"00-0023471":[{"sequence":2,"clubcode":"TB","playerName":"B.Ruud","statId":79,"yards":0}],"00-0021179":[{"sequence":1,"clubcode":"WAS","playerName":"C.Portis","statId":10,"yards":8}]}},"2334":{"sp":0,"qtr":3,"down":2,"time":"08:32","yrdln":"WAS 39","ydstogo":2,"ydsnet":25,"posteam":"WAS","desc":"(8:32) J.Campbell pass short right to C.Cooley to TB 44 for 17 yards (G.Hayes).","note":null,"players":{"00-0023460":[{"sequence":2,"clubcode":"WAS","playerName":"J.Campbell","statId":15,"yards":17},{"sequence":3,"clubcode":"WAS","playerName":"J.Campbell","statId":111,"yards":-6}],"00-0022738":[{"sequence":4,"clubcode":"WAS","playerName":"C.Cooley","statId":21,"yards":17},{"sequence":5,"clubcode":"WAS","playerName":"C.Cooley","statId":115,"yards":0},{"sequence":6,"clubcode":"WAS","playerName":"C.Cooley","statId":113,"yards":23}],"0":[{"sequence":1,"clubcode":"WAS","playerName":"","statId":4,"yards":0}],"00-0026315":[{"sequence":7,"clubcode":"TB","playerName":"G.Hayes","statId":79,"yards":0}]}},"2358":{"sp":0,"qtr":3,"down":1,"time":"07:54","yrdln":"TB 44","ydstogo":10,"ydsnet":27,"posteam":"WAS","desc":"(7:54) C.Portis up the middle to TB 42 for 2 yards (G.Adams).","note":null,"players":{"00-0021179":[{"sequence":1,"clubcode":"WAS","playerName":"C.Portis","statId":10,"yards":2}],"00-0025391":[{"sequence":2,"clubcode":"TB","playerName":"G.Adams","statId":79,"yards":0}]}},"2379":{"sp":0,"qtr":3,"down":2,"time":"07:20","yrdln":"TB 42","ydstogo":8,"ydsnet":29,"posteam":"WAS","desc":"(7:20) C.Portis up the middle to TB 40 for 2 yards (T.Crowder).","note":null,"players":{"00-0021179":[{"sequence":1,"clubcode":"WAS","playerName":"C.Portis","statId":10,"yards":2}],"00-0025443":[{"sequence":2,"clubcode":"TB","playerName":"T.Crowder","statId":79,"yards":0}]}},"2400":{"sp":0,"qtr":3,"down":3,"time":"06:37","yrdln":"TB 40","ydstogo":6,"ydsnet":33,"posteam":"WAS","desc":"(6:37) (Shotgun) J.Campbell pass short right to L.Betts to TB 36 for 4 yards (J.Wilkerson, B.Ruud).","note":null,"players":{"00-0023460":[{"sequence":2,"clubcode":"WAS","playerName":"J.Campbell","statId":15,"yards":4},{"sequence":3,"clubcode":"WAS","playerName":"J.Campbell","statId":111,"yards":-7}],"00-0023471":[{"sequence":8,"clubcode":"TB","playerName":"B.Ruud","statId":82,"yards":0}],"00-0021960":[{"sequence":7,"clubcode":"TB","playerName":"J.Wilkerson","statId":80,"yards":0}],"00-0021184":[{"sequence":4,"clubcode":"WAS","playerName":"L.Betts","statId":21,"yards":4},{"sequence":5,"clubcode":"WAS","playerName":"L.Betts","statId":115,"yards":0},{"sequence":6,"clubcode":"WAS","playerName":"L.Betts","statId":113,"yards":11}],"0":[{"sequence":1,"clubcode":"WAS","playerName":"","statId":7,"yards":0}]}},"2424":{"sp":0,"qtr":3,"down":0,"time":"06:10","yrdln":"","ydstogo":0,"ydsnet":33,"posteam":"","desc":"Timeout #1 by WAS at 06:10.","note":"TIMEOUT","players":{"0":[{"sequence":1,"clubcode":"WAS","playerName":"","statId":68,"yards":0}]}},"2441":{"sp":0,"qtr":3,"down":4,"time":"06:10","yrdln":"TB 36","ydstogo":2,"ydsnet":45,"posteam":"WAS","desc":"(6:10) J.Campbell pass short middle to C.Cooley to TB 24 for 12 yards (A.Talib).","note":null,"players":{"00-0023460":[{"sequence":3,"clubcode":"WAS","playerName":"J.Campbell","statId":15,"yards":12},{"sequence":4,"clubcode":"WAS","playerName":"J.Campbell","statId":111,"yards":4}],"00-0022738":[{"sequence":5,"clubcode":"WAS","playerName":"C.Cooley","statId":21,"yards":12},{"sequence":6,"clubcode":"WAS","playerName":"C.Cooley","statId":115,"yards":0},{"sequence":7,"clubcode":"WAS","playerName":"C.Cooley","statId":113,"yards":8}],"0":[{"sequence":1,"clubcode":"WAS","playerName":"","statId":4,"yards":0},{"sequence":2,"clubcode":"WAS","playerName":"","statId":8,"yards":0}],"00-0026160":[{"sequence":8,"clubcode":"TB","playerName":"A.Talib","statId":79,"yards":0}]}},"2465":{"sp":0,"qtr":3,"down":1,"time":"05:32","yrdln":"TB 24","ydstogo":10,"ydsnet":45,"posteam":"WAS","desc":"(5:32) J.Campbell pass incomplete deep left to C.Cooley (R.Barber).","note":null,"players":{"00-0023460":[{"sequence":1,"clubcode":"WAS","playerName":"J.Campbell","statId":14,"yards":0},{"sequence":4,"clubcode":"WAS","playerName":"J.Campbell","statId":112,"yards":16}],"00-0022738":[{"sequence":2,"clubcode":"WAS","playerName":"C.Cooley","statId":115,"yards":0}],"00-0000741":[{"sequence":3,"clubcode":"TB","playerName":"R.Barber","statId":85,"yards":0}]}},"2487":{"sp":0,"qtr":3,"down":2,"time":"05:27","yrdln":"TB 24","ydstogo":10,"ydsnet":44,"posteam":"WAS","desc":"(5:27) J.Campbell pass short right to F.Davis to TB 25 for -1 yards (Q.Black).","note":null,"players":{"00-0023460":[{"sequence":1,"clubcode":"WAS","playerName":"J.Campbell","statId":15,"yards":-1},{"sequence":2,"clubcode":"WAS","playerName":"J.Campbell","statId":111,"yards":-6}],"00-0025455":[{"sequence":6,"clubcode":"TB","playerName":"Q.Black","statId":79,"yards":0},{"sequence":7,"clubcode":"TB","playerName":"Q.Black","statId":120,"yards":0}],"00-0026188":[{"sequence":3,"clubcode":"WAS","playerName":"F.Davis","statId":21,"yards":-1},{"sequence":4,"clubcode":"WAS","playerName":"F.Davis","statId":115,"yards":0},{"sequence":5,"clubcode":"WAS","playerName":"F.Davis","statId":113,"yards":5}]}},"2511":{"sp":0,"qtr":3,"down":3,"time":"04:47","yrdln":"TB 25","ydstogo":11,"ydsnet":57,"posteam":"WAS","desc":"(4:47) (Shotgun) J.Campbell scrambles right end to TB 12 for 13 yards (Q.Black).","note":null,"players":{"00-0023460":[{"sequence":3,"clubcode":"WAS","playerName":"J.Campbell","statId":10,"yards":13}],"0":[{"sequence":1,"clubcode":"WAS","playerName":"","statId":3,"yards":0},{"sequence":2,"clubcode":"WAS","playerName":"","statId":6,"yards":0}],"00-0025455":[{"sequence":4,"clubcode":"TB","playerName":"Q.Black","statId":79,"yards":0}]}},"2532":{"sp":0,"qtr":3,"down":1,"time":"04:02","yrdln":"TB 12","ydstogo":10,"ydsnet":52,"posteam":"WAS","desc":"(4:02) PENALTY on WAS-S.Moss, False Start, 5 yards, enforced at TB 12 - No Play.","note":"PENALTY","players":{"00-0020494":[{"sequence":1,"clubcode":"WAS","playerName":"S.Moss","statId":93,"yards":5}]}},"2555":{"sp":1,"qtr":3,"down":1,"time":"03:38","yrdln":"TB 17","ydstogo":15,"ydsnet":69,"posteam":"WAS","desc":"(3:38) (Shotgun) J.Campbell pass deep middle to C.Cooley for 17 yards, TOUCHDOWN.","note":"TD","players":{"00-0023460":[{"sequence":2,"clubcode":"WAS","playerName":"J.Campbell","statId":16,"yards":17},{"sequence":3,"clubcode":"WAS","playerName":"J.Campbell","statId":111,"yards":17}],"00-0022738":[{"sequence":4,"clubcode":"WAS","playerName":"C.Cooley","statId":22,"yards":17},{"sequence":5,"clubcode":"WAS","playerName":"C.Cooley","statId":115,"yards":0},{"sequence":6,"clubcode":"WAS","playerName":"C.Cooley","statId":113,"yards":0}],"0":[{"sequence":1,"clubcode":"WAS","playerName":"","statId":4,"yards":0}]}},"2575":{"sp":0,"qtr":3,"down":0,"time":"03:32","yrdln":"TB 2","ydstogo":0,"ydsnet":69,"posteam":"WAS","desc":"S.Suisham extra point is Blocked (R.Barber), Center-E.Albright, Holder-H.Smith.","note":"XPB","players":{"00-0023001":[{"sequence":1,"clubcode":"WAS","playerName":"S.Suisham","statId":74,"yards":0}],"00-0000741":[{"sequence":2,"clubcode":"TB","playerName":"R.Barber","statId":87,"yards":0}]}}},"fds":4,"result":"Touchdown","penyds":-5,"ydsgained":74,"numplays":13,"postime":"5:24","start":{"qtr":3,"time":"08:56","yrdln":"WAS 31","team":"WAS"},"end":{"qtr":3,"time":"03:32","yrdln":"TB 17","team":"WAS"}},"17":{"posteam":"TB","qtr":3,"redzone":true,"plays":{"2591":{"sp":0,"qtr":3,"down":0,"time":"03:32","yrdln":"WAS 30","ydstogo":0,"ydsnet":0,"posteam":"WAS","desc":"S.Suisham kicks 70 yards from WAS 30 to end zone, Touchback.","note":"KICKOFF","players":{"00-0023001":[{"sequence":1,"clubcode":"WAS","playerName":"S.Suisham","statId":44,"yards":70}],"0":[{"sequence":2,"clubcode":"TB","playerName":"","statId":51,"yards":0}]}},"2610":{"sp":0,"qtr":3,"down":1,"time":"03:32","yrdln":"TB 20","ydstogo":10,"ydsnet":7,"posteam":"TB","desc":"(3:32) J.Johnson pass short middle to A.Bryant to TB 26 for 6 yards (R.McIntosh; L.Fletcher).","note":null,"players":{"00-0024250":[{"sequence":6,"clubcode":"WAS","playerName":"R.McIntosh","statId":82,"yards":0}],"00-0021191":[{"sequence":3,"clubcode":"TB","playerName":"A.Bryant","statId":21,"yards":6},{"sequence":4,"clubcode":"TB","playerName":"A.Bryant","statId":115,"yards":0},{"sequence":5,"clubcode":"TB","playerName":"A.Bryant","statId":113,"yards":0}],"00-0005322":[{"sequence":7,"clubcode":"WAS","playerName":"L.Fletcher","statId":82,"yards":0}],"00-0026300":[{"sequence":1,"clubcode":"TB","playerName":"J.Johnson","statId":15,"yards":6},{"sequence":2,"clubcode":"TB","playerName":"J.Johnson","statId":111,"yards":6}]}},"2634":{"sp":0,"qtr":3,"down":2,"time":"02:54","yrdln":"TB 26","ydstogo":4,"ydsnet":6,"posteam":"TB","desc":"(2:54) C.Williams right end to TB 27 for 1 yard (R.McIntosh; C.Griffin).","note":null,"players":{"00-0024250":[{"sequence":2,"clubcode":"WAS","playerName":"R.McIntosh","statId":82,"yards":0}],"00-0019700":[{"sequence":3,"clubcode":"WAS","playerName":"C.Griffin","statId":82,"yards":0}],"00-0023440":[{"sequence":1,"clubcode":"TB","playerName":"C.Williams","statId":10,"yards":1}]}},"2655":{"sp":0,"qtr":3,"down":3,"time":"02:10","yrdln":"TB 27","ydstogo":3,"ydsnet":6,"posteam":"TB","desc":"(2:10) (Shotgun) J.Johnson sacked at TB 26 for -1 yards (L.Fletcher).","note":null,"players":{"00-0005322":[{"sequence":3,"clubcode":"WAS","playerName":"L.Fletcher","statId":83,"yards":-1},{"sequence":4,"clubcode":"WAS","playerName":"L.Fletcher","statId":110,"yards":0},{"sequence":5,"clubcode":"WAS","playerName":"L.Fletcher","statId":79,"yards":0},{"sequence":6,"clubcode":"WAS","playerName":"L.Fletcher","statId":120,"yards":0}],"00-0026300":[{"sequence":2,"clubcode":"TB","playerName":"J.Johnson","statId":20,"yards":-1}],"0":[{"sequence":1,"clubcode":"TB","playerName":"","statId":7,"yards":0}]}},"2674":{"sp":0,"qtr":3,"down":4,"time":"01:41","yrdln":"TB 26","ydstogo":4,"ydsnet":6,"posteam":"TB","desc":"(1:41) D.Johnson punts 37 yards to WAS 37, Center-A.Economos. S.Moss to WAS 41 for 4 yards (M.Stovall).","note":"PUNT","players":{"00-0008484":[{"sequence":1,"clubcode":"TB","playerName":"D.Johnson","statId":29,"yards":37}],"00-0020494":[{"sequence":2,"clubcode":"WAS","playerName":"S.Moss","statId":33,"yards":4}],"00-0024305":[{"sequence":3,"clubcode":"TB","playerName":"M.Stovall","statId":79,"yards":0}]}}},"fds":0,"result":"Punt","penyds":0,"ydsgained":6,"numplays":5,"postime":"2:03","start":{"qtr":3,"time":"03:32","yrdln":"TB 20","team":"TB"},"end":{"qtr":3,"time":"01:29","yrdln":"TB 26","team":"TB"}},"18":{"posteam":"WAS","qtr":3,"redzone":true,"plays":{"2703":{"sp":1,"qtr":3,"down":1,"time":"01:29","yrdln":"WAS 41","ydstogo":10,"ydsnet":59,"posteam":"WAS","desc":"(1:29) J.Campbell pass deep right to S.Moss for 59 yards, TOUCHDOWN.","note":"TD","players":{"00-0023460":[{"sequence":2,"clubcode":"WAS","playerName":"J.Campbell","statId":16,"yards":59},{"sequence":3,"clubcode":"WAS","playerName":"J.Campbell","statId":111,"yards":50}],"00-0020494":[{"sequence":4,"clubcode":"WAS","playerName":"S.Moss","statId":22,"yards":59},{"sequence":5,"clubcode":"WAS","playerName":"S.Moss","statId":115,"yards":0},{"sequence":6,"clubcode":"WAS","playerName":"S.Moss","statId":113,"yards":9}],"0":[{"sequence":1,"clubcode":"WAS","playerName":"","statId":4,"yards":0}]}},"2723":{"sp":1,"qtr":3,"down":0,"time":"01:22","yrdln":"TB 2","ydstogo":0,"ydsnet":59,"posteam":"WAS","desc":"S.Suisham extra point is GOOD, Center-E.Albright, Holder-H.Smith.","note":"XP","players":{"00-0023001":[{"sequence":1,"clubcode":"WAS","playerName":"S.Suisham","statId":72,"yards":0}]}}},"fds":1,"result":"Touchdown","penyds":0,"ydsgained":59,"numplays":2,"postime":"0:07","start":{"qtr":3,"time":"01:29","yrdln":"WAS 41","team":"WAS"},"end":{"qtr":3,"time":"01:22","yrdln":"WAS 41","team":"WAS"}},"19":{"posteam":"TB","qtr":4,"redzone":true,"plays":{"2739":{"sp":0,"qtr":3,"down":0,"time":"01:22","yrdln":"WAS 30","ydstogo":0,"ydsnet":0,"posteam":"WAS","desc":"S.Suisham kicks 70 yards from WAS 30 to end zone, Touchback.","note":"KICKOFF","players":{"00-0023001":[{"sequence":1,"clubcode":"WAS","playerName":"S.Suisham","statId":44,"yards":70}],"0":[{"sequence":2,"clubcode":"TB","playerName":"","statId":51,"yards":0}]}},"2757":{"sp":0,"qtr":3,"down":1,"time":"01:22","yrdln":"TB 20","ydstogo":10,"ydsnet":6,"posteam":"TB","desc":"(1:22) J.Johnson scrambles right end to TB 26 for 6 yards (R.Doughty).","note":null,"players":{"00-0024387":[{"sequence":2,"clubcode":"WAS","playerName":"R.Doughty","statId":79,"yards":0}],"00-0026300":[{"sequence":1,"clubcode":"TB","playerName":"J.Johnson","statId":10,"yards":6}]}},"2778":{"sp":0,"qtr":3,"down":2,"time":"00:49","yrdln":"TB 26","ydstogo":4,"ydsnet":7,"posteam":"TB","desc":"(:49) C.Williams right tackle to TB 27 for 1 yard (B.Orakpo).","note":null,"players":{"00-0026989":[{"sequence":2,"clubcode":"WAS","playerName":"B.Orakpo","statId":79,"yards":0}],"00-0023440":[{"sequence":1,"clubcode":"TB","playerName":"C.Williams","statId":10,"yards":1}]}},"2799":{"sp":0,"qtr":3,"down":0,"time":"","yrdln":"","ydstogo":0,"ydsnet":7,"posteam":"","desc":"END QUARTER 3","note":null,"players":{}},"2815":{"sp":0,"qtr":4,"down":3,"time":"15:00","yrdln":"TB 27","ydstogo":3,"ydsnet":8,"posteam":"TB","desc":"(15:00) (Shotgun) J.Johnson scrambles right end to TB 28 for 1 yard (J.Jarmon).","note":null,"players":{"00-0026300":[{"sequence":2,"clubcode":"TB","playerName":"J.Johnson","statId":10,"yards":1}],"0":[{"sequence":1,"clubcode":"TB","playerName":"","statId":7,"yards":0}],"00-0027159":[{"sequence":3,"clubcode":"WAS","playerName":"J.Jarmon","statId":79,"yards":0}]}},"2836":{"sp":0,"qtr":4,"down":4,"time":"14:28","yrdln":"TB 28","ydstogo":2,"ydsnet":8,"posteam":"TB","desc":"(14:28) D.Johnson punts 38 yards to WAS 34, Center-A.Economos, downed by TB-J.Gilmore.","note":"PUNT","players":{"00-0008484":[{"sequence":1,"clubcode":"TB","playerName":"D.Johnson","statId":29,"yards":38}],"0":[{"sequence":2,"clubcode":"WAS","playerName":"","statId":38,"yards":0}]}}},"fds":0,"result":"Punt","penyds":0,"ydsgained":8,"numplays":6,"postime":"2:06","start":{"qtr":3,"time":"01:22","yrdln":"TB 20","team":"TB"},"end":{"qtr":3,"time":"14:16","yrdln":"TB 28","team":"TB"}},"20":{"posteam":"WAS","qtr":4,"redzone":true,"plays":{"2859":{"sp":0,"qtr":4,"down":1,"time":"14:16","yrdln":"WAS 34","ydstogo":10,"ydsnet":6,"posteam":"WAS","desc":"(14:16) C.Portis right end to WAS 40 for 6 yards (B.Ruud, C.Hovan).","note":null,"players":{"00-0023471":[{"sequence":2,"clubcode":"TB","playerName":"B.Ruud","statId":80,"yards":0}],"00-0021179":[{"sequence":1,"clubcode":"WAS","playerName":"C.Portis","statId":10,"yards":6}],"00-0019696":[{"sequence":3,"clubcode":"TB","playerName":"C.Hovan","statId":82,"yards":0}]}},"2880":{"sp":0,"qtr":4,"down":2,"time":"13:43","yrdln":"WAS 40","ydstogo":4,"ydsnet":13,"posteam":"WAS","desc":"(13:43) C.Portis right guard to WAS 47 for 7 yards (S.Piscitelli).","note":null,"players":{"00-0025451":[{"sequence":3,"clubcode":"TB","playerName":"S.Piscitelli","statId":79,"yards":0}],"00-0021179":[{"sequence":2,"clubcode":"WAS","playerName":"C.Portis","statId":10,"yards":7}],"0":[{"sequence":1,"clubcode":"WAS","playerName":"","statId":3,"yards":0}]}},"2901":{"sp":0,"qtr":4,"down":1,"time":"13:08","yrdln":"WAS 47","ydstogo":10,"ydsnet":14,"posteam":"WAS","desc":"(13:08) C.Portis right end to WAS 48 for 1 yard (R.Miller).","note":null,"players":{"00-0021179":[{"sequence":1,"clubcode":"WAS","playerName":"C.Portis","statId":10,"yards":1}],"00-0027055":[{"sequence":2,"clubcode":"TB","playerName":"R.Miller","statId":79,"yards":0}]}},"2922":{"sp":0,"qtr":4,"down":2,"time":"12:26","yrdln":"WAS 48","ydstogo":9,"ydsnet":14,"posteam":"WAS","desc":"(12:26) J.Campbell pass deep right intended for S.Moss INTERCEPTED by A.Talib at TB 20. A.Talib to TB 33 for 13 yards (S.Moss). PENALTY on WAS-C.Rabach, Chop Block, 15 yards, enforced at TB 33.","note":"INT","players":{"00-0023460":[{"sequence":1,"clubcode":"WAS","playerName":"J.Campbell","statId":19,"yards":0},{"sequence":3,"clubcode":"WAS","playerName":"J.Campbell","statId":112,"yards":32}],"00-0020450":[{"sequence":7,"clubcode":"WAS","playerName":"C.Rabach","statId":93,"yards":15}],"00-0020494":[{"sequence":2,"clubcode":"WAS","playerName":"S.Moss","statId":115,"yards":0},{"sequence":6,"clubcode":"WAS","playerName":"S.Moss","statId":79,"yards":0}],"00-0026160":[{"sequence":4,"clubcode":"TB","playerName":"A.Talib","statId":25,"yards":13},{"sequence":5,"clubcode":"TB","playerName":"A.Talib","statId":85,"yards":0}]}}},"fds":1,"result":"Interception","penyds":0,"ydsgained":14,"numplays":4,"postime":"2:02","start":{"qtr":4,"time":"14:16","yrdln":"WAS 34","team":"WAS"},"end":{"qtr":4,"time":"12:14","yrdln":"WAS 48","team":"WAS"}},"21":{"posteam":"TB","qtr":4,"redzone":true,"plays":{"2981":{"sp":0,"qtr":4,"down":1,"time":"12:14","yrdln":"TB 48","ydstogo":10,"ydsnet":5,"posteam":"TB","desc":"(12:14) J.Johnson pass short right to C.Williams to WAS 47 for 5 yards (R.Doughty, K.Golston).","note":null,"players":{"00-0024410":[{"sequence":7,"clubcode":"WAS","playerName":"K.Golston","statId":82,"yards":0}],"00-0024387":[{"sequence":6,"clubcode":"WAS","playerName":"R.Doughty","statId":80,"yards":0}],"00-0026300":[{"sequence":1,"clubcode":"TB","playerName":"J.Johnson","statId":15,"yards":5},{"sequence":2,"clubcode":"TB","playerName":"J.Johnson","statId":111,"yards":0}],"00-0023440":[{"sequence":3,"clubcode":"TB","playerName":"C.Williams","statId":21,"yards":5},{"sequence":4,"clubcode":"TB","playerName":"C.Williams","statId":115,"yards":0},{"sequence":5,"clubcode":"TB","playerName":"C.Williams","statId":113,"yards":5}]}},"3005":{"sp":0,"qtr":4,"down":2,"time":"11:29","yrdln":"WAS 47","ydstogo":5,"ydsnet":5,"posteam":"TB","desc":"(11:29) J.Johnson pass incomplete short middle to C.Williams [A.Carter].","note":null,"players":{"00-0026300":[{"sequence":1,"clubcode":"TB","playerName":"J.Johnson","statId":14,"yards":0},{"sequence":4,"clubcode":"TB","playerName":"J.Johnson","statId":112,"yards":5}],"00-0020489":[{"sequence":3,"clubcode":"WAS","playerName":"A.Carter","statId":110,"yards":0}],"00-0023440":[{"sequence":2,"clubcode":"TB","playerName":"C.Williams","statId":115,"yards":0}]}},"3027":{"sp":0,"qtr":4,"down":3,"time":"11:22","yrdln":"WAS 47","ydstogo":5,"ydsnet":10,"posteam":"TB","desc":"(11:22) (Shotgun) J.Johnson pass short right to C.Williams to WAS 42 for 5 yards (D.Hall, R.Doughty).","note":null,"players":{"00-0022923":[{"sequence":8,"clubcode":"WAS","playerName":"D.Hall","statId":80,"yards":0}],"00-0024387":[{"sequence":9,"clubcode":"WAS","playerName":"R.Doughty","statId":82,"yards":0}],"00-0026300":[{"sequence":3,"clubcode":"TB","playerName":"J.Johnson","statId":15,"yards":5},{"sequence":4,"clubcode":"TB","playerName":"J.Johnson","statId":111,"yards":4}],"0":[{"sequence":1,"clubcode":"TB","playerName":"","statId":4,"yards":0},{"sequence":2,"clubcode":"TB","playerName":"","statId":6,"yards":0}],"00-0023440":[{"sequence":5,"clubcode":"TB","playerName":"C.Williams","statId":21,"yards":5},{"sequence":6,"clubcode":"TB","playerName":"C.Williams","statId":115,"yards":0},{"sequence":7,"clubcode":"TB","playerName":"C.Williams","statId":113,"yards":1}]}},"3051":{"sp":0,"qtr":4,"down":1,"time":"10:39","yrdln":"WAS 42","ydstogo":10,"ydsnet":16,"posteam":"TB","desc":"(10:39) J.Johnson pass short left to C.Williams to WAS 36 for 6 yards (R.McIntosh).","note":null,"players":{"00-0024250":[{"sequence":6,"clubcode":"WAS","playerName":"R.McIntosh","statId":79,"yards":0}],"00-0026300":[{"sequence":1,"clubcode":"TB","playerName":"J.Johnson","statId":15,"yards":6},{"sequence":2,"clubcode":"TB","playerName":"J.Johnson","statId":111,"yards":2}],"00-0023440":[{"sequence":3,"clubcode":"TB","playerName":"C.Williams","statId":21,"yards":6},{"sequence":4,"clubcode":"TB","playerName":"C.Williams","statId":115,"yards":0},{"sequence":5,"clubcode":"TB","playerName":"C.Williams","statId":113,"yards":4}]}},"3075":{"sp":0,"qtr":4,"down":2,"time":"09:58","yrdln":"WAS 36","ydstogo":4,"ydsnet":23,"posteam":"TB","desc":"(9:58) C.Williams right end to WAS 29 for 7 yards (L.Landry).","note":null,"players":{"00-0025393":[{"sequence":3,"clubcode":"WAS","playerName":"L.Landry","statId":79,"yards":0}],"0":[{"sequence":1,"clubcode":"TB","playerName":"","statId":3,"yards":0}],"00-0023440":[{"sequence":2,"clubcode":"TB","playerName":"C.Williams","statId":10,"yards":7}]}},"3096":{"sp":0,"qtr":4,"down":1,"time":"09:21","yrdln":"WAS 29","ydstogo":10,"ydsnet":25,"posteam":"TB","desc":"(9:21) C.Smith right end to WAS 27 for 2 yards (L.Alexander).","note":null,"players":{"00-0023259":[{"sequence":2,"clubcode":"WAS","playerName":"L.Alexander","statId":79,"yards":0}],"00-0026113":[{"sequence":1,"clubcode":"TB","playerName":"C.Smith","statId":10,"yards":2}]}},"3117":{"sp":0,"qtr":4,"down":0,"time":"08:36","yrdln":"","ydstogo":0,"ydsnet":25,"posteam":"","desc":"Timeout #1 by TB at 08:36.","note":"TIMEOUT","players":{"0":[{"sequence":1,"clubcode":"TB","playerName":"","statId":68,"yards":0}]}},"3134":{"sp":0,"qtr":4,"down":2,"time":"08:36","yrdln":"WAS 27","ydstogo":8,"ydsnet":33,"posteam":"TB","desc":"(8:36) C.Williams right end to WAS 19 for 8 yards (L.Fletcher).","note":null,"players":{"00-0005322":[{"sequence":3,"clubcode":"WAS","playerName":"L.Fletcher","statId":79,"yards":0}],"0":[{"sequence":1,"clubcode":"TB","playerName":"","statId":3,"yards":0}],"00-0023440":[{"sequence":2,"clubcode":"TB","playerName":"C.Williams","statId":10,"yards":8}]}},"3155":{"sp":0,"qtr":4,"down":1,"time":"08:36","yrdln":"WAS 19","ydstogo":10,"ydsnet":28,"posteam":"TB","desc":"(8:36) PENALTY on TB-J.Trueblood, False Start, 5 yards, enforced at WAS 19 - No Play.","note":"PENALTY","players":{"00-0024274":[{"sequence":1,"clubcode":"TB","playerName":"J.Trueblood","statId":93,"yards":5}]}},"3178":{"sp":0,"qtr":4,"down":1,"time":"07:24","yrdln":"WAS 24","ydstogo":15,"ydsnet":48,"posteam":"TB","desc":"(7:24) C.Williams right tackle to WAS 7 for 17 yards (R.McIntosh, D.Hall).","note":null,"players":{"00-0024250":[{"sequence":3,"clubcode":"WAS","playerName":"R.McIntosh","statId":80,"yards":0}],"00-0022923":[{"sequence":4,"clubcode":"WAS","playerName":"D.Hall","statId":82,"yards":0}],"0":[{"sequence":1,"clubcode":"TB","playerName":"","statId":3,"yards":0}],"00-0023440":[{"sequence":2,"clubcode":"TB","playerName":"C.Williams","statId":10,"yards":17}]}},"3199":{"sp":0,"qtr":4,"down":1,"time":"06:37","yrdln":"WAS 7","ydstogo":7,"ydsnet":48,"posteam":"TB","desc":"(6:37) E.Graham right guard to WAS 5 for 2 yards (C.Griffin).","note":null,"players":{"00-0021755":[{"sequence":1,"clubcode":"TB","playerName":"E.Graham","statId":10,"yards":2}],"00-0019700":[{"sequence":2,"clubcode":"WAS","playerName":"C.Griffin","statId":79,"yards":0}]}},"3220":{"sp":0,"qtr":4,"down":2,"time":"05:56","yrdln":"WAS 5","ydstogo":5,"ydsnet":48,"posteam":"TB","desc":"(5:56) C.Williams right end to WAS 8 for -3 yards (L.Landry).","note":null,"players":{"00-0025393":[{"sequence":3,"clubcode":"WAS","playerName":"L.Landry","statId":79,"yards":0},{"sequence":4,"clubcode":"WAS","playerName":"L.Landry","statId":120,"yards":0}],"0":[{"sequence":2,"clubcode":"TB","playerName":"","statId":95,"yards":-3}],"00-0023440":[{"sequence":1,"clubcode":"TB","playerName":"C.Williams","statId":10,"yards":-3}]}},"3241":{"sp":0,"qtr":4,"down":3,"time":"05:13","yrdln":"WAS 8","ydstogo":8,"ydsnet":48,"posteam":"TB","desc":"(5:13) (Shotgun) J.Johnson scrambles left end to WAS 4 for 4 yards (J.Tryon, L.Fletcher).","note":null,"players":{"00-0005322":[{"sequence":4,"clubcode":"WAS","playerName":"L.Fletcher","statId":82,"yards":0}],"00-0026264":[{"sequence":3,"clubcode":"WAS","playerName":"J.Tryon","statId":80,"yards":0}],"00-0026300":[{"sequence":2,"clubcode":"TB","playerName":"J.Johnson","statId":10,"yards":4}],"0":[{"sequence":1,"clubcode":"TB","playerName":"","statId":7,"yards":0}]}},"3262":{"sp":1,"qtr":4,"down":4,"time":"04:30","yrdln":"WAS 4","ydstogo":4,"ydsnet":48,"posteam":"TB","desc":"(4:30) M.Nugent 22 yard field goal is GOOD, Center-A.Economos, Holder-D.Johnson.","note":"FG","players":{"00-0023482":[{"sequence":1,"clubcode":"TB","playerName":"M.Nugent","statId":70,"yards":22}]}}},"fds":4,"result":"Field Goal","penyds":-5,"ydsgained":53,"numplays":14,"postime":"7:49","start":{"qtr":4,"time":"12:14","yrdln":"TB 48","team":"TB"},"end":{"qtr":4,"time":"04:25","yrdln":"WAS 4","team":"TB"}},"22":{"posteam":"WAS","qtr":4,"redzone":true,"plays":{"3281":{"sp":0,"qtr":4,"down":0,"time":"04:25","yrdln":"TB 30","ydstogo":0,"ydsnet":0,"posteam":"TB","desc":"M.Nugent kicks 64 yards from TB 30 to WAS 6. R.Cartwright to WAS 30 for 24 yards (R.Wilson, C.Lynch).","note":"KICKOFF","players":{"00-0023482":[{"sequence":1,"clubcode":"TB","playerName":"M.Nugent","statId":41,"yards":64}],"00-0026317":[{"sequence":4,"clubcode":"TB","playerName":"C.Lynch","statId":82,"yards":0}],"00-0021357":[{"sequence":2,"clubcode":"WAS","playerName":"R.Cartwright","statId":45,"yards":24}],"00-0023652":[{"sequence":3,"clubcode":"TB","playerName":"R.Wilson","statId":80,"yards":0}]}},"3303":{"sp":0,"qtr":4,"down":1,"time":"04:20","yrdln":"WAS 30","ydstogo":10,"ydsnet":10,"posteam":"WAS","desc":"(4:20) C.Portis right tackle to WAS 40 for 10 yards (A.Talib).","note":null,"players":{"00-0021179":[{"sequence":2,"clubcode":"WAS","playerName":"C.Portis","statId":10,"yards":10}],"0":[{"sequence":1,"clubcode":"WAS","playerName":"","statId":3,"yards":0}],"00-0026160":[{"sequence":3,"clubcode":"TB","playerName":"A.Talib","statId":79,"yards":0}]}},"3324":{"sp":0,"qtr":4,"down":1,"time":"03:36","yrdln":"WAS 40","ydstogo":10,"ydsnet":11,"posteam":"WAS","desc":"(3:36) C.Portis left end to WAS 41 for 1 yard (G.Hayes, Q.Black).","note":null,"players":{"00-0021179":[{"sequence":1,"clubcode":"WAS","playerName":"C.Portis","statId":10,"yards":1}],"00-0025455":[{"sequence":3,"clubcode":"TB","playerName":"Q.Black","statId":82,"yards":0}],"00-0026315":[{"sequence":2,"clubcode":"TB","playerName":"G.Hayes","statId":80,"yards":0}]}},"3345":{"sp":0,"qtr":4,"down":2,"time":"02:55","yrdln":"WAS 41","ydstogo":9,"ydsnet":15,"posteam":"WAS","desc":"(2:55) J.Campbell scrambles left tackle to WAS 45 for 4 yards (J.Wilkerson; G.Hayes).","note":null,"players":{"00-0023460":[{"sequence":1,"clubcode":"WAS","playerName":"J.Campbell","statId":10,"yards":4}],"00-0021960":[{"sequence":2,"clubcode":"TB","playerName":"J.Wilkerson","statId":82,"yards":0}],"00-0026315":[{"sequence":3,"clubcode":"TB","playerName":"G.Hayes","statId":82,"yards":0}]}},"3366":{"sp":0,"qtr":4,"down":3,"time":"02:09","yrdln":"WAS 45","ydstogo":5,"ydsnet":19,"posteam":"WAS","desc":"(2:09) C.Portis left tackle to WAS 49 for 4 yards (Q.Black).","note":null,"players":{"00-0021179":[{"sequence":2,"clubcode":"WAS","playerName":"C.Portis","statId":10,"yards":4}],"0":[{"sequence":1,"clubcode":"WAS","playerName":"","statId":7,"yards":0}],"00-0025455":[{"sequence":3,"clubcode":"TB","playerName":"Q.Black","statId":79,"yards":0}]}},"3387":{"sp":0,"qtr":4,"down":0,"time":"02:00","yrdln":"","ydstogo":0,"ydsnet":19,"posteam":"","desc":"Two-Minute Warning","note":null,"players":{}},"3404":{"sp":0,"qtr":4,"down":4,"time":"02:00","yrdln":"WAS 49","ydstogo":1,"ydsnet":19,"posteam":"WAS","desc":"(2:00) S.Suisham punts 32 yards to TB 19, Center-E.Albright, out of bounds.","note":"PUNT","players":{"00-0023001":[{"sequence":1,"clubcode":"WAS","playerName":"S.Suisham","statId":29,"yards":32},{"sequence":2,"clubcode":"WAS","playerName":"S.Suisham","statId":30,"yards":0}],"0":[{"sequence":3,"clubcode":"TB","playerName":"","statId":37,"yards":0}]}}},"fds":1,"result":"Punt","penyds":0,"ydsgained":19,"numplays":7,"postime":"2:33","start":{"qtr":4,"time":"04:25","yrdln":"WAS 30","team":"WAS"},"end":{"qtr":4,"time":"01:52","yrdln":"WAS 49","team":"WAS"}},"23":{"posteam":"TB","qtr":4,"redzone":true,"plays":{"3426":{"sp":0,"qtr":4,"down":1,"time":"01:52","yrdln":"TB 19","ydstogo":10,"ydsnet":3,"posteam":"TB","desc":"(1:52) (Shotgun) J.Johnson pass short right to A.Bryant to TB 22 for 3 yards (C.Horton).","note":null,"players":{"00-0021191":[{"sequence":3,"clubcode":"TB","playerName":"A.Bryant","statId":21,"yards":3},{"sequence":4,"clubcode":"TB","playerName":"A.Bryant","statId":115,"yards":0},{"sequence":5,"clubcode":"TB","playerName":"A.Bryant","statId":113,"yards":0}],"00-0026389":[{"sequence":6,"clubcode":"WAS","playerName":"C.Horton","statId":79,"yards":0}],"00-0026300":[{"sequence":1,"clubcode":"TB","playerName":"J.Johnson","statId":15,"yards":3},{"sequence":2,"clubcode":"TB","playerName":"J.Johnson","statId":111,"yards":3}]}},"3450":{"sp":0,"qtr":4,"down":2,"time":"01:24","yrdln":"TB 22","ydstogo":7,"ydsnet":9,"posteam":"TB","desc":"(1:24) (No Huddle, Shotgun) J.Johnson scrambles up the middle to TB 28 for 6 yards (R.Doughty, J.Tryon).","note":null,"players":{"00-0026264":[{"sequence":3,"clubcode":"WAS","playerName":"J.Tryon","statId":82,"yards":0}],"00-0024387":[{"sequence":2,"clubcode":"WAS","playerName":"R.Doughty","statId":80,"yards":0}],"00-0026300":[{"sequence":1,"clubcode":"TB","playerName":"J.Johnson","statId":10,"yards":6}]}},"3471":{"sp":0,"qtr":4,"down":3,"time":"00:55","yrdln":"TB 28","ydstogo":1,"ydsnet":10,"posteam":"TB","desc":"(:55) (No Huddle, Shotgun) C.Smith up the middle to TB 30 for 2 yards (J.Jarmon). FUMBLES (J.Jarmon), RECOVERED by WAS-C.Horton at TB 29.","note":"FUMBLE","players":{"00-0026389":[{"sequence":7,"clubcode":"WAS","playerName":"C.Horton","statId":59,"yards":0}],"00-0026113":[{"sequence":2,"clubcode":"TB","playerName":"C.Smith","statId":10,"yards":1},{"sequence":4,"clubcode":"TB","playerName":"C.Smith","statId":52,"yards":0},{"sequence":5,"clubcode":"TB","playerName":"C.Smith","statId":106,"yards":0}],"0":[{"sequence":1,"clubcode":"TB","playerName":"","statId":7,"yards":0}],"00-0027159":[{"sequence":3,"clubcode":"WAS","playerName":"J.Jarmon","statId":79,"yards":0},{"sequence":6,"clubcode":"WAS","playerName":"J.Jarmon","statId":91,"yards":0}]}}},"fds":0,"result":"Fumble","penyds":0,"ydsgained":10,"numplays":3,"postime":"1:04","start":{"qtr":4,"time":"01:52","yrdln":"TB 19","team":"TB"},"end":{"qtr":4,"time":"00:48","yrdln":"TB 28","team":"TB"}},"24":{"posteam":"WAS","qtr":4,"redzone":true,"plays":{"3503":{"sp":0,"qtr":4,"down":1,"time":"00:48","yrdln":"TB 29","ydstogo":10,"ydsnet":-6,"posteam":"WAS","desc":"(:48) J.Campbell kneels to TB 30 for -1 yards.","note":null,"players":{"00-0023460":[{"sequence":1,"clubcode":"WAS","playerName":"J.Campbell","statId":10,"yards":-1}]}},"3524":{"sp":0,"qtr":4,"down":0,"time":"00:46","yrdln":"","ydstogo":0,"ydsnet":-6,"posteam":"","desc":"Timeout #2 by TB at 00:46.","note":"TIMEOUT","players":{"0":[{"sequence":1,"clubcode":"TB","playerName":"","statId":68,"yards":0}]}},"3541":{"sp":0,"qtr":4,"down":2,"time":"00:46","yrdln":"TB 30","ydstogo":11,"ydsnet":-6,"posteam":"WAS","desc":"(:46) J.Campbell kneels to TB 33 for -3 yards.","note":null,"players":{"00-0023460":[{"sequence":1,"clubcode":"WAS","playerName":"J.Campbell","statId":10,"yards":-3}]}},"3562":{"sp":0,"qtr":4,"down":3,"time":"00:46","yrdln":"TB 33","ydstogo":14,"ydsnet":-6,"posteam":"WAS","desc":"(:46) J.Campbell kneels to TB 35 for -2 yards.","note":null,"players":{"00-0023460":[{"sequence":2,"clubcode":"WAS","playerName":"J.Campbell","statId":10,"yards":-2}],"0":[{"sequence":1,"clubcode":"WAS","playerName":"","statId":7,"yards":0}]}},"3583":{"sp":0,"qtr":4,"down":0,"time":"00:00","yrdln":"","ydstogo":0,"ydsnet":-6,"posteam":"","desc":"END GAME","note":null,"players":{}}},"fds":0,"result":"End of Game","penyds":0,"ydsgained":-6,"numplays":5,"postime":"0:48","start":{"qtr":4,"time":"00:48","yrdln":"TB 29","team":"WAS"},"end":{"qtr":4,"time":"00:00","yrdln":"","team":"WAS"}},"crntdrv":24},"scrsummary":{"176":{"type":"TD","desc":"A.Bryant 8 yd. pass from J.Johnson (M.Nugent kick is good) Drive: 2 plays, 10 yards in 0:47","qtr":1,"team":"TB","players":{"":"0","J.Johnson":"00-0026300","A.Bryant":"00-0021191","M.Nugent":"00-0023482"}},"1903":{"type":"FG","desc":"M.Nugent 37 yd. Field Goal Drive: 12 plays, 60 yards in 4:34","qtr":2,"team":"TB","players":{"M.Nugent":"00-0023482"}},"2161":{"type":"FG","desc":"S.Suisham 42 yd. Field Goal Drive: 7 plays, 18 yards in 3:19","qtr":3,"team":"WAS","players":{"S.Suisham":"00-0023001"}},"2555":{"type":"TD","desc":"C.Cooley 17 yd. pass from J.Campbell (kick blocked) Drive: 10 plays, 69 yards in 5:24","qtr":3,"team":"WAS","players":{"":"0","J.Campbell":"00-0023460","C.Cooley":"00-0022738"}},"2703":{"type":"TD","desc":"S.Moss 59 yd. pass from J.Campbell (S.Suisham kick is good) Drive: 1 plays, 59 yards in 0:07","qtr":3,"team":"WAS","players":{"":"0","J.Campbell":"00-0023460","A.Randle El":"00-0021190","S.Suisham":"00-0023001"}},"3262":{"type":"FG","desc":"M.Nugent 22 yd. Field Goal Drive: 12 plays, 48 yards in 7:49","qtr":4,"team":"TB","players":{"M.Nugent":"00-0023482"}}},"weather":null,"media":null,"yl":"","qtr":"Final","note":null,"down":0,"togo":0,"redzone":true,"clock":"00:46","posteam":"WAS","stadium":null},"nextupdate":234}