{"2009092708":{"home":{"score":{"1":0,"2":0,"3":0,"4":0,"5":0,"T":0},"abbr":"TB","to":1,"stats":{"passing":{"00-0022177":{"name":"B.Leftwich","att":16,"cmp":7,"yds":22,"tds":0,"ints":1,"twopta":0,"twoptm":0},"00-0026300":{"name":"J.Johnson","att":10,"cmp":4,"yds":36,"tds":0,"ints":0,"twopta":0,"twoptm":0}},"rushing":{"00-0026300":{"name":"J.Johnson","att":1,"yds":15,"tds":0,"lng":15,"twopta":0,"twoptm":0},"00-0023440":{"name":"C.Williams","att":2,"yds":8,"tds":0,"lng":5,"twopta":0,"twoptm":0},"00-0022177":{"name":"B.Leftwich","att":2,"yds":3,"tds":0,"lng":4,"twopta":0,"twoptm":0},"00-0022770":{"name":"D.Ward","att":5,"yds":2,"tds":0,"lng":7,"twopta":0,"twoptm":0}},"receiving":{"00-0022922":{"name":"K.Winslow","rec":3,"yds":14,"tds":0,"lng":7,"twopta":0,"twoptm":0},"00-0026953":{"name":"S.Stroughter","rec":2,"yds":23,"tds":0,"lng":15,"twopta":0,"twoptm":0},"00-0022770":{"name":"D.Ward","rec":2,"yds":7,"tds":0,"lng":7,"twopta":0,"twoptm":0},"00-0021159":{"name":"J.Stevens","rec":1,"yds":6,"tds":0,"lng":6,"twopta":0,"twoptm":0},"00-0021191":{"name":"A.Bryant","rec":1,"yds":6,"tds":0,"lng":6,"twopta":0,"twoptm":0},"00-0023440":{"name":"C.Williams","rec":1,"yds":3,"tds":0,"lng":3,"twopta":0,"twoptm":0},"00-0022003":{"name":"B.Askew","rec":1,"yds":-1,"tds":0,"lng":-1,"twopta":0,"twoptm":0}},"punting":{"00-0008484":{"name":"D.Johnson","pts":7,"yds":311,"avg":38,"i20":0,"lng":58}},"kickret":{"00-0026113":{"name":"C.Smith","ret":2,"avg":28,"tds":0,"lng":30},"00-0025443":{"name":"T.Crowder","ret":1,"avg":11,"tds":0,"lng":11}},"puntret":{"00-0026113":{"name":"C.Smith","ret":3,"avg":13,"tds":0,"lng":20}},"defense":{"00-0023471":{"name":"B.Ruud","tkl":10,"ast":4,"sk":0,"int":0,"ffum":0},"00-0022900":{"name":"W.Allen","tkl":9,"ast":1,"sk":0,"int":0,"ffum":0},"00-0026315":{"name":"G.Hayes","tkl":5,"ast":0,"sk":0,"int":0,"ffum":0},"00-0021960":{"name":"J.Wilkerson","tkl":4,"ast":1,"sk":0,"int":0,"ffum":0},"00-0025451":{"name":"S.Piscitelli","tkl":4,"ast":1,"sk":0,"int":0,"ffum":0},"00-0025455":{"name":"Q.Black","tkl":4,"ast":0,"sk":0,"int":0,"ffum":0},"00-0025443":{"name":"T.Crowder","tkl":4,"ast":0,"sk":0,"int":0,"ffum":0},"00-0019696":{"name":"C.Hovan","tkl":4,"ast":0,"sk":0,"int":0,"ffum":0},"00-0026160":{"name":"A.Talib","tkl":3,"ast":0,"sk":0,"int":0,"ffum":0},"00-0021382":{"name":"R.Sims","tkl":3,"ast":0,"sk":0,"int":0,"ffum":0},"00-0027055":{"name":"R.Miller","tkl":3,"ast":0,"sk":0,"int":0,"ffum":0},"00-0021332":{"name":"S.White","tkl":1,"ast":2,"sk":0,"int":0,"ffum":0},"00-0000741":{"name":"R.Barber","tkl":2,"ast":0,"sk":0,"int":0,"ffum":0},"00-0025391":{"name":"G.Adams","tkl":1,"ast":0,"sk":0,"int":0,"ffum":0},"00-0025569":{"name":"A.Hayward","tkl":1,"ast":0,"sk":0,"int":0,"ffum":0},"00-0025902":{"name":"E.Mack","tkl":1,"ast":0,"sk":0,"int":0,"ffum":0}},"team":{"totfd":5,"totyds":86,"pyds":58,"ryds":28,"pen":5,"penyds":25,"trnovr":1,"pt":7,"ptyds":311,"ptavg":38,"top":"16:22"}},"players":null},"away":{"score":{"1":7,"2":7,"3":3,"4":7,"5":0,"T":24},"abbr":"NYG","to":2,"stats":{"passing":{"00-0022803":{"name":"E.Manning","att":24,"cmp":14,"yds":161,"tds":2,"ints":0,"twopta":0,"twoptm":0},"00-0020608":{"name":"D.Carr","att":3,"cmp":2,"yds":10,"tds":0,"ints":0,"twopta":0,"twoptm":0}},"rushing":{"00-0025637":{"name":"A.Bradshaw","att":14,"yds":104,"tds":0,"lng":38,"twopta":0,"twoptm":0},"00-0023545":{"name":"B.Jacobs","att":26,"yds":92,"tds":1,"lng":11,"twopta":0,"twoptm":0},"00-0027098":{"name":"G.Johnson","att":6,"yds":23,"tds":0,"lng":11,"twopta":0,"twoptm":0},"00-0022803":{"name":"E.Manning","att":1,"yds":9,"tds":0,"lng":9,"twopta":0,"twoptm":0},"00-0020608":{"name":"D.Carr","att":2,"yds":-2,"tds":0,"lng":-1,"twopta":0,"twoptm":0}},"receiving":{"00-0025438":{"name":"S.Smith","rec":7,"yds":63,"tds":1,"lng":13,"twopta":0,"twoptm":0},"00-0026235":{"name":"M.Manningham","rec":4,"yds":55,"tds":0,"lng":20,"twopta":0,"twoptm":0},"00-0025540":{"name":"K.Boss","rec":2,"yds":27,"tds":0,"lng":24,"twopta":0,"twoptm":0},"00-0027070":{"name":"T.Beckum","rec":2,"yds":8,"tds":0,"lng":7,"twopta":0,"twoptm":0},"00-0024259":{"name":"S.Moss","rec":1,"yds":18,"tds":1,"lng":18,"twopta":0,"twoptm":0}},"kicking":{"00-0019778":{"name":"L.Tynes","fgm":1,"fga":2,"fgyds":26,"totpfg":3,"xpmade":3,"xpmissed":0,"xpa":3,"xpb":0,"xptot":3}},"punting":{"00-0005113":{"name":"J.Feagles","pts":4,"yds":200,"avg":40,"i20":2,"lng":56}},"kickret":{},"puntret":{"00-0025637":{"name":"A.Bradshaw","ret":4,"avg":9,"tds":0,"lng":20},"00-0024259":{"name":"S.Moss","ret":1,"avg":7,"tds":0,"lng":7}},"defense":{"00-0023478":{"name":"C.Webster","tkl":4,"ast":0,"sk":0,"int":0,"ffum":0},"00-0026203":{"name":"T.Thomas","tkl":3,"ast":0,"sk":0,"int":1,"ffum":0},"00-0019506":{"name":"D.Clark","tkl":3,"ast":0,"sk":0,"int":0,"ffum":0},"00-0020006":{"name":"A.Pierce","tkl":2,"ast":1,"sk":0,"int":0,"ffum":0},"00-0023593":{"name":"M.Boley","tkl":2,"ast":1,"sk":0,"int":0,"ffum":0},"00-0026824":{"name":"B.Johnson","tkl":2,"ast":0,"sk":0,"int":0,"ffum":0},"00-0023621":{"name":"C.Brown","tkl":2,"ast":0,"sk":0,"int":0,"ffum":0},"00-0019706":{"name":"F.Robbins","tkl":1,"ast":0,"sk":0,"int":0,"ffum":0},"00-0025611":{"name":"M.Johnson","tkl":1,"ast":0,"sk":0,"int":0,"ffum":0},"00-0021261":{"name":"R.Bernard","tkl":0,"ast":1,"sk":0,"int":0,"ffum":0}},"team":{"totfd":27,"totyds":397,"pyds":171,"ryds":226,"pen":5,"penyds":60,"trnovr":0,"pt":4,"ptyds":200,"ptavg":40,"top":"43:38"}},"players":null},"drives":{"1":{"posteam":"NYG","qtr":1,"redzone":true,"plays":{"36":{"sp":0,"qtr":1,"down":0,"time":"15:00","yrdln":"TB 30","ydstogo":0,"ydsnet":0,"posteam":"TB","desc":"M.Nugent kicks 70 yards from TB 30 to end zone, Touchback.","note":"KICKOFF","players":{"00-0023482":[{"sequence":1,"clubcode":"TB","playerName":"M.Nugent","statId":44,"yards":70}],"0":[{"sequence":2,"clubcode":"NYG","playerName":"","statId":51,"yards":0}]}},"50":{"sp":0,"qtr":1,"down":1,"time":"15:00","yrdln":"NYG 20","ydstogo":10,"ydsnet":5,"posteam":"NYG","desc":"(15:00) B.Jacobs right guard to NYG 25 for 5 yards (Q.Black, B.Ruud).","note":null,"players":{"00-0023471":[{"sequence":3,"clubcode":"TB","playerName":"B.Ruud","statId":82,"yards":0}],"00-0025455":[{"sequence":2,"clubcode":"TB","playerName":"Q.Black","statId":80,"yards":0}],"00-0023545":[{"sequence":1,"clubcode":"NYG","playerName":"B.Jacobs","statId":10,"yards":5}]}},"71":{"sp":0,"qtr":1,"down":2,"time":"14:21","yrdln":"NYG 25","ydstogo":5,"ydsnet":9,"posteam":"NYG","desc":"(14:21) B.Jacobs up the middle to NYG 29 for 4 yards (B.Ruud, J.Wilkerson).","note":null,"players":{"00-0023471":[{"sequence":2,"clubcode":"TB","playerName":"B.Ruud","statId":80,"yards":0}],"00-0021960":[{"sequence":3,"clubcode":"TB","playerName":"J.Wilkerson","statId":82,"yards":0}],"00-0023545":[{"sequence":1,"clubcode":"NYG","playerName":"B.Jacobs","statId":10,"yards":4}]}},"92":{"sp":0,"qtr":1,"down":3,"time":"13:37","yrdln":"NYG 29","ydstogo":1,"ydsnet":11,"posteam":"NYG","desc":"(13:37) B.Jacobs up the middle to NYG 31 for 2 yards (B.Ruud).","note":null,"players":{"00-0023471":[{"sequence":4,"clubcode":"TB","playerName":"B.Ruud","statId":79,"yards":0}],"0":[{"sequence":1,"clubcode":"NYG","playerName":"","statId":3,"yards":0},{"sequence":2,"clubcode":"NYG","playerName":"","statId":6,"yards":0}],"00-0023545":[{"sequence":3,"clubcode":"NYG","playerName":"B.Jacobs","statId":10,"yards":2}]}},"113":{"sp":0,"qtr":1,"down":1,"time":"13:03","yrdln":"NYG 31","ydstogo":10,"ydsnet":24,"posteam":"NYG","desc":"(13:03) E.Manning pass short right to S.Smith ran ob at NYG 44 for 13 yards.","note":null,"players":{"0":[{"sequence":1,"clubcode":"NYG","playerName":"","statId":4,"yards":0}],"00-0025438":[{"sequence":4,"clubcode":"NYG","playerName":"S.Smith","statId":21,"yards":13},{"sequence":5,"clubcode":"NYG","playerName":"S.Smith","statId":115,"yards":0},{"sequence":6,"clubcode":"NYG","playerName":"S.Smith","statId":113,"yards":0}],"00-0022803":[{"sequence":2,"clubcode":"NYG","playerName":"E.Manning","statId":15,"yards":13},{"sequence":3,"clubcode":"NYG","playerName":"E.Manning","statId":111,"yards":13}]}},"137":{"sp":0,"qtr":1,"down":1,"time":"12:26","yrdln":"NYG 44","ydstogo":10,"ydsnet":25,"posteam":"NYG","desc":"(12:26) (Shotgun) E.Manning pass short right to T.Beckum to NYG 45 for 1 yard (J.Wilkerson).","note":null,"players":{"00-0021960":[{"sequence":6,"clubcode":"TB","playerName":"J.Wilkerson","statId":79,"yards":0}],"00-0027070":[{"sequence":3,"clubcode":"NYG","playerName":"T.Beckum","statId":21,"yards":1},{"sequence":4,"clubcode":"NYG","playerName":"T.Beckum","statId":115,"yards":0},{"sequence":5,"clubcode":"NYG","playerName":"T.Beckum","statId":113,"yards":4}],"00-0022803":[{"sequence":1,"clubcode":"NYG","playerName":"E.Manning","statId":15,"yards":1},{"sequence":2,"clubcode":"NYG","playerName":"E.Manning","statId":111,"yards":-3}]}},"161":{"sp":0,"qtr":1,"down":2,"time":"11:49","yrdln":"NYG 45","ydstogo":9,"ydsnet":29,"posteam":"NYG","desc":"(11:49) B.Jacobs right tackle to NYG 49 for 4 yards (A.Talib, W.Allen).","note":null,"players":{"00-0022900":[{"sequence":3,"clubcode":"TB","playerName":"W.Allen","statId":82,"yards":0}],"00-0026160":[{"sequence":2,"clubcode":"TB","playerName":"A.Talib","statId":80,"yards":0}],"00-0023545":[{"sequence":1,"clubcode":"NYG","playerName":"B.Jacobs","statId":10,"yards":4}]}},"182":{"sp":0,"qtr":1,"down":3,"time":"11:05","yrdln":"NYG 49","ydstogo":5,"ydsnet":37,"posteam":"NYG","desc":"(11:05) (Shotgun) E.Manning pass short left to S.Smith to TB 43 for 8 yards (R.Barber).","note":null,"players":{"0":[{"sequence":1,"clubcode":"NYG","playerName":"","statId":4,"yards":0},{"sequence":2,"clubcode":"NYG","playerName":"","statId":6,"yards":0}],"00-0025438":[{"sequence":5,"clubcode":"NYG","playerName":"S.Smith","statId":21,"yards":8},{"sequence":6,"clubcode":"NYG","playerName":"S.Smith","statId":115,"yards":0},{"sequence":7,"clubcode":"NYG","playerName":"S.Smith","statId":113,"yards":0}],"00-0022803":[{"sequence":3,"clubcode":"NYG","playerName":"E.Manning","statId":15,"yards":8},{"sequence":4,"clubcode":"NYG","playerName":"E.Manning","statId":111,"yards":8}],"00-0000741":[{"sequence":8,"clubcode":"TB","playerName":"R.Barber","statId":79,"yards":0}]}},"206":{"sp":0,"qtr":1,"down":1,"time":"10:21","yrdln":"TB 43","ydstogo":10,"ydsnet":48,"posteam":"NYG","desc":"(10:21) B.Jacobs right tackle to TB 32 for 11 yards (B.Ruud).","note":null,"players":{"00-0023471":[{"sequence":3,"clubcode":"TB","playerName":"B.Ruud","statId":79,"yards":0}],"0":[{"sequence":1,"clubcode":"NYG","playerName":"","statId":3,"yards":0}],"00-0023545":[{"sequence":2,"clubcode":"NYG","playerName":"B.Jacobs","statId":10,"yards":11}]}},"227":{"sp":0,"qtr":1,"down":1,"time":"09:36","yrdln":"TB 32","ydstogo":10,"ydsnet":60,"posteam":"NYG","desc":"(9:36) E.Manning pass short middle to S.Smith to TB 20 for 12 yards (W.Allen).","note":null,"players":{"0":[{"sequence":1,"clubcode":"NYG","playerName":"","statId":4,"yards":0}],"00-0022900":[{"sequence":7,"clubcode":"TB","playerName":"W.Allen","statId":79,"yards":0}],"00-0025438":[{"sequence":4,"clubcode":"NYG","playerName":"S.Smith","statId":21,"yards":12},{"sequence":5,"clubcode":"NYG","playerName":"S.Smith","statId":115,"yards":0},{"sequence":6,"clubcode":"NYG","playerName":"S.Smith","statId":113,"yards":0}],"00-0022803":[{"sequence":2,"clubcode":"NYG","playerName":"E.Manning","statId":15,"yards":12},{"sequence":3,"clubcode":"NYG","playerName":"E.Manning","statId":111,"yards":12}]}},"251":{"sp":0,"qtr":1,"down":1,"time":"08:57","yrdln":"TB 20","ydstogo":10,"ydsnet":74,"posteam":"NYG","desc":"(8:57) A.Bradshaw up the middle to TB 6 for 14 yards (W.Allen, S.White).","note":null,"players":{"00-0021332":[{"sequence":4,"clubcode":"TB","playerName":"S.White","statId":82,"yards":0}],"00-0025637":[{"sequence":2,"clubcode":"NYG","playerName":"A.Bradshaw","statId":10,"yards":14}],"0":[{"sequence":1,"clubcode":"NYG","playerName":"","statId":3,"yards":0}],"00-0022900":[{"sequence":3,"clubcode":"TB","playerName":"W.Allen","statId":80,"yards":0}]}},"272":{"sp":0,"qtr":1,"down":1,"time":"08:15","yrdln":"TB 6","ydstogo":6,"ydsnet":74,"posteam":"NYG","desc":"(8:15) E.Manning pass incomplete short middle to B.Jacobs (G.Hayes).","note":null,"players":{"00-0022803":[{"sequence":1,"clubcode":"NYG","playerName":"E.Manning","statId":14,"yards":0},{"sequence":4,"clubcode":"NYG","playerName":"E.Manning","statId":112,"yards":-4}],"00-0026315":[{"sequence":3,"clubcode":"TB","playerName":"G.Hayes","statId":85,"yards":0}],"00-0023545":[{"sequence":2,"clubcode":"NYG","playerName":"B.Jacobs","statId":115,"yards":0}]}},"294":{"sp":1,"qtr":1,"down":2,"time":"08:10","yrdln":"TB 6","ydstogo":6,"ydsnet":80,"posteam":"NYG","desc":"(8:10) B.Jacobs up the middle for 6 yards, TOUCHDOWN.","note":"TD","players":{"0":[{"sequence":1,"clubcode":"NYG","playerName":"","statId":3,"yards":0}],"00-0023545":[{"sequence":2,"clubcode":"NYG","playerName":"B.Jacobs","statId":11,"yards":6}]}},"311":{"sp":1,"qtr":1,"down":0,"time":"08:05","yrdln":"TB 2","ydstogo":0,"ydsnet":80,"posteam":"NYG","desc":"(Kick formation) L.Tynes extra point is GOOD, Center-Z.DeOssie, Holder-J.Feagles.","note":"XP","players":{"00-0019778":[{"sequence":1,"clubcode":"NYG","playerName":"L.Tynes","statId":72,"yards":0}]}}},"fds":7,"result":"Touchdown","penyds":0,"ydsgained":80,"numplays":14,"postime":"6:55","start":{"qtr":1,"time":"15:00","yrdln":"NYG 20","team":"NYG"},"end":{"qtr":1,"time":"08:05","yrdln":"TB 6","team":"NYG"}},"2":{"posteam":"TB","qtr":1,"redzone":true,"plays":{"327":{"sp":0,"qtr":1,"down":0,"time":"08:05","yrdln":"NYG 30","ydstogo":0,"ydsnet":0,"posteam":"NYG","desc":"L.Tynes kicks 70 yards from NYG 30 to TB 0. C.Smith to TB 30 for 30 yards (B.Kehl).","note":"KICKOFF","players":{"00-0026263":[{"sequence":3,"clubcode":"NYG","playerName":"B.Kehl","statId":79,"yards":0}],"00-0026113":[{"sequence":2,"clubcode":"TB","playerName":"C.Smith","statId":45,"yards":30}],"00-0019778":[{"sequence":1,"clubcode":"NYG","playerName":"L.Tynes","statId":43,"yards":70}]}},"349":{"sp":0,"qtr":1,"down":1,"time":"07:56","yrdln":"TB 30","ydstogo":10,"ydsnet":3,"posteam":"TB","desc":"(7:56) B.Leftwich pass short right to K.Winslow pushed ob at TB 33 for 3 yards (T.Thomas) [O.Umenyiora].","note":null,"players":{"00-0022177":[{"sequence":1,"clubcode":"TB","playerName":"B.Leftwich","statId":15,"yards":3},{"sequence":2,"clubcode":"TB","playerName":"B.Leftwich","statId":111,"yards":1}],"00-0026203":[{"sequence":7,"clubcode":"NYG","playerName":"T.Thomas","statId":79,"yards":0}],"00-0022922":[{"sequence":3,"clubcode":"TB","playerName":"K.Winslow","statId":21,"yards":3},{"sequence":4,"clubcode":"TB","playerName":"K.Winslow","statId":115,"yards":0},{"sequence":5,"clubcode":"TB","playerName":"K.Winslow","statId":113,"yards":2}],"00-0021977":[{"sequence":6,"clubcode":"NYG","playerName":"O.Umenyiora","statId":110,"yards":0}]}},"373":{"sp":0,"qtr":1,"down":2,"time":"07:34","yrdln":"TB 33","ydstogo":7,"ydsnet":-2,"posteam":"TB","desc":"(7:34) PENALTY on TB-J.Zuttah, False Start, 5 yards, enforced at TB 33 - No Play.","note":"PENALTY","players":{"00-0026223":[{"sequence":1,"clubcode":"TB","playerName":"J.Zuttah","statId":93,"yards":5}]}},"396":{"sp":0,"qtr":1,"down":2,"time":"07:16","yrdln":"TB 28","ydstogo":12,"ydsnet":5,"posteam":"TB","desc":"(7:16) D.Ward left guard to TB 35 for 7 yards (M.Johnson, M.Boley).","note":null,"players":{"00-0022770":[{"sequence":1,"clubcode":"TB","playerName":"D.Ward","statId":10,"yards":7}],"00-0023593":[{"sequence":3,"clubcode":"NYG","playerName":"M.Boley","statId":82,"yards":0}],"00-0025611":[{"sequence":2,"clubcode":"NYG","playerName":"M.Johnson","statId":80,"yards":0}]}},"417":{"sp":0,"qtr":1,"down":3,"time":"06:35","yrdln":"TB 35","ydstogo":5,"ydsnet":9,"posteam":"TB","desc":"(6:35) (Shotgun) B.Leftwich pass short right to K.Winslow pushed ob at TB 39 for 4 yards (T.Thomas) [O.Umenyiora].","note":null,"players":{"00-0022177":[{"sequence":2,"clubcode":"TB","playerName":"B.Leftwich","statId":15,"yards":4},{"sequence":3,"clubcode":"TB","playerName":"B.Leftwich","statId":111,"yards":2}],"00-0026203":[{"sequence":8,"clubcode":"NYG","playerName":"T.Thomas","statId":79,"yards":0}],"00-0022922":[{"sequence":4,"clubcode":"TB","playerName":"K.Winslow","statId":21,"yards":4},{"sequence":5,"clubcode":"TB","playerName":"K.Winslow","statId":115,"yards":0},{"sequence":6,"clubcode":"TB","playerName":"K.Winslow","statId":113,"yards":2}],"0":[{"sequence":1,"clubcode":"TB","playerName":"","statId":7,"yards":0}],"00-0021977":[{"sequence":7,"clubcode":"NYG","playerName":"O.Umenyiora","statId":110,"yards":0}]}},"441":{"sp":0,"qtr":1,"down":4,"time":"06:06","yrdln":"TB 39","ydstogo":1,"ydsnet":9,"posteam":"TB","desc":"(6:06) (Punt formation) D.Johnson punts 58 yards to NYG 3, Center-A.Economos. A.Bradshaw to NYG 23 for 20 yards (B.Clark, A.Hayward).","note":"PUNT","players":{"00-0025569":[{"sequence":4,"clubcode":"TB","playerName":"A.Hayward","statId":82,"yards":0}],"00-0008484":[{"sequence":1,"clubcode":"TB","playerName":"D.Johnson","statId":29,"yards":58}],"00-0025637":[{"sequence":2,"clubcode":"NYG","playerName":"A.Bradshaw","statId":33,"yards":20}],"00-0023790":[{"sequence":3,"clubcode":"TB","playerName":"B.Clark","statId":80,"yards":0}]}}},"fds":0,"result":"Punt","penyds":-5,"ydsgained":14,"numplays":6,"postime":"2:15","start":{"qtr":1,"time":"08:05","yrdln":"TB 30","team":"TB"},"end":{"qtr":1,"time":"05:50","yrdln":"TB 39","team":"TB"}},"3":{"posteam":"NYG","qtr":1,"redzone":true,"plays":{"466":{"sp":0,"qtr":1,"down":1,"time":"05:50","yrdln":"NYG 23","ydstogo":10,"ydsnet":4,"posteam":"NYG","desc":"(5:50) B.Jacobs left tackle to NYG 27 for 4 yards (B.Ruud).","note":null,"players":{"00-0023471":[{"sequence":2,"clubcode":"TB","playerName":"B.Ruud","statId":79,"yards":0}],"00-0023545":[{"sequence":1,"clubcode":"NYG","playerName":"B.Jacobs","statId":10,"yards":4}]}},"487":{"sp":0,"qtr":1,"down":2,"time":"05:12","yrdln":"NYG 27","ydstogo":6,"ydsnet":5,"posteam":"NYG","desc":"(5:12) B.Jacobs right tackle to NYG 28 for 1 yard (R.Sims).","note":null,"players":{"00-0021382":[{"sequence":2,"clubcode":"TB","playerName":"R.Sims","statId":79,"yards":0}],"00-0023545":[{"sequence":1,"clubcode":"NYG","playerName":"B.Jacobs","statId":10,"yards":1}]}},"508":{"sp":0,"qtr":1,"down":3,"time":"04:31","yrdln":"NYG 28","ydstogo":5,"ydsnet":5,"posteam":"NYG","desc":"(4:31) (Shotgun) E.Manning pass incomplete short middle to M.Manningham (A.Talib).","note":null,"players":{"0":[{"sequence":1,"clubcode":"NYG","playerName":"","statId":7,"yards":0}],"00-0026160":[{"sequence":4,"clubcode":"TB","playerName":"A.Talib","statId":85,"yards":0}],"00-0022803":[{"sequence":2,"clubcode":"NYG","playerName":"E.Manning","statId":14,"yards":0},{"sequence":5,"clubcode":"NYG","playerName":"E.Manning","statId":112,"yards":5}],"00-0026235":[{"sequence":3,"clubcode":"NYG","playerName":"M.Manningham","statId":115,"yards":0}]}},"530":{"sp":0,"qtr":1,"down":4,"time":"04:24","yrdln":"NYG 28","ydstogo":5,"ydsnet":5,"posteam":"NYG","desc":"(4:24) (Punt formation) J.Feagles punts 51 yards to TB 21, Center-Z.DeOssie. C.Smith to TB 41 for 20 yards (B.Kehl).","note":"PUNT","players":{"00-0026263":[{"sequence":3,"clubcode":"NYG","playerName":"B.Kehl","statId":79,"yards":0}],"00-0005113":[{"sequence":1,"clubcode":"NYG","playerName":"J.Feagles","statId":29,"yards":51}],"00-0026113":[{"sequence":2,"clubcode":"TB","playerName":"C.Smith","statId":33,"yards":20}]}}},"fds":0,"result":"Punt","penyds":0,"ydsgained":5,"numplays":4,"postime":"1:42","start":{"qtr":1,"time":"05:50","yrdln":"NYG 23","team":"NYG"},"end":{"qtr":1,"time":"04:08","yrdln":"NYG 28","team":"NYG"}},"4":{"posteam":"TB","qtr":1,"redzone":true,"plays":{"555":{"sp":0,"qtr":1,"down":1,"time":"04:08","yrdln":"TB 41","ydstogo":10,"ydsnet":0,"posteam":"TB","desc":"(4:08) B.Leftwich pass deep right intended for K.Winslow INTERCEPTED by T.Thomas [M.Kiwanuka] at NYG 31. T.Thomas to NYG 34 for 3 yards (K.Winslow).","note":"INT","players":{"00-0022177":[{"sequence":1,"clubcode":"TB","playerName":"B.Leftwich","statId":19,"yards":0},{"sequence":4,"clubcode":"TB","playerName":"B.Leftwich","statId":112,"yards":28}],"00-0024247":[{"sequence":3,"clubcode":"NYG","playerName":"M.Kiwanuka","statId":110,"yards":0}],"00-0026203":[{"sequence":5,"clubcode":"NYG","playerName":"T.Thomas","statId":25,"yards":3},{"sequence":6,"clubcode":"NYG","playerName":"T.Thomas","statId":85,"yards":0}],"00-0022922":[{"sequence":2,"clubcode":"TB","playerName":"K.Winslow","statId":115,"yards":0},{"sequence":7,"clubcode":"TB","playerName":"K.Winslow","statId":79,"yards":0}]}}},"fds":0,"result":"Interception","penyds":0,"ydsgained":0,"numplays":1,"postime":"0:10","start":{"qtr":1,"time":"04:08","yrdln":"TB 41","team":"TB"},"end":{"qtr":1,"time":"03:58","yrdln":"TB 41","team":"TB"}},"5":{"posteam":"NYG","qtr":2,"redzone":true,"plays":{"581":{"sp":0,"qtr":1,"down":1,"time":"03:58","yrdln":"NYG 34","ydstogo":10,"ydsnet":10,"posteam":"NYG","desc":"(3:58) (Shotgun) E.Manning pass short right to M.Manningham to NYG 44 for 10 yards (G.Hayes).","note":null,"players":{"0":[{"sequence":1,"clubcode":"NYG","playerName":"","statId":4,"yards":0}],"00-0022803":[{"sequence":2,"clubcode":"NYG","playerName":"E.Manning","statId":15,"yards":10},{"sequence":3,"clubcode":"NYG","playerName":"E.Manning","statId":111,"yards":6}],"00-0026315":[{"sequence":7,"clubcode":"TB","playerName":"G.Hayes","statId":79,"yards":0}],"00-0026235":[{"sequence":4,"clubcode":"NYG","playerName":"M.Manningham","statId":21,"yards":10},{"sequence":5,"clubcode":"NYG","playerName":"M.Manningham","statId":115,"yards":0},{"sequence":6,"clubcode":"NYG","playerName":"M.Manningham","statId":113,"yards":4}]}},"605":{"sp":0,"qtr":1,"down":1,"time":"03:16","yrdln":"NYG 44","ydstogo":10,"ydsnet":17,"posteam":"NYG","desc":"(3:16) (Shotgun) E.Manning pass short middle to S.Smith to TB 49 for 7 yards (Q.Black).","note":null,"players":{"00-0025438":[{"sequence":3,"clubcode":"NYG","playerName":"S.Smith","statId":21,"yards":7},{"sequence":4,"clubcode":"NYG","playerName":"S.Smith","statId":115,"yards":0},{"sequence":5,"clubcode":"NYG","playerName":"S.Smith","statId":113,"yards":2}],"00-0022803":[{"sequence":1,"clubcode":"NYG","playerName":"E.Manning","statId":15,"yards":7},{"sequence":2,"clubcode":"NYG","playerName":"E.Manning","statId":111,"yards":5}],"00-0025455":[{"sequence":6,"clubcode":"TB","playerName":"Q.Black","statId":79,"yards":0}]}},"629":{"sp":0,"qtr":1,"down":2,"time":"02:41","yrdln":"TB 49","ydstogo":3,"ydsnet":19,"posteam":"NYG","desc":"(2:41) B.Jacobs up the middle to TB 47 for 2 yards (J.Wilkerson).","note":null,"players":{"00-0021960":[{"sequence":2,"clubcode":"TB","playerName":"J.Wilkerson","statId":79,"yards":0}],"00-0023545":[{"sequence":1,"clubcode":"NYG","playerName":"B.Jacobs","statId":10,"yards":2}]}},"650":{"sp":0,"qtr":1,"down":3,"time":"02:08","yrdln":"TB 47","ydstogo":1,"ydsnet":57,"posteam":"NYG","desc":"(2:08) A.Bradshaw right tackle to TB 9 for 38 yards (T.Crowder).","note":null,"players":{"00-0025443":[{"sequence":4,"clubcode":"TB","playerName":"T.Crowder","statId":79,"yards":0}],"00-0025637":[{"sequence":3,"clubcode":"NYG","playerName":"A.Bradshaw","statId":10,"yards":38}],"0":[{"sequence":1,"clubcode":"NYG","playerName":"","statId":3,"yards":0},{"sequence":2,"clubcode":"NYG","playerName":"","statId":6,"yards":0}]}},"671":{"sp":0,"qtr":1,"down":1,"time":"01:24","yrdln":"TB 9","ydstogo":9,"ydsnet":59,"posteam":"NYG","desc":"(1:24) B.Jacobs left guard to TB 7 for 2 yards (Q.Black).","note":null,"players":{"00-0025455":[{"sequence":2,"clubcode":"TB","playerName":"Q.Black","statId":79,"yards":0}],"00-0023545":[{"sequence":1,"clubcode":"NYG","playerName":"B.Jacobs","statId":10,"yards":2}]}},"692":{"sp":0,"qtr":1,"down":2,"time":"00:40","yrdln":"TB 7","ydstogo":7,"ydsnet":62,"posteam":"NYG","desc":"(:40) B.Jacobs left guard to TB 4 for 3 yards (C.Hovan).","note":null,"players":{"00-0019696":[{"sequence":2,"clubcode":"TB","playerName":"C.Hovan","statId":79,"yards":0}],"00-0023545":[{"sequence":1,"clubcode":"NYG","playerName":"B.Jacobs","statId":10,"yards":3}]}},"713":{"sp":0,"qtr":1,"down":0,"time":"","yrdln":"","ydstogo":0,"ydsnet":62,"posteam":"","desc":"END QUARTER 1","note":null,"players":{}},"729":{"sp":1,"qtr":2,"down":3,"time":"15:00","yrdln":"TB 4","ydstogo":4,"ydsnet":66,"posteam":"NYG","desc":"(15:00) (Shotgun) E.Manning pass short right to S.Smith for 4 yards, TOUCHDOWN.","note":"TD","players":{"0":[{"sequence":1,"clubcode":"NYG","playerName":"","statId":4,"yards":0},{"sequence":2,"clubcode":"NYG","playerName":"","statId":6,"yards":0}],"00-0025438":[{"sequence":5,"clubcode":"NYG","playerName":"S.Smith","statId":22,"yards":4},{"sequence":6,"clubcode":"NYG","playerName":"S.Smith","statId":115,"yards":0},{"sequence":7,"clubcode":"NYG","playerName":"S.Smith","statId":113,"yards":0}],"00-0022803":[{"sequence":3,"clubcode":"NYG","playerName":"E.Manning","statId":16,"yards":4},{"sequence":4,"clubcode":"NYG","playerName":"E.Manning","statId":111,"yards":4}]}},"749":{"sp":1,"qtr":2,"down":0,"time":"14:54","yrdln":"TB 2","ydstogo":0,"ydsnet":66,"posteam":"NYG","desc":"(Kick formation) L.Tynes extra point is GOOD, Center-Z.DeOssie, Holder-J.Feagles.","note":"XP","players":{"00-0019778":[{"sequence":1,"clubcode":"NYG","playerName":"L.Tynes","statId":72,"yards":0}]}}},"fds":3,"result":"Touchdown","penyds":0,"ydsgained":66,"numplays":9,"postime":"4:04","start":{"qtr":1,"time":"03:58","yrdln":"NYG 34","team":"NYG"},"end":{"qtr":1,"time":"14:54","yrdln":"TB 4","team":"NYG"}},"6":{"posteam":"TB","qtr":2,"redzone":true,"plays":{"765":{"sp":0,"qtr":2,"down":0,"time":"14:54","yrdln":"NYG 30","ydstogo":0,"ydsnet":0,"posteam":"NYG","desc":"L.Tynes kicks 70 yards from NYG 30 to end zone, Touchback.","note":"KICKOFF","players":{"0":[{"sequence":2,"clubcode":"TB","playerName":"","statId":51,"yards":0}],"00-0019778":[{"sequence":1,"clubcode":"NYG","playerName":"L.Tynes","statId":44,"yards":70}]}},"779":{"sp":0,"qtr":2,"down":1,"time":"14:54","yrdln":"TB 20","ydstogo":10,"ydsnet":0,"posteam":"TB","desc":"(14:54) D.Ward right guard to TB 20 for no gain (A.Pierce).","note":null,"players":{"00-0022770":[{"sequence":1,"clubcode":"TB","playerName":"D.Ward","statId":10,"yards":0}],"00-0020006":[{"sequence":2,"clubcode":"NYG","playerName":"A.Pierce","statId":79,"yards":0}]}},"800":{"sp":0,"qtr":2,"down":2,"time":"14:21","yrdln":"TB 20","ydstogo":10,"ydsnet":0,"posteam":"TB","desc":"(14:21) D.Ward right guard to TB 20 for no gain (A.Pierce).","note":null,"players":{"00-0022770":[{"sequence":1,"clubcode":"TB","playerName":"D.Ward","statId":10,"yards":0}],"00-0020006":[{"sequence":2,"clubcode":"NYG","playerName":"A.Pierce","statId":79,"yards":0}]}},"821":{"sp":0,"qtr":2,"down":3,"time":"13:43","yrdln":"TB 20","ydstogo":10,"ydsnet":0,"posteam":"TB","desc":"(13:43) (Shotgun) B.Leftwich pass short right to D.Ward to TB 20 for no gain (C.Webster) [M.Kiwanuka].","note":null,"players":{"00-0022177":[{"sequence":2,"clubcode":"TB","playerName":"B.Leftwich","statId":15,"yards":0},{"sequence":3,"clubcode":"TB","playerName":"B.Leftwich","statId":111,"yards":-4}],"00-0022770":[{"sequence":4,"clubcode":"TB","playerName":"D.Ward","statId":21,"yards":0},{"sequence":5,"clubcode":"TB","playerName":"D.Ward","statId":115,"yards":0},{"sequence":6,"clubcode":"TB","playerName":"D.Ward","statId":113,"yards":4}],"00-0023478":[{"sequence":8,"clubcode":"NYG","playerName":"C.Webster","statId":79,"yards":0}],"00-0024247":[{"sequence":7,"clubcode":"NYG","playerName":"M.Kiwanuka","statId":110,"yards":0}],"0":[{"sequence":1,"clubcode":"TB","playerName":"","statId":7,"yards":0}]}},"845":{"sp":0,"qtr":2,"down":4,"time":"13:08","yrdln":"TB 20","ydstogo":10,"ydsnet":0,"posteam":"TB","desc":"(13:08) (Punt formation) D.Johnson punts 47 yards to NYG 33, Center-A.Economos, downed by TB-A.Economos.","note":"PUNT","players":{"00-0008484":[{"sequence":1,"clubcode":"TB","playerName":"D.Johnson","statId":29,"yards":47}],"0":[{"sequence":2,"clubcode":"NYG","playerName":"","statId":38,"yards":0}]}}},"fds":0,"result":"Punt","penyds":0,"ydsgained":0,"numplays":5,"postime":"2:02","start":{"qtr":2,"time":"14:54","yrdln":"TB 20","team":"TB"},"end":{"qtr":2,"time":"12:52","yrdln":"TB 20","team":"TB"}},"7":{"posteam":"NYG","qtr":2,"redzone":true,"plays":{"864":{"sp":0,"qtr":2,"down":1,"time":"12:52","yrdln":"NYG 33","ydstogo":10,"ydsnet":0,"posteam":"NYG","desc":"(12:52) E.Manning pass incomplete deep left.","note":null,"players":{"00-0022803":[{"sequence":1,"clubcode":"NYG","playerName":"E.Manning","statId":14,"yards":0},{"sequence":2,"clubcode":"NYG","playerName":"E.Manning","statId":112,"yards":17}]}},"886":{"sp":0,"qtr":2,"down":2,"time":"12:44","yrdln":"NYG 33","ydstogo":10,"ydsnet":1,"posteam":"NYG","desc":"(12:44) (Shotgun) A.Bradshaw right guard to NYG 34 for 1 yard (R.Sims).","note":null,"players":{"00-0021382":[{"sequence":2,"clubcode":"TB","playerName":"R.Sims","statId":79,"yards":0}],"00-0025637":[{"sequence":1,"clubcode":"NYG","playerName":"A.Bradshaw","statId":10,"yards":1}]}},"907":{"sp":0,"qtr":2,"down":3,"time":"12:03","yrdln":"NYG 34","ydstogo":9,"ydsnet":1,"posteam":"NYG","desc":"(12:03) (Shotgun) E.Manning pass incomplete deep right to M.Manningham. Penalty on NYG-S.Smith, Illegal Motion, declined.","note":null,"players":{"0":[{"sequence":1,"clubcode":"NYG","playerName":"","statId":7,"yards":0}],"00-0022803":[{"sequence":2,"clubcode":"NYG","playerName":"E.Manning","statId":14,"yards":0},{"sequence":4,"clubcode":"NYG","playerName":"E.Manning","statId":112,"yards":18}],"00-0026235":[{"sequence":3,"clubcode":"NYG","playerName":"M.Manningham","statId":115,"yards":0}]}},"947":{"sp":0,"qtr":2,"down":4,"time":"11:55","yrdln":"NYG 34","ydstogo":9,"ydsnet":1,"posteam":"NYG","desc":"(11:55) (Punt formation) J.Feagles punts 47 yards to TB 19, Center-Z.DeOssie, downed by NYG-Z.DeOssie.","note":"PUNT","players":{"00-0005113":[{"sequence":1,"clubcode":"NYG","playerName":"J.Feagles","statId":29,"yards":47},{"sequence":2,"clubcode":"NYG","playerName":"J.Feagles","statId":30,"yards":0}],"0":[{"sequence":3,"clubcode":"TB","playerName":"","statId":38,"yards":0}]}}},"fds":0,"result":"Punt","penyds":0,"ydsgained":1,"numplays":4,"postime":"1:11","start":{"qtr":2,"time":"12:52","yrdln":"NYG 33","team":"NYG"},"end":{"qtr":2,"time":"11:41","yrdln":"NYG 34","team":"NYG"}},"8":{"posteam":"TB","qtr":2,"redzone":true,"plays":{"966":{"sp":0,"qtr":2,"down":1,"time":"11:41","yrdln":"TB 19","ydstogo":10,"ydsnet":5,"posteam":"TB","desc":"(11:41) C.Williams right guard to TB 24 for 5 yards (C.Webster).","note":null,"players":{"00-0023478":[{"sequence":2,"clubcode":"NYG","playerName":"C.Webster","statId":79,"yards":0}],"00-0023440":[{"sequence":1,"clubcode":"TB","playerName":"C.Williams","statId":10,"yards":5}]}},"987":{"sp":0,"qtr":2,"down":2,"time":"11:06","yrdln":"TB 24","ydstogo":5,"ydsnet":4,"posteam":"TB","desc":"(11:06) B.Leftwich pass short right to B.Askew to TB 23 for -1 yards (M.Boley) [D.Tollefson].","note":null,"players":{"00-0022177":[{"sequence":1,"clubcode":"TB","playerName":"B.Leftwich","statId":15,"yards":-1},{"sequence":2,"clubcode":"TB","playerName":"B.Leftwich","statId":111,"yards":-2}],"00-0023593":[{"sequence":7,"clubcode":"NYG","playerName":"M.Boley","statId":79,"yards":0},{"sequence":8,"clubcode":"NYG","playerName":"M.Boley","statId":120,"yards":0}],"00-0022003":[{"sequence":3,"clubcode":"TB","playerName":"B.Askew","statId":21,"yards":-1},{"sequence":4,"clubcode":"TB","playerName":"B.Askew","statId":115,"yards":0},{"sequence":5,"clubcode":"TB","playerName":"B.Askew","statId":113,"yards":1}],"00-0024467":[{"sequence":6,"clubcode":"NYG","playerName":"D.Tollefson","statId":110,"yards":0}]}},"1011":{"sp":0,"qtr":2,"down":3,"time":"10:24","yrdln":"TB 23","ydstogo":6,"ydsnet":7,"posteam":"TB","desc":"(10:24) (Shotgun) B.Leftwich pass short left to C.Williams to TB 26 for 3 yards (B.Johnson).","note":null,"players":{"00-0022177":[{"sequence":2,"clubcode":"TB","playerName":"B.Leftwich","statId":15,"yards":3},{"sequence":3,"clubcode":"TB","playerName":"B.Leftwich","statId":111,"yards":-3}],"00-0026824":[{"sequence":7,"clubcode":"NYG","playerName":"B.Johnson","statId":79,"yards":0}],"0":[{"sequence":1,"clubcode":"TB","playerName":"","statId":7,"yards":0}],"00-0023440":[{"sequence":4,"clubcode":"TB","playerName":"C.Williams","statId":21,"yards":3},{"sequence":5,"clubcode":"TB","playerName":"C.Williams","statId":115,"yards":0},{"sequence":6,"clubcode":"TB","playerName":"C.Williams","statId":113,"yards":6}]}},"1035":{"sp":0,"qtr":2,"down":4,"time":"09:47","yrdln":"TB 26","ydstogo":3,"ydsnet":7,"posteam":"TB","desc":"(9:47) (Punt formation) D.Johnson punts 39 yards to NYG 35, Center-A.Economos. A.Bradshaw to NYG 43 for 8 yards (T.Cox).","note":"PUNT","players":{"00-0008484":[{"sequence":1,"clubcode":"TB","playerName":"D.Johnson","statId":29,"yards":39}],"00-0025637":[{"sequence":2,"clubcode":"NYG","playerName":"A.Bradshaw","statId":33,"yards":8}],"00-0022029":[{"sequence":3,"clubcode":"TB","playerName":"T.Cox","statId":79,"yards":0}]}}},"fds":0,"result":"Punt","penyds":0,"ydsgained":7,"numplays":4,"postime":"2:06","start":{"qtr":2,"time":"11:41","yrdln":"TB 19","team":"TB"},"end":{"qtr":2,"time":"09:35","yrdln":"TB 26","team":"TB"}},"9":{"posteam":"NYG","qtr":2,"redzone":true,"plays":{"1060":{"sp":0,"qtr":2,"down":1,"time":"09:35","yrdln":"NYG 43","ydstogo":10,"ydsnet":3,"posteam":"NYG","desc":"(9:35) B.Jacobs left tackle to NYG 46 for 3 yards (B.Ruud).","note":null,"players":{"00-0023471":[{"sequence":2,"clubcode":"TB","playerName":"B.Ruud","statId":79,"yards":0}],"00-0023545":[{"sequence":1,"clubcode":"NYG","playerName":"B.Jacobs","statId":10,"yards":3}]}},"1081":{"sp":0,"qtr":2,"down":2,"time":"08:57","yrdln":"NYG 46","ydstogo":7,"ydsnet":3,"posteam":"NYG","desc":"(8:57) E.Manning pass incomplete short right to D.Johnson.","note":null,"players":{"00-0023797":[{"sequence":2,"clubcode":"NYG","playerName":"D.Johnson","statId":115,"yards":0}],"00-0022803":[{"sequence":1,"clubcode":"NYG","playerName":"E.Manning","statId":14,"yards":0},{"sequence":3,"clubcode":"NYG","playerName":"E.Manning","statId":112,"yards":1}]}},"1103":{"sp":0,"qtr":2,"down":3,"time":"08:51","yrdln":"NYG 46","ydstogo":7,"ydsnet":3,"posteam":"NYG","desc":"(8:51) (Shotgun) E.Manning pass incomplete short middle to K.Boss [G.Adams].","note":null,"players":{"00-0025540":[{"sequence":3,"clubcode":"NYG","playerName":"K.Boss","statId":115,"yards":0}],"0":[{"sequence":1,"clubcode":"NYG","playerName":"","statId":7,"yards":0}],"00-0022803":[{"sequence":2,"clubcode":"NYG","playerName":"E.Manning","statId":14,"yards":0},{"sequence":5,"clubcode":"NYG","playerName":"E.Manning","statId":112,"yards":6}],"00-0025391":[{"sequence":4,"clubcode":"TB","playerName":"G.Adams","statId":110,"yards":0}]}},"1125":{"sp":0,"qtr":2,"down":4,"time":"08:44","yrdln":"NYG 46","ydstogo":7,"ydsnet":3,"posteam":"NYG","desc":"(8:44) (Punt formation) J.Feagles punts 46 yards to TB 8, Center-Z.DeOssie. C.Smith to TB 17 for 9 yards (M.Kiwanuka).","note":"PUNT","players":{"00-0005113":[{"sequence":1,"clubcode":"NYG","playerName":"J.Feagles","statId":29,"yards":46},{"sequence":3,"clubcode":"NYG","playerName":"J.Feagles","statId":30,"yards":0}],"00-0024247":[{"sequence":4,"clubcode":"NYG","playerName":"M.Kiwanuka","statId":79,"yards":0}],"00-0026113":[{"sequence":2,"clubcode":"TB","playerName":"C.Smith","statId":33,"yards":9}]}}},"fds":0,"result":"Punt","penyds":0,"ydsgained":3,"numplays":4,"postime":"1:04","start":{"qtr":2,"time":"09:35","yrdln":"NYG 43","team":"NYG"},"end":{"qtr":2,"time":"08:31","yrdln":"NYG 46","team":"NYG"}},"10":{"posteam":"TB","qtr":2,"redzone":true,"plays":{"1150":{"sp":0,"qtr":2,"down":1,"time":"08:31","yrdln":"TB 17","ydstogo":10,"ydsnet":-5,"posteam":"TB","desc":"(8:31) D.Ward right guard to TB 12 for -5 yards (F.Robbins).","note":null,"players":{"00-0019706":[{"sequence":3,"clubcode":"NYG","playerName":"F.Robbins","statId":79,"yards":0},{"sequence":4,"clubcode":"NYG","playerName":"F.Robbins","statId":120,"yards":0}],"00-0022770":[{"sequence":1,"clubcode":"TB","playerName":"D.Ward","statId":10,"yards":-5}],"0":[{"sequence":2,"clubcode":"TB","playerName":"","statId":95,"yards":-5}]}},"1171":{"sp":0,"qtr":2,"down":2,"time":"07:53","yrdln":"TB 12","ydstogo":15,"ydsnet":-1,"posteam":"TB","desc":"(7:53) B.Leftwich scrambles left end to TB 16 for 4 yards (D.Clark).","note":null,"players":{"00-0022177":[{"sequence":1,"clubcode":"TB","playerName":"B.Leftwich","statId":10,"yards":4}],"00-0019506":[{"sequence":2,"clubcode":"NYG","playerName":"D.Clark","statId":79,"yards":0}]}},"1192":{"sp":0,"qtr":2,"down":3,"time":"07:10","yrdln":"TB 16","ydstogo":11,"ydsnet":-1,"posteam":"TB","desc":"(7:10) (Shotgun) B.Leftwich pass incomplete short left to K.Winslow [F.Robbins].","note":null,"players":{"00-0022177":[{"sequence":2,"clubcode":"TB","playerName":"B.Leftwich","statId":14,"yards":0},{"sequence":5,"clubcode":"TB","playerName":"B.Leftwich","statId":112,"yards":3}],"00-0019706":[{"sequence":4,"clubcode":"NYG","playerName":"F.Robbins","statId":110,"yards":0}],"00-0022922":[{"sequence":3,"clubcode":"TB","playerName":"K.Winslow","statId":115,"yards":0}],"0":[{"sequence":1,"clubcode":"TB","playerName":"","statId":7,"yards":0}]}},"1214":{"sp":0,"qtr":2,"down":4,"time":"07:03","yrdln":"TB 16","ydstogo":11,"ydsnet":-1,"posteam":"TB","desc":"(7:03) (Punt formation) D.Johnson punts 40 yards to NYG 44, Center-A.Economos. A.Bradshaw to NYG 47 for 3 yards (B.Clark). PENALTY on NYG-B.Johnson, Offensive Holding, 10 yards, enforced at NYG 47.","note":"PUNT","players":{"00-0008484":[{"sequence":1,"clubcode":"TB","playerName":"D.Johnson","statId":29,"yards":40}],"00-0026824":[{"sequence":4,"clubcode":"NYG","playerName":"B.Johnson","statId":93,"yards":10}],"00-0025637":[{"sequence":2,"clubcode":"NYG","playerName":"A.Bradshaw","statId":33,"yards":3}],"00-0023790":[{"sequence":3,"clubcode":"TB","playerName":"B.Clark","statId":79,"yards":0}]}}},"fds":0,"result":"Punt","penyds":0,"ydsgained":-1,"numplays":4,"postime":"1:40","start":{"qtr":2,"time":"08:31","yrdln":"TB 17","team":"TB"},"end":{"qtr":2,"time":"06:51","yrdln":"TB 16","team":"TB"}},"11":{"posteam":"NYG","qtr":2,"redzone":true,"plays":{"1250":{"sp":0,"qtr":2,"down":1,"time":"06:51","yrdln":"NYG 37","ydstogo":10,"ydsnet":12,"posteam":"NYG","desc":"(6:51) E.Manning pass short right to M.Manningham to NYG 49 for 12 yards (W.Allen).","note":null,"players":{"0":[{"sequence":1,"clubcode":"NYG","playerName":"","statId":4,"yards":0}],"00-0022900":[{"sequence":7,"clubcode":"TB","playerName":"W.Allen","statId":79,"yards":0}],"00-0022803":[{"sequence":2,"clubcode":"NYG","playerName":"E.Manning","statId":15,"yards":12},{"sequence":3,"clubcode":"NYG","playerName":"E.Manning","statId":111,"yards":3}],"00-0026235":[{"sequence":4,"clubcode":"NYG","playerName":"M.Manningham","statId":21,"yards":12},{"sequence":5,"clubcode":"NYG","playerName":"M.Manningham","statId":115,"yards":0},{"sequence":6,"clubcode":"NYG","playerName":"M.Manningham","statId":113,"yards":9}]}},"1274":{"sp":0,"qtr":2,"down":1,"time":"06:12","yrdln":"NYG 49","ydstogo":10,"ydsnet":20,"posteam":"NYG","desc":"(6:12) B.Jacobs up the middle to TB 43 for 8 yards (R.Miller).","note":null,"players":{"00-0027055":[{"sequence":2,"clubcode":"TB","playerName":"R.Miller","statId":79,"yards":0}],"00-0023545":[{"sequence":1,"clubcode":"NYG","playerName":"B.Jacobs","statId":10,"yards":8}]}},"1295":{"sp":0,"qtr":2,"down":2,"time":"05:30","yrdln":"TB 43","ydstogo":2,"ydsnet":21,"posteam":"NYG","desc":"(5:30) B.Jacobs right guard to TB 42 for 1 yard (W.Allen, B.Ruud).","note":null,"players":{"00-0023471":[{"sequence":3,"clubcode":"TB","playerName":"B.Ruud","statId":82,"yards":0}],"00-0022900":[{"sequence":2,"clubcode":"TB","playerName":"W.Allen","statId":80,"yards":0}],"00-0023545":[{"sequence":1,"clubcode":"NYG","playerName":"B.Jacobs","statId":10,"yards":1}]}},"1316":{"sp":0,"qtr":2,"down":3,"time":"04:46","yrdln":"TB 42","ydstogo":1,"ydsnet":28,"posteam":"NYG","desc":"(4:46) (Shotgun) A.Bradshaw up the middle to TB 35 for 7 yards (W.Allen).","note":null,"players":{"00-0025637":[{"sequence":3,"clubcode":"NYG","playerName":"A.Bradshaw","statId":10,"yards":7}],"0":[{"sequence":1,"clubcode":"NYG","playerName":"","statId":3,"yards":0},{"sequence":2,"clubcode":"NYG","playerName":"","statId":6,"yards":0}],"00-0022900":[{"sequence":4,"clubcode":"TB","playerName":"W.Allen","statId":79,"yards":0}]}},"1337":{"sp":0,"qtr":2,"down":1,"time":"04:03","yrdln":"TB 35","ydstogo":10,"ydsnet":36,"posteam":"NYG","desc":"(4:03) A.Bradshaw right end to TB 27 for 8 yards (T.Crowder).","note":null,"players":{"00-0025443":[{"sequence":2,"clubcode":"TB","playerName":"T.Crowder","statId":79,"yards":0}],"00-0025637":[{"sequence":1,"clubcode":"NYG","playerName":"A.Bradshaw","statId":10,"yards":8}]}},"1358":{"sp":0,"qtr":2,"down":2,"time":"03:23","yrdln":"TB 27","ydstogo":2,"ydsnet":38,"posteam":"NYG","desc":"(3:23) A.Bradshaw left tackle to TB 25 for 2 yards (G.Hayes).","note":null,"players":{"00-0025637":[{"sequence":2,"clubcode":"NYG","playerName":"A.Bradshaw","statId":10,"yards":2}],"0":[{"sequence":1,"clubcode":"NYG","playerName":"","statId":3,"yards":0}],"00-0026315":[{"sequence":3,"clubcode":"TB","playerName":"G.Hayes","statId":79,"yards":0}]}},"1379":{"sp":0,"qtr":2,"down":1,"time":"02:40","yrdln":"TB 25","ydstogo":10,"ydsnet":39,"posteam":"NYG","desc":"(2:40) E.Manning pass incomplete short right to M.Hedgecock.","note":null,"players":{"00-0023683":[{"sequence":2,"clubcode":"NYG","playerName":"M.Hedgecock","statId":115,"yards":0}],"00-0022803":[{"sequence":1,"clubcode":"NYG","playerName":"E.Manning","statId":14,"yards":0},{"sequence":3,"clubcode":"NYG","playerName":"E.Manning","statId":112,"yards":-3}]}},"1401":{"sp":0,"qtr":2,"down":2,"time":"02:35","yrdln":"TB 25","ydstogo":10,"ydsnet":39,"posteam":"NYG","desc":"(2:35) (Shotgun) B.Jacobs up the middle to TB 24 for 1 yard (J.Wilkerson).","note":null,"players":{"00-0021960":[{"sequence":2,"clubcode":"TB","playerName":"J.Wilkerson","statId":79,"yards":0}],"00-0023545":[{"sequence":1,"clubcode":"NYG","playerName":"B.Jacobs","statId":10,"yards":1}]}},"1422":{"sp":0,"qtr":2,"down":0,"time":"02:00","yrdln":"","ydstogo":0,"ydsnet":39,"posteam":"","desc":"Two-Minute Warning","note":null,"players":{}},"1439":{"sp":0,"qtr":2,"down":3,"time":"02:00","yrdln":"TB 24","ydstogo":9,"ydsnet":52,"posteam":"NYG","desc":"(2:00) (Shotgun) E.Manning pass short left to M.Manningham to TB 11 for 13 yards (E.Mack).","note":null,"players":{"0":[{"sequence":1,"clubcode":"NYG","playerName":"","statId":4,"yards":0},{"sequence":2,"clubcode":"NYG","playerName":"","statId":6,"yards":0}],"00-0025902":[{"sequence":8,"clubcode":"TB","playerName":"E.Mack","statId":79,"yards":0}],"00-0022803":[{"sequence":3,"clubcode":"NYG","playerName":"E.Manning","statId":15,"yards":13},{"sequence":4,"clubcode":"NYG","playerName":"E.Manning","statId":111,"yards":8}],"00-0026235":[{"sequence":5,"clubcode":"NYG","playerName":"M.Manningham","statId":21,"yards":13},{"sequence":6,"clubcode":"NYG","playerName":"M.Manningham","statId":115,"yards":0},{"sequence":7,"clubcode":"NYG","playerName":"M.Manningham","statId":113,"yards":5}]}},"1463":{"sp":0,"qtr":2,"down":1,"time":"01:22","yrdln":"TB 11","ydstogo":10,"ydsnet":52,"posteam":"NYG","desc":"(1:22) (Shotgun) E.Manning pass incomplete short left to K.Boss.","note":null,"players":{"00-0025540":[{"sequence":2,"clubcode":"NYG","playerName":"K.Boss","statId":115,"yards":0}],"00-0022803":[{"sequence":1,"clubcode":"NYG","playerName":"E.Manning","statId":14,"yards":0},{"sequence":3,"clubcode":"NYG","playerName":"E.Manning","statId":112,"yards":11}]}},"1485":{"sp":0,"qtr":2,"down":2,"time":"01:16","yrdln":"TB 11","ydstogo":10,"ydsnet":61,"posteam":"NYG","desc":"(1:16) (Shotgun) B.Jacobs right guard to TB 2 for 9 yards (R.Barber).","note":null,"players":{"00-0000741":[{"sequence":2,"clubcode":"TB","playerName":"R.Barber","statId":79,"yards":0}],"00-0023545":[{"sequence":1,"clubcode":"NYG","playerName":"B.Jacobs","statId":10,"yards":9}]}},"1506":{"sp":0,"qtr":2,"down":0,"time":"01:09","yrdln":"","ydstogo":0,"ydsnet":61,"posteam":"","desc":"Timeout #1 by NYG at 01:09.","note":"TIMEOUT","players":{"0":[{"sequence":1,"clubcode":"NYG","playerName":"","statId":68,"yards":0}]}},"1523":{"sp":0,"qtr":2,"down":3,"time":"01:09","yrdln":"TB 2","ydstogo":1,"ydsnet":60,"posteam":"NYG","desc":"(1:09) B.Jacobs left guard to TB 3 for -1 yards (S.Piscitelli).","note":null,"players":{"00-0025451":[{"sequence":4,"clubcode":"TB","playerName":"S.Piscitelli","statId":79,"yards":0},{"sequence":5,"clubcode":"TB","playerName":"S.Piscitelli","statId":120,"yards":0}],"0":[{"sequence":1,"clubcode":"NYG","playerName":"","statId":7,"yards":0},{"sequence":3,"clubcode":"NYG","playerName":"","statId":95,"yards":-1}],"00-0023545":[{"sequence":2,"clubcode":"NYG","playerName":"B.Jacobs","statId":10,"yards":-1}]}},"1544":{"sp":0,"qtr":2,"down":4,"time":"00:25","yrdln":"TB 3","ydstogo":2,"ydsnet":60,"posteam":"NYG","desc":"(:25) (Field Goal formation) L.Tynes 21 yard field goal is No Good, Wide Left, Center-Z.DeOssie, Holder-J.Feagles.","note":"FGM","players":{"00-0019778":[{"sequence":1,"clubcode":"NYG","playerName":"L.Tynes","statId":69,"yards":21}]}}},"fds":4,"result":"Missed FG","penyds":0,"ydsgained":60,"numplays":15,"postime":"6:34","start":{"qtr":2,"time":"06:51","yrdln":"NYG 37","team":"NYG"},"end":{"qtr":2,"time":"00:17","yrdln":"TB 3","team":"NYG"}},"12":{"posteam":"TB","qtr":2,"redzone":true,"plays":{"1564":{"sp":0,"qtr":2,"down":1,"time":"00:17","yrdln":"TB 20","ydstogo":10,"ydsnet":-1,"posteam":"TB","desc":"(:17) B.Leftwich kneels to TB 19 for -1 yards.","note":null,"players":{"00-0022177":[{"sequence":1,"clubcode":"TB","playerName":"B.Leftwich","statId":10,"yards":-1}]}},"1585":{"sp":0,"qtr":2,"down":0,"time":"","yrdln":"","ydstogo":0,"ydsnet":-1,"posteam":"","desc":"END QUARTER 2","note":null,"players":{}}},"fds":0,"result":"End of Half","penyds":0,"ydsgained":-1,"numplays":2,"postime":"0:17","start":{"qtr":2,"time":"00:17","yrdln":"TB 20","team":"TB"},"end":{"qtr":2,"time":"00:00","yrdln":"TB 20","team":"TB"}},"13":{"posteam":"TB","qtr":3,"redzone":true,"plays":{"1601":{"sp":0,"qtr":3,"down":0,"time":"15:00","yrdln":"NYG 30","ydstogo":0,"ydsnet":0,"posteam":"NYG","desc":"L.Tynes kicks 70 yards from NYG 30 to TB 0. C.Smith to TB 26 for 26 yards (B.Kehl).","note":"KICKOFF","players":{"00-0026263":[{"sequence":3,"clubcode":"NYG","playerName":"B.Kehl","statId":79,"yards":0}],"00-0026113":[{"sequence":2,"clubcode":"TB","playerName":"C.Smith","statId":45,"yards":26}],"00-0019778":[{"sequence":1,"clubcode":"NYG","playerName":"L.Tynes","statId":43,"yards":70}]}},"1623":{"sp":0,"qtr":3,"down":1,"time":"14:51","yrdln":"TB 26","ydstogo":10,"ydsnet":0,"posteam":"TB","desc":"(14:51) D.Ward up the middle to TB 26 for no gain (C.Brown, A.Pierce).","note":null,"players":{"00-0022770":[{"sequence":1,"clubcode":"TB","playerName":"D.Ward","statId":10,"yards":0}],"00-0020006":[{"sequence":3,"clubcode":"NYG","playerName":"A.Pierce","statId":82,"yards":0}],"00-0023621":[{"sequence":2,"clubcode":"NYG","playerName":"C.Brown","statId":80,"yards":0}]}},"1644":{"sp":0,"qtr":3,"down":2,"time":"14:19","yrdln":"TB 26","ydstogo":10,"ydsnet":6,"posteam":"TB","desc":"(14:19) B.Leftwich pass short left to J.Stevens to TB 32 for 6 yards (C.Webster).","note":null,"players":{"00-0022177":[{"sequence":1,"clubcode":"TB","playerName":"B.Leftwich","statId":15,"yards":6},{"sequence":2,"clubcode":"TB","playerName":"B.Leftwich","statId":111,"yards":3}],"00-0023478":[{"sequence":6,"clubcode":"NYG","playerName":"C.Webster","statId":79,"yards":0}],"00-0021159":[{"sequence":3,"clubcode":"TB","playerName":"J.Stevens","statId":21,"yards":6},{"sequence":4,"clubcode":"TB","playerName":"J.Stevens","statId":115,"yards":0},{"sequence":5,"clubcode":"TB","playerName":"J.Stevens","statId":113,"yards":3}]}},"1668":{"sp":0,"qtr":3,"down":3,"time":"13:33","yrdln":"TB 32","ydstogo":4,"ydsnet":6,"posteam":"TB","desc":"(13:33) (Shotgun) B.Leftwich pass incomplete short middle to M.Clayton (B.Johnson).","note":null,"players":{"00-0022177":[{"sequence":2,"clubcode":"TB","playerName":"B.Leftwich","statId":14,"yards":0},{"sequence":5,"clubcode":"TB","playerName":"B.Leftwich","statId":112,"yards":12}],"00-0026824":[{"sequence":4,"clubcode":"NYG","playerName":"B.Johnson","statId":85,"yards":0}],"0":[{"sequence":1,"clubcode":"TB","playerName":"","statId":7,"yards":0}],"00-0022725":[{"sequence":3,"clubcode":"TB","playerName":"M.Clayton","statId":115,"yards":0}]}},"1690":{"sp":0,"qtr":3,"down":4,"time":"13:27","yrdln":"TB 32","ydstogo":4,"ydsnet":6,"posteam":"TB","desc":"(13:27) (Punt formation) D.Johnson punts 48 yards to NYG 20, Center-A.Economos. A.Bradshaw pushed ob at NYG 28 for 8 yards (B.Clark).","note":"PUNT","players":{"00-0008484":[{"sequence":1,"clubcode":"TB","playerName":"D.Johnson","statId":29,"yards":48}],"00-0025637":[{"sequence":2,"clubcode":"NYG","playerName":"A.Bradshaw","statId":33,"yards":8}],"00-0023790":[{"sequence":3,"clubcode":"TB","playerName":"B.Clark","statId":79,"yards":0}]}}},"fds":0,"result":"Punt","penyds":0,"ydsgained":6,"numplays":5,"postime":"1:47","start":{"qtr":3,"time":"15:00","yrdln":"TB 26","team":"TB"},"end":{"qtr":3,"time":"13:13","yrdln":"TB 32","team":"TB"}},"14":{"posteam":"NYG","qtr":3,"redzone":true,"plays":{"1715":{"sp":0,"qtr":3,"down":1,"time":"13:13","yrdln":"NYG 28","ydstogo":10,"ydsnet":0,"posteam":"NYG","desc":"(13:13) E.Manning pass incomplete short left to B.Jacobs.","note":null,"players":{"00-0022803":[{"sequence":1,"clubcode":"NYG","playerName":"E.Manning","statId":14,"yards":0},{"sequence":3,"clubcode":"NYG","playerName":"E.Manning","statId":112,"yards":-3}],"00-0023545":[{"sequence":2,"clubcode":"NYG","playerName":"B.Jacobs","statId":115,"yards":0}]}},"1737":{"sp":0,"qtr":3,"down":2,"time":"13:08","yrdln":"NYG 28","ydstogo":10,"ydsnet":-2,"posteam":"NYG","desc":"(13:08) B.Jacobs right guard to NYG 26 for -2 yards (G.Adams).","note":null,"players":{"0":[{"sequence":2,"clubcode":"NYG","playerName":"","statId":95,"yards":-2}],"00-0023545":[{"sequence":1,"clubcode":"NYG","playerName":"B.Jacobs","statId":10,"yards":-2}],"00-0025391":[{"sequence":3,"clubcode":"TB","playerName":"G.Adams","statId":79,"yards":0},{"sequence":4,"clubcode":"TB","playerName":"G.Adams","statId":120,"yards":0}]}},"1758":{"sp":0,"qtr":3,"down":3,"time":"12:26","yrdln":"NYG 26","ydstogo":12,"ydsnet":18,"posteam":"NYG","desc":"(12:26) (Shotgun) E.Manning pass deep middle to M.Manningham to NYG 46 for 20 yards (B.Ruud).","note":null,"players":{"00-0023471":[{"sequence":8,"clubcode":"TB","playerName":"B.Ruud","statId":79,"yards":0}],"0":[{"sequence":1,"clubcode":"NYG","playerName":"","statId":4,"yards":0},{"sequence":2,"clubcode":"NYG","playerName":"","statId":6,"yards":0}],"00-0022803":[{"sequence":3,"clubcode":"NYG","playerName":"E.Manning","statId":15,"yards":20},{"sequence":4,"clubcode":"NYG","playerName":"E.Manning","statId":111,"yards":16}],"00-0026235":[{"sequence":5,"clubcode":"NYG","playerName":"M.Manningham","statId":21,"yards":20},{"sequence":6,"clubcode":"NYG","playerName":"M.Manningham","statId":115,"yards":0},{"sequence":7,"clubcode":"NYG","playerName":"M.Manningham","statId":113,"yards":4}]}},"1782":{"sp":0,"qtr":3,"down":1,"time":"11:40","yrdln":"NYG 46","ydstogo":10,"ydsnet":18,"posteam":"NYG","desc":"(11:40) A.Bradshaw left tackle to NYG 46 for no gain (S.White, B.Ruud).","note":null,"players":{"00-0023471":[{"sequence":3,"clubcode":"TB","playerName":"B.Ruud","statId":82,"yards":0}],"00-0021332":[{"sequence":2,"clubcode":"TB","playerName":"S.White","statId":80,"yards":0}],"00-0025637":[{"sequence":1,"clubcode":"NYG","playerName":"A.Bradshaw","statId":10,"yards":0}]}},"1803":{"sp":0,"qtr":3,"down":2,"time":"11:01","yrdln":"NYG 46","ydstogo":10,"ydsnet":29,"posteam":"NYG","desc":"(11:01) (Shotgun) A.Bradshaw up the middle to TB 43 for 11 yards (W.Allen, B.Ruud).","note":null,"players":{"00-0023471":[{"sequence":4,"clubcode":"TB","playerName":"B.Ruud","statId":82,"yards":0}],"00-0025637":[{"sequence":2,"clubcode":"NYG","playerName":"A.Bradshaw","statId":10,"yards":11}],"0":[{"sequence":1,"clubcode":"NYG","playerName":"","statId":3,"yards":0}],"00-0022900":[{"sequence":3,"clubcode":"TB","playerName":"W.Allen","statId":80,"yards":0}]}},"1824":{"sp":0,"qtr":3,"down":1,"time":"10:16","yrdln":"TB 43","ydstogo":10,"ydsnet":31,"posteam":"NYG","desc":"(10:16) (Shotgun) B.Jacobs up the middle to TB 41 for 2 yards (G.Hayes).","note":null,"players":{"00-0026315":[{"sequence":2,"clubcode":"TB","playerName":"G.Hayes","statId":79,"yards":0}],"00-0023545":[{"sequence":1,"clubcode":"NYG","playerName":"B.Jacobs","statId":10,"yards":2}]}},"1845":{"sp":0,"qtr":3,"down":2,"time":"09:36","yrdln":"TB 41","ydstogo":8,"ydsnet":41,"posteam":"NYG","desc":"(9:36) B.Jacobs left tackle to TB 36 for 5 yards (R.Miller). PENALTY on TB-R.Barber, Illegal Use of Hands, 5 yards, enforced at TB 36.","note":"PENALTY","players":{"00-0027055":[{"sequence":3,"clubcode":"TB","playerName":"R.Miller","statId":79,"yards":0}],"0":[{"sequence":1,"clubcode":"NYG","playerName":"","statId":5,"yards":0}],"00-0000741":[{"sequence":4,"clubcode":"TB","playerName":"R.Barber","statId":93,"yards":5}],"00-0023545":[{"sequence":2,"clubcode":"NYG","playerName":"B.Jacobs","statId":10,"yards":5}]}},"1877":{"sp":0,"qtr":3,"down":1,"time":"09:14","yrdln":"TB 31","ydstogo":10,"ydsnet":36,"posteam":"NYG","desc":"(9:14) PENALTY on NYG-S.Smith, False Start, 5 yards, enforced at TB 31 - No Play.","note":"PENALTY","players":{"00-0025438":[{"sequence":1,"clubcode":"NYG","playerName":"S.Smith","statId":93,"yards":5}]}},"1900":{"sp":0,"qtr":3,"down":0,"time":"08:43","yrdln":"","ydstogo":0,"ydsnet":36,"posteam":"","desc":"Timeout #1 by NYG at 08:43.","note":"TIMEOUT","players":{"0":[{"sequence":1,"clubcode":"NYG","playerName":"","statId":68,"yards":0}]}},"1917":{"sp":0,"qtr":3,"down":1,"time":"08:43","yrdln":"TB 36","ydstogo":15,"ydsnet":60,"posteam":"NYG","desc":"(8:43) (Shotgun) E.Manning pass deep left to K.Boss to TB 12 for 24 yards (W.Allen).","note":null,"players":{"00-0025540":[{"sequence":4,"clubcode":"NYG","playerName":"K.Boss","statId":21,"yards":24},{"sequence":5,"clubcode":"NYG","playerName":"K.Boss","statId":115,"yards":0},{"sequence":6,"clubcode":"NYG","playerName":"K.Boss","statId":113,"yards":3}],"0":[{"sequence":1,"clubcode":"NYG","playerName":"","statId":4,"yards":0}],"00-0022900":[{"sequence":7,"clubcode":"TB","playerName":"W.Allen","statId":79,"yards":0}],"00-0022803":[{"sequence":2,"clubcode":"NYG","playerName":"E.Manning","statId":15,"yards":24},{"sequence":3,"clubcode":"NYG","playerName":"E.Manning","statId":111,"yards":21}]}},"1941":{"sp":0,"qtr":3,"down":1,"time":"08:00","yrdln":"TB 12","ydstogo":10,"ydsnet":58,"posteam":"NYG","desc":"(8:00) A.Bradshaw left end to TB 14 for -2 yards (G.Hayes).","note":null,"players":{"00-0025637":[{"sequence":1,"clubcode":"NYG","playerName":"A.Bradshaw","statId":10,"yards":-2}],"0":[{"sequence":2,"clubcode":"NYG","playerName":"","statId":95,"yards":-2}],"00-0026315":[{"sequence":3,"clubcode":"TB","playerName":"G.Hayes","statId":79,"yards":0},{"sequence":4,"clubcode":"TB","playerName":"G.Hayes","statId":120,"yards":0}]}},"1962":{"sp":0,"qtr":3,"down":2,"time":"07:18","yrdln":"TB 14","ydstogo":12,"ydsnet":60,"posteam":"NYG","desc":"(7:18) (Shotgun) A.Bradshaw right guard to TB 12 for 2 yards (C.Hovan).","note":null,"players":{"00-0019696":[{"sequence":2,"clubcode":"TB","playerName":"C.Hovan","statId":79,"yards":0}],"00-0025637":[{"sequence":1,"clubcode":"NYG","playerName":"A.Bradshaw","statId":10,"yards":2}]}},"1983":{"sp":0,"qtr":3,"down":3,"time":"06:34","yrdln":"TB 12","ydstogo":10,"ydsnet":64,"posteam":"NYG","desc":"(6:34) (Shotgun) A.Bradshaw left guard to TB 8 for 4 yards (G.Hayes, S.Piscitelli).","note":null,"players":{"00-0025451":[{"sequence":4,"clubcode":"TB","playerName":"S.Piscitelli","statId":82,"yards":0}],"00-0025637":[{"sequence":2,"clubcode":"NYG","playerName":"A.Bradshaw","statId":10,"yards":4}],"0":[{"sequence":1,"clubcode":"NYG","playerName":"","statId":7,"yards":0}],"00-0026315":[{"sequence":3,"clubcode":"TB","playerName":"G.Hayes","statId":80,"yards":0}]}},"2004":{"sp":1,"qtr":3,"down":4,"time":"05:53","yrdln":"TB 8","ydstogo":6,"ydsnet":64,"posteam":"NYG","desc":"(5:53) (Field Goal formation) L.Tynes 26 yard field goal is GOOD, Center-Z.DeOssie, Holder-J.Feagles.","note":"FG","players":{"00-0019778":[{"sequence":1,"clubcode":"NYG","playerName":"L.Tynes","statId":70,"yards":26}]}}},"fds":4,"result":"Field Goal","penyds":0,"ydsgained":64,"numplays":14,"postime":"7:25","start":{"qtr":3,"time":"13:13","yrdln":"NYG 28","team":"NYG"},"end":{"qtr":3,"time":"05:48","yrdln":"TB 8","team":"NYG"}},"15":{"posteam":"TB","qtr":3,"redzone":true,"plays":{"2023":{"sp":0,"qtr":3,"down":0,"time":"05:48","yrdln":"NYG 30","ydstogo":0,"ydsnet":0,"posteam":"NYG","desc":"L.Tynes kicks 55 yards from NYG 30 to TB 15. T.Crowder to TB 26 for 11 yards (B.Johnson).","note":"KICKOFF","players":{"00-0026824":[{"sequence":3,"clubcode":"NYG","playerName":"B.Johnson","statId":79,"yards":0}],"00-0025443":[{"sequence":2,"clubcode":"TB","playerName":"T.Crowder","statId":45,"yards":11}],"00-0019778":[{"sequence":1,"clubcode":"NYG","playerName":"L.Tynes","statId":41,"yards":55}]}},"2045":{"sp":0,"qtr":3,"down":1,"time":"05:41","yrdln":"TB 26","ydstogo":10,"ydsnet":7,"posteam":"TB","desc":"(5:41) (Shotgun) B.Leftwich pass short right to K.Winslow to TB 33 for 7 yards (C.Webster).","note":null,"players":{"00-0022177":[{"sequence":1,"clubcode":"TB","playerName":"B.Leftwich","statId":15,"yards":7},{"sequence":2,"clubcode":"TB","playerName":"B.Leftwich","statId":111,"yards":5}],"00-0023478":[{"sequence":6,"clubcode":"NYG","playerName":"C.Webster","statId":79,"yards":0}],"00-0022922":[{"sequence":3,"clubcode":"TB","playerName":"K.Winslow","statId":21,"yards":7},{"sequence":4,"clubcode":"TB","playerName":"K.Winslow","statId":115,"yards":0},{"sequence":5,"clubcode":"TB","playerName":"K.Winslow","statId":113,"yards":2}]}},"2069":{"sp":0,"qtr":3,"down":2,"time":"05:06","yrdln":"TB 33","ydstogo":3,"ydsnet":10,"posteam":"TB","desc":"(5:06) (Shotgun) C.Williams up the middle to TB 36 for 3 yards (D.Clark, R.Bernard).","note":null,"players":{"00-0019506":[{"sequence":3,"clubcode":"NYG","playerName":"D.Clark","statId":80,"yards":0}],"00-0021261":[{"sequence":4,"clubcode":"NYG","playerName":"R.Bernard","statId":82,"yards":0}],"0":[{"sequence":1,"clubcode":"TB","playerName":"","statId":3,"yards":0}],"00-0023440":[{"sequence":2,"clubcode":"TB","playerName":"C.Williams","statId":10,"yards":3}]}},"2090":{"sp":0,"qtr":3,"down":1,"time":"04:29","yrdln":"TB 36","ydstogo":10,"ydsnet":10,"posteam":"TB","desc":"(4:29) B.Leftwich pass incomplete short left to A.Bryant (A.Pierce) [D.Tollefson].","note":null,"players":{"00-0022177":[{"sequence":1,"clubcode":"TB","playerName":"B.Leftwich","statId":14,"yards":0},{"sequence":5,"clubcode":"TB","playerName":"B.Leftwich","statId":112,"yards":0}],"00-0021191":[{"sequence":2,"clubcode":"TB","playerName":"A.Bryant","statId":115,"yards":0}],"00-0020006":[{"sequence":3,"clubcode":"NYG","playerName":"A.Pierce","statId":85,"yards":0}],"00-0024467":[{"sequence":4,"clubcode":"NYG","playerName":"D.Tollefson","statId":110,"yards":0}]}},"2112":{"sp":0,"qtr":3,"down":2,"time":"04:21","yrdln":"TB 36","ydstogo":10,"ydsnet":10,"posteam":"TB","desc":"(4:21) (Shotgun) B.Leftwich pass incomplete short left to K.Winslow.","note":null,"players":{"00-0022177":[{"sequence":1,"clubcode":"TB","playerName":"B.Leftwich","statId":14,"yards":0},{"sequence":3,"clubcode":"TB","playerName":"B.Leftwich","statId":112,"yards":4}],"00-0022922":[{"sequence":2,"clubcode":"TB","playerName":"K.Winslow","statId":115,"yards":0}]}},"2134":{"sp":0,"qtr":3,"down":3,"time":"04:14","yrdln":"TB 36","ydstogo":10,"ydsnet":10,"posteam":"TB","desc":"(4:14) (Shotgun) B.Leftwich pass incomplete short right to M.Clayton.","note":null,"players":{"00-0022177":[{"sequence":2,"clubcode":"TB","playerName":"B.Leftwich","statId":14,"yards":0},{"sequence":4,"clubcode":"TB","playerName":"B.Leftwich","statId":112,"yards":14}],"0":[{"sequence":1,"clubcode":"TB","playerName":"","statId":7,"yards":0}],"00-0022725":[{"sequence":3,"clubcode":"TB","playerName":"M.Clayton","statId":115,"yards":0}]}},"2156":{"sp":0,"qtr":3,"down":4,"time":"04:05","yrdln":"TB 36","ydstogo":10,"ydsnet":10,"posteam":"TB","desc":"(4:05) (Punt formation) D.Johnson punts 43 yards to NYG 21, Center-A.Economos. S.Moss to NYG 28 for 7 yards (A.Hayward).","note":"PUNT","players":{"00-0025569":[{"sequence":3,"clubcode":"TB","playerName":"A.Hayward","statId":79,"yards":0}],"00-0008484":[{"sequence":1,"clubcode":"TB","playerName":"D.Johnson","statId":29,"yards":43}],"00-0024259":[{"sequence":2,"clubcode":"NYG","playerName":"S.Moss","statId":33,"yards":7}]}}},"fds":1,"result":"Punt","penyds":0,"ydsgained":10,"numplays":7,"postime":"1:56","start":{"qtr":3,"time":"05:48","yrdln":"TB 26","team":"TB"},"end":{"qtr":3,"time":"03:52","yrdln":"TB 36","team":"TB"}},"16":{"posteam":"NYG","qtr":4,"redzone":true,"plays":{"2181":{"sp":0,"qtr":3,"down":1,"time":"03:52","yrdln":"NYG 28","ydstogo":10,"ydsnet":2,"posteam":"NYG","desc":"(3:52) A.Bradshaw right tackle to NYG 30 for 2 yards (R.Miller).","note":null,"players":{"00-0027055":[{"sequence":2,"clubcode":"TB","playerName":"R.Miller","statId":79,"yards":0}],"00-0025637":[{"sequence":1,"clubcode":"NYG","playerName":"A.Bradshaw","statId":10,"yards":2}]}},"2202":{"sp":0,"qtr":3,"down":2,"time":"03:16","yrdln":"NYG 30","ydstogo":8,"ydsnet":2,"posteam":"NYG","desc":"(3:16) E.Manning pass incomplete short right to M.Manningham.","note":null,"players":{"00-0022803":[{"sequence":1,"clubcode":"NYG","playerName":"E.Manning","statId":14,"yards":0},{"sequence":3,"clubcode":"NYG","playerName":"E.Manning","statId":112,"yards":14}],"00-0026235":[{"sequence":2,"clubcode":"NYG","playerName":"M.Manningham","statId":115,"yards":0}]}},"2224":{"sp":0,"qtr":3,"down":0,"time":"03:11","yrdln":"","ydstogo":0,"ydsnet":2,"posteam":"","desc":"Timeout #1 by TB at 03:11.","note":"TIMEOUT","players":{"0":[{"sequence":1,"clubcode":"TB","playerName":"","statId":68,"yards":0}]}},"2241":{"sp":0,"qtr":3,"down":3,"time":"03:11","yrdln":"NYG 30","ydstogo":8,"ydsnet":11,"posteam":"NYG","desc":"(3:11) (Shotgun) E.Manning scrambles right end ran ob at NYG 39 for 9 yards (B.Ruud).","note":null,"players":{"00-0023471":[{"sequence":4,"clubcode":"TB","playerName":"B.Ruud","statId":79,"yards":0}],"0":[{"sequence":1,"clubcode":"NYG","playerName":"","statId":3,"yards":0},{"sequence":2,"clubcode":"NYG","playerName":"","statId":6,"yards":0}],"00-0022803":[{"sequence":3,"clubcode":"NYG","playerName":"E.Manning","statId":10,"yards":9}]}},"2277":{"sp":0,"qtr":3,"down":1,"time":"02:47","yrdln":"NYG 39","ydstogo":10,"ydsnet":20,"posteam":"NYG","desc":"(2:47) A.Bradshaw up the middle to NYG 48 for 9 yards (W.Allen).","note":null,"players":{"00-0025637":[{"sequence":1,"clubcode":"NYG","playerName":"A.Bradshaw","statId":10,"yards":9}],"00-0022900":[{"sequence":2,"clubcode":"TB","playerName":"W.Allen","statId":79,"yards":0}]}},"2298":{"sp":0,"qtr":3,"down":2,"time":"02:01","yrdln":"NYG 48","ydstogo":1,"ydsnet":25,"posteam":"NYG","desc":"(2:01) B.Jacobs right end to TB 47 for 5 yards (B.Ruud).","note":null,"players":{"00-0023471":[{"sequence":3,"clubcode":"TB","playerName":"B.Ruud","statId":79,"yards":0}],"0":[{"sequence":1,"clubcode":"NYG","playerName":"","statId":3,"yards":0}],"00-0023545":[{"sequence":2,"clubcode":"NYG","playerName":"B.Jacobs","statId":10,"yards":5}]}},"2319":{"sp":0,"qtr":3,"down":1,"time":"01:29","yrdln":"TB 47","ydstogo":10,"ydsnet":34,"posteam":"NYG","desc":"(1:29) E.Manning pass short right to S.Smith to TB 38 for 9 yards (A.Talib).","note":null,"players":{"00-0026160":[{"sequence":6,"clubcode":"TB","playerName":"A.Talib","statId":79,"yards":0}],"00-0025438":[{"sequence":3,"clubcode":"NYG","playerName":"S.Smith","statId":21,"yards":9},{"sequence":4,"clubcode":"NYG","playerName":"S.Smith","statId":115,"yards":0},{"sequence":5,"clubcode":"NYG","playerName":"S.Smith","statId":113,"yards":3}],"00-0022803":[{"sequence":1,"clubcode":"NYG","playerName":"E.Manning","statId":15,"yards":9},{"sequence":2,"clubcode":"NYG","playerName":"E.Manning","statId":111,"yards":6}]}},"2343":{"sp":0,"qtr":3,"down":2,"time":"00:53","yrdln":"TB 38","ydstogo":1,"ydsnet":45,"posteam":"NYG","desc":"(:53) B.Jacobs left guard to TB 27 for 11 yards (S.Piscitelli).","note":null,"players":{"00-0025451":[{"sequence":3,"clubcode":"TB","playerName":"S.Piscitelli","statId":79,"yards":0}],"0":[{"sequence":1,"clubcode":"NYG","playerName":"","statId":3,"yards":0}],"00-0023545":[{"sequence":2,"clubcode":"NYG","playerName":"B.Jacobs","statId":10,"yards":11}]}},"2364":{"sp":0,"qtr":3,"down":1,"time":"00:08","yrdln":"TB 27","ydstogo":10,"ydsnet":47,"posteam":"NYG","desc":"(:08) (Shotgun) B.Jacobs right guard to TB 25 for 2 yards (A.Hayward).","note":null,"players":{"00-0025569":[{"sequence":2,"clubcode":"TB","playerName":"A.Hayward","statId":79,"yards":0}],"00-0023545":[{"sequence":1,"clubcode":"NYG","playerName":"B.Jacobs","statId":10,"yards":2}]}},"2385":{"sp":0,"qtr":3,"down":0,"time":"","yrdln":"","ydstogo":0,"ydsnet":47,"posteam":"","desc":"END QUARTER 3","note":null,"players":{}},"2401":{"sp":0,"qtr":4,"down":2,"time":"15:00","yrdln":"TB 25","ydstogo":8,"ydsnet":47,"posteam":"NYG","desc":"(15:00) B.Jacobs left tackle to TB 25 for no gain (C.Hovan).","note":null,"players":{"00-0019696":[{"sequence":2,"clubcode":"TB","playerName":"C.Hovan","statId":79,"yards":0}],"00-0023545":[{"sequence":1,"clubcode":"NYG","playerName":"B.Jacobs","statId":10,"yards":0}]}},"2422":{"sp":0,"qtr":4,"down":3,"time":"14:16","yrdln":"TB 25","ydstogo":8,"ydsnet":57,"posteam":"NYG","desc":"(14:16) (Shotgun) E.Manning pass short right to S.Smith to TB 15 for 10 yards (S.Piscitelli). Tampa Bay challenged the pass completion ruling, and the play was Upheld. (Timeout #2.)","note":"TIMEOUT","players":{"00-0025451":[{"sequence":9,"clubcode":"TB","playerName":"S.Piscitelli","statId":79,"yards":0}],"0":[{"sequence":1,"clubcode":"TB","playerName":"","statId":68,"yards":0},{"sequence":2,"clubcode":"NYG","playerName":"","statId":4,"yards":0},{"sequence":3,"clubcode":"NYG","playerName":"","statId":6,"yards":0}],"00-0025438":[{"sequence":6,"clubcode":"NYG","playerName":"S.Smith","statId":21,"yards":10},{"sequence":7,"clubcode":"NYG","playerName":"S.Smith","statId":115,"yards":0},{"sequence":8,"clubcode":"NYG","playerName":"S.Smith","statId":113,"yards":0}],"00-0022803":[{"sequence":4,"clubcode":"NYG","playerName":"E.Manning","statId":15,"yards":10},{"sequence":5,"clubcode":"NYG","playerName":"E.Manning","statId":111,"yards":10}]}},"2446":{"sp":0,"qtr":4,"down":1,"time":"13:46","yrdln":"TB 15","ydstogo":10,"ydsnet":52,"posteam":"NYG","desc":"(13:46) E.Manning pass short right to S.Smith ran ob at TB 15 for no gain. PENALTY on NYG-S.Smith, Illegal Touch Pass, 5 yards, enforced at TB 15 - No Play.","note":"PENALTY","players":{"00-0025438":[{"sequence":1,"clubcode":"NYG","playerName":"S.Smith","statId":93,"yards":5}]}},"2519":{"sp":0,"qtr":4,"down":1,"time":"13:14","yrdln":"TB 20","ydstogo":15,"ydsnet":54,"posteam":"NYG","desc":"(13:14) B.Jacobs right tackle to TB 18 for 2 yards (C.Hovan, S.White).","note":null,"players":{"00-0019696":[{"sequence":2,"clubcode":"TB","playerName":"C.Hovan","statId":80,"yards":0}],"00-0021332":[{"sequence":3,"clubcode":"TB","playerName":"S.White","statId":82,"yards":0}],"00-0023545":[{"sequence":1,"clubcode":"NYG","playerName":"B.Jacobs","statId":10,"yards":2}]}},"2540":{"sp":1,"qtr":4,"down":2,"time":"12:35","yrdln":"TB 18","ydstogo":13,"ydsnet":72,"posteam":"NYG","desc":"(12:35) (Shotgun) E.Manning pass deep right to S.Moss for 18 yards, TOUCHDOWN.","note":"TD","players":{"00-0024259":[{"sequence":4,"clubcode":"NYG","playerName":"S.Moss","statId":22,"yards":18},{"sequence":5,"clubcode":"NYG","playerName":"S.Moss","statId":115,"yards":0},{"sequence":6,"clubcode":"NYG","playerName":"S.Moss","statId":113,"yards":0}],"0":[{"sequence":1,"clubcode":"NYG","playerName":"","statId":4,"yards":0}],"00-0022803":[{"sequence":2,"clubcode":"NYG","playerName":"E.Manning","statId":16,"yards":18},{"sequence":3,"clubcode":"NYG","playerName":"E.Manning","statId":111,"yards":18}]}},"2560":{"sp":1,"qtr":4,"down":0,"time":"12:26","yrdln":"TB 2","ydstogo":0,"ydsnet":72,"posteam":"NYG","desc":"(Kick formation) L.Tynes extra point is GOOD, Center-Z.DeOssie, Holder-J.Feagles.","note":"XP","players":{"00-0019778":[{"sequence":1,"clubcode":"NYG","playerName":"L.Tynes","statId":72,"yards":0}]}}},"fds":5,"result":"Touchdown","penyds":-5,"ydsgained":77,"numplays":16,"postime":"6:26","start":{"qtr":3,"time":"03:52","yrdln":"NYG 28","team":"NYG"},"end":{"qtr":3,"time":"12:26","yrdln":"TB 18","team":"NYG"}},"17":{"posteam":"TB","qtr":4,"redzone":true,"plays":{"2576":{"sp":0,"qtr":4,"down":0,"time":"12:26","yrdln":"NYG 30","ydstogo":0,"ydsnet":0,"posteam":"NYG","desc":"L.Tynes kicks 48 yards from NYG 30 to TB 22, fair catch by T.Crowder.","note":"KICKOFF","players":{"00-0025443":[{"sequence":2,"clubcode":"TB","playerName":"T.Crowder","statId":50,"yards":0}],"00-0019778":[{"sequence":1,"clubcode":"NYG","playerName":"L.Tynes","statId":41,"yards":48}]}},"2592":{"sp":0,"qtr":4,"down":1,"time":"12:26","yrdln":"TB 22","ydstogo":10,"ydsnet":0,"posteam":"TB","desc":"(12:26) (Shotgun) B.Leftwich pass incomplete short middle to K.Winslow.","note":null,"players":{"00-0022177":[{"sequence":1,"clubcode":"TB","playerName":"B.Leftwich","statId":14,"yards":0},{"sequence":3,"clubcode":"TB","playerName":"B.Leftwich","statId":112,"yards":3}],"00-0022922":[{"sequence":2,"clubcode":"TB","playerName":"K.Winslow","statId":115,"yards":0}]}},"2614":{"sp":0,"qtr":4,"down":2,"time":"12:21","yrdln":"TB 22","ydstogo":10,"ydsnet":0,"posteam":"TB","desc":"(12:21) (Shotgun) B.Leftwich pass incomplete short right to M.Clayton [R.Bernard].","note":null,"players":{"00-0022177":[{"sequence":1,"clubcode":"TB","playerName":"B.Leftwich","statId":14,"yards":0},{"sequence":4,"clubcode":"TB","playerName":"B.Leftwich","statId":112,"yards":0}],"00-0021261":[{"sequence":3,"clubcode":"NYG","playerName":"R.Bernard","statId":110,"yards":0}],"00-0022725":[{"sequence":2,"clubcode":"TB","playerName":"M.Clayton","statId":115,"yards":0}]}},"2636":{"sp":0,"qtr":4,"down":3,"time":"12:13","yrdln":"TB 22","ydstogo":10,"ydsnet":0,"posteam":"TB","desc":"(12:13) (Shotgun) B.Leftwich pass incomplete short middle to J.Stevens. Penalty on TB-D.Penn, Offensive Holding, declined.","note":null,"players":{"00-0022177":[{"sequence":2,"clubcode":"TB","playerName":"B.Leftwich","statId":14,"yards":0},{"sequence":4,"clubcode":"TB","playerName":"B.Leftwich","statId":112,"yards":10}],"00-0021159":[{"sequence":3,"clubcode":"TB","playerName":"J.Stevens","statId":115,"yards":0}],"0":[{"sequence":1,"clubcode":"TB","playerName":"","statId":7,"yards":0}]}},"2669":{"sp":0,"qtr":4,"down":4,"time":"12:07","yrdln":"TB 22","ydstogo":10,"ydsnet":0,"posteam":"TB","desc":"(12:07) (Punt formation) D.Johnson punts 36 yards to NYG 42, Center-A.Economos, out of bounds.","note":"PUNT","players":{"00-0008484":[{"sequence":1,"clubcode":"TB","playerName":"D.Johnson","statId":29,"yards":36}],"0":[{"sequence":2,"clubcode":"NYG","playerName":"","statId":37,"yards":0}]}}},"fds":0,"result":"Punt","penyds":0,"ydsgained":0,"numplays":5,"postime":"0:29","start":{"qtr":4,"time":"12:26","yrdln":"TB 22","team":"TB"},"end":{"qtr":4,"time":"11:57","yrdln":"TB 22","team":"TB"}},"18":{"posteam":"NYG","qtr":4,"redzone":true,"plays":{"2687":{"sp":0,"qtr":4,"down":1,"time":"11:57","yrdln":"NYG 42","ydstogo":10,"ydsnet":2,"posteam":"NYG","desc":"(11:57) B.Jacobs right tackle to NYG 44 for 2 yards (R.Sims).","note":null,"players":{"00-0021382":[{"sequence":2,"clubcode":"TB","playerName":"R.Sims","statId":79,"yards":0}],"00-0023545":[{"sequence":1,"clubcode":"NYG","playerName":"B.Jacobs","statId":10,"yards":2}]}},"2708":{"sp":0,"qtr":4,"down":2,"time":"11:15","yrdln":"NYG 44","ydstogo":8,"ydsnet":-10,"posteam":"NYG","desc":"(11:15) G.Johnson right guard to TB 37 for 19 yards (W.Allen). PENALTY on NYG-K.Boss, Clipping, 15 yards, enforced at NYG 44 - No Play.","note":"PENALTY","players":{"00-0025540":[{"sequence":1,"clubcode":"NYG","playerName":"K.Boss","statId":93,"yards":15}]}},"2740":{"sp":0,"qtr":4,"down":2,"time":"10:44","yrdln":"NYG 29","ydstogo":23,"ydsnet":-10,"posteam":"NYG","desc":"(10:44) (Shotgun) D.Carr pass short right to K.Boss to NYG 32 for 3 yards (A.Talib).","note":null,"players":{"00-0020608":[{"sequence":1,"clubcode":"NYG","playerName":"D.Carr","statId":15,"yards":3},{"sequence":2,"clubcode":"NYG","playerName":"D.Carr","statId":111,"yards":-2}],"00-0025540":[{"sequence":3,"clubcode":"NYG","playerName":"K.Boss","statId":21,"yards":3},{"sequence":4,"clubcode":"NYG","playerName":"K.Boss","statId":115,"yards":0},{"sequence":5,"clubcode":"NYG","playerName":"K.Boss","statId":113,"yards":5}],"00-0026160":[{"sequence":6,"clubcode":"TB","playerName":"A.Talib","statId":79,"yards":0}]}},"2764":{"sp":0,"qtr":4,"down":3,"time":"09:57","yrdln":"NYG 32","ydstogo":20,"ydsnet":-10,"posteam":"NYG","desc":"(9:57) (Shotgun) D.Carr pass incomplete short middle to G.Johnson [G.Adams].","note":null,"players":{"00-0020608":[{"sequence":2,"clubcode":"NYG","playerName":"D.Carr","statId":14,"yards":0},{"sequence":5,"clubcode":"NYG","playerName":"D.Carr","statId":112,"yards":3}],"0":[{"sequence":1,"clubcode":"NYG","playerName":"","statId":7,"yards":0}],"00-0027098":[{"sequence":3,"clubcode":"NYG","playerName":"G.Johnson","statId":115,"yards":0}],"00-0025391":[{"sequence":4,"clubcode":"TB","playerName":"G.Adams","statId":110,"yards":0}]}},"2786":{"sp":0,"qtr":4,"down":4,"time":"09:50","yrdln":"NYG 32","ydstogo":20,"ydsnet":-10,"posteam":"NYG","desc":"(9:50) (Punt formation) J.Feagles punts 56 yards to TB 12, Center-Z.DeOssie. C.Smith to TB 24 for 12 yards (G.Wilkinson).","note":"PUNT","players":{"00-0005113":[{"sequence":1,"clubcode":"NYG","playerName":"J.Feagles","statId":29,"yards":56}],"00-0026113":[{"sequence":2,"clubcode":"TB","playerName":"C.Smith","statId":33,"yards":12}],"00-0024311":[{"sequence":3,"clubcode":"NYG","playerName":"G.Wilkinson","statId":79,"yards":0}]}}},"fds":0,"result":"Punt","penyds":-15,"ydsgained":5,"numplays":5,"postime":"2:24","start":{"qtr":4,"time":"11:57","yrdln":"NYG 42","team":"NYG"},"end":{"qtr":4,"time":"09:33","yrdln":"NYG 32","team":"NYG"}},"19":{"posteam":"TB","qtr":4,"redzone":true,"plays":{"2811":{"sp":0,"qtr":4,"down":1,"time":"09:33","yrdln":"TB 24","ydstogo":10,"ydsnet":6,"posteam":"TB","desc":"(9:33) (Shotgun) J.Johnson pass short left to A.Bryant to TB 30 for 6 yards (D.Clark).","note":null,"players":{"00-0019506":[{"sequence":6,"clubcode":"NYG","playerName":"D.Clark","statId":79,"yards":0}],"00-0021191":[{"sequence":3,"clubcode":"TB","playerName":"A.Bryant","statId":21,"yards":6},{"sequence":4,"clubcode":"TB","playerName":"A.Bryant","statId":115,"yards":0},{"sequence":5,"clubcode":"TB","playerName":"A.Bryant","statId":113,"yards":2}],"00-0026300":[{"sequence":1,"clubcode":"TB","playerName":"J.Johnson","statId":15,"yards":6},{"sequence":2,"clubcode":"TB","playerName":"J.Johnson","statId":111,"yards":4}]}},"2835":{"sp":0,"qtr":4,"down":2,"time":"09:08","yrdln":"TB 30","ydstogo":4,"ydsnet":1,"posteam":"TB","desc":"(9:08) (No Huddle, Shotgun) PENALTY on TB-J.Trueblood, False Start, 5 yards, enforced at TB 30 - No Play.","note":"PENALTY","players":{"00-0024274":[{"sequence":1,"clubcode":"TB","playerName":"J.Trueblood","statId":93,"yards":5}]}},"2858":{"sp":0,"qtr":4,"down":2,"time":"08:50","yrdln":"TB 25","ydstogo":9,"ydsnet":16,"posteam":"TB","desc":"(8:50) (Shotgun) J.Johnson scrambles right end to TB 40 for 15 yards (T.Thomas).","note":null,"players":{"00-0026300":[{"sequence":2,"clubcode":"TB","playerName":"J.Johnson","statId":10,"yards":15}],"00-0026203":[{"sequence":3,"clubcode":"NYG","playerName":"T.Thomas","statId":79,"yards":0}],"0":[{"sequence":1,"clubcode":"TB","playerName":"","statId":3,"yards":0}]}},"2879":{"sp":0,"qtr":4,"down":1,"time":"08:16","yrdln":"TB 40","ydstogo":10,"ydsnet":41,"posteam":"TB","desc":"(8:16) (No Huddle, Shotgun) J.Johnson pass incomplete deep right to M.Clayton. PENALTY on NYG-B.Johnson, Defensive Pass Interference, 25 yards, enforced at TB 40 - No Play.","note":"PENALTY","players":{"00-0026824":[{"sequence":2,"clubcode":"NYG","playerName":"B.Johnson","statId":93,"yards":25}],"0":[{"sequence":1,"clubcode":"TB","playerName":"","statId":5,"yards":0}]}},"2912":{"sp":0,"qtr":4,"down":1,"time":"08:07","yrdln":"NYG 35","ydstogo":10,"ydsnet":41,"posteam":"TB","desc":"(8:07) (Shotgun) J.Johnson pass incomplete short right to A.Bryant.","note":null,"players":{"00-0021191":[{"sequence":2,"clubcode":"TB","playerName":"A.Bryant","statId":115,"yards":0}],"00-0026300":[{"sequence":1,"clubcode":"TB","playerName":"J.Johnson","statId":14,"yards":0},{"sequence":3,"clubcode":"TB","playerName":"J.Johnson","statId":112,"yards":3}]}},"2934":{"sp":0,"qtr":4,"down":2,"time":"08:02","yrdln":"NYG 35","ydstogo":10,"ydsnet":48,"posteam":"TB","desc":"(8:02) (Shotgun) J.Johnson pass short right to D.Ward pushed ob at NYG 28 for 7 yards (M.Boley).","note":null,"players":{"00-0022770":[{"sequence":3,"clubcode":"TB","playerName":"D.Ward","statId":21,"yards":7},{"sequence":4,"clubcode":"TB","playerName":"D.Ward","statId":115,"yards":0},{"sequence":5,"clubcode":"TB","playerName":"D.Ward","statId":113,"yards":11}],"00-0023593":[{"sequence":6,"clubcode":"NYG","playerName":"M.Boley","statId":79,"yards":0}],"00-0026300":[{"sequence":1,"clubcode":"TB","playerName":"J.Johnson","statId":15,"yards":7},{"sequence":2,"clubcode":"TB","playerName":"J.Johnson","statId":111,"yards":-4}]}},"2963":{"sp":0,"qtr":4,"down":3,"time":"07:32","yrdln":"NYG 28","ydstogo":3,"ydsnet":48,"posteam":"TB","desc":"(7:32) (Shotgun) J.Johnson pass incomplete short middle to K.Winslow.","note":null,"players":{"00-0026300":[{"sequence":2,"clubcode":"TB","playerName":"J.Johnson","statId":14,"yards":0},{"sequence":4,"clubcode":"TB","playerName":"J.Johnson","statId":112,"yards":12}],"00-0022922":[{"sequence":3,"clubcode":"TB","playerName":"K.Winslow","statId":115,"yards":0}],"0":[{"sequence":1,"clubcode":"TB","playerName":"","statId":7,"yards":0}]}},"2985":{"sp":0,"qtr":4,"down":4,"time":"07:25","yrdln":"NYG 28","ydstogo":3,"ydsnet":56,"posteam":"TB","desc":"(7:25) (Shotgun) J.Johnson pass short left to S.Stroughter to NYG 20 for 8 yards (C.Brown) [T.Thomas].","note":null,"players":{"00-0026953":[{"sequence":5,"clubcode":"TB","playerName":"S.Stroughter","statId":21,"yards":8},{"sequence":6,"clubcode":"TB","playerName":"S.Stroughter","statId":115,"yards":0},{"sequence":7,"clubcode":"TB","playerName":"S.Stroughter","statId":113,"yards":4}],"00-0026300":[{"sequence":3,"clubcode":"TB","playerName":"J.Johnson","statId":15,"yards":8},{"sequence":4,"clubcode":"TB","playerName":"J.Johnson","statId":111,"yards":4}],"00-0026203":[{"sequence":8,"clubcode":"NYG","playerName":"T.Thomas","statId":110,"yards":0}],"0":[{"sequence":1,"clubcode":"TB","playerName":"","statId":4,"yards":0},{"sequence":2,"clubcode":"TB","playerName":"","statId":8,"yards":0}],"00-0023621":[{"sequence":9,"clubcode":"NYG","playerName":"C.Brown","statId":79,"yards":0}]}},"3009":{"sp":0,"qtr":4,"down":1,"time":"06:54","yrdln":"NYG 20","ydstogo":10,"ydsnet":71,"posteam":"TB","desc":"(6:54) (No Huddle, Shotgun) J.Johnson pass short right to S.Stroughter pushed ob at NYG 5 for 15 yards (B.Johnson).","note":null,"players":{"00-0026824":[{"sequence":7,"clubcode":"NYG","playerName":"B.Johnson","statId":79,"yards":0}],"00-0026953":[{"sequence":4,"clubcode":"TB","playerName":"S.Stroughter","statId":21,"yards":15},{"sequence":5,"clubcode":"TB","playerName":"S.Stroughter","statId":115,"yards":0},{"sequence":6,"clubcode":"TB","playerName":"S.Stroughter","statId":113,"yards":0}],"00-0026300":[{"sequence":2,"clubcode":"TB","playerName":"J.Johnson","statId":15,"yards":15},{"sequence":3,"clubcode":"TB","playerName":"J.Johnson","statId":111,"yards":15}],"0":[{"sequence":1,"clubcode":"TB","playerName":"","statId":4,"yards":0}]}},"3038":{"sp":0,"qtr":4,"down":1,"time":"06:23","yrdln":"NYG 5","ydstogo":5,"ydsnet":71,"posteam":"TB","desc":"(6:23) (Shotgun) J.Johnson pass incomplete short middle to M.Clayton.","note":null,"players":{"00-0026300":[{"sequence":1,"clubcode":"TB","playerName":"J.Johnson","statId":14,"yards":0},{"sequence":3,"clubcode":"TB","playerName":"J.Johnson","statId":112,"yards":5}],"00-0022725":[{"sequence":2,"clubcode":"TB","playerName":"M.Clayton","statId":115,"yards":0}]}},"3060":{"sp":0,"qtr":4,"down":2,"time":"06:14","yrdln":"NYG 5","ydstogo":5,"ydsnet":71,"posteam":"TB","desc":"(6:14) (Shotgun) J.Johnson pass incomplete short middle to A.Bryant [M.Kiwanuka].","note":null,"players":{"00-0024247":[{"sequence":3,"clubcode":"NYG","playerName":"M.Kiwanuka","statId":110,"yards":0}],"00-0021191":[{"sequence":2,"clubcode":"TB","playerName":"A.Bryant","statId":115,"yards":0}],"00-0026300":[{"sequence":1,"clubcode":"TB","playerName":"J.Johnson","statId":14,"yards":0},{"sequence":4,"clubcode":"TB","playerName":"J.Johnson","statId":112,"yards":5}]}},"3082":{"sp":0,"qtr":4,"down":3,"time":"06:06","yrdln":"NYG 5","ydstogo":5,"ydsnet":71,"posteam":"TB","desc":"(6:06) (Shotgun) J.Johnson pass incomplete short middle to J.Stevens (A.Pierce).","note":null,"players":{"00-0020006":[{"sequence":4,"clubcode":"NYG","playerName":"A.Pierce","statId":85,"yards":0}],"00-0021159":[{"sequence":3,"clubcode":"TB","playerName":"J.Stevens","statId":115,"yards":0}],"00-0026300":[{"sequence":2,"clubcode":"TB","playerName":"J.Johnson","statId":14,"yards":0},{"sequence":5,"clubcode":"TB","playerName":"J.Johnson","statId":112,"yards":5}],"0":[{"sequence":1,"clubcode":"TB","playerName":"","statId":7,"yards":0}]}},"3104":{"sp":0,"qtr":4,"down":4,"time":"06:00","yrdln":"NYG 5","ydstogo":5,"ydsnet":71,"posteam":"TB","desc":"(6:00) (Shotgun) J.Johnson pass incomplete short left to S.Stroughter.","note":null,"players":{"00-0026953":[{"sequence":3,"clubcode":"TB","playerName":"S.Stroughter","statId":115,"yards":0}],"00-0026300":[{"sequence":2,"clubcode":"TB","playerName":"J.Johnson","statId":14,"yards":0},{"sequence":4,"clubcode":"TB","playerName":"J.Johnson","statId":112,"yards":5}],"0":[{"sequence":1,"clubcode":"TB","playerName":"","statId":9,"yards":0}]}}},"fds":4,"result":"Downs","penyds":20,"ydsgained":51,"numplays":13,"postime":"3:40","start":{"qtr":4,"time":"09:33","yrdln":"TB 24","team":"TB"},"end":{"qtr":4,"time":"05:53","yrdln":"NYG 5","team":"TB"}},"20":{"posteam":"NYG","qtr":4,"redzone":true,"plays":{"3126":{"sp":0,"qtr":4,"down":1,"time":"05:53","yrdln":"NYG 5","ydstogo":10,"ydsnet":4,"posteam":"NYG","desc":"(5:53) G.Johnson left end to NYG 9 for 4 yards (B.Ruud).","note":null,"players":{"00-0023471":[{"sequence":2,"clubcode":"TB","playerName":"B.Ruud","statId":79,"yards":0}],"00-0027098":[{"sequence":1,"clubcode":"NYG","playerName":"G.Johnson","statId":10,"yards":4}]}},"3147":{"sp":0,"qtr":4,"down":2,"time":"05:12","yrdln":"NYG 9","ydstogo":6,"ydsnet":15,"posteam":"NYG","desc":"(5:12) G.Johnson left tackle to NYG 20 for 11 yards (S.Piscitelli).","note":null,"players":{"00-0025451":[{"sequence":3,"clubcode":"TB","playerName":"S.Piscitelli","statId":79,"yards":0}],"0":[{"sequence":1,"clubcode":"NYG","playerName":"","statId":3,"yards":0}],"00-0027098":[{"sequence":2,"clubcode":"NYG","playerName":"G.Johnson","statId":10,"yards":11}]}},"3168":{"sp":0,"qtr":4,"down":1,"time":"04:27","yrdln":"NYG 20","ydstogo":10,"ydsnet":34,"posteam":"NYG","desc":"(4:27) G.Johnson right end to NYG 22 for 2 yards (Q.Black). PENALTY on TB-C.Hovan, Defensive Holding, 5 yards, enforced at NYG 22.","note":"PENALTY","players":{"00-0019696":[{"sequence":4,"clubcode":"TB","playerName":"C.Hovan","statId":93,"yards":5}],"0":[{"sequence":1,"clubcode":"NYG","playerName":"","statId":5,"yards":0}],"00-0025455":[{"sequence":3,"clubcode":"TB","playerName":"Q.Black","statId":79,"yards":0}],"00-0027098":[{"sequence":2,"clubcode":"NYG","playerName":"G.Johnson","statId":10,"yards":2}]}},"3200":{"sp":0,"qtr":4,"down":1,"time":"04:27","yrdln":"NYG 27","ydstogo":10,"ydsnet":46,"posteam":"NYG","desc":"(4:27) G.Johnson right end to NYG 30 for 3 yards (T.Crowder).","note":null,"players":{"00-0025443":[{"sequence":2,"clubcode":"TB","playerName":"T.Crowder","statId":79,"yards":0}],"00-0027098":[{"sequence":1,"clubcode":"NYG","playerName":"G.Johnson","statId":10,"yards":3}]}},"3222":{"sp":0,"qtr":4,"down":2,"time":"03:38","yrdln":"NYG 30","ydstogo":7,"ydsnet":27,"posteam":"NYG","desc":"(3:38) G.Johnson left end to NYG 32 for 2 yards (B.Ruud).","note":null,"players":{"00-0023471":[{"sequence":2,"clubcode":"TB","playerName":"B.Ruud","statId":79,"yards":0}],"00-0027098":[{"sequence":1,"clubcode":"NYG","playerName":"G.Johnson","statId":10,"yards":2}]}},"3243":{"sp":0,"qtr":4,"down":3,"time":"02:56","yrdln":"NYG 32","ydstogo":5,"ydsnet":34,"posteam":"NYG","desc":"(2:56) (Shotgun) D.Carr pass short left to T.Beckum to NYG 39 for 7 yards (T.Crowder).","note":null,"players":{"00-0020608":[{"sequence":3,"clubcode":"NYG","playerName":"D.Carr","statId":15,"yards":7},{"sequence":4,"clubcode":"NYG","playerName":"D.Carr","statId":111,"yards":-3}],"00-0027070":[{"sequence":5,"clubcode":"NYG","playerName":"T.Beckum","statId":21,"yards":7},{"sequence":6,"clubcode":"NYG","playerName":"T.Beckum","statId":115,"yards":0},{"sequence":7,"clubcode":"NYG","playerName":"T.Beckum","statId":113,"yards":10}],"00-0025443":[{"sequence":8,"clubcode":"TB","playerName":"T.Crowder","statId":79,"yards":0}],"0":[{"sequence":1,"clubcode":"NYG","playerName":"","statId":4,"yards":0},{"sequence":2,"clubcode":"NYG","playerName":"","statId":6,"yards":0}]}},"3267":{"sp":0,"qtr":4,"down":1,"time":"02:13","yrdln":"NYG 39","ydstogo":10,"ydsnet":42,"posteam":"NYG","desc":"(2:13) A.Bradshaw right end to NYG 47 for 8 yards (W.Allen).","note":null,"players":{"00-0025637":[{"sequence":1,"clubcode":"NYG","playerName":"A.Bradshaw","statId":10,"yards":8}],"00-0022900":[{"sequence":2,"clubcode":"TB","playerName":"W.Allen","statId":79,"yards":0}]}},"3288":{"sp":0,"qtr":4,"down":0,"time":"02:00","yrdln":"","ydstogo":0,"ydsnet":42,"posteam":"","desc":"Two-Minute Warning","note":null,"players":{}},"3305":{"sp":0,"qtr":4,"down":2,"time":"02:00","yrdln":"NYG 47","ydstogo":2,"ydsnet":43,"posteam":"NYG","desc":"(2:00) G.Johnson left guard to NYG 48 for 1 yard (J.Wilkerson).","note":null,"players":{"00-0021960":[{"sequence":2,"clubcode":"TB","playerName":"J.Wilkerson","statId":79,"yards":0}],"00-0027098":[{"sequence":1,"clubcode":"NYG","playerName":"G.Johnson","statId":10,"yards":1}]}},"3326":{"sp":0,"qtr":4,"down":3,"time":"01:19","yrdln":"NYG 48","ydstogo":1,"ydsnet":48,"posteam":"NYG","desc":"(1:19) G.Johnson right tackle to 50 for 2 yards (C.Hovan, S.Piscitelli). PENALTY on TB-S.White, Defensive Offside, 5 yards, enforced at NYG 48 - No Play.","note":"PENALTY","players":{"00-0021332":[{"sequence":2,"clubcode":"TB","playerName":"S.White","statId":93,"yards":5}],"0":[{"sequence":1,"clubcode":"NYG","playerName":"","statId":5,"yards":0}]}},"3358":{"sp":0,"qtr":4,"down":1,"time":"01:19","yrdln":"TB 47","ydstogo":10,"ydsnet":47,"posteam":"NYG","desc":"(1:19) D.Carr kneels to TB 48 for -1 yards.","note":null,"players":{"00-0020608":[{"sequence":1,"clubcode":"NYG","playerName":"D.Carr","statId":10,"yards":-1}]}},"3379":{"sp":0,"qtr":4,"down":2,"time":"00:37","yrdln":"TB 48","ydstogo":11,"ydsnet":46,"posteam":"NYG","desc":"(:37) D.Carr kneels to TB 49 for -1 yards.","note":null,"players":{"00-0020608":[{"sequence":1,"clubcode":"NYG","playerName":"D.Carr","statId":10,"yards":-1}]}},"3400":{"sp":0,"qtr":4,"down":0,"time":"","yrdln":"","ydstogo":0,"ydsnet":46,"posteam":"","desc":"END GAME","note":null,"players":{}}},"fds":4,"result":"End of Game","penyds":10,"ydsgained":36,"numplays":13,"postime":"5:53","start":{"qtr":4,"time":"05:53","yrdln":"NYG 5","team":"NYG"},"end":{"qtr":4,"time":"00:00","yrdln":"","team":"NYG"}},"crntdrv":20},"scrsummary":{"294":{"type":"TD","desc":"B.Jacobs 6 yd. run (L.Tynes kick is good) Drive: 12 plays, 80 yards in 6:55","qtr":1,"team":"NYG","players":{"":"0","B.Jacobs":"00-0023545","L.Tynes":"00-0019778"}},"729":{"type":"TD","desc":"S.Smith 4 yd. pass from E.Manning (L.Tynes kick is good) Drive: 7 plays, 66 yards in 4:04","qtr":2,"team":"NYG","players":{"":"0","E.Manning":"00-0022803","S.Smith":"00-0025438","L.Tynes":"00-0019778"}},"2004":{"type":"FG","desc":"L.Tynes 26 yd. Field Goal Drive: 12 plays, 64 yards in 7:25","qtr":3,"team":"NYG","players":{"L.Tynes":"00-0019778"}},"2540":{"type":"TD","desc":"S.Moss 18 yd. pass from E.Manning (L.Tynes kick is good) Drive: 12 plays, 72 yards in 6:26","qtr":4,"team":"NYG","players":{"":"0","E.Manning":"00-0022803","S.Moss":"00-0024259","L.Tynes":"00-0019778"}}},"weather":null,"media":null,"yl":"","qtr":"Final","note":null,"down":0,"togo":0,"redzone":true,"clock":"00:37","posteam":"NYG","stadium":null},"nextupdate":194}