{"2009101102":{"home":{"score":{"1":0,"2":2,"3":7,"4":11,"5":0,"T":20},"abbr":"CAR","to":3,"stats":{"passing":{"00-0004161":{"name":"J.Delhomme","att":25,"cmp":16,"yds":181,"tds":1,"ints":1,"twopta":1,"twoptm":1}},"rushing":{"00-0024242":{"name":"D.Williams","att":18,"yds":40,"tds":0,"lng":7,"twopta":0,"twoptm":0},"00-0026153":{"name":"J.Stewart","att":10,"yds":39,"tds":1,"lng":12,"twopta":0,"twoptm":0},"00-0004161":{"name":"J.Delhomme","att":3,"yds":7,"tds":0,"lng":9,"twopta":0,"twoptm":0},"00-0019100":{"name":"B.Hoover","att":1,"yds":0,"tds":0,"lng":0,"twopta":0,"twoptm":0}},"receiving":{"00-0020337":{"name":"S.Smith","rec":5,"yds":65,"tds":0,"lng":18,"twopta":1,"twoptm":1},"00-0011795":{"name":"M.Muhammad","rec":5,"yds":39,"tds":0,"lng":15,"twopta":0,"twoptm":0},"00-0024369":{"name":"J.King","rec":2,"yds":30,"tds":1,"lng":17,"twopta":0,"twoptm":0},"00-0024242":{"name":"D.Williams","rec":2,"yds":19,"tds":0,"lng":10,"twopta":0,"twoptm":0},"00-0025542":{"name":"D.Rosario","rec":1,"yds":22,"tds":0,"lng":22,"twopta":0,"twoptm":0},"00-0026153":{"name":"J.Stewart","rec":1,"yds":6,"tds":0,"lng":6,"twopta":0,"twoptm":0}},"fumbles":{"00-0004161":{"name":"J.Delhomme","tot":1,"rcv":1,"trcv":1,"yds":0,"lost":0},"00-0024242":{"name":"D.Williams","tot":1,"rcv":0,"trcv":0,"yds":0,"lost":1},"00-0019100":{"name":"B.Hoover","tot":1,"rcv":0,"trcv":0,"yds":0,"lost":0},"00-0026944":{"name":"C.Munnerlyn","tot":1,"rcv":0,"trcv":0,"yds":0,"lost":0},"00-0024369":{"name":"J.King","tot":0,"rcv":1,"trcv":1,"yds":0,"lost":0},"00-0021224":{"name":"D.Wesley","tot":0,"rcv":0,"trcv":1,"yds":0,"lost":0}},"kicking":{"00-0009028":{"name":"J.Kasay","fgm":1,"fga":1,"fgyds":43,"totpfg":3,"xpmade":1,"xpmissed":0,"xpa":1,"xpb":0,"xptot":1}},"punting":{"00-0019921":{"name":"J.Baker","pts":4,"yds":179,"avg":44,"i20":2,"lng":52}},"kickret":{"00-0026276":{"name":"K.Moore","ret":3,"avg":29,"tds":0,"lng":55},"00-0026153":{"name":"J.Stewart","ret":2,"avg":8,"tds":0,"lng":17}},"puntret":{"00-0026944":{"name":"C.Munnerlyn","ret":2,"avg":5,"tds":0,"lng":10},"00-0026276":{"name":"K.Moore","ret":1,"avg":4,"tds":0,"lng":4}},"defense":{"00-0025412":{"name":"J.Beason","tkl":8,"ast":2,"sk":1,"int":0,"ffum":0},"00-0023614":{"name":"C.Harris","tkl":7,"ast":0,"sk":0,"int":0,"ffum":0},"00-0023448":{"name":"T.Davis","tkl":5,"ast":1,"sk":1,"int":0,"ffum":0},"00-0021140":{"name":"J.Peppers","tkl":4,"ast":0,"sk":2,"int":0,"ffum":0},"00-0024273":{"name":"R.Marshall","tkl":4,"ast":0,"sk":0,"int":0,"ffum":0},"00-0019467":{"name":"N.Diggs","tkl":3,"ast":0,"sk":0,"int":0,"ffum":1},"00-0022047":{"name":"T.Brayton","tkl":3,"ast":0,"sk":0,"int":0,"ffum":0},"00-0026207":{"name":"C.Godfrey","tkl":2,"ast":1,"sk":0,"int":0,"ffum":0},"00-0020491":{"name":"D.Lewis","tkl":2,"ast":1,"sk":0,"int":0,"ffum":0},"00-0022914":{"name":"C.Gamble","tkl":2,"ast":0,"sk":0,"int":0,"ffum":0},"00-0026944":{"name":"C.Munnerlyn","tkl":2,"ast":0,"sk":0,"int":0,"ffum":0},"00-0027019":{"name":"E.Brown","tkl":1,"ast":1,"sk":1,"int":0,"ffum":1},"00-0016271":{"name":"H.Thomas","tkl":1,"ast":0,"sk":0,"int":0,"ffum":0},"00-0025470":{"name":"C.Johnson","tkl":0,"ast":1,"sk":0,"int":0,"ffum":0}},"team":{"totfd":16,"totyds":248,"pyds":162,"ryds":86,"pen":5,"penyds":27,"trnovr":2,"pt":4,"ptyds":179,"ptavg":44,"top":"31:17"}},"players":null},"away":{"score":{"1":7,"2":3,"3":7,"4":0,"5":0,"T":17},"abbr":"WAS","to":0,"stats":{"passing":{"00-0023460":{"name":"J.Campbell","att":23,"cmp":17,"yds":145,"tds":1,"ints":0,"twopta":0,"twoptm":0}},"rushing":{"00-0021179":{"name":"C.Portis","att":19,"yds":57,"tds":1,"lng":7,"twopta":0,"twoptm":0},"00-0021184":{"name":"L.Betts","att":2,"yds":7,"tds":0,"lng":8,"twopta":0,"twoptm":0},"00-0024561":{"name":"M.Mason","att":1,"yds":6,"tds":0,"lng":6,"twopta":0,"twoptm":0},"00-0023460":{"name":"J.Campbell","att":2,"yds":4,"tds":0,"lng":2,"twopta":0,"twoptm":0}},"receiving":{"00-0020494":{"name":"S.Moss","rec":4,"yds":44,"tds":0,"lng":23,"twopta":0,"twoptm":0},"00-0021190":{"name":"A.Randle El","rec":3,"yds":28,"tds":0,"lng":12,"twopta":0,"twoptm":0},"00-0026188":{"name":"F.Davis","rec":3,"yds":23,"tds":0,"lng":13,"twopta":0,"twoptm":0},"00-0026174":{"name":"D.Thomas","rec":3,"yds":19,"tds":0,"lng":9,"twopta":0,"twoptm":0},"00-0021179":{"name":"C.Portis","rec":2,"yds":17,"tds":1,"lng":10,"twopta":0,"twoptm":0},"00-0026191":{"name":"M.Kelly","rec":1,"yds":8,"tds":0,"lng":8,"twopta":0,"twoptm":0},"00-0021184":{"name":"L.Betts","rec":1,"yds":6,"tds":0,"lng":6,"twopta":0,"twoptm":0}},"fumbles":{"00-0023460":{"name":"J.Campbell","tot":1,"rcv":0,"trcv":0,"yds":0,"lost":0},"00-0020494":{"name":"S.Moss","tot":1,"rcv":0,"trcv":0,"yds":0,"lost":0},"00-0025739":{"name":"B.Westbrook","tot":1,"rcv":0,"trcv":0,"yds":0,"lost":1},"00-0021142":{"name":"M.Williams","tot":0,"rcv":1,"trcv":1,"yds":0,"lost":0},"00-0022738":{"name":"C.Cooley","tot":0,"rcv":1,"trcv":1,"yds":0,"lost":0},"00-0021149":{"name":"A.Haynesworth","tot":0,"rcv":0,"trcv":1,"yds":0,"lost":0}},"kicking":{"00-0023001":{"name":"S.Suisham","fgm":1,"fga":1,"fgyds":38,"totpfg":3,"xpmade":2,"xpmissed":0,"xpa":2,"xpb":0,"xptot":2}},"punting":{"00-0021746":{"name":"G.Pakulak","pts":5,"yds":192,"avg":36,"i20":1,"lng":41}},"kickret":{"00-0021357":{"name":"R.Cartwright","ret":1,"avg":23,"tds":0,"lng":23}},"puntret":{"00-0021190":{"name":"A.Randle El","ret":2,"avg":1,"tds":0,"lng":3},"00-0025739":{"name":"B.Westbrook","ret":1,"avg":0,"tds":0,"lng":0}},"defense":{"00-0025393":{"name":"L.Landry","tkl":6,"ast":2,"sk":0,"int":0,"ffum":1},"00-0022923":{"name":"D.Hall","tkl":5,"ast":2,"sk":0,"int":1,"ffum":0},"00-0005322":{"name":"L.Fletcher","tkl":3,"ast":4,"sk":0,"int":0,"ffum":0},"00-0020489":{"name":"A.Carter","tkl":5,"ast":1,"sk":2.5,"int":0,"ffum":1},"00-0024250":{"name":"R.McIntosh","tkl":4,"ast":2,"sk":0,"int":0,"ffum":0},"00-0024410":{"name":"K.Golston","tkl":2,"ast":1,"sk":0,"int":0,"ffum":1},"00-0021149":{"name":"A.Haynesworth","tkl":2,"ast":1,"sk":0,"int":0,"ffum":0},"00-0024387":{"name":"R.Doughty","tkl":2,"ast":1,"sk":0,"int":0,"ffum":0},"00-0026389":{"name":"C.Horton","tkl":2,"ast":1,"sk":0,"int":0,"ffum":0},"00-0003874":{"name":"P.Daniels","tkl":1,"ast":2,"sk":0,"int":0,"ffum":0},"00-0023444":{"name":"C.Rogers","tkl":2,"ast":0,"sk":0,"int":0,"ffum":0},"00-0026264":{"name":"J.Tryon","tkl":2,"ast":0,"sk":0,"int":0,"ffum":0},"00-0026989":{"name":"B.Orakpo","tkl":1,"ast":1,"sk":0.5,"int":0,"ffum":0},"00-0027159":{"name":"J.Jarmon","tkl":1,"ast":1,"sk":0,"int":0,"ffum":0},"00-0026320":{"name":"K.Moore","tkl":1,"ast":0,"sk":0,"int":0,"ffum":0},"00-0023259":{"name":"L.Alexander","tkl":1,"ast":0,"sk":0,"int":0,"ffum":0},"00-0025566":{"name":"H.Blades","tkl":0,"ast":1,"sk":0,"int":0,"ffum":0}},"team":{"totfd":15,"totyds":198,"pyds":124,"ryds":74,"pen":4,"penyds":20,"trnovr":1,"pt":5,"ptyds":192,"ptavg":36,"top":"28:43"}},"players":null},"drives":{"1":{"posteam":"CAR","qtr":1,"redzone":true,"plays":{"36":{"sp":0,"qtr":1,"down":0,"time":"15:00","yrdln":"WAS 30","ydstogo":0,"ydsnet":0,"posteam":"WAS","desc":"S.Suisham kicks 68 yards from WAS 30 to CAR 2. J.Stewart to CAR 19 for 17 yards (C.Wilson; J.Tryon).","note":"KICKOFF","players":{"00-0026153":[{"sequence":2,"clubcode":"CAR","playerName":"J.Stewart","statId":45,"yards":17}],"00-0023001":[{"sequence":1,"clubcode":"WAS","playerName":"S.Suisham","statId":41,"yards":68},{"sequence":3,"clubcode":"WAS","playerName":"S.Suisham","statId":42,"yards":0}],"00-0024517":[{"sequence":4,"clubcode":"WAS","playerName":"C.Wilson","statId":82,"yards":0}],"00-0026264":[{"sequence":5,"clubcode":"WAS","playerName":"J.Tryon","statId":82,"yards":0}]}},"58":{"sp":0,"qtr":1,"down":1,"time":"14:54","yrdln":"CAR 19","ydstogo":10,"ydsnet":-6,"posteam":"CAR","desc":"(14:54) D.Williams up the middle to CAR 14 for -5 yards (K.Golston). FUMBLES (K.Golston), RECOVERED by WAS-A.Haynesworth at CAR 13. A.Haynesworth to CAR 13 for no gain (D.Williams).","note":"FUMBLE","players":{"00-0024410":[{"sequence":3,"clubcode":"WAS","playerName":"K.Golston","statId":79,"yards":0},{"sequence":6,"clubcode":"WAS","playerName":"K.Golston","statId":91,"yards":0}],"0":[{"sequence":2,"clubcode":"CAR","playerName":"","statId":95,"yards":-6}],"00-0024242":[{"sequence":1,"clubcode":"CAR","playerName":"D.Williams","statId":10,"yards":-6},{"sequence":4,"clubcode":"CAR","playerName":"D.Williams","statId":52,"yards":0},{"sequence":5,"clubcode":"CAR","playerName":"D.Williams","statId":106,"yards":0},{"sequence":8,"clubcode":"CAR","playerName":"D.Williams","statId":79,"yards":0}],"00-0021149":[{"sequence":7,"clubcode":"WAS","playerName":"A.Haynesworth","statId":59,"yards":0}]}}},"fds":0,"result":"Fumble","penyds":0,"ydsgained":-6,"numplays":2,"postime":"0:22","start":{"qtr":1,"time":"15:00","yrdln":"CAR 19","team":"CAR"},"end":{"qtr":1,"time":"14:38","yrdln":"CAR 19","team":"CAR"}},"2":{"posteam":"WAS","qtr":1,"redzone":true,"plays":{"95":{"sp":0,"qtr":1,"down":1,"time":"14:38","yrdln":"CAR 13","ydstogo":10,"ydsnet":13,"posteam":"WAS","desc":"(14:38) C.Portis up the middle to CAR 10 for 3 yards (C.Godfrey).","note":null,"players":{"00-0026207":[{"sequence":2,"clubcode":"CAR","playerName":"C.Godfrey","statId":79,"yards":0}],"00-0021179":[{"sequence":1,"clubcode":"WAS","playerName":"C.Portis","statId":10,"yards":3}]}},"116":{"sp":1,"qtr":1,"down":2,"time":"14:02","yrdln":"CAR 10","ydstogo":7,"ydsnet":13,"posteam":"WAS","desc":"(14:02) J.Campbell pass short right to C.Portis for 10 yards, TOUCHDOWN.","note":"TD","players":{"00-0023460":[{"sequence":2,"clubcode":"WAS","playerName":"J.Campbell","statId":16,"yards":10},{"sequence":3,"clubcode":"WAS","playerName":"J.Campbell","statId":111,"yards":2}],"00-0021179":[{"sequence":4,"clubcode":"WAS","playerName":"C.Portis","statId":22,"yards":10},{"sequence":5,"clubcode":"WAS","playerName":"C.Portis","statId":115,"yards":0},{"sequence":6,"clubcode":"WAS","playerName":"C.Portis","statId":113,"yards":8}],"0":[{"sequence":1,"clubcode":"WAS","playerName":"","statId":4,"yards":0}]}},"136":{"sp":1,"qtr":1,"down":0,"time":"13:54","yrdln":"CAR 2","ydstogo":0,"ydsnet":13,"posteam":"WAS","desc":"S.Suisham extra point is GOOD, Center-E.Albright, Holder-K.Moore.","note":"XP","players":{"00-0023001":[{"sequence":1,"clubcode":"WAS","playerName":"S.Suisham","statId":72,"yards":0}]}}},"fds":1,"result":"Touchdown","penyds":0,"ydsgained":13,"numplays":3,"postime":"0:44","start":{"qtr":1,"time":"14:38","yrdln":"CAR 13","team":"WAS"},"end":{"qtr":1,"time":"13:54","yrdln":"CAR 10","team":"WAS"}},"3":{"posteam":"CAR","qtr":1,"redzone":true,"plays":{"152":{"sp":0,"qtr":1,"down":0,"time":"13:54","yrdln":"WAS 30","ydstogo":0,"ydsnet":4,"posteam":"WAS","desc":"S.Suisham kicks 56 yards from WAS 30 to CAR 14. J.Stewart MUFFS catch, and recovers at CAR 19. J.Stewart to CAR 19 for no gain (D.Thomas).","note":"KICKOFF","players":{"00-0026153":[{"sequence":2,"clubcode":"CAR","playerName":"J.Stewart","statId":45,"yards":0}],"00-0023001":[{"sequence":1,"clubcode":"WAS","playerName":"S.Suisham","statId":41,"yards":56},{"sequence":3,"clubcode":"WAS","playerName":"S.Suisham","statId":42,"yards":0}],"00-0026174":[{"sequence":4,"clubcode":"WAS","playerName":"D.Thomas","statId":79,"yards":0}]}},"182":{"sp":0,"qtr":1,"down":1,"time":"13:50","yrdln":"CAR 19","ydstogo":10,"ydsnet":2,"posteam":"CAR","desc":"(13:50) D.Williams up the middle to CAR 21 for 2 yards (A.Haynesworth).","note":null,"players":{"00-0024242":[{"sequence":1,"clubcode":"CAR","playerName":"D.Williams","statId":10,"yards":2}],"00-0021149":[{"sequence":2,"clubcode":"WAS","playerName":"A.Haynesworth","statId":79,"yards":0}]}},"203":{"sp":0,"qtr":1,"down":2,"time":"13:18","yrdln":"CAR 21","ydstogo":8,"ydsnet":4,"posteam":"CAR","desc":"(13:18) D.Williams left end to CAR 23 for 2 yards (R.Doughty).","note":null,"players":{"00-0024387":[{"sequence":2,"clubcode":"WAS","playerName":"R.Doughty","statId":79,"yards":0}],"00-0024242":[{"sequence":1,"clubcode":"CAR","playerName":"D.Williams","statId":10,"yards":2}]}},"224":{"sp":0,"qtr":1,"down":3,"time":"12:32","yrdln":"CAR 23","ydstogo":6,"ydsnet":4,"posteam":"CAR","desc":"(12:32) J.Delhomme pass incomplete short middle to M.Muhammad. Penalty on CAR-R.Kalil, Offensive Holding, declined.","note":null,"players":{"00-0004161":[{"sequence":2,"clubcode":"CAR","playerName":"J.Delhomme","statId":14,"yards":0},{"sequence":4,"clubcode":"CAR","playerName":"J.Delhomme","statId":112,"yards":7}],"0":[{"sequence":1,"clubcode":"CAR","playerName":"","statId":7,"yards":0}],"00-0011795":[{"sequence":3,"clubcode":"CAR","playerName":"M.Muhammad","statId":115,"yards":0}]}},"257":{"sp":0,"qtr":1,"down":4,"time":"12:17","yrdln":"CAR 23","ydstogo":6,"ydsnet":4,"posteam":"CAR","desc":"(12:17) J.Baker punts 52 yards to WAS 25, Center-J.Jansen. A.Randle El to WAS 28 for 3 yards (D.Rosario).","note":"PUNT","players":{"00-0019921":[{"sequence":1,"clubcode":"CAR","playerName":"J.Baker","statId":29,"yards":52}],"00-0025542":[{"sequence":3,"clubcode":"CAR","playerName":"D.Rosario","statId":79,"yards":0}],"00-0021190":[{"sequence":2,"clubcode":"WAS","playerName":"A.Randle El","statId":33,"yards":3}]}}},"fds":0,"result":"Punt","penyds":0,"ydsgained":4,"numplays":5,"postime":"1:37","start":{"qtr":1,"time":"13:54","yrdln":"CAR 19","team":"CAR"},"end":{"qtr":1,"time":"12:17","yrdln":"CAR 23","team":"CAR"}},"4":{"posteam":"WAS","qtr":1,"redzone":true,"plays":{"282":{"sp":0,"qtr":1,"down":1,"time":"12:17","yrdln":"WAS 28","ydstogo":10,"ydsnet":4,"posteam":"WAS","desc":"(12:17) C.Portis right end to WAS 32 for 4 yards (J.Beason, D.Lewis). WAS-C.Samuels was injured during the play. His return is Questionable.","note":null,"players":{"00-0025412":[{"sequence":2,"clubcode":"CAR","playerName":"J.Beason","statId":80,"yards":0}],"00-0021179":[{"sequence":1,"clubcode":"WAS","playerName":"C.Portis","statId":10,"yards":4}],"00-0020491":[{"sequence":3,"clubcode":"CAR","playerName":"D.Lewis","statId":82,"yards":0}]}},"303":{"sp":0,"qtr":1,"down":2,"time":"11:45","yrdln":"WAS 32","ydstogo":6,"ydsnet":11,"posteam":"WAS","desc":"(11:45) C.Portis up the middle to WAS 39 for 7 yards (C.Harris).","note":null,"players":{"00-0023614":[{"sequence":3,"clubcode":"CAR","playerName":"C.Harris","statId":79,"yards":0}],"00-0021179":[{"sequence":2,"clubcode":"WAS","playerName":"C.Portis","statId":10,"yards":7}],"0":[{"sequence":1,"clubcode":"WAS","playerName":"","statId":3,"yards":0}]}},"328":{"sp":0,"qtr":1,"down":1,"time":"11:11","yrdln":"WAS 39","ydstogo":10,"ydsnet":23,"posteam":"WAS","desc":"(11:11) J.Campbell pass short right to A.Randle El to CAR 49 for 12 yards (C.Gamble).","note":null,"players":{"00-0023460":[{"sequence":2,"clubcode":"WAS","playerName":"J.Campbell","statId":15,"yards":12},{"sequence":3,"clubcode":"WAS","playerName":"J.Campbell","statId":111,"yards":3}],"00-0022914":[{"sequence":7,"clubcode":"CAR","playerName":"C.Gamble","statId":79,"yards":0}],"00-0021190":[{"sequence":4,"clubcode":"WAS","playerName":"A.Randle El","statId":21,"yards":12},{"sequence":5,"clubcode":"WAS","playerName":"A.Randle El","statId":115,"yards":0},{"sequence":6,"clubcode":"WAS","playerName":"A.Randle El","statId":113,"yards":9}],"0":[{"sequence":1,"clubcode":"WAS","playerName":"","statId":4,"yards":0}]}},"352":{"sp":0,"qtr":1,"down":1,"time":"10:46","yrdln":"CAR 49","ydstogo":10,"ydsnet":25,"posteam":"WAS","desc":"(10:46) C.Portis up the middle to CAR 47 for 2 yards (T.Brayton).","note":null,"players":{"00-0022047":[{"sequence":2,"clubcode":"CAR","playerName":"T.Brayton","statId":79,"yards":0}],"00-0021179":[{"sequence":1,"clubcode":"WAS","playerName":"C.Portis","statId":10,"yards":2}]}},"373":{"sp":0,"qtr":1,"down":2,"time":"10:12","yrdln":"CAR 47","ydstogo":8,"ydsnet":25,"posteam":"WAS","desc":"(10:12) J.Campbell pass incomplete short right to M.Sellers.","note":null,"players":{"00-0023460":[{"sequence":1,"clubcode":"WAS","playerName":"J.Campbell","statId":14,"yards":0},{"sequence":3,"clubcode":"WAS","playerName":"J.Campbell","statId":112,"yards":2}],"00-0014655":[{"sequence":2,"clubcode":"WAS","playerName":"M.Sellers","statId":115,"yards":0}]}},"395":{"sp":0,"qtr":1,"down":3,"time":"10:07","yrdln":"CAR 47","ydstogo":8,"ydsnet":21,"posteam":"WAS","desc":"(10:07) (Shotgun) J.Campbell sacked at WAS 47 for -6 yards (E.Brown). FUMBLES (E.Brown), recovered by WAS-M.Williams at WAS 49. M.Williams to WAS 49 for no gain (J.Peppers).","note":"FUMBLE","players":{"00-0023460":[{"sequence":2,"clubcode":"WAS","playerName":"J.Campbell","statId":20,"yards":-4},{"sequence":5,"clubcode":"WAS","playerName":"J.Campbell","statId":52,"yards":0}],"00-0027019":[{"sequence":3,"clubcode":"CAR","playerName":"E.Brown","statId":83,"yards":-4},{"sequence":4,"clubcode":"CAR","playerName":"E.Brown","statId":79,"yards":0},{"sequence":6,"clubcode":"CAR","playerName":"E.Brown","statId":91,"yards":0}],"00-0021142":[{"sequence":7,"clubcode":"WAS","playerName":"M.Williams","statId":55,"yards":0}],"0":[{"sequence":1,"clubcode":"WAS","playerName":"","statId":7,"yards":0}],"00-0021140":[{"sequence":8,"clubcode":"CAR","playerName":"J.Peppers","statId":79,"yards":0},{"sequence":9,"clubcode":"CAR","playerName":"J.Peppers","statId":120,"yards":0}]}},"431":{"sp":0,"qtr":1,"down":4,"time":"10:07","yrdln":"WAS 49","ydstogo":12,"ydsnet":21,"posteam":"WAS","desc":"(10:07) G.Pakulak punts 35 yards to CAR 16, Center-E.Albright. C.Munnerlyn to CAR 26 for 10 yards (H.Blades).","note":"PUNT","players":{"00-0021746":[{"sequence":1,"clubcode":"WAS","playerName":"G.Pakulak","statId":29,"yards":35}],"00-0025566":[{"sequence":3,"clubcode":"WAS","playerName":"H.Blades","statId":79,"yards":0}],"00-0026944":[{"sequence":2,"clubcode":"CAR","playerName":"C.Munnerlyn","statId":33,"yards":10}]}}},"fds":2,"result":"Punt","penyds":0,"ydsgained":21,"numplays":7,"postime":"2:55","start":{"qtr":1,"time":"12:17","yrdln":"WAS 28","team":"WAS"},"end":{"qtr":1,"time":"09:22","yrdln":"WAS 49","team":"WAS"}},"5":{"posteam":"CAR","qtr":1,"redzone":true,"plays":{"460":{"sp":0,"qtr":1,"down":1,"time":"09:22","yrdln":"CAR 26","ydstogo":10,"ydsnet":9,"posteam":"CAR","desc":"(9:22) J.Delhomme pass short right to M.Muhammad to CAR 35 for 9 yards (D.Hall).","note":null,"players":{"00-0004161":[{"sequence":1,"clubcode":"CAR","playerName":"J.Delhomme","statId":15,"yards":9},{"sequence":2,"clubcode":"CAR","playerName":"J.Delhomme","statId":111,"yards":9}],"00-0022923":[{"sequence":6,"clubcode":"WAS","playerName":"D.Hall","statId":79,"yards":0}],"00-0011795":[{"sequence":3,"clubcode":"CAR","playerName":"M.Muhammad","statId":21,"yards":9},{"sequence":4,"clubcode":"CAR","playerName":"M.Muhammad","statId":115,"yards":0},{"sequence":5,"clubcode":"CAR","playerName":"M.Muhammad","statId":113,"yards":0}]}},"488":{"sp":0,"qtr":1,"down":2,"time":"08:55","yrdln":"CAR 35","ydstogo":1,"ydsnet":22,"posteam":"CAR","desc":"(8:55) J.Delhomme pass short right to S.Smith to CAR 48 for 13 yards (R.McIntosh).","note":null,"players":{"00-0024250":[{"sequence":7,"clubcode":"WAS","playerName":"R.McIntosh","statId":79,"yards":0}],"00-0004161":[{"sequence":2,"clubcode":"CAR","playerName":"J.Delhomme","statId":15,"yards":13},{"sequence":3,"clubcode":"CAR","playerName":"J.Delhomme","statId":111,"yards":4}],"00-0020337":[{"sequence":4,"clubcode":"CAR","playerName":"S.Smith","statId":21,"yards":13},{"sequence":5,"clubcode":"CAR","playerName":"S.Smith","statId":115,"yards":0},{"sequence":6,"clubcode":"CAR","playerName":"S.Smith","statId":113,"yards":9}],"0":[{"sequence":1,"clubcode":"CAR","playerName":"","statId":4,"yards":0}]}},"512":{"sp":0,"qtr":1,"down":0,"time":"08:06","yrdln":"","ydstogo":0,"ydsnet":22,"posteam":"","desc":"Timeout #1 by CAR at 08:06.","note":"TIMEOUT","players":{"0":[{"sequence":1,"clubcode":"CAR","playerName":"","statId":68,"yards":0}]}},"529":{"sp":0,"qtr":1,"down":1,"time":"08:06","yrdln":"CAR 48","ydstogo":10,"ydsnet":26,"posteam":"CAR","desc":"(8:06) D.Williams left end to WAS 48 for 4 yards (L.Fletcher).","note":null,"players":{"00-0005322":[{"sequence":2,"clubcode":"WAS","playerName":"L.Fletcher","statId":79,"yards":0}],"00-0024242":[{"sequence":1,"clubcode":"CAR","playerName":"D.Williams","statId":10,"yards":4}]}},"550":{"sp":0,"qtr":1,"down":2,"time":"07:42","yrdln":"WAS 48","ydstogo":6,"ydsnet":26,"posteam":"CAR","desc":"(7:42) J.Delhomme pass incomplete short right to M.Muhammad [P.Daniels].","note":null,"players":{"00-0004161":[{"sequence":1,"clubcode":"CAR","playerName":"J.Delhomme","statId":14,"yards":0},{"sequence":4,"clubcode":"CAR","playerName":"J.Delhomme","statId":112,"yards":0}],"00-0011795":[{"sequence":2,"clubcode":"CAR","playerName":"M.Muhammad","statId":115,"yards":0}],"00-0003874":[{"sequence":3,"clubcode":"WAS","playerName":"P.Daniels","statId":110,"yards":0}]}},"572":{"sp":0,"qtr":1,"down":3,"time":"07:37","yrdln":"WAS 48","ydstogo":6,"ydsnet":31,"posteam":"CAR","desc":"(7:37) (Shotgun) D.Williams up the middle to WAS 43 for 5 yards (C.Horton).","note":null,"players":{"00-0026389":[{"sequence":3,"clubcode":"WAS","playerName":"C.Horton","statId":79,"yards":0}],"0":[{"sequence":1,"clubcode":"CAR","playerName":"","statId":7,"yards":0}],"00-0024242":[{"sequence":2,"clubcode":"CAR","playerName":"D.Williams","statId":10,"yards":5}]}},"593":{"sp":0,"qtr":1,"down":4,"time":"07:37","yrdln":"WAS 43","ydstogo":1,"ydsnet":26,"posteam":"CAR","desc":"(7:37) (Run formation) PENALTY on CAR-J.Delhomme, Delay of Game, 5 yards, enforced at WAS 43.","note":"PENALTY","players":{"00-0004161":[{"sequence":1,"clubcode":"CAR","playerName":"J.Delhomme","statId":93,"yards":5}]}},"616":{"sp":0,"qtr":1,"down":4,"time":"06:44","yrdln":"WAS 48","ydstogo":6,"ydsnet":26,"posteam":"CAR","desc":"(6:44) J.Baker punts 37 yards to WAS 11, Center-J.Jansen. A.Randle El to WAS 11 for no gain (D.Rosario).","note":"PUNT","players":{"00-0019921":[{"sequence":1,"clubcode":"CAR","playerName":"J.Baker","statId":29,"yards":37},{"sequence":3,"clubcode":"CAR","playerName":"J.Baker","statId":30,"yards":0}],"00-0025542":[{"sequence":4,"clubcode":"CAR","playerName":"D.Rosario","statId":79,"yards":0}],"00-0021190":[{"sequence":2,"clubcode":"WAS","playerName":"A.Randle El","statId":33,"yards":0}]}}},"fds":1,"result":"Punt","penyds":-5,"ydsgained":31,"numplays":8,"postime":"2:38","start":{"qtr":1,"time":"09:22","yrdln":"CAR 26","team":"CAR"},"end":{"qtr":1,"time":"06:44","yrdln":"WAS 48","team":"CAR"}},"6":{"posteam":"WAS","qtr":1,"redzone":true,"plays":{"641":{"sp":0,"qtr":1,"down":1,"time":"06:44","yrdln":"WAS 11","ydstogo":10,"ydsnet":3,"posteam":"WAS","desc":"(6:44) C.Portis right end to WAS 14 for 3 yards (C.Godfrey).","note":null,"players":{"00-0026207":[{"sequence":2,"clubcode":"CAR","playerName":"C.Godfrey","statId":79,"yards":0}],"00-0021179":[{"sequence":1,"clubcode":"WAS","playerName":"C.Portis","statId":10,"yards":3}]}},"662":{"sp":0,"qtr":1,"down":2,"time":"06:09","yrdln":"WAS 14","ydstogo":7,"ydsnet":5,"posteam":"WAS","desc":"(6:09) C.Portis up the middle to WAS 16 for 2 yards (C.Harris).","note":null,"players":{"00-0023614":[{"sequence":2,"clubcode":"CAR","playerName":"C.Harris","statId":79,"yards":0}],"00-0021179":[{"sequence":1,"clubcode":"WAS","playerName":"C.Portis","statId":10,"yards":2}]}},"683":{"sp":0,"qtr":1,"down":3,"time":"05:28","yrdln":"WAS 16","ydstogo":5,"ydsnet":11,"posteam":"WAS","desc":"(5:28) (Shotgun) J.Campbell pass short left to L.Betts to WAS 22 for 6 yards (D.Lewis).","note":null,"players":{"00-0023460":[{"sequence":3,"clubcode":"WAS","playerName":"J.Campbell","statId":15,"yards":6},{"sequence":4,"clubcode":"WAS","playerName":"J.Campbell","statId":111,"yards":-6}],"00-0021184":[{"sequence":5,"clubcode":"WAS","playerName":"L.Betts","statId":21,"yards":6},{"sequence":6,"clubcode":"WAS","playerName":"L.Betts","statId":115,"yards":0},{"sequence":7,"clubcode":"WAS","playerName":"L.Betts","statId":113,"yards":12}],"0":[{"sequence":1,"clubcode":"WAS","playerName":"","statId":4,"yards":0},{"sequence":2,"clubcode":"WAS","playerName":"","statId":6,"yards":0}],"00-0020491":[{"sequence":8,"clubcode":"CAR","playerName":"D.Lewis","statId":79,"yards":0}]}},"707":{"sp":0,"qtr":1,"down":1,"time":"04:50","yrdln":"WAS 22","ydstogo":10,"ydsnet":17,"posteam":"WAS","desc":"(4:50) M.Mason up the middle to WAS 28 for 6 yards (J.Beason).","note":null,"players":{"00-0025412":[{"sequence":2,"clubcode":"CAR","playerName":"J.Beason","statId":79,"yards":0}],"00-0024561":[{"sequence":1,"clubcode":"WAS","playerName":"M.Mason","statId":10,"yards":6}]}},"728":{"sp":0,"qtr":1,"down":2,"time":"04:09","yrdln":"WAS 28","ydstogo":4,"ydsnet":14,"posteam":"WAS","desc":"(4:09) J.Campbell sacked at WAS 25 for -3 yards (J.Beason).","note":null,"players":{"00-0023460":[{"sequence":1,"clubcode":"WAS","playerName":"J.Campbell","statId":20,"yards":-3}],"00-0025412":[{"sequence":2,"clubcode":"CAR","playerName":"J.Beason","statId":83,"yards":-3},{"sequence":3,"clubcode":"CAR","playerName":"J.Beason","statId":110,"yards":0},{"sequence":4,"clubcode":"CAR","playerName":"J.Beason","statId":79,"yards":0},{"sequence":5,"clubcode":"CAR","playerName":"J.Beason","statId":120,"yards":0}]}},"747":{"sp":0,"qtr":1,"down":3,"time":"03:31","yrdln":"WAS 25","ydstogo":7,"ydsnet":10,"posteam":"WAS","desc":"(3:31) (Shotgun) J.Campbell sacked at WAS 21 for -4 yards (J.Peppers).","note":null,"players":{"00-0023460":[{"sequence":2,"clubcode":"WAS","playerName":"J.Campbell","statId":20,"yards":-4}],"0":[{"sequence":1,"clubcode":"WAS","playerName":"","statId":7,"yards":0}],"00-0021140":[{"sequence":3,"clubcode":"CAR","playerName":"J.Peppers","statId":83,"yards":-4},{"sequence":4,"clubcode":"CAR","playerName":"J.Peppers","statId":110,"yards":0},{"sequence":5,"clubcode":"CAR","playerName":"J.Peppers","statId":79,"yards":0},{"sequence":6,"clubcode":"CAR","playerName":"J.Peppers","statId":120,"yards":0}]}},"766":{"sp":0,"qtr":1,"down":4,"time":"03:02","yrdln":"WAS 21","ydstogo":11,"ydsnet":10,"posteam":"WAS","desc":"(3:02) G.Pakulak punts 40 yards to CAR 39, Center-E.Albright. C.Munnerlyn MUFFS catch, ball out of bounds at CAR 42.","note":"FUMBLE","players":{"00-0021746":[{"sequence":1,"clubcode":"WAS","playerName":"G.Pakulak","statId":29,"yards":40}],"00-0026944":[{"sequence":2,"clubcode":"CAR","playerName":"C.Munnerlyn","statId":53,"yards":0},{"sequence":3,"clubcode":"CAR","playerName":"C.Munnerlyn","statId":54,"yards":0},{"sequence":4,"clubcode":"CAR","playerName":"C.Munnerlyn","statId":33,"yards":0}]}}},"fds":1,"result":"Punt","penyds":0,"ydsgained":10,"numplays":7,"postime":"3:42","start":{"qtr":1,"time":"06:44","yrdln":"WAS 11","team":"WAS"},"end":{"qtr":1,"time":"03:02","yrdln":"WAS 21","team":"WAS"}},"7":{"posteam":"CAR","qtr":2,"redzone":true,"plays":{"795":{"sp":0,"qtr":1,"down":1,"time":"03:02","yrdln":"CAR 42","ydstogo":10,"ydsnet":30,"posteam":"CAR","desc":"(3:02) J.Delhomme pass short middle to J.King to WAS 45 for 13 yards (B.Orakpo).","note":null,"players":{"00-0026989":[{"sequence":7,"clubcode":"WAS","playerName":"B.Orakpo","statId":79,"yards":0}],"00-0004161":[{"sequence":2,"clubcode":"CAR","playerName":"J.Delhomme","statId":15,"yards":13},{"sequence":3,"clubcode":"CAR","playerName":"J.Delhomme","statId":111,"yards":9}],"0":[{"sequence":1,"clubcode":"CAR","playerName":"","statId":4,"yards":0}],"00-0024369":[{"sequence":4,"clubcode":"CAR","playerName":"J.King","statId":21,"yards":13},{"sequence":5,"clubcode":"CAR","playerName":"J.King","statId":115,"yards":0},{"sequence":6,"clubcode":"CAR","playerName":"J.King","statId":113,"yards":4}]}},"822":{"sp":0,"qtr":1,"down":1,"time":"02:22","yrdln":"WAS 45","ydstogo":10,"ydsnet":3,"posteam":"CAR","desc":"(2:22) D.Williams up the middle to WAS 42 for 3 yards (P.Daniels).","note":null,"players":{"00-0024242":[{"sequence":1,"clubcode":"CAR","playerName":"D.Williams","statId":10,"yards":3}],"00-0003874":[{"sequence":2,"clubcode":"WAS","playerName":"P.Daniels","statId":79,"yards":0}]}},"843":{"sp":0,"qtr":1,"down":2,"time":"01:46","yrdln":"WAS 42","ydstogo":7,"ydsnet":6,"posteam":"CAR","desc":"(1:46) D.Williams up the middle to WAS 42 for no gain (B.Orakpo). PENALTY on CAR-K.Vincent, Offensive Holding, 10 yards, enforced at WAS 42 - No Play.","note":"PENALTY","players":{"00-0019954":[{"sequence":1,"clubcode":"CAR","playerName":"K.Vincent","statId":93,"yards":10}]}},"875":{"sp":0,"qtr":1,"down":2,"time":"01:15","yrdln":"CAR 48","ydstogo":17,"ydsnet":19,"posteam":"CAR","desc":"(1:15) J.Delhomme pass to S.Smith to WAS 39 for 13 yards (L.Landry).","note":null,"players":{"00-0025393":[{"sequence":6,"clubcode":"WAS","playerName":"L.Landry","statId":79,"yards":0}],"00-0004161":[{"sequence":1,"clubcode":"CAR","playerName":"J.Delhomme","statId":15,"yards":13},{"sequence":2,"clubcode":"CAR","playerName":"J.Delhomme","statId":111,"yards":0}],"00-0020337":[{"sequence":3,"clubcode":"CAR","playerName":"S.Smith","statId":21,"yards":13},{"sequence":4,"clubcode":"CAR","playerName":"S.Smith","statId":115,"yards":0},{"sequence":5,"clubcode":"CAR","playerName":"S.Smith","statId":113,"yards":13}]}},"899":{"sp":0,"qtr":1,"down":3,"time":"00:36","yrdln":"WAS 39","ydstogo":4,"ydsnet":24,"posteam":"CAR","desc":"(:36) J.Delhomme sacked at WAS 39 for 0 yards (B.Orakpo). PENALTY on WAS-B.Orakpo, Defensive Offside, 5 yards, enforced at WAS 39 - No Play.","note":"PENALTY","players":{"00-0026989":[{"sequence":2,"clubcode":"WAS","playerName":"B.Orakpo","statId":93,"yards":5}],"0":[{"sequence":1,"clubcode":"CAR","playerName":"","statId":5,"yards":0}]}},"918":{"sp":0,"qtr":1,"down":1,"time":"00:15","yrdln":"WAS 34","ydstogo":10,"ydsnet":30,"posteam":"CAR","desc":"(:15) (Shotgun) D.Williams left tackle to WAS 30 for 4 yards (C.Rogers). Direct Snap to 34 D. Williams","note":null,"players":{"00-0023444":[{"sequence":2,"clubcode":"WAS","playerName":"C.Rogers","statId":79,"yards":0}],"00-0024242":[{"sequence":1,"clubcode":"CAR","playerName":"D.Williams","statId":10,"yards":4}]}},"951":{"sp":0,"qtr":1,"down":0,"time":"","yrdln":"","ydstogo":0,"ydsnet":28,"posteam":"","desc":"END QUARTER 1","note":null,"players":{}},"971":{"sp":0,"qtr":2,"down":2,"time":"15:00","yrdln":"WAS 30","ydstogo":6,"ydsnet":34,"posteam":"CAR","desc":"(15:00) D.Williams left tackle to WAS 28 for 2 yards (L.Alexander).","note":null,"players":{"00-0023259":[{"sequence":2,"clubcode":"WAS","playerName":"L.Alexander","statId":79,"yards":0}],"00-0024242":[{"sequence":1,"clubcode":"CAR","playerName":"D.Williams","statId":10,"yards":2}]}},"992":{"sp":0,"qtr":2,"down":3,"time":"14:17","yrdln":"WAS 28","ydstogo":4,"ydsnet":35,"posteam":"CAR","desc":"(14:17) J.Delhomme pass short middle to M.Muhammad to WAS 23 for 5 yards (J.Tryon).","note":null,"players":{"00-0004161":[{"sequence":3,"clubcode":"CAR","playerName":"J.Delhomme","statId":15,"yards":5},{"sequence":4,"clubcode":"CAR","playerName":"J.Delhomme","statId":111,"yards":0}],"00-0026264":[{"sequence":8,"clubcode":"WAS","playerName":"J.Tryon","statId":79,"yards":0}],"0":[{"sequence":1,"clubcode":"CAR","playerName":"","statId":4,"yards":0},{"sequence":2,"clubcode":"CAR","playerName":"","statId":6,"yards":0}],"00-0011795":[{"sequence":5,"clubcode":"CAR","playerName":"M.Muhammad","statId":21,"yards":5},{"sequence":6,"clubcode":"CAR","playerName":"M.Muhammad","statId":115,"yards":0},{"sequence":7,"clubcode":"CAR","playerName":"M.Muhammad","statId":113,"yards":5}]}},"1016":{"sp":0,"qtr":2,"down":1,"time":"13:31","yrdln":"WAS 23","ydstogo":10,"ydsnet":33,"posteam":"CAR","desc":"(13:31) (Shotgun) D.Williams right tackle to WAS 25 for -2 yards (L.Landry). Direct snap to 34 D. Williams","note":null,"players":{"00-0025393":[{"sequence":3,"clubcode":"WAS","playerName":"L.Landry","statId":79,"yards":0},{"sequence":4,"clubcode":"WAS","playerName":"L.Landry","statId":120,"yards":0}],"0":[{"sequence":2,"clubcode":"CAR","playerName":"","statId":95,"yards":-2}],"00-0024242":[{"sequence":1,"clubcode":"CAR","playerName":"D.Williams","statId":10,"yards":-2}]}},"1037":{"sp":0,"qtr":2,"down":2,"time":"12:48","yrdln":"WAS 25","ydstogo":12,"ydsnet":34,"posteam":"CAR","desc":"(12:48) J.Stewart left tackle to WAS 24 for 1 yard (R.McIntosh, L.Fletcher).","note":null,"players":{"00-0026153":[{"sequence":1,"clubcode":"CAR","playerName":"J.Stewart","statId":10,"yards":1}],"00-0024250":[{"sequence":2,"clubcode":"WAS","playerName":"R.McIntosh","statId":80,"yards":0}],"00-0005322":[{"sequence":3,"clubcode":"WAS","playerName":"L.Fletcher","statId":82,"yards":0}]}},"1062":{"sp":0,"qtr":2,"down":3,"time":"12:04","yrdln":"WAS 24","ydstogo":11,"ydsnet":56,"posteam":"CAR","desc":"(12:04) (Shotgun) J.Delhomme pass short middle to D.Rosario to WAS 2 for 22 yards (L.Fletcher).","note":null,"players":{"00-0004161":[{"sequence":3,"clubcode":"CAR","playerName":"J.Delhomme","statId":15,"yards":22},{"sequence":4,"clubcode":"CAR","playerName":"J.Delhomme","statId":111,"yards":11}],"00-0025542":[{"sequence":5,"clubcode":"CAR","playerName":"D.Rosario","statId":21,"yards":22},{"sequence":6,"clubcode":"CAR","playerName":"D.Rosario","statId":115,"yards":0},{"sequence":7,"clubcode":"CAR","playerName":"D.Rosario","statId":113,"yards":11}],"00-0005322":[{"sequence":8,"clubcode":"WAS","playerName":"L.Fletcher","statId":79,"yards":0}],"0":[{"sequence":1,"clubcode":"CAR","playerName":"","statId":4,"yards":0},{"sequence":2,"clubcode":"CAR","playerName":"","statId":6,"yards":0}]}},"1086":{"sp":0,"qtr":2,"down":1,"time":"11:21","yrdln":"WAS 2","ydstogo":2,"ydsnet":56,"posteam":"CAR","desc":"(11:21) J.Stewart up the middle to WAS 2 for no gain (R.McIntosh, P.Daniels).","note":null,"players":{"00-0026153":[{"sequence":1,"clubcode":"CAR","playerName":"J.Stewart","statId":10,"yards":0}],"00-0024250":[{"sequence":2,"clubcode":"WAS","playerName":"R.McIntosh","statId":80,"yards":0}],"00-0003874":[{"sequence":3,"clubcode":"WAS","playerName":"P.Daniels","statId":82,"yards":0}]}},"1107":{"sp":0,"qtr":2,"down":2,"time":"10:42","yrdln":"WAS 2","ydstogo":2,"ydsnet":56,"posteam":"CAR","desc":"(10:42) J.Stewart up the middle to WAS 2 for no gain (A.Carter, L.Landry).","note":null,"players":{"00-0025393":[{"sequence":3,"clubcode":"WAS","playerName":"L.Landry","statId":82,"yards":0}],"00-0026153":[{"sequence":1,"clubcode":"CAR","playerName":"J.Stewart","statId":10,"yards":0}],"00-0020489":[{"sequence":2,"clubcode":"WAS","playerName":"A.Carter","statId":80,"yards":0}]}},"1128":{"sp":0,"qtr":2,"down":3,"time":"10:00","yrdln":"WAS 2","ydstogo":2,"ydsnet":57,"posteam":"CAR","desc":"(10:00) D.Williams up the middle to WAS 1 for 1 yard (D.Hall, C.Horton).","note":null,"players":{"00-0026389":[{"sequence":4,"clubcode":"WAS","playerName":"C.Horton","statId":82,"yards":0}],"00-0022923":[{"sequence":3,"clubcode":"WAS","playerName":"D.Hall","statId":80,"yards":0}],"0":[{"sequence":1,"clubcode":"CAR","playerName":"","statId":7,"yards":0}],"00-0024242":[{"sequence":2,"clubcode":"CAR","playerName":"D.Williams","statId":10,"yards":1}]}},"1149":{"sp":0,"qtr":2,"down":0,"time":"09:12","yrdln":"","ydstogo":0,"ydsnet":57,"posteam":"","desc":"Timeout #2 by CAR at 09:12.","note":"TIMEOUT","players":{"0":[{"sequence":1,"clubcode":"CAR","playerName":"","statId":68,"yards":0}]}},"1166":{"sp":0,"qtr":2,"down":4,"time":"09:12","yrdln":"WAS 1","ydstogo":1,"ydsnet":57,"posteam":"CAR","desc":"(9:12) B.Hoover up the middle to WAS 1 for no gain (L.Landry). FUMBLES (L.Landry), recovered by CAR-J.King at WAS 1. Ball was recovered in the endzone, but can not be advanced on 4th down.  Therefore ball goes back to 1 yard line.  Washington takes over. Play Challenged by CAR and Upheld. (Timeout #3 at 09:06.)","note":"FUMBLE","players":{"00-0025393":[{"sequence":4,"clubcode":"WAS","playerName":"L.Landry","statId":79,"yards":0},{"sequence":6,"clubcode":"WAS","playerName":"L.Landry","statId":91,"yards":0}],"00-0019100":[{"sequence":3,"clubcode":"CAR","playerName":"B.Hoover","statId":10,"yards":0},{"sequence":5,"clubcode":"CAR","playerName":"B.Hoover","statId":52,"yards":0}],"0":[{"sequence":1,"clubcode":"CAR","playerName":"","statId":68,"yards":0},{"sequence":2,"clubcode":"CAR","playerName":"","statId":9,"yards":0}],"00-0024369":[{"sequence":7,"clubcode":"CAR","playerName":"J.King","statId":55,"yards":0}]}}},"fds":4,"result":"Downs","penyds":-5,"ydsgained":62,"numplays":17,"postime":"8:56","start":{"qtr":1,"time":"03:02","yrdln":"CAR 42","team":"CAR"},"end":{"qtr":1,"time":"09:06","yrdln":"WAS 1","team":"CAR"}},"8":{"posteam":"WAS","qtr":2,"redzone":true,"plays":{"1240":{"sp":0,"qtr":2,"down":1,"time":"09:06","yrdln":"WAS 1","ydstogo":10,"ydsnet":-1,"posteam":"WAS","desc":"(9:06) J.Campbell up the middle to WAS 3 for 2 yards (H.Thomas).","note":null,"players":{"00-0023460":[{"sequence":1,"clubcode":"WAS","playerName":"J.Campbell","statId":10,"yards":2}],"00-0016271":[{"sequence":2,"clubcode":"CAR","playerName":"H.Thomas","statId":79,"yards":0}]}},"1265":{"sp":1,"qtr":2,"down":2,"time":"08:28","yrdln":"WAS 3","ydstogo":8,"ydsnet":-1,"posteam":"WAS","desc":"(8:28) C.Portis right end tackled in End Zone for -3 yards, SAFETY (T.Davis).","note":"SAF","players":{"00-0021179":[{"sequence":1,"clubcode":"WAS","playerName":"C.Portis","statId":10,"yards":-3}],"0":[{"sequence":2,"clubcode":"WAS","playerName":"","statId":95,"yards":-3}],"00-0023448":[{"sequence":3,"clubcode":"CAR","playerName":"T.Davis","statId":89,"yards":0},{"sequence":4,"clubcode":"CAR","playerName":"T.Davis","statId":79,"yards":0},{"sequence":5,"clubcode":"CAR","playerName":"T.Davis","statId":120,"yards":0}]}}},"fds":0,"result":"Safety","penyds":0,"ydsgained":-1,"numplays":2,"postime":"0:45","start":{"qtr":2,"time":"09:06","yrdln":"WAS 1","team":"WAS"},"end":{"qtr":2,"time":"08:21","yrdln":"WAS 3","team":"WAS"}},"9":{"posteam":"CAR","qtr":2,"redzone":true,"plays":{"1286":{"sp":0,"qtr":2,"down":0,"time":"08:21","yrdln":"WAS 20","ydstogo":0,"ydsnet":0,"posteam":"WAS","desc":"K.Moore kicks 67 yards from WAS 20 to CAR 13. K.Moore to CAR 28 for 15 yards (H.Blades).","note":"KICKOFF","players":{"00-0026276":[{"sequence":2,"clubcode":"CAR","playerName":"K.Moore","statId":45,"yards":15}],"00-0025566":[{"sequence":3,"clubcode":"WAS","playerName":"H.Blades","statId":79,"yards":0}],"00-0026320":[{"sequence":1,"clubcode":"WAS","playerName":"K.Moore","statId":41,"yards":67}]}},"1311":{"sp":0,"qtr":2,"down":1,"time":"08:15","yrdln":"CAR 28","ydstogo":10,"ydsnet":-5,"posteam":"CAR","desc":"(8:15) J.Delhomme sacked at CAR 22 for -6 yards (A.Carter). FUMBLES (A.Carter), and recovers at CAR 23. J.Delhomme to CAR 23 for no gain (A.Carter).","note":"FUMBLE","players":{"00-0004161":[{"sequence":2,"clubcode":"CAR","playerName":"J.Delhomme","statId":52,"yards":0},{"sequence":4,"clubcode":"CAR","playerName":"J.Delhomme","statId":55,"yards":0},{"sequence":5,"clubcode":"CAR","playerName":"J.Delhomme","statId":20,"yards":-5}],"00-0020489":[{"sequence":1,"clubcode":"WAS","playerName":"A.Carter","statId":79,"yards":0},{"sequence":3,"clubcode":"WAS","playerName":"A.Carter","statId":91,"yards":0},{"sequence":6,"clubcode":"WAS","playerName":"A.Carter","statId":83,"yards":-5},{"sequence":7,"clubcode":"WAS","playerName":"A.Carter","statId":79,"yards":0},{"sequence":8,"clubcode":"WAS","playerName":"A.Carter","statId":120,"yards":0}]}},"1340":{"sp":0,"qtr":2,"down":2,"time":"07:38","yrdln":"CAR 23","ydstogo":15,"ydsnet":0,"posteam":"CAR","desc":"(7:38) D.Williams right tackle to CAR 28 for 5 yards (L.Fletcher).","note":null,"players":{"00-0005322":[{"sequence":2,"clubcode":"WAS","playerName":"L.Fletcher","statId":79,"yards":0}],"00-0024242":[{"sequence":1,"clubcode":"CAR","playerName":"D.Williams","statId":10,"yards":5}]}},"1361":{"sp":0,"qtr":2,"down":3,"time":"06:58","yrdln":"CAR 28","ydstogo":10,"ydsnet":3,"posteam":"CAR","desc":"(6:58) (Shotgun) D.Williams up the middle to CAR 31 for 3 yards (L.Fletcher; R.Doughty).","note":null,"players":{"00-0024387":[{"sequence":4,"clubcode":"WAS","playerName":"R.Doughty","statId":82,"yards":0}],"00-0005322":[{"sequence":3,"clubcode":"WAS","playerName":"L.Fletcher","statId":82,"yards":0}],"0":[{"sequence":1,"clubcode":"CAR","playerName":"","statId":7,"yards":0}],"00-0024242":[{"sequence":2,"clubcode":"CAR","playerName":"D.Williams","statId":10,"yards":3}]}},"1382":{"sp":0,"qtr":2,"down":4,"time":"06:23","yrdln":"CAR 31","ydstogo":7,"ydsnet":3,"posteam":"CAR","desc":"(6:23) J.Baker punts 48 yards to WAS 21, Center-J.Jansen, fair catch by A.Randle El.","note":"PUNT","players":{"00-0019921":[{"sequence":1,"clubcode":"CAR","playerName":"J.Baker","statId":29,"yards":48}],"00-0021190":[{"sequence":2,"clubcode":"WAS","playerName":"A.Randle El","statId":39,"yards":0}]}}},"fds":0,"result":"Punt","penyds":0,"ydsgained":3,"numplays":5,"postime":"2:07","start":{"qtr":2,"time":"08:21","yrdln":"CAR 28","team":"CAR"},"end":{"qtr":2,"time":"06:14","yrdln":"CAR 31","team":"CAR"}},"10":{"posteam":"WAS","qtr":2,"redzone":true,"plays":{"1401":{"sp":0,"qtr":2,"down":1,"time":"06:14","yrdln":"WAS 21","ydstogo":10,"ydsnet":6,"posteam":"WAS","desc":"(6:14) C.Portis right tackle to WAS 27 for 6 yards (C.Gamble).","note":null,"players":{"00-0022914":[{"sequence":2,"clubcode":"CAR","playerName":"C.Gamble","statId":79,"yards":0}],"00-0021179":[{"sequence":1,"clubcode":"WAS","playerName":"C.Portis","statId":10,"yards":6}]}},"1422":{"sp":0,"qtr":2,"down":2,"time":"05:37","yrdln":"WAS 27","ydstogo":4,"ydsnet":12,"posteam":"WAS","desc":"(5:37) J.Campbell pass short left to S.Moss to WAS 33 for 6 yards (R.Marshall).","note":null,"players":{"00-0023460":[{"sequence":2,"clubcode":"WAS","playerName":"J.Campbell","statId":15,"yards":6},{"sequence":3,"clubcode":"WAS","playerName":"J.Campbell","statId":111,"yards":3}],"00-0020494":[{"sequence":4,"clubcode":"WAS","playerName":"S.Moss","statId":21,"yards":6},{"sequence":5,"clubcode":"WAS","playerName":"S.Moss","statId":115,"yards":0},{"sequence":6,"clubcode":"WAS","playerName":"S.Moss","statId":113,"yards":3}],"0":[{"sequence":1,"clubcode":"WAS","playerName":"","statId":4,"yards":0}],"00-0024273":[{"sequence":7,"clubcode":"CAR","playerName":"R.Marshall","statId":79,"yards":0}]}},"1446":{"sp":0,"qtr":2,"down":1,"time":"05:01","yrdln":"WAS 33","ydstogo":10,"ydsnet":60,"posteam":"WAS","desc":"(5:01) J.Campbell pass deep middle to S.Moss to CAR 40 for 27 yards (N.Diggs, C.Godfrey). FUMBLES (N.Diggs), recovered by WAS-C.Cooley at CAR 44. C.Cooley to CAR 44 for no gain (J.Beason).","note":"FUMBLE","players":{"00-0023460":[{"sequence":2,"clubcode":"WAS","playerName":"J.Campbell","statId":15,"yards":23},{"sequence":3,"clubcode":"WAS","playerName":"J.Campbell","statId":111,"yards":23}],"00-0025412":[{"sequence":12,"clubcode":"CAR","playerName":"J.Beason","statId":79,"yards":0}],"00-0026207":[{"sequence":8,"clubcode":"CAR","playerName":"C.Godfrey","statId":82,"yards":0}],"00-0019467":[{"sequence":7,"clubcode":"CAR","playerName":"N.Diggs","statId":80,"yards":0},{"sequence":10,"clubcode":"CAR","playerName":"N.Diggs","statId":91,"yards":0}],"00-0020494":[{"sequence":4,"clubcode":"WAS","playerName":"S.Moss","statId":21,"yards":23},{"sequence":5,"clubcode":"WAS","playerName":"S.Moss","statId":115,"yards":0},{"sequence":6,"clubcode":"WAS","playerName":"S.Moss","statId":113,"yards":0},{"sequence":9,"clubcode":"WAS","playerName":"S.Moss","statId":52,"yards":0}],"00-0022738":[{"sequence":11,"clubcode":"WAS","playerName":"C.Cooley","statId":55,"yards":0}],"0":[{"sequence":1,"clubcode":"WAS","playerName":"","statId":4,"yards":0}]}},"1481":{"sp":0,"qtr":2,"down":1,"time":"05:01","yrdln":"CAR 44","ydstogo":10,"ydsnet":60,"posteam":"WAS","desc":"(5:01) J.Campbell pass to A.Randle El to CAR 35 for 9 yards (C.Harris).","note":null,"players":{"00-0023460":[{"sequence":1,"clubcode":"WAS","playerName":"J.Campbell","statId":15,"yards":9},{"sequence":2,"clubcode":"WAS","playerName":"J.Campbell","statId":111,"yards":9}],"00-0023614":[{"sequence":6,"clubcode":"CAR","playerName":"C.Harris","statId":79,"yards":0}],"00-0021190":[{"sequence":3,"clubcode":"WAS","playerName":"A.Randle El","statId":21,"yards":9},{"sequence":4,"clubcode":"WAS","playerName":"A.Randle El","statId":115,"yards":0},{"sequence":5,"clubcode":"WAS","playerName":"A.Randle El","statId":113,"yards":0}]}},"1509":{"sp":0,"qtr":2,"down":2,"time":"03:38","yrdln":"CAR 35","ydstogo":1,"ydsnet":60,"posteam":"WAS","desc":"(3:38) C.Portis up the middle to CAR 34 for 1 yard (N.Diggs, J.Beason).","note":null,"players":{"00-0025412":[{"sequence":4,"clubcode":"CAR","playerName":"J.Beason","statId":82,"yards":0}],"00-0021179":[{"sequence":2,"clubcode":"WAS","playerName":"C.Portis","statId":10,"yards":1}],"00-0019467":[{"sequence":3,"clubcode":"CAR","playerName":"N.Diggs","statId":80,"yards":0}],"0":[{"sequence":1,"clubcode":"WAS","playerName":"","statId":3,"yards":0}]}},"1530":{"sp":0,"qtr":2,"down":1,"time":"03:13","yrdln":"CAR 34","ydstogo":10,"ydsnet":52,"posteam":"WAS","desc":"(3:13) J.Campbell pass short left to D.Thomas to CAR 27 for 7 yards (C.Munnerlyn).","note":null,"players":{"00-0023460":[{"sequence":1,"clubcode":"WAS","playerName":"J.Campbell","statId":15,"yards":7},{"sequence":2,"clubcode":"WAS","playerName":"J.Campbell","statId":111,"yards":0}],"00-0026944":[{"sequence":6,"clubcode":"CAR","playerName":"C.Munnerlyn","statId":79,"yards":0}],"00-0026174":[{"sequence":3,"clubcode":"WAS","playerName":"D.Thomas","statId":21,"yards":7},{"sequence":4,"clubcode":"WAS","playerName":"D.Thomas","statId":115,"yards":0},{"sequence":5,"clubcode":"WAS","playerName":"D.Thomas","statId":113,"yards":7}]}},"1554":{"sp":0,"qtr":2,"down":2,"time":"02:44","yrdln":"CAR 27","ydstogo":3,"ydsnet":57,"posteam":"WAS","desc":"(2:44) PENALTY on CAR-D.Lewis, Defensive Offside, 5 yards, enforced at CAR 27 - No Play.","note":"PENALTY","players":{"0":[{"sequence":1,"clubcode":"WAS","playerName":"","statId":5,"yards":0}],"00-0020491":[{"sequence":2,"clubcode":"CAR","playerName":"D.Lewis","statId":93,"yards":5}]}},"1577":{"sp":0,"qtr":2,"down":1,"time":"02:32","yrdln":"CAR 22","ydstogo":10,"ydsnet":60,"posteam":"WAS","desc":"(2:32) C.Portis right tackle to CAR 19 for 3 yards (T.Brayton).","note":null,"players":{"00-0022047":[{"sequence":2,"clubcode":"CAR","playerName":"T.Brayton","statId":79,"yards":0}],"00-0021179":[{"sequence":1,"clubcode":"WAS","playerName":"C.Portis","statId":10,"yards":3}]}},"1598":{"sp":0,"qtr":2,"down":0,"time":"02:00","yrdln":"","ydstogo":0,"ydsnet":60,"posteam":"","desc":"Two-Minute Warning","note":null,"players":{}},"1615":{"sp":0,"qtr":2,"down":2,"time":"02:00","yrdln":"CAR 19","ydstogo":7,"ydsnet":60,"posteam":"WAS","desc":"(2:00) J.Campbell pass incomplete deep right to S.Moss.","note":null,"players":{"00-0023460":[{"sequence":1,"clubcode":"WAS","playerName":"J.Campbell","statId":14,"yards":0},{"sequence":3,"clubcode":"WAS","playerName":"J.Campbell","statId":112,"yards":19}],"00-0020494":[{"sequence":2,"clubcode":"WAS","playerName":"S.Moss","statId":115,"yards":0}]}},"1637":{"sp":0,"qtr":2,"down":0,"time":"01:54","yrdln":"","ydstogo":0,"ydsnet":60,"posteam":"","desc":"Timeout #1 by WAS at 01:54.","note":"TIMEOUT","players":{"0":[{"sequence":1,"clubcode":"WAS","playerName":"","statId":68,"yards":0}]}},"1654":{"sp":0,"qtr":2,"down":3,"time":"01:54","yrdln":"CAR 19","ydstogo":7,"ydsnet":60,"posteam":"WAS","desc":"(1:54) (Shotgun) J.Campbell pass incomplete short right to C.Portis. Penalty on WAS-D.Batiste, Offensive Holding, declined.","note":null,"players":{"00-0023460":[{"sequence":2,"clubcode":"WAS","playerName":"J.Campbell","statId":14,"yards":0},{"sequence":4,"clubcode":"WAS","playerName":"J.Campbell","statId":112,"yards":0}],"00-0021179":[{"sequence":3,"clubcode":"WAS","playerName":"C.Portis","statId":115,"yards":0}],"0":[{"sequence":1,"clubcode":"WAS","playerName":"","statId":7,"yards":0}]}},"1688":{"sp":1,"qtr":2,"down":4,"time":"01:50","yrdln":"CAR 19","ydstogo":7,"ydsnet":60,"posteam":"WAS","desc":"(1:50) S.Suisham 38 yard field goal is GOOD, Center-E.Albright, Holder-G.Pakulak.","note":"FG","players":{"00-0023001":[{"sequence":1,"clubcode":"WAS","playerName":"S.Suisham","statId":70,"yards":38}]}}},"fds":4,"result":"Field Goal","penyds":5,"ydsgained":55,"numplays":13,"postime":"4:29","start":{"qtr":2,"time":"06:14","yrdln":"WAS 21","team":"WAS"},"end":{"qtr":2,"time":"01:45","yrdln":"CAR 19","team":"WAS"}},"11":{"posteam":"CAR","qtr":2,"redzone":true,"plays":{"1707":{"sp":0,"qtr":2,"down":0,"time":"01:45","yrdln":"WAS 30","ydstogo":0,"ydsnet":0,"posteam":"WAS","desc":"K.Moore kicks 68 yards from WAS 30 to CAR 2. K.Moore to CAR 21 for 19 yards (M.Sellers).","note":"KICKOFF","players":{"00-0026276":[{"sequence":2,"clubcode":"CAR","playerName":"K.Moore","statId":45,"yards":19}],"00-0026320":[{"sequence":1,"clubcode":"WAS","playerName":"K.Moore","statId":41,"yards":68}],"00-0014655":[{"sequence":3,"clubcode":"WAS","playerName":"M.Sellers","statId":79,"yards":0}]}},"1729":{"sp":0,"qtr":2,"down":1,"time":"01:39","yrdln":"CAR 21","ydstogo":10,"ydsnet":9,"posteam":"CAR","desc":"(1:39) (Shotgun) J.Delhomme pass to D.Williams to CAR 30 for 9 yards (R.Doughty).","note":null,"players":{"00-0004161":[{"sequence":1,"clubcode":"CAR","playerName":"J.Delhomme","statId":15,"yards":9},{"sequence":2,"clubcode":"CAR","playerName":"J.Delhomme","statId":111,"yards":5}],"00-0024387":[{"sequence":6,"clubcode":"WAS","playerName":"R.Doughty","statId":79,"yards":0}],"00-0024242":[{"sequence":3,"clubcode":"CAR","playerName":"D.Williams","statId":21,"yards":9},{"sequence":4,"clubcode":"CAR","playerName":"D.Williams","statId":115,"yards":0},{"sequence":5,"clubcode":"CAR","playerName":"D.Williams","statId":113,"yards":4}]}},"1753":{"sp":0,"qtr":2,"down":2,"time":"01:17","yrdln":"CAR 30","ydstogo":1,"ydsnet":19,"posteam":"CAR","desc":"(1:17) (No Huddle, Shotgun) J.Delhomme pass short middle to D.Williams to CAR 40 for 10 yards (D.Hall).","note":null,"players":{"00-0004161":[{"sequence":2,"clubcode":"CAR","playerName":"J.Delhomme","statId":15,"yards":10},{"sequence":3,"clubcode":"CAR","playerName":"J.Delhomme","statId":111,"yards":1}],"00-0022923":[{"sequence":7,"clubcode":"WAS","playerName":"D.Hall","statId":79,"yards":0}],"0":[{"sequence":1,"clubcode":"CAR","playerName":"","statId":4,"yards":0}],"00-0024242":[{"sequence":4,"clubcode":"CAR","playerName":"D.Williams","statId":21,"yards":10},{"sequence":5,"clubcode":"CAR","playerName":"D.Williams","statId":115,"yards":0},{"sequence":6,"clubcode":"CAR","playerName":"D.Williams","statId":113,"yards":9}]}},"1777":{"sp":0,"qtr":2,"down":1,"time":"00:50","yrdln":"CAR 40","ydstogo":10,"ydsnet":25,"posteam":"CAR","desc":"(:50) (No Huddle, Shotgun) J.Delhomme pass to M.Muhammad to CAR 46 for 6 yards (D.Hall).","note":null,"players":{"00-0004161":[{"sequence":1,"clubcode":"CAR","playerName":"J.Delhomme","statId":15,"yards":6},{"sequence":2,"clubcode":"CAR","playerName":"J.Delhomme","statId":111,"yards":6}],"00-0022923":[{"sequence":6,"clubcode":"WAS","playerName":"D.Hall","statId":79,"yards":0}],"00-0011795":[{"sequence":3,"clubcode":"CAR","playerName":"M.Muhammad","statId":21,"yards":6},{"sequence":4,"clubcode":"CAR","playerName":"M.Muhammad","statId":115,"yards":0},{"sequence":5,"clubcode":"CAR","playerName":"M.Muhammad","statId":113,"yards":0}]}},"1805":{"sp":0,"qtr":2,"down":2,"time":"00:30","yrdln":"CAR 46","ydstogo":4,"ydsnet":29,"posteam":"CAR","desc":"(:30) (No Huddle) J.Delhomme pass short middle to S.Smith to 50 for 4 yards (J.Tryon).","note":null,"players":{"00-0004161":[{"sequence":2,"clubcode":"CAR","playerName":"J.Delhomme","statId":15,"yards":4},{"sequence":3,"clubcode":"CAR","playerName":"J.Delhomme","statId":111,"yards":4}],"00-0020337":[{"sequence":4,"clubcode":"CAR","playerName":"S.Smith","statId":21,"yards":4},{"sequence":5,"clubcode":"CAR","playerName":"S.Smith","statId":115,"yards":0},{"sequence":6,"clubcode":"CAR","playerName":"S.Smith","statId":113,"yards":0}],"00-0026264":[{"sequence":7,"clubcode":"WAS","playerName":"J.Tryon","statId":79,"yards":0}],"0":[{"sequence":1,"clubcode":"CAR","playerName":"","statId":4,"yards":0}]}},"1829":{"sp":0,"qtr":2,"down":1,"time":"00:11","yrdln":"50","ydstogo":10,"ydsnet":29,"posteam":"CAR","desc":"(:11) (No Huddle) J.Delhomme spiked the ball to stop the clock.","note":null,"players":{"00-0004161":[{"sequence":1,"clubcode":"CAR","playerName":"J.Delhomme","statId":14,"yards":0},{"sequence":2,"clubcode":"CAR","playerName":"J.Delhomme","statId":112,"yards":0}]}},"1855":{"sp":0,"qtr":2,"down":2,"time":"00:11","yrdln":"50","ydstogo":10,"ydsnet":35,"posteam":"CAR","desc":"(:11) (Shotgun) J.Delhomme pass short left to J.Stewart to WAS 44 for 6 yards (J.Jarmon).","note":null,"players":{"00-0026153":[{"sequence":3,"clubcode":"CAR","playerName":"J.Stewart","statId":21,"yards":6},{"sequence":4,"clubcode":"CAR","playerName":"J.Stewart","statId":115,"yards":0},{"sequence":5,"clubcode":"CAR","playerName":"J.Stewart","statId":113,"yards":0}],"00-0004161":[{"sequence":1,"clubcode":"CAR","playerName":"J.Delhomme","statId":15,"yards":6},{"sequence":2,"clubcode":"CAR","playerName":"J.Delhomme","statId":111,"yards":6}],"00-0027159":[{"sequence":6,"clubcode":"WAS","playerName":"J.Jarmon","statId":79,"yards":0}]}},"1879":{"sp":0,"qtr":2,"down":3,"time":"00:05","yrdln":"WAS 44","ydstogo":4,"ydsnet":35,"posteam":"CAR","desc":"(:05) J.Delhomme pass incomplete deep right to M.Muhammad.","note":null,"players":{"00-0004161":[{"sequence":2,"clubcode":"CAR","playerName":"J.Delhomme","statId":14,"yards":0},{"sequence":4,"clubcode":"CAR","playerName":"J.Delhomme","statId":112,"yards":44}],"0":[{"sequence":1,"clubcode":"CAR","playerName":"","statId":7,"yards":0}],"00-0011795":[{"sequence":3,"clubcode":"CAR","playerName":"M.Muhammad","statId":115,"yards":0}]}},"1901":{"sp":0,"qtr":2,"down":0,"time":"","yrdln":"","ydstogo":0,"ydsnet":35,"posteam":"","desc":"END QUARTER 2","note":null,"players":{}}},"fds":2,"result":"End of Half","penyds":0,"ydsgained":35,"numplays":9,"postime":"1:45","start":{"qtr":2,"time":"01:45","yrdln":"CAR 21","team":"CAR"},"end":{"qtr":2,"time":"00:00","yrdln":"WAS 44","team":"CAR"}},"12":{"posteam":"WAS","qtr":3,"redzone":true,"plays":{"1917":{"sp":0,"qtr":3,"down":0,"time":"15:00","yrdln":"CAR 30","ydstogo":0,"ydsnet":0,"posteam":"CAR","desc":"R.Lloyd kicks 70 yards from CAR 30 to WAS 0. R.Cartwright to WAS 23 for 23 yards (D.Connor).","note":"KICKOFF","players":{"00-0021357":[{"sequence":2,"clubcode":"WAS","playerName":"R.Cartwright","statId":45,"yards":23}],"00-0026214":[{"sequence":3,"clubcode":"CAR","playerName":"D.Connor","statId":79,"yards":0}],"00-0023363":[{"sequence":1,"clubcode":"CAR","playerName":"R.Lloyd","statId":43,"yards":70}]}},"1939":{"sp":0,"qtr":3,"down":1,"time":"14:55","yrdln":"WAS 23","ydstogo":10,"ydsnet":4,"posteam":"WAS","desc":"(14:55) C.Portis up the middle to WAS 27 for 4 yards (J.Beason).","note":null,"players":{"00-0025412":[{"sequence":2,"clubcode":"CAR","playerName":"J.Beason","statId":79,"yards":0}],"00-0021179":[{"sequence":1,"clubcode":"WAS","playerName":"C.Portis","statId":10,"yards":4}]}},"1960":{"sp":0,"qtr":3,"down":2,"time":"14:18","yrdln":"WAS 27","ydstogo":6,"ydsnet":9,"posteam":"WAS","desc":"(14:18) C.Portis up the middle to WAS 32 for 5 yards (D.Lewis).","note":null,"players":{"00-0021179":[{"sequence":1,"clubcode":"WAS","playerName":"C.Portis","statId":10,"yards":5}],"00-0020491":[{"sequence":2,"clubcode":"CAR","playerName":"D.Lewis","statId":79,"yards":0}]}},"1981":{"sp":0,"qtr":3,"down":3,"time":"13:39","yrdln":"WAS 32","ydstogo":1,"ydsnet":17,"posteam":"WAS","desc":"(13:39) L.Betts up the middle to WAS 40 for 8 yards (C.Harris).","note":null,"players":{"00-0023614":[{"sequence":4,"clubcode":"CAR","playerName":"C.Harris","statId":79,"yards":0}],"00-0021184":[{"sequence":3,"clubcode":"WAS","playerName":"L.Betts","statId":10,"yards":8}],"0":[{"sequence":1,"clubcode":"WAS","playerName":"","statId":3,"yards":0},{"sequence":2,"clubcode":"WAS","playerName":"","statId":6,"yards":0}]}},"2002":{"sp":0,"qtr":3,"down":1,"time":"13:01","yrdln":"WAS 40","ydstogo":10,"ydsnet":7,"posteam":"WAS","desc":"(13:01) J.Campbell sacked at WAS 30 for -10 yards (T.Davis).","note":null,"players":{"00-0023460":[{"sequence":1,"clubcode":"WAS","playerName":"J.Campbell","statId":20,"yards":-10}],"00-0023448":[{"sequence":2,"clubcode":"CAR","playerName":"T.Davis","statId":83,"yards":-10},{"sequence":3,"clubcode":"CAR","playerName":"T.Davis","statId":110,"yards":0},{"sequence":4,"clubcode":"CAR","playerName":"T.Davis","statId":79,"yards":0},{"sequence":5,"clubcode":"CAR","playerName":"T.Davis","statId":120,"yards":0}]}},"2025":{"sp":0,"qtr":3,"down":2,"time":"12:26","yrdln":"WAS 30","ydstogo":20,"ydsnet":14,"posteam":"WAS","desc":"(12:26) (Shotgun) J.Campbell pass short left to A.Randle El to WAS 37 for 7 yards (R.Marshall).","note":null,"players":{"00-0023460":[{"sequence":1,"clubcode":"WAS","playerName":"J.Campbell","statId":15,"yards":7},{"sequence":2,"clubcode":"WAS","playerName":"J.Campbell","statId":111,"yards":7}],"00-0021190":[{"sequence":3,"clubcode":"WAS","playerName":"A.Randle El","statId":21,"yards":7},{"sequence":4,"clubcode":"WAS","playerName":"A.Randle El","statId":115,"yards":0},{"sequence":5,"clubcode":"WAS","playerName":"A.Randle El","statId":113,"yards":0}],"00-0024273":[{"sequence":6,"clubcode":"CAR","playerName":"R.Marshall","statId":79,"yards":0}]}},"2049":{"sp":0,"qtr":3,"down":3,"time":"11:47","yrdln":"WAS 37","ydstogo":13,"ydsnet":20,"posteam":"WAS","desc":"(11:47) (Shotgun) J.Campbell pass short left to F.Davis to WAS 43 for 6 yards (C.Munnerlyn). WAS-C.Samuels was injured during the play. He is Out.","note":null,"players":{"00-0023460":[{"sequence":2,"clubcode":"WAS","playerName":"J.Campbell","statId":15,"yards":6},{"sequence":3,"clubcode":"WAS","playerName":"J.Campbell","statId":111,"yards":3}],"0":[{"sequence":1,"clubcode":"WAS","playerName":"","statId":7,"yards":0}],"00-0026944":[{"sequence":7,"clubcode":"CAR","playerName":"C.Munnerlyn","statId":79,"yards":0}],"00-0026188":[{"sequence":4,"clubcode":"WAS","playerName":"F.Davis","statId":21,"yards":6},{"sequence":5,"clubcode":"WAS","playerName":"F.Davis","statId":115,"yards":0},{"sequence":6,"clubcode":"WAS","playerName":"F.Davis","statId":113,"yards":3}]}},"2073":{"sp":0,"qtr":3,"down":4,"time":"11:13","yrdln":"WAS 43","ydstogo":7,"ydsnet":20,"posteam":"WAS","desc":"(11:13) G.Pakulak punts 57 yards to CAR 0, Center-E.Albright, penalty enforced. PENALTY on WAS-M.Sellers, Ineligible Downfield Kick, 5 yards, enforced at CAR 20.","note":"PUNT","players":{"00-0021746":[{"sequence":1,"clubcode":"WAS","playerName":"G.Pakulak","statId":29,"yards":37}],"00-0014655":[{"sequence":3,"clubcode":"WAS","playerName":"M.Sellers","statId":93,"yards":5}],"0":[{"sequence":2,"clubcode":"CAR","playerName":"","statId":38,"yards":0}]}}},"fds":1,"result":"Punt","penyds":0,"ydsgained":20,"numplays":8,"postime":"3:55","start":{"qtr":3,"time":"15:00","yrdln":"WAS 23","team":"WAS"},"end":{"qtr":3,"time":"11:05","yrdln":"WAS 43","team":"WAS"}},"13":{"posteam":"CAR","qtr":3,"redzone":true,"plays":{"2106":{"sp":0,"qtr":3,"down":1,"time":"11:05","yrdln":"CAR 25","ydstogo":10,"ydsnet":2,"posteam":"CAR","desc":"(11:05) J.Delhomme pass incomplete short left to B.Hoover (R.McIntosh).","note":null,"players":{"00-0019100":[{"sequence":2,"clubcode":"CAR","playerName":"B.Hoover","statId":115,"yards":0}],"00-0024250":[{"sequence":3,"clubcode":"WAS","playerName":"R.McIntosh","statId":85,"yards":0}],"00-0004161":[{"sequence":1,"clubcode":"CAR","playerName":"J.Delhomme","statId":14,"yards":0},{"sequence":4,"clubcode":"CAR","playerName":"J.Delhomme","statId":112,"yards":0}]}},"2129":{"sp":0,"qtr":3,"down":2,"time":"10:58","yrdln":"CAR 25","ydstogo":10,"ydsnet":2,"posteam":"CAR","desc":"(10:58) D.Williams left end to CAR 27 for 2 yards (C.Rogers).","note":null,"players":{"00-0023444":[{"sequence":2,"clubcode":"WAS","playerName":"C.Rogers","statId":79,"yards":0}],"00-0024242":[{"sequence":1,"clubcode":"CAR","playerName":"D.Williams","statId":10,"yards":2}]}},"2153":{"sp":0,"qtr":3,"down":3,"time":"10:23","yrdln":"CAR 27","ydstogo":8,"ydsnet":2,"posteam":"CAR","desc":"(10:23) J.Delhomme pass deep right intended for M.Muhammad INTERCEPTED by D.Hall at CAR 45. D.Hall to CAR 1 for 44 yards (J.Gross).","note":"INT","players":{"00-0022117":[{"sequence":7,"clubcode":"CAR","playerName":"J.Gross","statId":79,"yards":0}],"00-0004161":[{"sequence":2,"clubcode":"CAR","playerName":"J.Delhomme","statId":19,"yards":0},{"sequence":4,"clubcode":"CAR","playerName":"J.Delhomme","statId":112,"yards":18}],"00-0022923":[{"sequence":5,"clubcode":"WAS","playerName":"D.Hall","statId":25,"yards":44},{"sequence":6,"clubcode":"WAS","playerName":"D.Hall","statId":85,"yards":0}],"0":[{"sequence":1,"clubcode":"CAR","playerName":"","statId":7,"yards":0}],"00-0011795":[{"sequence":3,"clubcode":"CAR","playerName":"M.Muhammad","statId":115,"yards":0}]}}},"fds":0,"result":"Interception","penyds":0,"ydsgained":2,"numplays":3,"postime":"0:56","start":{"qtr":3,"time":"11:05","yrdln":"CAR 25","team":"CAR"},"end":{"qtr":3,"time":"10:09","yrdln":"CAR 27","team":"CAR"}},"14":{"posteam":"WAS","qtr":3,"redzone":true,"plays":{"2180":{"sp":0,"qtr":3,"down":1,"time":"10:09","yrdln":"CAR 1","ydstogo":1,"ydsnet":1,"posteam":"WAS","desc":"(10:09) PENALTY on CAR-D.Lewis, Neutral Zone Infraction, 0 yards, enforced at CAR 1 - No Play.","note":"PENALTY","players":{"00-0020491":[{"sequence":1,"clubcode":"CAR","playerName":"D.Lewis","statId":93,"yards":0}]}},"2203":{"sp":1,"qtr":3,"down":1,"time":"10:09","yrdln":"CAR 1","ydstogo":1,"ydsnet":1,"posteam":"WAS","desc":"(10:09) C.Portis up the middle for 1 yard, TOUCHDOWN.","note":"TD","players":{"00-0021179":[{"sequence":2,"clubcode":"WAS","playerName":"C.Portis","statId":11,"yards":1}],"0":[{"sequence":1,"clubcode":"WAS","playerName":"","statId":3,"yards":0}]}},"2225":{"sp":1,"qtr":3,"down":0,"time":"10:06","yrdln":"CAR 2","ydstogo":0,"ydsnet":1,"posteam":"WAS","desc":"S.Suisham extra point is GOOD, Center-E.Albright, Holder-G.Pakulak.","note":"XP","players":{"00-0023001":[{"sequence":1,"clubcode":"WAS","playerName":"S.Suisham","statId":72,"yards":0}]}}},"fds":1,"result":"Touchdown","penyds":0,"ydsgained":1,"numplays":3,"postime":"0:03","start":{"qtr":3,"time":"10:09","yrdln":"CAR 1","team":"WAS"},"end":{"qtr":3,"time":"10:06","yrdln":"CAR 1","team":"WAS"}},"15":{"posteam":"CAR","qtr":3,"redzone":true,"plays":{"2241":{"sp":0,"qtr":3,"down":0,"time":"10:06","yrdln":"WAS 30","ydstogo":0,"ydsnet":0,"posteam":"WAS","desc":"S.Suisham kicks 65 yards from WAS 30 to CAR 5. K.Moore to WAS 40 for 55 yards (D.Thomas).","note":"KICKOFF","players":{"00-0023001":[{"sequence":1,"clubcode":"WAS","playerName":"S.Suisham","statId":41,"yards":65}],"00-0026276":[{"sequence":2,"clubcode":"CAR","playerName":"K.Moore","statId":45,"yards":55}],"00-0026174":[{"sequence":3,"clubcode":"WAS","playerName":"D.Thomas","statId":79,"yards":0}]}},"2263":{"sp":0,"qtr":3,"down":1,"time":"09:55","yrdln":"WAS 40","ydstogo":10,"ydsnet":0,"posteam":"CAR","desc":"(9:55) J.Delhomme pass incomplete short left to M.Muhammad (A.Carter).","note":null,"players":{"00-0004161":[{"sequence":1,"clubcode":"CAR","playerName":"J.Delhomme","statId":14,"yards":0},{"sequence":4,"clubcode":"CAR","playerName":"J.Delhomme","statId":112,"yards":0}],"00-0020489":[{"sequence":3,"clubcode":"WAS","playerName":"A.Carter","statId":85,"yards":0}],"00-0011795":[{"sequence":2,"clubcode":"CAR","playerName":"M.Muhammad","statId":115,"yards":0}]}},"2285":{"sp":0,"qtr":3,"down":2,"time":"09:52","yrdln":"WAS 40","ydstogo":10,"ydsnet":18,"posteam":"CAR","desc":"(9:52) J.Delhomme pass deep middle to S.Smith to WAS 22 for 18 yards (L.Landry; L.Fletcher).","note":null,"players":{"00-0025393":[{"sequence":7,"clubcode":"WAS","playerName":"L.Landry","statId":82,"yards":0}],"00-0004161":[{"sequence":2,"clubcode":"CAR","playerName":"J.Delhomme","statId":15,"yards":18},{"sequence":3,"clubcode":"CAR","playerName":"J.Delhomme","statId":111,"yards":18}],"00-0020337":[{"sequence":4,"clubcode":"CAR","playerName":"S.Smith","statId":21,"yards":18},{"sequence":5,"clubcode":"CAR","playerName":"S.Smith","statId":115,"yards":0},{"sequence":6,"clubcode":"CAR","playerName":"S.Smith","statId":113,"yards":0}],"00-0005322":[{"sequence":8,"clubcode":"WAS","playerName":"L.Fletcher","statId":82,"yards":0}],"0":[{"sequence":1,"clubcode":"CAR","playerName":"","statId":4,"yards":0}]}},"2309":{"sp":0,"qtr":3,"down":1,"time":"09:13","yrdln":"WAS 22","ydstogo":10,"ydsnet":23,"posteam":"CAR","desc":"(9:13) J.Stewart up the middle to WAS 17 for 5 yards (C.Horton).","note":null,"players":{"00-0026153":[{"sequence":1,"clubcode":"CAR","playerName":"J.Stewart","statId":10,"yards":5}],"00-0026389":[{"sequence":2,"clubcode":"WAS","playerName":"C.Horton","statId":79,"yards":0}]}},"2330":{"sp":1,"qtr":3,"down":2,"time":"08:38","yrdln":"WAS 17","ydstogo":5,"ydsnet":40,"posteam":"CAR","desc":"(8:38) J.Delhomme pass deep left to J.King for 17 yards, TOUCHDOWN.","note":"TD","players":{"00-0004161":[{"sequence":2,"clubcode":"CAR","playerName":"J.Delhomme","statId":16,"yards":17},{"sequence":3,"clubcode":"CAR","playerName":"J.Delhomme","statId":111,"yards":17}],"0":[{"sequence":1,"clubcode":"CAR","playerName":"","statId":4,"yards":0}],"00-0024369":[{"sequence":4,"clubcode":"CAR","playerName":"J.King","statId":22,"yards":17},{"sequence":5,"clubcode":"CAR","playerName":"J.King","statId":115,"yards":0},{"sequence":6,"clubcode":"CAR","playerName":"J.King","statId":113,"yards":0}]}},"2350":{"sp":1,"qtr":3,"down":0,"time":"08:31","yrdln":"WAS 2","ydstogo":0,"ydsnet":40,"posteam":"CAR","desc":"J.Kasay extra point is GOOD, Center-J.Jansen, Holder-J.Baker.","note":"XP","players":{"00-0009028":[{"sequence":1,"clubcode":"CAR","playerName":"J.Kasay","statId":72,"yards":0}]}}},"fds":2,"result":"Touchdown","penyds":0,"ydsgained":40,"numplays":6,"postime":"1:35","start":{"qtr":3,"time":"10:06","yrdln":"WAS 40","team":"CAR"},"end":{"qtr":3,"time":"08:31","yrdln":"WAS 17","team":"CAR"}},"16":{"posteam":"WAS","qtr":3,"redzone":true,"plays":{"2366":{"sp":0,"qtr":3,"down":0,"time":"08:31","yrdln":"CAR 30","ydstogo":0,"ydsnet":0,"posteam":"CAR","desc":"R.Lloyd kicks 70 yards from CAR 30 to end zone, Touchback.","note":"KICKOFF","players":{"0":[{"sequence":2,"clubcode":"WAS","playerName":"","statId":51,"yards":0}],"00-0023363":[{"sequence":1,"clubcode":"CAR","playerName":"R.Lloyd","statId":44,"yards":70}]}},"2380":{"sp":0,"qtr":3,"down":1,"time":"08:31","yrdln":"WAS 20","ydstogo":10,"ydsnet":2,"posteam":"WAS","desc":"(8:31) C.Portis up the middle to WAS 22 for 2 yards (J.Peppers).","note":null,"players":{"00-0021179":[{"sequence":1,"clubcode":"WAS","playerName":"C.Portis","statId":10,"yards":2}],"00-0021140":[{"sequence":2,"clubcode":"CAR","playerName":"J.Peppers","statId":79,"yards":0}]}},"2401":{"sp":0,"qtr":3,"down":2,"time":"07:54","yrdln":"WAS 22","ydstogo":8,"ydsnet":10,"posteam":"WAS","desc":"(7:54) J.Campbell pass short left to M.Kelly to WAS 30 for 8 yards (R.Marshall).","note":null,"players":{"00-0023460":[{"sequence":2,"clubcode":"WAS","playerName":"J.Campbell","statId":15,"yards":8},{"sequence":3,"clubcode":"WAS","playerName":"J.Campbell","statId":111,"yards":4}],"00-0026191":[{"sequence":4,"clubcode":"WAS","playerName":"M.Kelly","statId":21,"yards":8},{"sequence":5,"clubcode":"WAS","playerName":"M.Kelly","statId":115,"yards":0},{"sequence":6,"clubcode":"WAS","playerName":"M.Kelly","statId":113,"yards":4}],"0":[{"sequence":1,"clubcode":"WAS","playerName":"","statId":4,"yards":0}],"00-0024273":[{"sequence":7,"clubcode":"CAR","playerName":"R.Marshall","statId":79,"yards":0}]}},"2425":{"sp":0,"qtr":3,"down":1,"time":"07:27","yrdln":"WAS 30","ydstogo":10,"ydsnet":10,"posteam":"WAS","desc":"(7:27) C.Portis up the middle to WAS 30 for no gain (C.Harris).","note":null,"players":{"00-0023614":[{"sequence":2,"clubcode":"CAR","playerName":"C.Harris","statId":79,"yards":0}],"00-0021179":[{"sequence":1,"clubcode":"WAS","playerName":"C.Portis","statId":10,"yards":0}]}},"2446":{"sp":0,"qtr":3,"down":2,"time":"06:51","yrdln":"WAS 30","ydstogo":10,"ydsnet":17,"posteam":"WAS","desc":"(6:51) (Shotgun) J.Campbell pass short left to C.Portis to WAS 37 for 7 yards (T.Davis).","note":null,"players":{"00-0023460":[{"sequence":1,"clubcode":"WAS","playerName":"J.Campbell","statId":15,"yards":7},{"sequence":2,"clubcode":"WAS","playerName":"J.Campbell","statId":111,"yards":-4}],"00-0021179":[{"sequence":3,"clubcode":"WAS","playerName":"C.Portis","statId":21,"yards":7},{"sequence":4,"clubcode":"WAS","playerName":"C.Portis","statId":115,"yards":0},{"sequence":5,"clubcode":"WAS","playerName":"C.Portis","statId":113,"yards":11}],"00-0023448":[{"sequence":6,"clubcode":"CAR","playerName":"T.Davis","statId":79,"yards":0}]}},"2470":{"sp":0,"qtr":3,"down":3,"time":"06:04","yrdln":"WAS 37","ydstogo":3,"ydsnet":24,"posteam":"WAS","desc":"(6:04) J.Campbell pass incomplete short left to S.Moss. PENALTY on CAR-C.Munnerlyn, Defensive Pass Interference, 7 yards, enforced at WAS 37 - No Play.","note":"PENALTY","players":{"0":[{"sequence":1,"clubcode":"WAS","playerName":"","statId":5,"yards":0}],"00-0026944":[{"sequence":2,"clubcode":"CAR","playerName":"C.Munnerlyn","statId":93,"yards":7}]}},"2503":{"sp":0,"qtr":3,"down":1,"time":"06:01","yrdln":"WAS 44","ydstogo":10,"ydsnet":27,"posteam":"WAS","desc":"(6:01) J.Campbell pass short left to D.Thomas to WAS 47 for 3 yards (T.Davis).","note":null,"players":{"00-0023460":[{"sequence":1,"clubcode":"WAS","playerName":"J.Campbell","statId":15,"yards":3},{"sequence":2,"clubcode":"WAS","playerName":"J.Campbell","statId":111,"yards":3}],"00-0023448":[{"sequence":6,"clubcode":"CAR","playerName":"T.Davis","statId":79,"yards":0}],"00-0026174":[{"sequence":3,"clubcode":"WAS","playerName":"D.Thomas","statId":21,"yards":3},{"sequence":4,"clubcode":"WAS","playerName":"D.Thomas","statId":115,"yards":0},{"sequence":5,"clubcode":"WAS","playerName":"D.Thomas","statId":113,"yards":0}]}},"2527":{"sp":0,"qtr":3,"down":2,"time":"05:18","yrdln":"WAS 47","ydstogo":7,"ydsnet":36,"posteam":"WAS","desc":"(5:18) J.Campbell pass to D.Thomas to CAR 44 for 9 yards (C.Harris).","note":null,"players":{"00-0023460":[{"sequence":2,"clubcode":"WAS","playerName":"J.Campbell","statId":15,"yards":9},{"sequence":3,"clubcode":"WAS","playerName":"J.Campbell","statId":111,"yards":8}],"00-0023614":[{"sequence":7,"clubcode":"CAR","playerName":"C.Harris","statId":79,"yards":0}],"0":[{"sequence":1,"clubcode":"WAS","playerName":"","statId":4,"yards":0}],"00-0026174":[{"sequence":4,"clubcode":"WAS","playerName":"D.Thomas","statId":21,"yards":9},{"sequence":5,"clubcode":"WAS","playerName":"D.Thomas","statId":115,"yards":0},{"sequence":6,"clubcode":"WAS","playerName":"D.Thomas","statId":113,"yards":1}]}},"2551":{"sp":0,"qtr":3,"down":1,"time":"04:41","yrdln":"CAR 44","ydstogo":10,"ydsnet":35,"posteam":"WAS","desc":"(4:41) L.Betts left tackle to CAR 45 for -1 yards (T.Brayton).","note":null,"players":{"00-0022047":[{"sequence":3,"clubcode":"CAR","playerName":"T.Brayton","statId":79,"yards":0},{"sequence":4,"clubcode":"CAR","playerName":"T.Brayton","statId":120,"yards":0}],"00-0021184":[{"sequence":1,"clubcode":"WAS","playerName":"L.Betts","statId":10,"yards":-1}],"0":[{"sequence":2,"clubcode":"WAS","playerName":"","statId":95,"yards":-1}]}},"2572":{"sp":0,"qtr":3,"down":2,"time":"04:01","yrdln":"CAR 45","ydstogo":11,"ydsnet":35,"posteam":"WAS","desc":"(4:01) (Shotgun) J.Campbell pass incomplete short right to M.Kelly.","note":null,"players":{"00-0023460":[{"sequence":1,"clubcode":"WAS","playerName":"J.Campbell","statId":14,"yards":0},{"sequence":3,"clubcode":"WAS","playerName":"J.Campbell","statId":112,"yards":10}],"00-0026191":[{"sequence":2,"clubcode":"WAS","playerName":"M.Kelly","statId":115,"yards":0}]}},"2594":{"sp":0,"qtr":3,"down":3,"time":"03:53","yrdln":"CAR 45","ydstogo":11,"ydsnet":30,"posteam":"WAS","desc":"(3:53) (Shotgun) J.Campbell pass short middle to A.Randle El to CAR 28 for 17 yards (R.Marshall). PENALTY on WAS-D.Batiste, Illegal Formation, 5 yards, enforced at CAR 45 - No Play.","note":"PENALTY","players":{"00-0024483":[{"sequence":1,"clubcode":"WAS","playerName":"D.Batiste","statId":93,"yards":5}]}},"2629":{"sp":0,"qtr":3,"down":3,"time":"03:25","yrdln":"50","ydstogo":16,"ydsnet":43,"posteam":"WAS","desc":"(3:25) (Shotgun) J.Campbell pass short middle to F.Davis to CAR 37 for 13 yards (T.Davis).","note":null,"players":{"00-0023460":[{"sequence":2,"clubcode":"WAS","playerName":"J.Campbell","statId":15,"yards":13},{"sequence":3,"clubcode":"WAS","playerName":"J.Campbell","statId":111,"yards":10}],"0":[{"sequence":1,"clubcode":"WAS","playerName":"","statId":7,"yards":0}],"00-0023448":[{"sequence":7,"clubcode":"CAR","playerName":"T.Davis","statId":79,"yards":0}],"00-0026188":[{"sequence":4,"clubcode":"WAS","playerName":"F.Davis","statId":21,"yards":13},{"sequence":5,"clubcode":"WAS","playerName":"F.Davis","statId":115,"yards":0},{"sequence":6,"clubcode":"WAS","playerName":"F.Davis","statId":113,"yards":3}]}},"2661":{"sp":0,"qtr":3,"down":0,"time":"02:32","yrdln":"","ydstogo":0,"ydsnet":43,"posteam":"","desc":"Timeout #1 by WAS at 02:32.","note":"TIMEOUT","players":{"0":[{"sequence":1,"clubcode":"WAS","playerName":"","statId":68,"yards":0}]}},"2678":{"sp":0,"qtr":3,"down":4,"time":"02:32","yrdln":"CAR 37","ydstogo":3,"ydsnet":43,"posteam":"WAS","desc":"(2:32) J.Campbell pass incomplete short left to S.Moss (T.Davis).","note":null,"players":{"00-0023460":[{"sequence":2,"clubcode":"WAS","playerName":"J.Campbell","statId":14,"yards":0},{"sequence":5,"clubcode":"WAS","playerName":"J.Campbell","statId":112,"yards":0}],"00-0020494":[{"sequence":3,"clubcode":"WAS","playerName":"S.Moss","statId":115,"yards":0}],"0":[{"sequence":1,"clubcode":"WAS","playerName":"","statId":9,"yards":0}],"00-0023448":[{"sequence":4,"clubcode":"CAR","playerName":"T.Davis","statId":85,"yards":0}]}}},"fds":3,"result":"Downs","penyds":2,"ydsgained":41,"numplays":14,"postime":"6:02","start":{"qtr":3,"time":"08:31","yrdln":"WAS 20","team":"WAS"},"end":{"qtr":3,"time":"02:29","yrdln":"CAR 37","team":"WAS"}},"17":{"posteam":"CAR","qtr":4,"redzone":true,"plays":{"2700":{"sp":0,"qtr":3,"down":1,"time":"02:29","yrdln":"CAR 37","ydstogo":10,"ydsnet":4,"posteam":"CAR","desc":"(2:29) J.Stewart up the middle to CAR 41 for 4 yards (R.McIntosh).","note":null,"players":{"00-0026153":[{"sequence":1,"clubcode":"CAR","playerName":"J.Stewart","statId":10,"yards":4}],"00-0024250":[{"sequence":2,"clubcode":"WAS","playerName":"R.McIntosh","statId":79,"yards":0}]}},"2721":{"sp":0,"qtr":3,"down":2,"time":"01:47","yrdln":"CAR 41","ydstogo":6,"ydsnet":21,"posteam":"CAR","desc":"(1:47) J.Delhomme pass deep middle to S.Smith to WAS 42 for 17 yards (K.Moore).","note":null,"players":{"00-0004161":[{"sequence":2,"clubcode":"CAR","playerName":"J.Delhomme","statId":15,"yards":17},{"sequence":3,"clubcode":"CAR","playerName":"J.Delhomme","statId":111,"yards":17}],"00-0020337":[{"sequence":4,"clubcode":"CAR","playerName":"S.Smith","statId":21,"yards":17},{"sequence":5,"clubcode":"CAR","playerName":"S.Smith","statId":115,"yards":0},{"sequence":6,"clubcode":"CAR","playerName":"S.Smith","statId":113,"yards":0}],"00-0026320":[{"sequence":7,"clubcode":"WAS","playerName":"K.Moore","statId":79,"yards":0}],"0":[{"sequence":1,"clubcode":"CAR","playerName":"","statId":4,"yards":0}]}},"2745":{"sp":0,"qtr":3,"down":1,"time":"01:07","yrdln":"WAS 42","ydstogo":10,"ydsnet":25,"posteam":"CAR","desc":"(1:07) J.Delhomme pass short right to M.Muhammad to WAS 38 for 4 yards (D.Hall).","note":null,"players":{"00-0004161":[{"sequence":1,"clubcode":"CAR","playerName":"J.Delhomme","statId":15,"yards":4},{"sequence":2,"clubcode":"CAR","playerName":"J.Delhomme","statId":111,"yards":0}],"00-0022923":[{"sequence":6,"clubcode":"WAS","playerName":"D.Hall","statId":79,"yards":0}],"00-0011795":[{"sequence":3,"clubcode":"CAR","playerName":"M.Muhammad","statId":21,"yards":4},{"sequence":4,"clubcode":"CAR","playerName":"M.Muhammad","statId":115,"yards":0},{"sequence":5,"clubcode":"CAR","playerName":"M.Muhammad","statId":113,"yards":4}]}},"2769":{"sp":0,"qtr":3,"down":2,"time":"00:28","yrdln":"WAS 38","ydstogo":6,"ydsnet":40,"posteam":"CAR","desc":"(:28) J.Delhomme pass short middle to M.Muhammad to WAS 23 for 15 yards (L.Landry).","note":null,"players":{"00-0025393":[{"sequence":7,"clubcode":"WAS","playerName":"L.Landry","statId":79,"yards":0}],"00-0004161":[{"sequence":2,"clubcode":"CAR","playerName":"J.Delhomme","statId":15,"yards":15},{"sequence":3,"clubcode":"CAR","playerName":"J.Delhomme","statId":111,"yards":8}],"0":[{"sequence":1,"clubcode":"CAR","playerName":"","statId":4,"yards":0}],"00-0011795":[{"sequence":4,"clubcode":"CAR","playerName":"M.Muhammad","statId":21,"yards":15},{"sequence":5,"clubcode":"CAR","playerName":"M.Muhammad","statId":115,"yards":0},{"sequence":6,"clubcode":"CAR","playerName":"M.Muhammad","statId":113,"yards":7}]}},"2793":{"sp":0,"qtr":3,"down":0,"time":"","yrdln":"","ydstogo":0,"ydsnet":40,"posteam":"","desc":"END QUARTER 3","note":null,"players":{}},"2809":{"sp":0,"qtr":4,"down":1,"time":"15:00","yrdln":"WAS 23","ydstogo":10,"ydsnet":40,"posteam":"CAR","desc":"(15:00) J.Delhomme pass incomplete deep left to S.Smith (C.Rogers).","note":null,"players":{"00-0004161":[{"sequence":1,"clubcode":"CAR","playerName":"J.Delhomme","statId":14,"yards":0},{"sequence":4,"clubcode":"CAR","playerName":"J.Delhomme","statId":112,"yards":23}],"00-0020337":[{"sequence":2,"clubcode":"CAR","playerName":"S.Smith","statId":115,"yards":0}],"00-0023444":[{"sequence":3,"clubcode":"WAS","playerName":"C.Rogers","statId":85,"yards":0}]}},"2831":{"sp":0,"qtr":4,"down":2,"time":"14:54","yrdln":"WAS 23","ydstogo":10,"ydsnet":42,"posteam":"CAR","desc":"(14:54) D.Williams up the middle to WAS 21 for 2 yards (A.Haynesworth; R.McIntosh).","note":null,"players":{"00-0024250":[{"sequence":3,"clubcode":"WAS","playerName":"R.McIntosh","statId":82,"yards":0}],"00-0024242":[{"sequence":1,"clubcode":"CAR","playerName":"D.Williams","statId":10,"yards":2}],"00-0021149":[{"sequence":2,"clubcode":"WAS","playerName":"A.Haynesworth","statId":82,"yards":0}]}},"2852":{"sp":0,"qtr":4,"down":3,"time":"14:24","yrdln":"WAS 21","ydstogo":8,"ydsnet":38,"posteam":"CAR","desc":"(14:24) J.Delhomme sacked at WAS 25 for -4 yards (sack split by A.Carter and B.Orakpo). WAS-R.McIntosh was injured during the play. His return is Probable.","note":null,"players":{"00-0026989":[{"sequence":4,"clubcode":"WAS","playerName":"B.Orakpo","statId":84,"yards":-4},{"sequence":6,"clubcode":"WAS","playerName":"B.Orakpo","statId":110,"yards":0},{"sequence":8,"clubcode":"WAS","playerName":"B.Orakpo","statId":82,"yards":0}],"00-0004161":[{"sequence":2,"clubcode":"CAR","playerName":"J.Delhomme","statId":20,"yards":-4}],"0":[{"sequence":1,"clubcode":"CAR","playerName":"","statId":7,"yards":0}],"00-0020489":[{"sequence":3,"clubcode":"WAS","playerName":"A.Carter","statId":84,"yards":-4},{"sequence":5,"clubcode":"WAS","playerName":"A.Carter","statId":110,"yards":0},{"sequence":7,"clubcode":"WAS","playerName":"A.Carter","statId":82,"yards":0}]}},"2871":{"sp":1,"qtr":4,"down":4,"time":"14:18","yrdln":"WAS 25","ydstogo":12,"ydsnet":38,"posteam":"CAR","desc":"(14:18) J.Kasay 43 yard field goal is GOOD, Center-J.Jansen, Holder-J.Baker.","note":"FG","players":{"00-0009028":[{"sequence":1,"clubcode":"CAR","playerName":"J.Kasay","statId":70,"yards":43}]}}},"fds":2,"result":"Field Goal","penyds":0,"ydsgained":38,"numplays":9,"postime":"3:14","start":{"qtr":3,"time":"02:29","yrdln":"CAR 37","team":"CAR"},"end":{"qtr":3,"time":"14:15","yrdln":"WAS 25","team":"CAR"}},"18":{"posteam":"WAS","qtr":4,"redzone":true,"plays":{"2890":{"sp":0,"qtr":4,"down":0,"time":"14:15","yrdln":"CAR 30","ydstogo":0,"ydsnet":0,"posteam":"CAR","desc":"R.Lloyd kicks 70 yards from CAR 30 to end zone, Touchback.","note":"KICKOFF","players":{"0":[{"sequence":2,"clubcode":"WAS","playerName":"","statId":51,"yards":0}],"00-0023363":[{"sequence":1,"clubcode":"CAR","playerName":"R.Lloyd","statId":44,"yards":70}]}},"2904":{"sp":0,"qtr":4,"down":1,"time":"14:15","yrdln":"WAS 20","ydstogo":10,"ydsnet":0,"posteam":"WAS","desc":"(14:15) J.Campbell sacked at WAS 20 for 0 yards (J.Peppers).","note":null,"players":{"00-0023460":[{"sequence":1,"clubcode":"WAS","playerName":"J.Campbell","statId":20,"yards":0}],"00-0021140":[{"sequence":2,"clubcode":"CAR","playerName":"J.Peppers","statId":83,"yards":0},{"sequence":3,"clubcode":"CAR","playerName":"J.Peppers","statId":110,"yards":0},{"sequence":4,"clubcode":"CAR","playerName":"J.Peppers","statId":79,"yards":0}]}},"2931":{"sp":0,"qtr":4,"down":2,"time":"13:47","yrdln":"WAS 20","ydstogo":10,"ydsnet":5,"posteam":"WAS","desc":"(13:47) J.Campbell pass short left to S.Moss to WAS 25 for 5 yards (R.Marshall).","note":null,"players":{"00-0023460":[{"sequence":1,"clubcode":"WAS","playerName":"J.Campbell","statId":15,"yards":5},{"sequence":2,"clubcode":"WAS","playerName":"J.Campbell","statId":111,"yards":5}],"00-0020494":[{"sequence":3,"clubcode":"WAS","playerName":"S.Moss","statId":21,"yards":5},{"sequence":4,"clubcode":"WAS","playerName":"S.Moss","statId":115,"yards":0},{"sequence":5,"clubcode":"WAS","playerName":"S.Moss","statId":113,"yards":0}],"00-0024273":[{"sequence":6,"clubcode":"CAR","playerName":"R.Marshall","statId":79,"yards":0}]}},"2955":{"sp":0,"qtr":4,"down":3,"time":"13:05","yrdln":"WAS 25","ydstogo":5,"ydsnet":9,"posteam":"WAS","desc":"(13:05) (Shotgun) J.Campbell pass short middle to F.Davis to WAS 29 for 4 yards (J.Beason).","note":null,"players":{"00-0023460":[{"sequence":2,"clubcode":"WAS","playerName":"J.Campbell","statId":15,"yards":4},{"sequence":3,"clubcode":"WAS","playerName":"J.Campbell","statId":111,"yards":4}],"00-0025412":[{"sequence":7,"clubcode":"CAR","playerName":"J.Beason","statId":79,"yards":0}],"0":[{"sequence":1,"clubcode":"WAS","playerName":"","statId":7,"yards":0}],"00-0026188":[{"sequence":4,"clubcode":"WAS","playerName":"F.Davis","statId":21,"yards":4},{"sequence":5,"clubcode":"WAS","playerName":"F.Davis","statId":115,"yards":0},{"sequence":6,"clubcode":"WAS","playerName":"F.Davis","statId":113,"yards":0}]}},"2979":{"sp":0,"qtr":4,"down":4,"time":"12:22","yrdln":"WAS 29","ydstogo":1,"ydsnet":9,"posteam":"WAS","desc":"(12:22) G.Pakulak punts 41 yards to CAR 30, Center-E.Albright. K.Moore to CAR 34 for 4 yards (M.Sellers).","note":"PUNT","players":{"00-0021746":[{"sequence":1,"clubcode":"WAS","playerName":"G.Pakulak","statId":29,"yards":41}],"00-0026276":[{"sequence":2,"clubcode":"CAR","playerName":"K.Moore","statId":33,"yards":4}],"00-0014655":[{"sequence":3,"clubcode":"WAS","playerName":"M.Sellers","statId":79,"yards":0}]}}},"fds":0,"result":"Punt","penyds":0,"ydsgained":9,"numplays":5,"postime":"2:03","start":{"qtr":4,"time":"14:15","yrdln":"WAS 20","team":"WAS"},"end":{"qtr":4,"time":"12:12","yrdln":"WAS 29","team":"WAS"}},"19":{"posteam":"CAR","qtr":4,"redzone":true,"plays":{"3004":{"sp":0,"qtr":4,"down":1,"time":"12:12","yrdln":"CAR 34","ydstogo":10,"ydsnet":12,"posteam":"CAR","desc":"(12:12) J.Stewart right tackle to CAR 46 for 12 yards (R.McIntosh; L.Fletcher).","note":null,"players":{"00-0026153":[{"sequence":2,"clubcode":"CAR","playerName":"J.Stewart","statId":10,"yards":12}],"00-0024250":[{"sequence":3,"clubcode":"WAS","playerName":"R.McIntosh","statId":82,"yards":0}],"00-0005322":[{"sequence":4,"clubcode":"WAS","playerName":"L.Fletcher","statId":82,"yards":0}],"0":[{"sequence":1,"clubcode":"CAR","playerName":"","statId":3,"yards":0}]}},"3025":{"sp":0,"qtr":4,"down":1,"time":"11:29","yrdln":"CAR 46","ydstogo":10,"ydsnet":17,"posteam":"CAR","desc":"(11:29) J.Delhomme pass incomplete short middle to J.Stewart. PENALTY on WAS-B.Orakpo, Illegal Contact, 5 yards, enforced at CAR 46 - No Play.","note":"PENALTY","players":{"00-0026989":[{"sequence":2,"clubcode":"WAS","playerName":"B.Orakpo","statId":93,"yards":5}],"0":[{"sequence":1,"clubcode":"CAR","playerName":"","statId":5,"yards":0}]}},"3058":{"sp":0,"qtr":4,"down":1,"time":"11:25","yrdln":"WAS 49","ydstogo":10,"ydsnet":22,"posteam":"CAR","desc":"(11:25) J.Stewart left tackle to WAS 44 for 5 yards (L.Landry). WAS-R.Doughty was injured during the play. His return is Questionable.","note":null,"players":{"00-0025393":[{"sequence":2,"clubcode":"WAS","playerName":"L.Landry","statId":79,"yards":0}],"00-0026153":[{"sequence":1,"clubcode":"CAR","playerName":"J.Stewart","statId":10,"yards":5}]}},"3079":{"sp":0,"qtr":4,"down":2,"time":"10:44","yrdln":"WAS 44","ydstogo":5,"ydsnet":22,"posteam":"CAR","desc":"(10:44) J.Delhomme pass incomplete short right to B.Hoover.","note":null,"players":{"00-0019100":[{"sequence":2,"clubcode":"CAR","playerName":"B.Hoover","statId":115,"yards":0}],"00-0004161":[{"sequence":1,"clubcode":"CAR","playerName":"J.Delhomme","statId":14,"yards":0},{"sequence":3,"clubcode":"CAR","playerName":"J.Delhomme","statId":112,"yards":2}]}},"3105":{"sp":0,"qtr":4,"down":3,"time":"10:39","yrdln":"WAS 44","ydstogo":5,"ydsnet":12,"posteam":"CAR","desc":"(10:39) J.Delhomme sacked at CAR 46 for -10 yards (A.Carter).","note":null,"players":{"00-0004161":[{"sequence":2,"clubcode":"CAR","playerName":"J.Delhomme","statId":20,"yards":-10}],"0":[{"sequence":1,"clubcode":"CAR","playerName":"","statId":7,"yards":0}],"00-0020489":[{"sequence":3,"clubcode":"WAS","playerName":"A.Carter","statId":83,"yards":-10},{"sequence":4,"clubcode":"WAS","playerName":"A.Carter","statId":110,"yards":0},{"sequence":5,"clubcode":"WAS","playerName":"A.Carter","statId":79,"yards":0},{"sequence":6,"clubcode":"WAS","playerName":"A.Carter","statId":120,"yards":0}]}},"3124":{"sp":0,"qtr":4,"down":4,"time":"10:15","yrdln":"CAR 46","ydstogo":15,"ydsnet":12,"posteam":"CAR","desc":"(10:15) J.Baker punts 31 yards to WAS 23, Center-J.Jansen. B.Westbrook MUFFS catch, RECOVERED by CAR-D.Wesley at WAS 12. D.Wesley to WAS 12 for no gain (K.Moore). Play Challenged by WAS and Upheld. (Timeout #2 at 10:04.)","note":"FUMBLE","players":{"00-0019921":[{"sequence":2,"clubcode":"CAR","playerName":"J.Baker","statId":29,"yards":42},{"sequence":6,"clubcode":"CAR","playerName":"J.Baker","statId":30,"yards":0}],"00-0026320":[{"sequence":8,"clubcode":"WAS","playerName":"K.Moore","statId":79,"yards":0}],"0":[{"sequence":1,"clubcode":"WAS","playerName":"","statId":68,"yards":0}],"00-0021224":[{"sequence":7,"clubcode":"CAR","playerName":"D.Wesley","statId":59,"yards":0}],"00-0025739":[{"sequence":3,"clubcode":"WAS","playerName":"B.Westbrook","statId":53,"yards":0},{"sequence":4,"clubcode":"WAS","playerName":"B.Westbrook","statId":106,"yards":0},{"sequence":5,"clubcode":"WAS","playerName":"B.Westbrook","statId":33,"yards":0}]}}},"fds":2,"result":"Punt","penyds":5,"ydsgained":7,"numplays":6,"postime":"2:08","start":{"qtr":4,"time":"12:12","yrdln":"CAR 34","team":"CAR"},"end":{"qtr":4,"time":"10:04","yrdln":"CAR 46","team":"CAR"}},"20":{"posteam":"CAR","qtr":4,"redzone":true,"plays":{"3167":{"sp":0,"qtr":4,"down":1,"time":"10:04","yrdln":"WAS 12","ydstogo":10,"ydsnet":4,"posteam":"CAR","desc":"(10:04) J.Stewart left tackle to WAS 8 for 4 yards (H.Blades; P.Daniels).","note":null,"players":{"00-0026153":[{"sequence":1,"clubcode":"CAR","playerName":"J.Stewart","statId":10,"yards":4}],"00-0025566":[{"sequence":2,"clubcode":"WAS","playerName":"H.Blades","statId":82,"yards":0}],"00-0003874":[{"sequence":3,"clubcode":"WAS","playerName":"P.Daniels","statId":82,"yards":0}]}},"3212":{"sp":1,"qtr":4,"down":2,"time":"09:25","yrdln":"WAS 8","ydstogo":6,"ydsnet":12,"posteam":"CAR","desc":"(9:25) J.Stewart up the middle for 8 yards, TOUCHDOWN.","note":"TD","players":{"00-0026153":[{"sequence":2,"clubcode":"CAR","playerName":"J.Stewart","statId":11,"yards":8}],"0":[{"sequence":1,"clubcode":"CAR","playerName":"","statId":3,"yards":0}]}},"3229":{"sp":1,"qtr":4,"down":0,"time":"09:21","yrdln":"WAS 2","ydstogo":0,"ydsnet":12,"posteam":"CAR","desc":"TWO-POINT CONVERSION ATTEMPT. J.Delhomme pass to S.Smith is complete. ATTEMPT SUCCEEDS.","note":"2PS","players":{"00-0004161":[{"sequence":1,"clubcode":"CAR","playerName":"J.Delhomme","statId":77,"yards":0}],"00-0020337":[{"sequence":2,"clubcode":"CAR","playerName":"S.Smith","statId":104,"yards":0}]}}},"fds":1,"result":"Touchdown","penyds":0,"ydsgained":12,"numplays":3,"postime":"0:43","start":{"qtr":4,"time":"10:04","yrdln":"WAS 12","team":"CAR"},"end":{"qtr":4,"time":"09:21","yrdln":"WAS 8","team":"CAR"}},"21":{"posteam":"WAS","qtr":4,"redzone":true,"plays":{"3250":{"sp":0,"qtr":4,"down":0,"time":"09:21","yrdln":"CAR 30","ydstogo":0,"ydsnet":0,"posteam":"CAR","desc":"R.Lloyd kicks 70 yards from CAR 30 to end zone, Touchback.","note":"KICKOFF","players":{"0":[{"sequence":2,"clubcode":"WAS","playerName":"","statId":51,"yards":0}],"00-0023363":[{"sequence":1,"clubcode":"CAR","playerName":"R.Lloyd","statId":44,"yards":70}]}},"3264":{"sp":0,"qtr":4,"down":1,"time":"09:21","yrdln":"WAS 20","ydstogo":10,"ydsnet":4,"posteam":"WAS","desc":"(9:21) C.Portis up the middle to WAS 24 for 4 yards (N.Diggs).","note":null,"players":{"00-0021179":[{"sequence":1,"clubcode":"WAS","playerName":"C.Portis","statId":10,"yards":4}],"00-0019467":[{"sequence":2,"clubcode":"CAR","playerName":"N.Diggs","statId":79,"yards":0}]}},"3285":{"sp":0,"qtr":4,"down":2,"time":"08:47","yrdln":"WAS 24","ydstogo":6,"ydsnet":10,"posteam":"WAS","desc":"(8:47) C.Portis up the middle to WAS 30 for 6 yards (J.Beason).","note":null,"players":{"00-0025412":[{"sequence":3,"clubcode":"CAR","playerName":"J.Beason","statId":79,"yards":0}],"00-0021179":[{"sequence":2,"clubcode":"WAS","playerName":"C.Portis","statId":10,"yards":6}],"0":[{"sequence":1,"clubcode":"WAS","playerName":"","statId":3,"yards":0}]}},"3306":{"sp":0,"qtr":4,"down":0,"time":"08:01","yrdln":"","ydstogo":0,"ydsnet":10,"posteam":"","desc":"Timeout #3 by WAS at 08:01.","note":"TIMEOUT","players":{"0":[{"sequence":1,"clubcode":"WAS","playerName":"","statId":68,"yards":0}]}},"3323":{"sp":0,"qtr":4,"down":1,"time":"08:01","yrdln":"WAS 30","ydstogo":10,"ydsnet":14,"posteam":"WAS","desc":"(8:01) C.Portis right tackle to WAS 34 for 4 yards (J.Beason).","note":null,"players":{"00-0025412":[{"sequence":2,"clubcode":"CAR","playerName":"J.Beason","statId":79,"yards":0}],"00-0021179":[{"sequence":1,"clubcode":"WAS","playerName":"C.Portis","statId":10,"yards":4}]}},"3344":{"sp":0,"qtr":4,"down":2,"time":"07:26","yrdln":"WAS 34","ydstogo":6,"ydsnet":24,"posteam":"WAS","desc":"(7:26) J.Campbell pass short left to S.Moss to WAS 44 for 10 yards (C.Harris).","note":null,"players":{"00-0023460":[{"sequence":2,"clubcode":"WAS","playerName":"J.Campbell","statId":15,"yards":10},{"sequence":3,"clubcode":"WAS","playerName":"J.Campbell","statId":111,"yards":5}],"00-0023614":[{"sequence":7,"clubcode":"CAR","playerName":"C.Harris","statId":79,"yards":0}],"00-0020494":[{"sequence":4,"clubcode":"WAS","playerName":"S.Moss","statId":21,"yards":10},{"sequence":5,"clubcode":"WAS","playerName":"S.Moss","statId":115,"yards":0},{"sequence":6,"clubcode":"WAS","playerName":"S.Moss","statId":113,"yards":5}],"0":[{"sequence":1,"clubcode":"WAS","playerName":"","statId":4,"yards":0}]}},"3368":{"sp":0,"qtr":4,"down":1,"time":"06:45","yrdln":"WAS 44","ydstogo":10,"ydsnet":24,"posteam":"WAS","desc":"(6:45) J.Campbell pass incomplete deep left to D.Thomas [J.Peppers].","note":null,"players":{"00-0023460":[{"sequence":1,"clubcode":"WAS","playerName":"J.Campbell","statId":14,"yards":0},{"sequence":4,"clubcode":"WAS","playerName":"J.Campbell","statId":112,"yards":39}],"00-0021140":[{"sequence":3,"clubcode":"CAR","playerName":"J.Peppers","statId":110,"yards":0}],"00-0026174":[{"sequence":2,"clubcode":"WAS","playerName":"D.Thomas","statId":115,"yards":0}]}},"3390":{"sp":0,"qtr":4,"down":2,"time":"06:38","yrdln":"WAS 44","ydstogo":10,"ydsnet":27,"posteam":"WAS","desc":"(6:38) C.Portis left tackle to WAS 47 for 3 yards (T.Davis; J.Beason).","note":null,"players":{"00-0025412":[{"sequence":3,"clubcode":"CAR","playerName":"J.Beason","statId":82,"yards":0}],"00-0021179":[{"sequence":1,"clubcode":"WAS","playerName":"C.Portis","statId":10,"yards":3}],"00-0023448":[{"sequence":2,"clubcode":"CAR","playerName":"T.Davis","statId":82,"yards":0}]}},"3411":{"sp":0,"qtr":4,"down":3,"time":"05:54","yrdln":"WAS 47","ydstogo":7,"ydsnet":29,"posteam":"WAS","desc":"(5:54) (Shotgun) J.Campbell scrambles up the middle to WAS 49 for 2 yards (C.Johnson; E.Brown).","note":null,"players":{"00-0023460":[{"sequence":2,"clubcode":"WAS","playerName":"J.Campbell","statId":10,"yards":2}],"00-0027019":[{"sequence":4,"clubcode":"CAR","playerName":"E.Brown","statId":82,"yards":0}],"0":[{"sequence":1,"clubcode":"WAS","playerName":"","statId":7,"yards":0}],"00-0025470":[{"sequence":3,"clubcode":"CAR","playerName":"C.Johnson","statId":82,"yards":0}]}},"3432":{"sp":0,"qtr":4,"down":4,"time":"05:16","yrdln":"WAS 49","ydstogo":5,"ydsnet":29,"posteam":"WAS","desc":"(5:16) G.Pakulak punts 39 yards to CAR 12, Center-E.Albright, fair catch by K.Moore.","note":"PUNT","players":{"00-0021746":[{"sequence":1,"clubcode":"WAS","playerName":"G.Pakulak","statId":29,"yards":39},{"sequence":2,"clubcode":"WAS","playerName":"G.Pakulak","statId":30,"yards":0}],"00-0026276":[{"sequence":3,"clubcode":"CAR","playerName":"K.Moore","statId":39,"yards":0}]}}},"fds":2,"result":"Punt","penyds":0,"ydsgained":29,"numplays":10,"postime":"4:05","start":{"qtr":4,"time":"09:21","yrdln":"WAS 20","team":"WAS"},"end":{"qtr":4,"time":"05:16","yrdln":"WAS 49","team":"WAS"}},"22":{"posteam":"CAR","qtr":4,"redzone":true,"plays":{"3459":{"sp":0,"qtr":4,"down":1,"time":"05:16","yrdln":"CAR 12","ydstogo":10,"ydsnet":20,"posteam":"CAR","desc":"(5:16) D.Williams up the middle to CAR 19 for 7 yards (L.Landry).","note":null,"players":{"00-0025393":[{"sequence":2,"clubcode":"WAS","playerName":"L.Landry","statId":79,"yards":0}],"00-0024242":[{"sequence":1,"clubcode":"CAR","playerName":"D.Williams","statId":10,"yards":7}]}},"3480":{"sp":0,"qtr":4,"down":2,"time":"04:33","yrdln":"CAR 19","ydstogo":3,"ydsnet":7,"posteam":"CAR","desc":"(4:33) D.Williams up the middle to CAR 19 for no gain (K.Golston).","note":null,"players":{"00-0024410":[{"sequence":2,"clubcode":"WAS","playerName":"K.Golston","statId":79,"yards":0}],"00-0024242":[{"sequence":1,"clubcode":"CAR","playerName":"D.Williams","statId":10,"yards":0}]}},"3501":{"sp":0,"qtr":4,"down":3,"time":"03:50","yrdln":"CAR 19","ydstogo":3,"ydsnet":11,"posteam":"CAR","desc":"(3:50) D.Williams right end to CAR 23 for 4 yards (K.Golston; D.Hall).","note":null,"players":{"00-0022923":[{"sequence":5,"clubcode":"WAS","playerName":"D.Hall","statId":82,"yards":0}],"00-0024410":[{"sequence":4,"clubcode":"WAS","playerName":"K.Golston","statId":82,"yards":0}],"0":[{"sequence":1,"clubcode":"CAR","playerName":"","statId":3,"yards":0},{"sequence":2,"clubcode":"CAR","playerName":"","statId":6,"yards":0}],"00-0024242":[{"sequence":3,"clubcode":"CAR","playerName":"D.Williams","statId":10,"yards":4}]}},"3522":{"sp":0,"qtr":4,"down":1,"time":"03:04","yrdln":"CAR 23","ydstogo":10,"ydsnet":13,"posteam":"CAR","desc":"(3:04) D.Williams up the middle to CAR 25 for 2 yards (A.Carter).","note":null,"players":{"00-0020489":[{"sequence":2,"clubcode":"WAS","playerName":"A.Carter","statId":79,"yards":0}],"00-0024242":[{"sequence":1,"clubcode":"CAR","playerName":"D.Williams","statId":10,"yards":2}]}},"3543":{"sp":0,"qtr":4,"down":2,"time":"02:19","yrdln":"CAR 25","ydstogo":8,"ydsnet":13,"posteam":"CAR","desc":"(2:19) J.Stewart right tackle to CAR 25 for no gain (A.Haynesworth).","note":null,"players":{"00-0026153":[{"sequence":1,"clubcode":"CAR","playerName":"J.Stewart","statId":10,"yards":0}],"00-0021149":[{"sequence":2,"clubcode":"WAS","playerName":"A.Haynesworth","statId":79,"yards":0}]}},"3564":{"sp":0,"qtr":4,"down":0,"time":"02:00","yrdln":"","ydstogo":0,"ydsnet":13,"posteam":"","desc":"Two-Minute Warning","note":null,"players":{}},"3581":{"sp":0,"qtr":4,"down":3,"time":"02:00","yrdln":"CAR 25","ydstogo":8,"ydsnet":22,"posteam":"CAR","desc":"(2:00) J.Delhomme right end to CAR 34 for 9 yards (J.Jarmon; D.Hall).","note":null,"players":{"00-0004161":[{"sequence":3,"clubcode":"CAR","playerName":"J.Delhomme","statId":10,"yards":9}],"00-0022923":[{"sequence":5,"clubcode":"WAS","playerName":"D.Hall","statId":82,"yards":0}],"0":[{"sequence":1,"clubcode":"CAR","playerName":"","statId":3,"yards":0},{"sequence":2,"clubcode":"CAR","playerName":"","statId":6,"yards":0}],"00-0027159":[{"sequence":4,"clubcode":"WAS","playerName":"J.Jarmon","statId":82,"yards":0}]}},"3602":{"sp":0,"qtr":4,"down":1,"time":"01:13","yrdln":"CAR 34","ydstogo":10,"ydsnet":21,"posteam":"CAR","desc":"(1:13) J.Delhomme kneels to CAR 33 for -1 yards.","note":null,"players":{"00-0004161":[{"sequence":1,"clubcode":"CAR","playerName":"J.Delhomme","statId":10,"yards":-1}]}},"3623":{"sp":0,"qtr":4,"down":2,"time":"00:37","yrdln":"CAR 33","ydstogo":11,"ydsnet":20,"posteam":"CAR","desc":"(:37) J.Delhomme kneels to CAR 32 for -1 yards.","note":null,"players":{"00-0004161":[{"sequence":1,"clubcode":"CAR","playerName":"J.Delhomme","statId":10,"yards":-1}]}},"3644":{"sp":0,"qtr":4,"down":0,"time":"","yrdln":"","ydstogo":0,"ydsnet":20,"posteam":"","desc":"END GAME","note":null,"players":{}}},"fds":2,"result":"End of Game","penyds":0,"ydsgained":20,"numplays":10,"postime":"5:16","start":{"qtr":4,"time":"05:16","yrdln":"CAR 12","team":"CAR"},"end":{"qtr":4,"time":"00:00","yrdln":"","team":"CAR"}},"crntdrv":22},"scrsummary":{"116":{"type":"TD","desc":"C.Portis 10 yd. pass from J.Campbell (S.Suisham kick is good) Drive: 2 plays, 13 yards in 0:44","qtr":1,"team":"WAS","players":{"":"0","J.Campbell":"00-0023460","C.Portis":"00-0021179","S.Suisham":"00-0023001"}},"1265":{"type":"SAF","desc":"C.Portis tackled in end zone by T.Davis for a Safety","qtr":2,"team":"CAR","players":{"C.Portis":"00-0021179","":"0","J.Peppers":"00-0021140"}},"1688":{"type":"FG","desc":"S.Suisham 38 yd. Field Goal Drive: 10 plays, 60 yards in 4:29","qtr":2,"team":"WAS","players":{"":"0"}},"2203":{"type":"TD","desc":"C.Portis 1 yd. run (S.Suisham kick is good) Drive: 1 plays, 1 yards in 0:03","qtr":3,"team":"WAS","players":{"":"0","C.Portis":"00-0021179","S.Suisham":"00-0023001"}},"2330":{"type":"TD","desc":"J.King 17 yd. pass from J.Delhomme (J.Kasay kick is good) Drive: 4 plays, 40 yards in 1:35","qtr":3,"team":"CAR","players":{"":"0","J.Delhomme":"00-0004161","J.King":"00-0024369","J.Kasay":"00-0009028"}},"2871":{"type":"FG","desc":"J.Kasay 43 yd. Field Goal Drive: 8 plays, 38 yards in 3:14","qtr":4,"team":"CAR","players":{"J.Kasay":"00-0009028"}},"3212":{"type":"TD","desc":"J.Stewart 8 yd. run (J.Delhomme-S.Smith pass) Drive: 2 plays, 12 yards in 0:43","qtr":4,"team":"CAR","players":{"":"0","J.Stewart":"00-0026153","J.Delhomme":"00-0004161","S.Smith":"00-0020337"}}},"weather":null,"media":null,"yl":"","qtr":"Final","note":null,"down":0,"togo":0,"redzone":true,"clock":"00:37","posteam":"CAR","stadium":null},"nextupdate":318}