{"2009102508":{"home":{"score":{"1":0,"2":0,"3":0,"4":0,"5":0,"T":0},"abbr":"OAK","to":0,"stats":{"passing":{"00-0024408":{"name":"B.Gradkowski","att":19,"cmp":10,"yds":97,"tds":0,"ints":0,"twopta":0,"twoptm":0},"00-0025388":{"name":"J.Russell","att":11,"cmp":6,"yds":61,"tds":0,"ints":2,"twopta":0,"twoptm":0}},"rushing":{"00-0022093":{"name":"J.Fargas","att":8,"yds":67,"tds":0,"lng":35,"twopta":0,"twoptm":0},"00-0025487":{"name":"M.Bush","att":8,"yds":25,"tds":0,"lng":10,"twopta":0,"twoptm":0},"00-0024408":{"name":"B.Gradkowski","att":2,"yds":25,"tds":0,"lng":20,"twopta":0,"twoptm":0},"00-0024846":{"name":"G.Russell","att":1,"yds":2,"tds":0,"lng":2,"twopta":0,"twoptm":0}},"receiving":{"00-0027089":{"name":"L.Murphy","rec":4,"yds":58,"tds":0,"lng":28,"twopta":0,"twoptm":0},"00-0022093":{"name":"J.Fargas","rec":3,"yds":23,"tds":0,"lng":14,"twopta":0,"twoptm":0},"00-0026983":{"name":"D.Heyward-Bey","rec":2,"yds":28,"tds":0,"lng":24,"twopta":0,"twoptm":0},"00-0025425":{"name":"Z.Miller","rec":2,"yds":15,"tds":0,"lng":8,"twopta":0,"twoptm":0},"00-0024846":{"name":"G.Russell","rec":2,"yds":2,"tds":0,"lng":3,"twopta":0,"twoptm":0},"00-0020268":{"name":"T.Stewart","rec":1,"yds":19,"tds":0,"lng":19,"twopta":0,"twoptm":0},"00-0024432":{"name":"T.Watkins","rec":1,"yds":7,"tds":0,"lng":7,"twopta":0,"twoptm":0},"00-0025487":{"name":"M.Bush","rec":1,"yds":6,"tds":0,"lng":6,"twopta":0,"twoptm":0}},"fumbles":{"00-0025388":{"name":"J.Russell","tot":1,"rcv":0,"trcv":0,"yds":0,"lost":1},"00-0024408":{"name":"B.Gradkowski","tot":1,"rcv":0,"trcv":0,"yds":0,"lost":1}},"punting":{"00-0019714":{"name":"S.Lechler","pts":5,"yds":265,"avg":52,"i20":2,"lng":61}},"kickret":{"00-0025641":{"name":"J.Holland","ret":4,"avg":15,"tds":0,"lng":17},"00-0022529":{"name":"L.Lawton","ret":1,"avg":17,"tds":0,"lng":17}},"puntret":{"00-0025486":{"name":"J.Higgins","ret":1,"avg":-1,"tds":0,"lng":-1}},"defense":{"00-0023513":{"name":"K.Morrison","tkl":6,"ast":3,"sk":0,"int":0,"ffum":0},"00-0026240":{"name":"T.Branch","tkl":7,"ast":1,"sk":0,"int":0,"ffum":1},"00-0024253":{"name":"T.Howard","tkl":6,"ast":1,"sk":0,"int":0,"ffum":0},"00-0026533":{"name":"D.Bryant","tkl":5,"ast":2,"sk":0,"int":0,"ffum":0},"00-0024222":{"name":"M.Huff","tkl":6,"ast":0,"sk":0,"int":0,"ffum":0},"00-0022539":{"name":"T.Kelly","tkl":3,"ast":2,"sk":0,"int":0,"ffum":0},"00-0022077":{"name":"N.Asomugha","tkl":3,"ast":1,"sk":0,"int":0,"ffum":0},"00-0021949":{"name":"C.Johnson","tkl":3,"ast":0,"sk":0,"int":0,"ffum":0},"00-0027045":{"name":"M.Shaughnessy","tkl":3,"ast":0,"sk":0,"int":0,"ffum":0},"00-0020442":{"name":"R.Seymour","tkl":2,"ast":0,"sk":0,"int":0,"ffum":0},"00-0023313":{"name":"I.Ekejiuba","tkl":1,"ast":0,"sk":0,"int":0,"ffum":0},"00-0020524":{"name":"G.Warren","tkl":1,"ast":0,"sk":0,"int":0,"ffum":0},"00-0024292":{"name":"J.Alston","tkl":1,"ast":0,"sk":0,"int":0,"ffum":0},"00-0023473":{"name":"S.Routt","tkl":1,"ast":0,"sk":0,"int":0,"ffum":0},"00-0004851":{"name":"G.Ellis","tkl":1,"ast":0,"sk":0,"int":0,"ffum":0},"00-0025525":{"name":"J.Richardson","tkl":1,"ast":0,"sk":0,"int":0,"ffum":0},"00-0026309":{"name":"T.Scott","tkl":1,"ast":0,"sk":0,"int":0,"ffum":0}},"team":{"totfd":13,"totyds":263,"pyds":144,"ryds":119,"pen":3,"penyds":24,"trnovr":4,"pt":5,"ptyds":265,"ptavg":52,"top":"24:03"}},"players":null},"away":{"score":{"1":14,"2":10,"3":7,"4":7,"5":0,"T":38},"abbr":"NYJ","to":2,"stats":{"passing":{"00-0026898":{"name":"M.Sanchez","att":15,"cmp":9,"yds":143,"tds":1,"ints":0,"twopta":0,"twoptm":0}},"rushing":{"00-0026899":{"name":"S.Greene","att":19,"yds":144,"tds":2,"lng":33,"twopta":0,"twoptm":0},"00-0019641":{"name":"T.Jones","att":26,"yds":121,"tds":1,"lng":26,"twopta":0,"twoptm":0},"00-0026019":{"name":"D.Woodhead","att":3,"yds":24,"tds":0,"lng":16,"twopta":0,"twoptm":0},"00-0024110":{"name":"S.Weatherford","att":1,"yds":16,"tds":0,"lng":16,"twopta":0,"twoptm":0},"00-0024332":{"name":"L.Washington","att":1,"yds":6,"tds":0,"lng":6,"twopta":0,"twoptm":0},"00-0026898":{"name":"M.Sanchez","att":2,"yds":4,"tds":1,"lng":3,"twopta":0,"twoptm":0},"00-0025544":{"name":"D.Clowney","att":1,"yds":2,"tds":0,"lng":2,"twopta":0,"twoptm":0},"00-0024264":{"name":"K.Clemens","att":1,"yds":-1,"tds":0,"lng":-1,"twopta":0,"twoptm":0}},"receiving":{"00-0025544":{"name":"D.Clowney","rec":4,"yds":79,"tds":1,"lng":35,"twopta":0,"twoptm":0},"00-0024171":{"name":"W.Wright","rec":2,"yds":21,"tds":0,"lng":14,"twopta":0,"twoptm":0},"00-0026170":{"name":"D.Keller","rec":1,"yds":26,"tds":0,"lng":26,"twopta":0,"twoptm":0},"00-0023438":{"name":"B.Edwards","rec":1,"yds":14,"tds":0,"lng":14,"twopta":0,"twoptm":0},"00-0019641":{"name":"T.Jones","rec":1,"yds":3,"tds":0,"lng":3,"twopta":0,"twoptm":0}},"fumbles":{"00-0026898":{"name":"M.Sanchez","tot":1,"rcv":1,"trcv":1,"yds":0,"lost":0},"00-0025689":{"name":"M.Devito","tot":1,"rcv":0,"trcv":1,"yds":1,"lost":0},"00-0025544":{"name":"D.Clowney","tot":1,"rcv":0,"trcv":0,"yds":0,"lost":0},"00-0019641":{"name":"T.Jones","tot":1,"rcv":0,"trcv":0,"yds":0,"lost":0},"00-0004472":{"name":"M.Douglas","tot":0,"rcv":0,"trcv":1,"yds":0,"lost":0}},"kicking":{"00-0019770":{"name":"J.Feely","fgm":1,"fga":2,"fgyds":39,"totpfg":3,"xpmade":5,"xpmissed":0,"xpa":5,"xpb":0,"xptot":5}},"punting":{"00-0024110":{"name":"S.Weatherford","pts":3,"yds":132,"avg":44,"i20":3,"lng":49}},"kickret":{"00-0026253":{"name":"D.Lowery","ret":1,"avg":17,"tds":0,"lng":17}},"puntret":{"00-0023287":{"name":"J.Leonhard","ret":2,"avg":2,"tds":0,"lng":4}},"defense":{"00-0022120":{"name":"C.Pace","tkl":6,"ast":1,"sk":3,"int":0,"ffum":2},"00-0023287":{"name":"J.Leonhard","tkl":5,"ast":1,"sk":0,"int":1,"ffum":0},"00-0026253":{"name":"D.Lowery","tkl":4,"ast":0,"sk":0,"int":0,"ffum":0},"00-0022158":{"name":"D.Strickland","tkl":3,"ast":0,"sk":0,"int":0,"ffum":0},"00-0021099":{"name":"H.Green","tkl":3,"ast":0,"sk":0,"int":0,"ffum":0},"00-0025434":{"name":"D.Harris","tkl":3,"ast":0,"sk":0,"int":0,"ffum":0},"00-0025401":{"name":"D.Revis","tkl":2,"ast":0,"sk":0,"int":1,"ffum":0},"00-0025689":{"name":"M.Devito","tkl":2,"ast":0,"sk":0,"int":0,"ffum":0},"00-0023557":{"name":"K.Rhodes","tkl":2,"ast":0,"sk":0,"int":0,"ffum":0},"00-0020873":{"name":"B.Scott","tkl":2,"ast":0,"sk":0,"int":0,"ffum":0},"00-0023523":{"name":"S.Pouha","tkl":1,"ast":1,"sk":0,"int":0,"ffum":0},"00-0019545":{"name":"S.Ellis","tkl":0,"ast":2,"sk":0,"int":0,"ffum":0},"00-0004472":{"name":"M.Douglas","tkl":1,"ast":0,"sk":0,"int":0,"ffum":0},"00-0024312":{"name":"E.Smith","tkl":1,"ast":0,"sk":0,"int":0,"ffum":0},"00-0021081":{"name":"B.Thomas","tkl":1,"ast":0,"sk":0,"int":0,"ffum":0},"00-0026146":{"name":"V.Gholston","tkl":0,"ast":1,"sk":0,"int":0,"ffum":0}},"team":{"totfd":26,"totyds":447,"pyds":131,"ryds":316,"pen":2,"penyds":8,"trnovr":0,"pt":3,"ptyds":132,"ptavg":44,"top":"35:57"}},"players":null},"drives":{"1":{"posteam":"OAK","qtr":1,"redzone":true,"plays":{"36":{"sp":0,"qtr":1,"down":0,"time":"15:00","yrdln":"NYJ 30","ydstogo":0,"ydsnet":-6,"posteam":"NYJ","desc":"J.Feely kicks 63 yards from NYJ 30 to OAK 7. J.Holland to OAK 20 for 13 yards (D.Coleman). PENALTY on OAK-B.Myers, Illegal Block Above the Waist, 10 yards, enforced at OAK 20.","note":"KICKOFF","players":{"00-0025641":[{"sequence":2,"clubcode":"OAK","playerName":"J.Holland","statId":45,"yards":13}],"00-0019770":[{"sequence":1,"clubcode":"NYJ","playerName":"J.Feely","statId":41,"yards":63}],"00-0027135":[{"sequence":4,"clubcode":"OAK","playerName":"B.Myers","statId":93,"yards":10}],"00-0024403":[{"sequence":3,"clubcode":"NYJ","playerName":"D.Coleman","statId":79,"yards":0}]}},"84":{"sp":0,"qtr":1,"down":1,"time":"14:49","yrdln":"OAK 10","ydstogo":10,"ydsnet":-6,"posteam":"OAK","desc":"(14:49) J.Russell sacked at OAK 5 for -5 yards (C.Pace). FUMBLES (C.Pace), RECOVERED by NYJ-M.Douglas at OAK 4. Penalty on OAK-K.Barnes, Tripping, declined.","note":"FUMBLE","players":{"00-0025388":[{"sequence":1,"clubcode":"OAK","playerName":"J.Russell","statId":20,"yards":-6},{"sequence":4,"clubcode":"OAK","playerName":"J.Russell","statId":52,"yards":0},{"sequence":5,"clubcode":"OAK","playerName":"J.Russell","statId":106,"yards":0}],"00-0004472":[{"sequence":7,"clubcode":"NYJ","playerName":"M.Douglas","statId":59,"yards":0}],"00-0022120":[{"sequence":2,"clubcode":"NYJ","playerName":"C.Pace","statId":83,"yards":-6},{"sequence":3,"clubcode":"NYJ","playerName":"C.Pace","statId":79,"yards":0},{"sequence":6,"clubcode":"NYJ","playerName":"C.Pace","statId":91,"yards":0}]}}},"fds":0,"result":"Fumble","penyds":0,"ydsgained":-6,"numplays":2,"postime":"0:12","start":{"qtr":1,"time":"15:00","yrdln":"OAK 10","team":"OAK"},"end":{"qtr":1,"time":"14:48","yrdln":"OAK 10","team":"OAK"}},"2":{"posteam":"NYJ","qtr":1,"redzone":true,"plays":{"145":{"sp":0,"qtr":1,"down":1,"time":"14:48","yrdln":"OAK 4","ydstogo":4,"ydsnet":4,"posteam":"NYJ","desc":"(14:48) T.Jones up the middle to OAK 1 for 3 yards (T.Kelly).","note":null,"players":{"00-0019641":[{"sequence":1,"clubcode":"NYJ","playerName":"T.Jones","statId":10,"yards":3}],"00-0022539":[{"sequence":2,"clubcode":"OAK","playerName":"T.Kelly","statId":79,"yards":0}]}},"166":{"sp":0,"qtr":1,"down":2,"time":"14:00","yrdln":"OAK 1","ydstogo":1,"ydsnet":4,"posteam":"NYJ","desc":"(14:00) T.Jones up the middle to OAK 1 for no gain (T.Howard, K.Morrison).","note":null,"players":{"00-0019641":[{"sequence":1,"clubcode":"NYJ","playerName":"T.Jones","statId":10,"yards":0}],"00-0023513":[{"sequence":3,"clubcode":"OAK","playerName":"K.Morrison","statId":82,"yards":0}],"00-0024253":[{"sequence":2,"clubcode":"OAK","playerName":"T.Howard","statId":80,"yards":0}]}},"202":{"sp":0,"qtr":1,"down":3,"time":"13:42","yrdln":"OAK 1","ydstogo":1,"ydsnet":0,"posteam":"NYJ","desc":"(13:42) T.Jones up the middle to OAK 1 for no gain (T.Kelly).","note":null,"players":{"00-0019641":[{"sequence":2,"clubcode":"NYJ","playerName":"T.Jones","statId":10,"yards":0}],"00-0022539":[{"sequence":3,"clubcode":"OAK","playerName":"T.Kelly","statId":79,"yards":0}],"0":[{"sequence":1,"clubcode":"NYJ","playerName":"","statId":7,"yards":0}]}},"224":{"sp":1,"qtr":1,"down":4,"time":"13:06","yrdln":"OAK 1","ydstogo":1,"ydsnet":1,"posteam":"NYJ","desc":"(13:06) T.Jones up the middle for 1 yard, TOUCHDOWN.","note":"TD","players":{"00-0019641":[{"sequence":3,"clubcode":"NYJ","playerName":"T.Jones","statId":11,"yards":1}],"0":[{"sequence":1,"clubcode":"NYJ","playerName":"","statId":3,"yards":0},{"sequence":2,"clubcode":"NYJ","playerName":"","statId":8,"yards":0}]}},"242":{"sp":1,"qtr":1,"down":0,"time":"12:54","yrdln":"OAK 2","ydstogo":0,"ydsnet":4,"posteam":"NYJ","desc":"J.Feely extra point is GOOD, Center-J.Dearth, Holder-K.Clemens.","note":"XP","players":{"00-0019770":[{"sequence":1,"clubcode":"NYJ","playerName":"J.Feely","statId":72,"yards":0}]}}},"fds":1,"result":"Touchdown","penyds":0,"ydsgained":4,"numplays":5,"postime":"1:54","start":{"qtr":1,"time":"14:48","yrdln":"OAK 4","team":"NYJ"},"end":{"qtr":1,"time":"12:54","yrdln":"OAK 1","team":"NYJ"}},"3":{"posteam":"OAK","qtr":1,"redzone":true,"plays":{"258":{"sp":0,"qtr":1,"down":0,"time":"12:54","yrdln":"NYJ 30","ydstogo":0,"ydsnet":0,"posteam":"NYJ","desc":"J.Feely kicks 66 yards from NYJ 30 to OAK 4. J.Holland to OAK 19 for 15 yards (M.Cole).","note":"KICKOFF","players":{"00-0025641":[{"sequence":2,"clubcode":"OAK","playerName":"J.Holland","statId":45,"yards":15}],"00-0019770":[{"sequence":1,"clubcode":"NYJ","playerName":"J.Feely","statId":41,"yards":66},{"sequence":3,"clubcode":"NYJ","playerName":"J.Feely","statId":42,"yards":0}],"00-0024588":[{"sequence":4,"clubcode":"NYJ","playerName":"M.Cole","statId":79,"yards":0}]}},"282":{"sp":0,"qtr":1,"down":1,"time":"12:48","yrdln":"OAK 19","ydstogo":10,"ydsnet":8,"posteam":"OAK","desc":"(12:48) J.Russell pass short left to Z.Miller to OAK 27 for 8 yards (J.Leonhard).","note":null,"players":{"00-0023287":[{"sequence":6,"clubcode":"NYJ","playerName":"J.Leonhard","statId":79,"yards":0}],"00-0025425":[{"sequence":3,"clubcode":"OAK","playerName":"Z.Miller","statId":21,"yards":8},{"sequence":4,"clubcode":"OAK","playerName":"Z.Miller","statId":115,"yards":0},{"sequence":5,"clubcode":"OAK","playerName":"Z.Miller","statId":113,"yards":7}],"00-0025388":[{"sequence":1,"clubcode":"OAK","playerName":"J.Russell","statId":15,"yards":8},{"sequence":2,"clubcode":"OAK","playerName":"J.Russell","statId":111,"yards":1}]}},"306":{"sp":0,"qtr":1,"down":2,"time":"12:17","yrdln":"OAK 27","ydstogo":2,"ydsnet":7,"posteam":"OAK","desc":"(12:17) M.Bush right tackle to OAK 26 for -1 yards (C.Pace, S.Ellis).","note":null,"players":{"00-0019545":[{"sequence":4,"clubcode":"NYJ","playerName":"S.Ellis","statId":82,"yards":0}],"0":[{"sequence":2,"clubcode":"OAK","playerName":"","statId":95,"yards":-1}],"00-0022120":[{"sequence":3,"clubcode":"NYJ","playerName":"C.Pace","statId":80,"yards":0},{"sequence":5,"clubcode":"NYJ","playerName":"C.Pace","statId":120,"yards":0}],"00-0025487":[{"sequence":1,"clubcode":"OAK","playerName":"M.Bush","statId":10,"yards":-1}]}},"327":{"sp":0,"qtr":1,"down":3,"time":"11:39","yrdln":"OAK 26","ydstogo":3,"ydsnet":7,"posteam":"OAK","desc":"(11:39) (Shotgun) J.Russell pass incomplete short right to L.Murphy.","note":null,"players":{"00-0025388":[{"sequence":2,"clubcode":"OAK","playerName":"J.Russell","statId":14,"yards":0},{"sequence":4,"clubcode":"OAK","playerName":"J.Russell","statId":112,"yards":7}],"00-0027089":[{"sequence":3,"clubcode":"OAK","playerName":"L.Murphy","statId":115,"yards":0}],"0":[{"sequence":1,"clubcode":"OAK","playerName":"","statId":7,"yards":0}]}},"356":{"sp":0,"qtr":1,"down":4,"time":"11:35","yrdln":"OAK 26","ydstogo":3,"ydsnet":7,"posteam":"OAK","desc":"(11:35) S.Lechler punts 49 yards to NYJ 25, Center-J.Condo, fair catch by J.Leonhard.","note":"PUNT","players":{"00-0023287":[{"sequence":2,"clubcode":"NYJ","playerName":"J.Leonhard","statId":39,"yards":0}],"00-0019714":[{"sequence":1,"clubcode":"OAK","playerName":"S.Lechler","statId":29,"yards":49}]}}},"fds":0,"result":"Punt","penyds":0,"ydsgained":7,"numplays":5,"postime":"1:27","start":{"qtr":1,"time":"12:54","yrdln":"OAK 19","team":"OAK"},"end":{"qtr":1,"time":"11:27","yrdln":"OAK 26","team":"OAK"}},"4":{"posteam":"NYJ","qtr":1,"redzone":true,"plays":{"375":{"sp":0,"qtr":1,"down":1,"time":"11:27","yrdln":"NYJ 25","ydstogo":10,"ydsnet":3,"posteam":"NYJ","desc":"(11:27) M.Sanchez pass short middle to T.Jones to NYJ 28 for 3 yards (N.Asomugha).","note":null,"players":{"00-0019641":[{"sequence":3,"clubcode":"NYJ","playerName":"T.Jones","statId":21,"yards":3},{"sequence":4,"clubcode":"NYJ","playerName":"T.Jones","statId":115,"yards":0},{"sequence":5,"clubcode":"NYJ","playerName":"T.Jones","statId":113,"yards":3}],"00-0022077":[{"sequence":6,"clubcode":"OAK","playerName":"N.Asomugha","statId":79,"yards":0}],"00-0026898":[{"sequence":1,"clubcode":"NYJ","playerName":"M.Sanchez","statId":15,"yards":3},{"sequence":2,"clubcode":"NYJ","playerName":"M.Sanchez","statId":111,"yards":0}]}},"399":{"sp":0,"qtr":1,"down":2,"time":"10:59","yrdln":"NYJ 28","ydstogo":7,"ydsnet":6,"posteam":"NYJ","desc":"(10:59) T.Jones right guard to NYJ 31 for 3 yards (R.Seymour).","note":null,"players":{"00-0019641":[{"sequence":1,"clubcode":"NYJ","playerName":"T.Jones","statId":10,"yards":3}],"00-0020442":[{"sequence":2,"clubcode":"OAK","playerName":"R.Seymour","statId":79,"yards":0}]}},"420":{"sp":0,"qtr":1,"down":3,"time":"10:23","yrdln":"NYJ 31","ydstogo":4,"ydsnet":10,"posteam":"NYJ","desc":"(10:23) M.Sanchez pass short left to D.Clowney to NYJ 42 for 11 yards. FUMBLES, ball out of bounds at NYJ 42.","note":"FUMBLE","players":{"00-0025544":[{"sequence":5,"clubcode":"NYJ","playerName":"D.Clowney","statId":21,"yards":11},{"sequence":6,"clubcode":"NYJ","playerName":"D.Clowney","statId":115,"yards":0},{"sequence":7,"clubcode":"NYJ","playerName":"D.Clowney","statId":113,"yards":7},{"sequence":8,"clubcode":"NYJ","playerName":"D.Clowney","statId":53,"yards":0},{"sequence":9,"clubcode":"NYJ","playerName":"D.Clowney","statId":54,"yards":0}],"00-0026898":[{"sequence":3,"clubcode":"NYJ","playerName":"M.Sanchez","statId":15,"yards":11},{"sequence":4,"clubcode":"NYJ","playerName":"M.Sanchez","statId":111,"yards":4}],"0":[{"sequence":1,"clubcode":"NYJ","playerName":"","statId":4,"yards":0},{"sequence":2,"clubcode":"NYJ","playerName":"","statId":6,"yards":0}]}},"448":{"sp":0,"qtr":1,"down":1,"time":"09:53","yrdln":"NYJ 42","ydstogo":10,"ydsnet":23,"posteam":"NYJ","desc":"(9:53) L.Washington left guard to NYJ 48 for 6 yards (T.Kelly, T.Howard). NYJ-L.Washington was injured during the play. His return is Questionable.","note":null,"players":{"00-0024332":[{"sequence":1,"clubcode":"NYJ","playerName":"L.Washington","statId":10,"yards":6}],"00-0022539":[{"sequence":2,"clubcode":"OAK","playerName":"T.Kelly","statId":80,"yards":0}],"00-0024253":[{"sequence":3,"clubcode":"OAK","playerName":"T.Howard","statId":82,"yards":0}]}},"469":{"sp":0,"qtr":1,"down":2,"time":"09:19","yrdln":"NYJ 48","ydstogo":4,"ydsnet":23,"posteam":"NYJ","desc":"(9:19) M.Sanchez pass incomplete short right to T.Jones.","note":null,"players":{"00-0019641":[{"sequence":2,"clubcode":"NYJ","playerName":"T.Jones","statId":115,"yards":0}],"00-0026898":[{"sequence":1,"clubcode":"NYJ","playerName":"M.Sanchez","statId":14,"yards":0},{"sequence":3,"clubcode":"NYJ","playerName":"M.Sanchez","statId":112,"yards":-1}]}},"494":{"sp":0,"qtr":1,"down":3,"time":"09:13","yrdln":"NYJ 48","ydstogo":4,"ydsnet":23,"posteam":"NYJ","desc":"(9:13) T.Jones right end to NYJ 48 for no gain (G.Warren). Penalty on NYJ-B.Moore, Offensive Holding, declined.","note":null,"players":{"00-0019641":[{"sequence":2,"clubcode":"NYJ","playerName":"T.Jones","statId":10,"yards":0}],"00-0020524":[{"sequence":3,"clubcode":"OAK","playerName":"G.Warren","statId":79,"yards":0}],"0":[{"sequence":1,"clubcode":"NYJ","playerName":"","statId":7,"yards":0}]}},"527":{"sp":0,"qtr":1,"down":4,"time":"08:50","yrdln":"NYJ 48","ydstogo":4,"ydsnet":23,"posteam":"NYJ","desc":"(8:50) S.Weatherford punts 38 yards to OAK 14, Center-J.Dearth, downed by NYJ-W.Wright.","note":"PUNT","players":{"00-0024110":[{"sequence":1,"clubcode":"NYJ","playerName":"S.Weatherford","statId":29,"yards":38},{"sequence":2,"clubcode":"NYJ","playerName":"S.Weatherford","statId":30,"yards":0}],"0":[{"sequence":3,"clubcode":"OAK","playerName":"","statId":38,"yards":0}]}}},"fds":1,"result":"Punt","penyds":0,"ydsgained":23,"numplays":7,"postime":"2:44","start":{"qtr":1,"time":"11:27","yrdln":"NYJ 25","team":"NYJ"},"end":{"qtr":1,"time":"08:43","yrdln":"NYJ 48","team":"NYJ"}},"5":{"posteam":"OAK","qtr":1,"redzone":true,"plays":{"546":{"sp":0,"qtr":1,"down":1,"time":"08:43","yrdln":"OAK 14","ydstogo":10,"ydsnet":4,"posteam":"OAK","desc":"(8:43) M.Bush right end to OAK 18 for 4 yards (H.Green).","note":null,"players":{"00-0025487":[{"sequence":1,"clubcode":"OAK","playerName":"M.Bush","statId":10,"yards":4}],"00-0021099":[{"sequence":2,"clubcode":"NYJ","playerName":"H.Green","statId":79,"yards":0}]}},"567":{"sp":0,"qtr":1,"down":2,"time":"07:58","yrdln":"OAK 18","ydstogo":6,"ydsnet":3,"posteam":"OAK","desc":"(7:58) J.Russell pass short right to G.Russell to OAK 17 for -1 yards (J.Leonhard).","note":null,"players":{"00-0023287":[{"sequence":6,"clubcode":"NYJ","playerName":"J.Leonhard","statId":79,"yards":0},{"sequence":7,"clubcode":"NYJ","playerName":"J.Leonhard","statId":120,"yards":0}],"00-0025388":[{"sequence":1,"clubcode":"OAK","playerName":"J.Russell","statId":15,"yards":-1},{"sequence":2,"clubcode":"OAK","playerName":"J.Russell","statId":111,"yards":-3}],"00-0024846":[{"sequence":3,"clubcode":"OAK","playerName":"G.Russell","statId":21,"yards":-1},{"sequence":4,"clubcode":"OAK","playerName":"G.Russell","statId":115,"yards":0},{"sequence":5,"clubcode":"OAK","playerName":"G.Russell","statId":113,"yards":2}]}},"591":{"sp":0,"qtr":1,"down":3,"time":"07:12","yrdln":"OAK 17","ydstogo":7,"ydsnet":10,"posteam":"OAK","desc":"(7:12) (Shotgun) J.Russell pass short left to T.Watkins to OAK 24 for 7 yards (D.Strickland).","note":null,"players":{"00-0025388":[{"sequence":3,"clubcode":"OAK","playerName":"J.Russell","statId":15,"yards":7},{"sequence":4,"clubcode":"OAK","playerName":"J.Russell","statId":111,"yards":8}],"0":[{"sequence":1,"clubcode":"OAK","playerName":"","statId":4,"yards":0},{"sequence":2,"clubcode":"OAK","playerName":"","statId":6,"yards":0}],"00-0024432":[{"sequence":5,"clubcode":"OAK","playerName":"T.Watkins","statId":21,"yards":7},{"sequence":6,"clubcode":"OAK","playerName":"T.Watkins","statId":115,"yards":0},{"sequence":7,"clubcode":"OAK","playerName":"T.Watkins","statId":113,"yards":-1}],"00-0022158":[{"sequence":8,"clubcode":"NYJ","playerName":"D.Strickland","statId":79,"yards":0}]}},"615":{"sp":0,"qtr":1,"down":1,"time":"06:31","yrdln":"OAK 24","ydstogo":10,"ydsnet":34,"posteam":"OAK","desc":"(6:31) J.Russell pass deep middle to D.Heyward-Bey to OAK 48 for 24 yards (D.Lowery).","note":null,"players":{"00-0025388":[{"sequence":2,"clubcode":"OAK","playerName":"J.Russell","statId":15,"yards":24},{"sequence":3,"clubcode":"OAK","playerName":"J.Russell","statId":111,"yards":20}],"00-0026983":[{"sequence":4,"clubcode":"OAK","playerName":"D.Heyward-Bey","statId":21,"yards":24},{"sequence":5,"clubcode":"OAK","playerName":"D.Heyward-Bey","statId":115,"yards":0},{"sequence":6,"clubcode":"OAK","playerName":"D.Heyward-Bey","statId":113,"yards":4}],"0":[{"sequence":1,"clubcode":"OAK","playerName":"","statId":4,"yards":0}],"00-0026253":[{"sequence":7,"clubcode":"NYJ","playerName":"D.Lowery","statId":79,"yards":0}]}},"639":{"sp":0,"qtr":1,"down":1,"time":"05:49","yrdln":"OAK 48","ydstogo":10,"ydsnet":36,"posteam":"OAK","desc":"(5:49) (Shotgun) M.Bush up the middle to 50 for 2 yards (H.Green, S.Ellis).","note":null,"players":{"00-0019545":[{"sequence":3,"clubcode":"NYJ","playerName":"S.Ellis","statId":82,"yards":0}],"00-0025487":[{"sequence":1,"clubcode":"OAK","playerName":"M.Bush","statId":10,"yards":2}],"00-0021099":[{"sequence":2,"clubcode":"NYJ","playerName":"H.Green","statId":80,"yards":0}]}},"660":{"sp":0,"qtr":1,"down":2,"time":"05:11","yrdln":"50","ydstogo":8,"ydsnet":36,"posteam":"OAK","desc":"(5:11) J.Russell pass short right intended for Z.Miller INTERCEPTED by J.Leonhard (J.Leonhard) at OAK 48. J.Leonhard pushed ob at OAK 4 for 44 yards (Z.Miller).","note":"INT","players":{"00-0023287":[{"sequence":3,"clubcode":"NYJ","playerName":"J.Leonhard","statId":85,"yards":0},{"sequence":5,"clubcode":"NYJ","playerName":"J.Leonhard","statId":25,"yards":44},{"sequence":6,"clubcode":"NYJ","playerName":"J.Leonhard","statId":85,"yards":0}],"00-0025425":[{"sequence":2,"clubcode":"OAK","playerName":"Z.Miller","statId":115,"yards":0},{"sequence":7,"clubcode":"OAK","playerName":"Z.Miller","statId":79,"yards":0}],"00-0025388":[{"sequence":1,"clubcode":"OAK","playerName":"J.Russell","statId":19,"yards":0},{"sequence":4,"clubcode":"OAK","playerName":"J.Russell","statId":112,"yards":-2}]}}},"fds":2,"result":"Interception","penyds":0,"ydsgained":36,"numplays":6,"postime":"3:42","start":{"qtr":1,"time":"08:43","yrdln":"OAK 14","team":"OAK"},"end":{"qtr":1,"time":"05:01","yrdln":"50","team":"OAK"}},"6":{"posteam":"NYJ","qtr":1,"redzone":true,"plays":{"692":{"sp":0,"qtr":1,"down":1,"time":"05:01","yrdln":"OAK 4","ydstogo":4,"ydsnet":4,"posteam":"NYJ","desc":"(5:01) T.Jones right tackle to OAK 3 for 1 yard (N.Asomugha).","note":null,"players":{"00-0019641":[{"sequence":1,"clubcode":"NYJ","playerName":"T.Jones","statId":10,"yards":1}],"00-0022077":[{"sequence":2,"clubcode":"OAK","playerName":"N.Asomugha","statId":79,"yards":0}]}},"713":{"sp":1,"qtr":1,"down":2,"time":"04:24","yrdln":"OAK 3","ydstogo":3,"ydsnet":4,"posteam":"NYJ","desc":"(4:24) (Shotgun) M.Sanchez up the middle for 3 yards, TOUCHDOWN.","note":"TD","players":{"00-0026898":[{"sequence":2,"clubcode":"NYJ","playerName":"M.Sanchez","statId":11,"yards":3}],"0":[{"sequence":1,"clubcode":"NYJ","playerName":"","statId":3,"yards":0}]}},"735":{"sp":1,"qtr":1,"down":0,"time":"04:20","yrdln":"OAK 2","ydstogo":0,"ydsnet":4,"posteam":"NYJ","desc":"J.Feely extra point is GOOD, Center-J.Dearth, Holder-K.Clemens.","note":"XP","players":{"00-0019770":[{"sequence":1,"clubcode":"NYJ","playerName":"J.Feely","statId":72,"yards":0}]}}},"fds":1,"result":"Touchdown","penyds":0,"ydsgained":4,"numplays":3,"postime":"0:41","start":{"qtr":1,"time":"05:01","yrdln":"OAK 4","team":"NYJ"},"end":{"qtr":1,"time":"04:20","yrdln":"OAK 3","team":"NYJ"}},"7":{"posteam":"OAK","qtr":1,"redzone":true,"plays":{"751":{"sp":0,"qtr":1,"down":0,"time":"04:20","yrdln":"NYJ 30","ydstogo":0,"ydsnet":0,"posteam":"NYJ","desc":"J.Feely kicks 70 yards from NYJ 30 to end zone, Touchback.","note":"KICKOFF","players":{"00-0019770":[{"sequence":1,"clubcode":"NYJ","playerName":"J.Feely","statId":44,"yards":70}],"0":[{"sequence":2,"clubcode":"OAK","playerName":"","statId":51,"yards":0}]}},"767":{"sp":0,"qtr":1,"down":1,"time":"04:20","yrdln":"OAK 20","ydstogo":10,"ydsnet":0,"posteam":"OAK","desc":"(4:20) J.Fargas left tackle to OAK 20 for no gain (H.Green).","note":null,"players":{"00-0022093":[{"sequence":1,"clubcode":"OAK","playerName":"J.Fargas","statId":10,"yards":0}],"00-0021099":[{"sequence":2,"clubcode":"NYJ","playerName":"H.Green","statId":79,"yards":0}]}},"791":{"sp":0,"qtr":1,"down":2,"time":"03:44","yrdln":"OAK 20","ydstogo":10,"ydsnet":0,"posteam":"OAK","desc":"(3:44) J.Russell pass incomplete deep left to D.Heyward-Bey.","note":null,"players":{"00-0025388":[{"sequence":1,"clubcode":"OAK","playerName":"J.Russell","statId":14,"yards":0},{"sequence":3,"clubcode":"OAK","playerName":"J.Russell","statId":112,"yards":50}],"00-0026983":[{"sequence":2,"clubcode":"OAK","playerName":"D.Heyward-Bey","statId":115,"yards":0}]}},"813":{"sp":0,"qtr":1,"down":3,"time":"03:36","yrdln":"OAK 20","ydstogo":10,"ydsnet":47,"posteam":"OAK","desc":"(3:36) (Shotgun) J.Russell pass short left to T.Stewart pushed ob at OAK 39 for 19 yards (K.Rhodes). OAK-T.Stewart was injured during the play. His return is Questionable.","note":null,"players":{"00-0025388":[{"sequence":3,"clubcode":"OAK","playerName":"J.Russell","statId":15,"yards":19},{"sequence":4,"clubcode":"OAK","playerName":"J.Russell","statId":111,"yards":4}],"0":[{"sequence":1,"clubcode":"OAK","playerName":"","statId":4,"yards":0},{"sequence":2,"clubcode":"OAK","playerName":"","statId":6,"yards":0}],"00-0023557":[{"sequence":8,"clubcode":"NYJ","playerName":"K.Rhodes","statId":79,"yards":0}],"00-0020268":[{"sequence":5,"clubcode":"OAK","playerName":"T.Stewart","statId":21,"yards":19},{"sequence":6,"clubcode":"OAK","playerName":"T.Stewart","statId":115,"yards":0},{"sequence":7,"clubcode":"OAK","playerName":"T.Stewart","statId":113,"yards":15}]}},"842":{"sp":0,"qtr":1,"down":1,"time":"03:15","yrdln":"OAK 39","ydstogo":10,"ydsnet":36,"posteam":"OAK","desc":"(3:15) J.Fargas right tackle to NYJ 44 for 17 yards (D.Lowery).","note":null,"players":{"00-0022093":[{"sequence":2,"clubcode":"OAK","playerName":"J.Fargas","statId":10,"yards":17}],"0":[{"sequence":1,"clubcode":"OAK","playerName":"","statId":3,"yards":0}],"00-0026253":[{"sequence":3,"clubcode":"NYJ","playerName":"D.Lowery","statId":79,"yards":0}]}},"867":{"sp":0,"qtr":1,"down":1,"time":"03:15","yrdln":"NYJ 44","ydstogo":10,"ydsnet":45,"posteam":"OAK","desc":"(3:15) (No Huddle) J.Fargas right end to NYJ 35 for 9 yards (D.Harris).","note":null,"players":{"00-0025434":[{"sequence":2,"clubcode":"NYJ","playerName":"D.Harris","statId":79,"yards":0}],"00-0022093":[{"sequence":1,"clubcode":"OAK","playerName":"J.Fargas","statId":10,"yards":9}]}},"888":{"sp":0,"qtr":1,"down":2,"time":"02:10","yrdln":"NYJ 35","ydstogo":1,"ydsnet":47,"posteam":"OAK","desc":"(2:10) G.Russell up the middle to NYJ 33 for 2 yards (S.Pouha, V.Gholston).","note":null,"players":{"00-0023523":[{"sequence":3,"clubcode":"NYJ","playerName":"S.Pouha","statId":80,"yards":0}],"00-0026146":[{"sequence":4,"clubcode":"NYJ","playerName":"V.Gholston","statId":82,"yards":0}],"00-0024846":[{"sequence":2,"clubcode":"OAK","playerName":"G.Russell","statId":10,"yards":2}],"0":[{"sequence":1,"clubcode":"OAK","playerName":"","statId":3,"yards":0}]}},"909":{"sp":0,"qtr":1,"down":1,"time":"01:32","yrdln":"NYJ 33","ydstogo":10,"ydsnet":47,"posteam":"OAK","desc":"(1:32) J.Russell pass deep middle intended for T.Watkins INTERCEPTED by D.Revis at NYJ -5. Touchback.","note":"INT","players":{"00-0025388":[{"sequence":1,"clubcode":"OAK","playerName":"J.Russell","statId":19,"yards":0},{"sequence":3,"clubcode":"OAK","playerName":"J.Russell","statId":112,"yards":33}],"00-0025401":[{"sequence":4,"clubcode":"NYJ","playerName":"D.Revis","statId":25,"yards":0},{"sequence":5,"clubcode":"NYJ","playerName":"D.Revis","statId":85,"yards":0}],"00-0024432":[{"sequence":2,"clubcode":"OAK","playerName":"T.Watkins","statId":115,"yards":0}]}}},"fds":3,"result":"Interception","penyds":0,"ydsgained":47,"numplays":8,"postime":"2:56","start":{"qtr":1,"time":"04:20","yrdln":"OAK 20","team":"OAK"},"end":{"qtr":1,"time":"01:24","yrdln":"NYJ 33","team":"OAK"}},"8":{"posteam":"NYJ","qtr":2,"redzone":true,"plays":{"931":{"sp":0,"qtr":1,"down":1,"time":"01:24","yrdln":"NYJ 20","ydstogo":10,"ydsnet":0,"posteam":"NYJ","desc":"(1:24) M.Sanchez pass incomplete deep right to D.Keller.","note":null,"players":{"00-0026170":[{"sequence":2,"clubcode":"NYJ","playerName":"D.Keller","statId":115,"yards":0}],"00-0026898":[{"sequence":1,"clubcode":"NYJ","playerName":"M.Sanchez","statId":14,"yards":0},{"sequence":3,"clubcode":"NYJ","playerName":"M.Sanchez","statId":112,"yards":35}]}},"953":{"sp":0,"qtr":1,"down":2,"time":"01:18","yrdln":"NYJ 20","ydstogo":10,"ydsnet":3,"posteam":"NYJ","desc":"(1:18) (No Huddle) T.Jones right tackle to NYJ 23 for 3 yards (K.Morrison).","note":null,"players":{"00-0019641":[{"sequence":1,"clubcode":"NYJ","playerName":"T.Jones","statId":10,"yards":3}],"00-0023513":[{"sequence":2,"clubcode":"OAK","playerName":"K.Morrison","statId":79,"yards":0}]}},"974":{"sp":0,"qtr":1,"down":3,"time":"00:39","yrdln":"NYJ 23","ydstogo":7,"ydsnet":3,"posteam":"NYJ","desc":"(:39) (No Huddle, Shotgun) M.Sanchez pass incomplete short left to D.Keller.","note":null,"players":{"00-0026170":[{"sequence":3,"clubcode":"NYJ","playerName":"D.Keller","statId":115,"yards":0}],"00-0026898":[{"sequence":2,"clubcode":"NYJ","playerName":"M.Sanchez","statId":14,"yards":0},{"sequence":4,"clubcode":"NYJ","playerName":"M.Sanchez","statId":112,"yards":12}],"0":[{"sequence":1,"clubcode":"NYJ","playerName":"","statId":7,"yards":0}]}},"996":{"sp":0,"qtr":1,"down":4,"time":"00:34","yrdln":"NYJ 23","ydstogo":7,"ydsnet":19,"posteam":"NYJ","desc":"(:34) (Punt formation) S.Weatherford up the middle to NYJ 39 for 16 yards (I.Ekejiuba).","note":null,"players":{"00-0024110":[{"sequence":3,"clubcode":"NYJ","playerName":"S.Weatherford","statId":10,"yards":16}],"0":[{"sequence":1,"clubcode":"NYJ","playerName":"","statId":3,"yards":0},{"sequence":2,"clubcode":"NYJ","playerName":"","statId":8,"yards":0}],"00-0023313":[{"sequence":4,"clubcode":"OAK","playerName":"I.Ekejiuba","statId":79,"yards":0}]}},"1022":{"sp":0,"qtr":1,"down":0,"time":"","yrdln":"","ydstogo":0,"ydsnet":19,"posteam":"","desc":"END QUARTER 1","note":null,"players":{}},"1039":{"sp":0,"qtr":2,"down":1,"time":"15:00","yrdln":"NYJ 39","ydstogo":10,"ydsnet":23,"posteam":"NYJ","desc":"(15:00) T.Jones right end to NYJ 43 for 4 yards (T.Howard, K.Morrison).","note":null,"players":{"00-0019641":[{"sequence":1,"clubcode":"NYJ","playerName":"T.Jones","statId":10,"yards":4}],"00-0023513":[{"sequence":3,"clubcode":"OAK","playerName":"K.Morrison","statId":82,"yards":0}],"00-0024253":[{"sequence":2,"clubcode":"OAK","playerName":"T.Howard","statId":80,"yards":0}]}},"1060":{"sp":0,"qtr":2,"down":2,"time":"14:24","yrdln":"NYJ 43","ydstogo":6,"ydsnet":25,"posteam":"NYJ","desc":"(14:24) T.Jones right end pushed ob at NYJ 45 for 2 yards (K.Morrison).","note":null,"players":{"00-0019641":[{"sequence":1,"clubcode":"NYJ","playerName":"T.Jones","statId":10,"yards":2}],"00-0023513":[{"sequence":2,"clubcode":"OAK","playerName":"K.Morrison","statId":79,"yards":0}]}},"1086":{"sp":0,"qtr":2,"down":3,"time":"13:56","yrdln":"NYJ 45","ydstogo":4,"ydsnet":25,"posteam":"NYJ","desc":"(13:56) M.Sanchez pass incomplete short middle to B.Edwards (C.Johnson).","note":null,"players":{"00-0021949":[{"sequence":4,"clubcode":"OAK","playerName":"C.Johnson","statId":85,"yards":0}],"00-0026898":[{"sequence":2,"clubcode":"NYJ","playerName":"M.Sanchez","statId":14,"yards":0},{"sequence":5,"clubcode":"NYJ","playerName":"M.Sanchez","statId":112,"yards":5}],"0":[{"sequence":1,"clubcode":"NYJ","playerName":"","statId":7,"yards":0}],"00-0023438":[{"sequence":3,"clubcode":"NYJ","playerName":"B.Edwards","statId":115,"yards":0}]}},"1108":{"sp":0,"qtr":2,"down":4,"time":"13:52","yrdln":"NYJ 45","ydstogo":4,"ydsnet":25,"posteam":"NYJ","desc":"(13:52) S.Weatherford punts 45 yards to OAK 10, Center-J.Dearth, fair catch by J.Higgins.","note":"PUNT","players":{"00-0025486":[{"sequence":3,"clubcode":"OAK","playerName":"J.Higgins","statId":39,"yards":0}],"00-0024110":[{"sequence":1,"clubcode":"NYJ","playerName":"S.Weatherford","statId":29,"yards":45},{"sequence":2,"clubcode":"NYJ","playerName":"S.Weatherford","statId":30,"yards":0}]}}},"fds":1,"result":"Punt","penyds":0,"ydsgained":25,"numplays":9,"postime":"2:38","start":{"qtr":1,"time":"01:24","yrdln":"NYJ 20","team":"NYJ"},"end":{"qtr":1,"time":"13:46","yrdln":"NYJ 45","team":"NYJ"}},"9":{"posteam":"OAK","qtr":2,"redzone":true,"plays":{"1128":{"sp":0,"qtr":2,"down":1,"time":"13:46","yrdln":"OAK 10","ydstogo":10,"ydsnet":35,"posteam":"OAK","desc":"(13:46) J.Fargas up the middle to OAK 45 for 35 yards (D.Lowery).","note":null,"players":{"00-0022093":[{"sequence":2,"clubcode":"OAK","playerName":"J.Fargas","statId":10,"yards":35}],"0":[{"sequence":1,"clubcode":"OAK","playerName":"","statId":3,"yards":0}],"00-0026253":[{"sequence":3,"clubcode":"NYJ","playerName":"D.Lowery","statId":79,"yards":0}]}},"1150":{"sp":0,"qtr":2,"down":1,"time":"13:08","yrdln":"OAK 45","ydstogo":10,"ydsnet":36,"posteam":"OAK","desc":"(13:08) J.Fargas up the middle to OAK 46 for 1 yard (M.Devito, S.Pouha).","note":null,"players":{"00-0023523":[{"sequence":3,"clubcode":"NYJ","playerName":"S.Pouha","statId":82,"yards":0}],"00-0025689":[{"sequence":2,"clubcode":"NYJ","playerName":"M.Devito","statId":80,"yards":0}],"00-0022093":[{"sequence":1,"clubcode":"OAK","playerName":"J.Fargas","statId":10,"yards":1}]}},"1171":{"sp":0,"qtr":2,"down":2,"time":"12:24","yrdln":"OAK 46","ydstogo":9,"ydsnet":40,"posteam":"OAK","desc":"(12:24) J.Russell pass short right to D.Heyward-Bey to 50 for 4 yards (D.Revis).","note":null,"players":{"00-0025388":[{"sequence":1,"clubcode":"OAK","playerName":"J.Russell","statId":15,"yards":4},{"sequence":2,"clubcode":"OAK","playerName":"J.Russell","statId":111,"yards":2}],"00-0025401":[{"sequence":6,"clubcode":"NYJ","playerName":"D.Revis","statId":79,"yards":0}],"00-0026983":[{"sequence":3,"clubcode":"OAK","playerName":"D.Heyward-Bey","statId":21,"yards":4},{"sequence":4,"clubcode":"OAK","playerName":"D.Heyward-Bey","statId":115,"yards":0},{"sequence":5,"clubcode":"OAK","playerName":"D.Heyward-Bey","statId":113,"yards":2}]}},"1195":{"sp":0,"qtr":2,"down":3,"time":"11:41","yrdln":"50","ydstogo":5,"ydsnet":40,"posteam":"OAK","desc":"(11:41) (Shotgun) J.Russell pass incomplete short middle to J.Higgins [M.Cole].","note":null,"players":{"00-0025486":[{"sequence":3,"clubcode":"OAK","playerName":"J.Higgins","statId":115,"yards":0}],"00-0025388":[{"sequence":2,"clubcode":"OAK","playerName":"J.Russell","statId":14,"yards":0},{"sequence":5,"clubcode":"OAK","playerName":"J.Russell","statId":112,"yards":15}],"0":[{"sequence":1,"clubcode":"OAK","playerName":"","statId":7,"yards":0}],"00-0024588":[{"sequence":4,"clubcode":"NYJ","playerName":"M.Cole","statId":110,"yards":0}]}},"1217":{"sp":0,"qtr":2,"down":4,"time":"11:33","yrdln":"50","ydstogo":5,"ydsnet":40,"posteam":"OAK","desc":"(11:33) S.Lechler punts 43 yards to NYJ 7, Center-J.Condo, downed by OAK-S.Williams.","note":"PUNT","players":{"00-0019714":[{"sequence":1,"clubcode":"OAK","playerName":"S.Lechler","statId":29,"yards":43},{"sequence":2,"clubcode":"OAK","playerName":"S.Lechler","statId":30,"yards":0}],"0":[{"sequence":3,"clubcode":"NYJ","playerName":"","statId":38,"yards":0}]}}},"fds":1,"result":"Punt","penyds":0,"ydsgained":40,"numplays":5,"postime":"2:24","start":{"qtr":2,"time":"13:46","yrdln":"OAK 10","team":"OAK"},"end":{"qtr":2,"time":"11:22","yrdln":"50","team":"OAK"}},"10":{"posteam":"NYJ","qtr":2,"redzone":true,"plays":{"1236":{"sp":0,"qtr":2,"down":1,"time":"11:22","yrdln":"NYJ 7","ydstogo":10,"ydsnet":3,"posteam":"NYJ","desc":"(11:22) S.Greene right end to NYJ 10 for 3 yards (M.Shaughnessy).","note":null,"players":{"00-0027045":[{"sequence":2,"clubcode":"OAK","playerName":"M.Shaughnessy","statId":79,"yards":0}],"00-0026899":[{"sequence":1,"clubcode":"NYJ","playerName":"S.Greene","statId":10,"yards":3}]}},"1258":{"sp":0,"qtr":2,"down":2,"time":"10:42","yrdln":"NYJ 10","ydstogo":7,"ydsnet":5,"posteam":"NYJ","desc":"(10:42) S.Greene left tackle to NYJ 12 for 2 yards (T.Kelly; K.Morrison).","note":null,"players":{"00-0023513":[{"sequence":3,"clubcode":"OAK","playerName":"K.Morrison","statId":82,"yards":0}],"00-0022539":[{"sequence":2,"clubcode":"OAK","playerName":"T.Kelly","statId":82,"yards":0}],"00-0026899":[{"sequence":1,"clubcode":"NYJ","playerName":"S.Greene","statId":10,"yards":2}]}},"1279":{"sp":0,"qtr":2,"down":0,"time":"10:08","yrdln":"","ydstogo":0,"ydsnet":5,"posteam":"","desc":"Timeout #1 by OAK at 10:08.","note":"TIMEOUT","players":{"0":[{"sequence":1,"clubcode":"OAK","playerName":"","statId":68,"yards":0}]}},"1296":{"sp":0,"qtr":2,"down":3,"time":"10:08","yrdln":"NYJ 12","ydstogo":5,"ydsnet":19,"posteam":"NYJ","desc":"(10:08) M.Sanchez pass short middle to D.Clowney to NYJ 26 for 14 yards (M.Huff).","note":null,"players":{"00-0025544":[{"sequence":5,"clubcode":"NYJ","playerName":"D.Clowney","statId":21,"yards":14},{"sequence":6,"clubcode":"NYJ","playerName":"D.Clowney","statId":115,"yards":0},{"sequence":7,"clubcode":"NYJ","playerName":"D.Clowney","statId":113,"yards":0}],"00-0024222":[{"sequence":8,"clubcode":"OAK","playerName":"M.Huff","statId":79,"yards":0}],"00-0026898":[{"sequence":3,"clubcode":"NYJ","playerName":"M.Sanchez","statId":15,"yards":14},{"sequence":4,"clubcode":"NYJ","playerName":"M.Sanchez","statId":111,"yards":14}],"0":[{"sequence":1,"clubcode":"NYJ","playerName":"","statId":4,"yards":0},{"sequence":2,"clubcode":"NYJ","playerName":"","statId":6,"yards":0}]}},"1321":{"sp":0,"qtr":2,"down":1,"time":"09:27","yrdln":"NYJ 26","ydstogo":10,"ydsnet":26,"posteam":"NYJ","desc":"(9:27) T.Jones up the middle to NYJ 33 for 7 yards (T.Howard).","note":null,"players":{"00-0019641":[{"sequence":1,"clubcode":"NYJ","playerName":"T.Jones","statId":10,"yards":7}],"00-0024253":[{"sequence":2,"clubcode":"OAK","playerName":"T.Howard","statId":79,"yards":0}]}},"1342":{"sp":0,"qtr":2,"down":2,"time":"08:55","yrdln":"NYJ 33","ydstogo":3,"ydsnet":35,"posteam":"NYJ","desc":"(8:55) T.Jones right tackle to NYJ 42 for 9 yards (D.Bryant).","note":null,"players":{"00-0019641":[{"sequence":2,"clubcode":"NYJ","playerName":"T.Jones","statId":10,"yards":9}],"00-0026533":[{"sequence":3,"clubcode":"OAK","playerName":"D.Bryant","statId":79,"yards":0}],"0":[{"sequence":1,"clubcode":"NYJ","playerName":"","statId":3,"yards":0}]}},"1363":{"sp":0,"qtr":2,"down":0,"time":"08:12","yrdln":"","ydstogo":0,"ydsnet":35,"posteam":"","desc":"Timeout #1 by NYJ at 08:12.","note":"TIMEOUT","players":{"0":[{"sequence":1,"clubcode":"NYJ","playerName":"","statId":68,"yards":0}]}},"1380":{"sp":0,"qtr":2,"down":1,"time":"08:12","yrdln":"NYJ 42","ydstogo":10,"ydsnet":49,"posteam":"NYJ","desc":"(8:12) M.Sanchez pass short middle to B.Edwards to OAK 44 for 14 yards (Team).","note":null,"players":{"00-0026898":[{"sequence":2,"clubcode":"NYJ","playerName":"M.Sanchez","statId":15,"yards":14},{"sequence":3,"clubcode":"NYJ","playerName":"M.Sanchez","statId":111,"yards":8}],"0":[{"sequence":1,"clubcode":"NYJ","playerName":"","statId":4,"yards":0},{"sequence":7,"clubcode":"OAK","playerName":"Team","statId":79,"yards":0}],"00-0023438":[{"sequence":4,"clubcode":"NYJ","playerName":"B.Edwards","statId":21,"yards":14},{"sequence":5,"clubcode":"NYJ","playerName":"B.Edwards","statId":115,"yards":0},{"sequence":6,"clubcode":"NYJ","playerName":"B.Edwards","statId":113,"yards":6}]}},"1405":{"sp":0,"qtr":2,"down":1,"time":"07:32","yrdln":"OAK 44","ydstogo":10,"ydsnet":51,"posteam":"NYJ","desc":"(7:32) T.Jones right end to OAK 42 for 2 yards (T.Branch). FUMBLES (T.Branch), ball out of bounds at OAK 42.","note":"FUMBLE","players":{"00-0019641":[{"sequence":1,"clubcode":"NYJ","playerName":"T.Jones","statId":10,"yards":2},{"sequence":3,"clubcode":"NYJ","playerName":"T.Jones","statId":52,"yards":0},{"sequence":4,"clubcode":"NYJ","playerName":"T.Jones","statId":54,"yards":0}],"00-0026240":[{"sequence":2,"clubcode":"OAK","playerName":"T.Branch","statId":79,"yards":0},{"sequence":5,"clubcode":"OAK","playerName":"T.Branch","statId":91,"yards":0}]}},"1434":{"sp":0,"qtr":2,"down":2,"time":"06:59","yrdln":"OAK 42","ydstogo":8,"ydsnet":54,"posteam":"NYJ","desc":"(6:59) T.Jones up the middle to OAK 39 for 3 yards (M.Shaughnessy, D.Bryant).","note":null,"players":{"00-0019641":[{"sequence":1,"clubcode":"NYJ","playerName":"T.Jones","statId":10,"yards":3}],"00-0026533":[{"sequence":3,"clubcode":"OAK","playerName":"D.Bryant","statId":82,"yards":0}],"00-0027045":[{"sequence":2,"clubcode":"OAK","playerName":"M.Shaughnessy","statId":80,"yards":0}]}},"1455":{"sp":0,"qtr":2,"down":3,"time":"06:24","yrdln":"OAK 39","ydstogo":5,"ydsnet":59,"posteam":"NYJ","desc":"(6:24) M.Sanchez pass incomplete short right [G.Ellis]. PENALTY on OAK-S.Routt, Defensive Holding, 5 yards, enforced at OAK 39 - No Play.","note":"PENALTY","players":{"0":[{"sequence":1,"clubcode":"NYJ","playerName":"","statId":5,"yards":0}],"00-0023473":[{"sequence":2,"clubcode":"OAK","playerName":"S.Routt","statId":93,"yards":5}]}},"1497":{"sp":0,"qtr":2,"down":1,"time":"06:20","yrdln":"OAK 34","ydstogo":10,"ydsnet":85,"posteam":"NYJ","desc":"(6:20) S.Greene right end pushed ob at OAK 8 for 26 yards (M.Huff).","note":null,"players":{"00-0024222":[{"sequence":3,"clubcode":"OAK","playerName":"M.Huff","statId":79,"yards":0}],"0":[{"sequence":1,"clubcode":"NYJ","playerName":"","statId":3,"yards":0}],"00-0026899":[{"sequence":2,"clubcode":"NYJ","playerName":"S.Greene","statId":10,"yards":26}]}},"1518":{"sp":1,"qtr":2,"down":1,"time":"05:56","yrdln":"OAK 8","ydstogo":8,"ydsnet":93,"posteam":"NYJ","desc":"(5:56) S.Greene left guard for 8 yards, TOUCHDOWN.","note":"TD","players":{"0":[{"sequence":1,"clubcode":"NYJ","playerName":"","statId":3,"yards":0}],"00-0026899":[{"sequence":2,"clubcode":"NYJ","playerName":"S.Greene","statId":11,"yards":8}]}},"1535":{"sp":1,"qtr":2,"down":0,"time":"05:51","yrdln":"OAK 2","ydstogo":0,"ydsnet":93,"posteam":"NYJ","desc":"J.Feely extra point is GOOD, Center-J.Dearth, Holder-K.Clemens.","note":"XP","players":{"00-0019770":[{"sequence":1,"clubcode":"NYJ","playerName":"J.Feely","statId":72,"yards":0}]}}},"fds":6,"result":"Touchdown","penyds":5,"ydsgained":88,"numplays":14,"postime":"5:31","start":{"qtr":2,"time":"11:22","yrdln":"NYJ 7","team":"NYJ"},"end":{"qtr":2,"time":"05:51","yrdln":"OAK 8","team":"NYJ"}},"11":{"posteam":"OAK","qtr":2,"redzone":true,"plays":{"1551":{"sp":0,"qtr":2,"down":0,"time":"05:51","yrdln":"NYJ 30","ydstogo":0,"ydsnet":0,"posteam":"NYJ","desc":"J.Feely kicks 61 yards from NYJ 30 to OAK 9. J.Holland to OAK 26 for 17 yards (D.Woodhead).","note":"KICKOFF","players":{"00-0025641":[{"sequence":2,"clubcode":"OAK","playerName":"J.Holland","statId":45,"yards":17}],"00-0019770":[{"sequence":1,"clubcode":"NYJ","playerName":"J.Feely","statId":41,"yards":61}],"00-0026019":[{"sequence":3,"clubcode":"NYJ","playerName":"D.Woodhead","statId":79,"yards":0}]}},"1584":{"sp":0,"qtr":2,"down":0,"time":"","yrdln":"","ydstogo":0,"ydsnet":0,"posteam":"","desc":"#5 B. Gradkowski in at Quarterback","note":null,"players":{}},"1573":{"sp":0,"qtr":2,"down":1,"time":"05:45","yrdln":"OAK 26","ydstogo":10,"ydsnet":0,"posteam":"OAK","desc":"(5:45) B.Gradkowski pass incomplete deep right to L.Murphy (D.Revis).","note":null,"players":{"00-0024408":[{"sequence":1,"clubcode":"OAK","playerName":"B.Gradkowski","statId":14,"yards":0},{"sequence":4,"clubcode":"OAK","playerName":"B.Gradkowski","statId":112,"yards":34}],"00-0025401":[{"sequence":3,"clubcode":"NYJ","playerName":"D.Revis","statId":85,"yards":0}],"00-0027089":[{"sequence":2,"clubcode":"OAK","playerName":"L.Murphy","statId":115,"yards":0}]}},"1600":{"sp":0,"qtr":2,"down":2,"time":"05:38","yrdln":"OAK 26","ydstogo":10,"ydsnet":0,"posteam":"OAK","desc":"(5:38) B.Gradkowski pass incomplete short left to G.Russell (C.Pace).","note":null,"players":{"00-0024408":[{"sequence":1,"clubcode":"OAK","playerName":"B.Gradkowski","statId":14,"yards":0},{"sequence":4,"clubcode":"OAK","playerName":"B.Gradkowski","statId":112,"yards":-1}],"00-0024846":[{"sequence":2,"clubcode":"OAK","playerName":"G.Russell","statId":115,"yards":0}],"00-0022120":[{"sequence":3,"clubcode":"NYJ","playerName":"C.Pace","statId":85,"yards":0}]}},"1624":{"sp":0,"qtr":2,"down":3,"time":"05:35","yrdln":"OAK 26","ydstogo":10,"ydsnet":7,"posteam":"OAK","desc":"(5:35) (Shotgun) B.Gradkowski pass short right to Z.Miller pushed ob at OAK 33 for 7 yards (D.Harris).","note":null,"players":{"00-0025434":[{"sequence":7,"clubcode":"NYJ","playerName":"D.Harris","statId":79,"yards":0}],"00-0025425":[{"sequence":4,"clubcode":"OAK","playerName":"Z.Miller","statId":21,"yards":7},{"sequence":5,"clubcode":"OAK","playerName":"Z.Miller","statId":115,"yards":0},{"sequence":6,"clubcode":"OAK","playerName":"Z.Miller","statId":113,"yards":2}],"00-0024408":[{"sequence":2,"clubcode":"OAK","playerName":"B.Gradkowski","statId":15,"yards":7},{"sequence":3,"clubcode":"OAK","playerName":"B.Gradkowski","statId":111,"yards":5}],"0":[{"sequence":1,"clubcode":"OAK","playerName":"","statId":7,"yards":0}]}},"1653":{"sp":0,"qtr":2,"down":4,"time":"05:27","yrdln":"OAK 33","ydstogo":3,"ydsnet":7,"posteam":"OAK","desc":"(5:27) S.Lechler punts 61 yards to NYJ 6, Center-J.Condo. J.Leonhard to NYJ 6 for no gain. PENALTY on NYJ-B.Hartsock, Offensive Holding, 3 yards, enforced at NYJ 6.","note":"PUNT","players":{"00-0023287":[{"sequence":2,"clubcode":"NYJ","playerName":"J.Leonhard","statId":33,"yards":0}],"00-0022847":[{"sequence":4,"clubcode":"NYJ","playerName":"B.Hartsock","statId":93,"yards":3}],"00-0019714":[{"sequence":1,"clubcode":"OAK","playerName":"S.Lechler","statId":29,"yards":61},{"sequence":3,"clubcode":"OAK","playerName":"S.Lechler","statId":30,"yards":0}]}}},"fds":0,"result":"Punt","penyds":0,"ydsgained":7,"numplays":6,"postime":"0:37","start":{"qtr":2,"time":"05:51","yrdln":"OAK 26","team":"OAK"},"end":{"qtr":2,"time":"05:14","yrdln":"OAK 33","team":"OAK"}},"12":{"posteam":"NYJ","qtr":2,"redzone":true,"plays":{"1704":{"sp":0,"qtr":2,"down":1,"time":"05:14","yrdln":"NYJ 3","ydstogo":10,"ydsnet":76,"posteam":"NYJ","desc":"(5:14) T.Jones right tackle to NYJ 9 for 6 yards (K.Morrison).","note":null,"players":{"00-0019641":[{"sequence":1,"clubcode":"NYJ","playerName":"T.Jones","statId":10,"yards":6}],"00-0023513":[{"sequence":2,"clubcode":"OAK","playerName":"K.Morrison","statId":79,"yards":0}]}},"1725":{"sp":0,"qtr":2,"down":2,"time":"04:39","yrdln":"NYJ 9","ydstogo":4,"ydsnet":14,"posteam":"NYJ","desc":"(4:39) T.Jones right tackle to NYJ 17 for 8 yards (T.Branch).","note":null,"players":{"00-0019641":[{"sequence":2,"clubcode":"NYJ","playerName":"T.Jones","statId":10,"yards":8}],"0":[{"sequence":1,"clubcode":"NYJ","playerName":"","statId":3,"yards":0}],"00-0026240":[{"sequence":3,"clubcode":"OAK","playerName":"T.Branch","statId":79,"yards":0}]}},"1746":{"sp":0,"qtr":2,"down":1,"time":"04:03","yrdln":"NYJ 17","ydstogo":10,"ydsnet":15,"posteam":"NYJ","desc":"(4:03) T.Jones right tackle to NYJ 18 for 1 yard (T.Branch).","note":null,"players":{"00-0019641":[{"sequence":1,"clubcode":"NYJ","playerName":"T.Jones","statId":10,"yards":1}],"00-0026240":[{"sequence":2,"clubcode":"OAK","playerName":"T.Branch","statId":79,"yards":0}]}},"1767":{"sp":0,"qtr":2,"down":2,"time":"03:24","yrdln":"NYJ 18","ydstogo":9,"ydsnet":41,"posteam":"NYJ","desc":"(3:24) M.Sanchez pass short left to D.Keller to NYJ 44 for 26 yards (M.Huff).","note":null,"players":{"00-0026170":[{"sequence":4,"clubcode":"NYJ","playerName":"D.Keller","statId":21,"yards":26},{"sequence":5,"clubcode":"NYJ","playerName":"D.Keller","statId":115,"yards":0},{"sequence":6,"clubcode":"NYJ","playerName":"D.Keller","statId":113,"yards":22}],"00-0024222":[{"sequence":7,"clubcode":"OAK","playerName":"M.Huff","statId":79,"yards":0}],"00-0026898":[{"sequence":2,"clubcode":"NYJ","playerName":"M.Sanchez","statId":15,"yards":26},{"sequence":3,"clubcode":"NYJ","playerName":"M.Sanchez","statId":111,"yards":4}],"0":[{"sequence":1,"clubcode":"NYJ","playerName":"","statId":4,"yards":0}]}},"1791":{"sp":0,"qtr":2,"down":1,"time":"02:39","yrdln":"NYJ 44","ydstogo":10,"ydsnet":52,"posteam":"NYJ","desc":"(2:39) (No Huddle) S.Greene right tackle to OAK 45 for 11 yards (M.Huff).","note":null,"players":{"00-0024222":[{"sequence":3,"clubcode":"OAK","playerName":"M.Huff","statId":79,"yards":0}],"0":[{"sequence":1,"clubcode":"NYJ","playerName":"","statId":3,"yards":0}],"00-0026899":[{"sequence":2,"clubcode":"NYJ","playerName":"S.Greene","statId":10,"yards":11}]}},"1812":{"sp":0,"qtr":2,"down":0,"time":"02:03","yrdln":"","ydstogo":0,"ydsnet":52,"posteam":"","desc":"Two-Minute Warning","note":null,"players":{}},"1829":{"sp":0,"qtr":2,"down":1,"time":"02:00","yrdln":"OAK 45","ydstogo":10,"ydsnet":76,"posteam":"NYJ","desc":"(2:00) S.Greene right tackle to OAK 39 for 6 yards (K.Morrison).","note":null,"players":{"00-0023513":[{"sequence":2,"clubcode":"OAK","playerName":"K.Morrison","statId":79,"yards":0}],"00-0026899":[{"sequence":1,"clubcode":"NYJ","playerName":"S.Greene","statId":10,"yards":6}]}},"1851":{"sp":0,"qtr":2,"down":2,"time":"01:28","yrdln":"OAK 39","ydstogo":4,"ydsnet":63,"posteam":"NYJ","desc":"(1:28) S.Greene right end pushed ob at OAK 38 for 1 yard (T.Branch).","note":null,"players":{"00-0026240":[{"sequence":2,"clubcode":"OAK","playerName":"T.Branch","statId":79,"yards":0}],"00-0026899":[{"sequence":1,"clubcode":"NYJ","playerName":"S.Greene","statId":10,"yards":1}]}},"1877":{"sp":0,"qtr":2,"down":3,"time":"01:16","yrdln":"OAK 38","ydstogo":3,"ydsnet":63,"posteam":"NYJ","desc":"(1:16) T.Jones right end to OAK 34 for 4 yards (Team).","note":null,"players":{"00-0019641":[{"sequence":3,"clubcode":"NYJ","playerName":"T.Jones","statId":10,"yards":4}],"0":[{"sequence":1,"clubcode":"NYJ","playerName":"","statId":3,"yards":0},{"sequence":2,"clubcode":"NYJ","playerName":"","statId":6,"yards":0},{"sequence":4,"clubcode":"OAK","playerName":"Team","statId":79,"yards":0}]}},"1898":{"sp":0,"qtr":2,"down":0,"time":"01:15","yrdln":"","ydstogo":0,"ydsnet":63,"posteam":"","desc":"Timeout #2 by NYJ at 01:15.","note":"TIMEOUT","players":{"0":[{"sequence":1,"clubcode":"NYJ","playerName":"","statId":68,"yards":0}]}},"1915":{"sp":0,"qtr":2,"down":1,"time":"01:15","yrdln":"OAK 34","ydstogo":10,"ydsnet":67,"posteam":"NYJ","desc":"(1:15) S.Greene left end to OAK 30 for 4 yards (T.Howard).","note":null,"players":{"00-0024253":[{"sequence":2,"clubcode":"OAK","playerName":"T.Howard","statId":79,"yards":0}],"00-0026899":[{"sequence":1,"clubcode":"NYJ","playerName":"S.Greene","statId":10,"yards":4}]}},"1937":{"sp":0,"qtr":2,"down":2,"time":"00:51","yrdln":"OAK 30","ydstogo":6,"ydsnet":69,"posteam":"NYJ","desc":"(:51) (No Huddle) S.Greene left tackle to OAK 28 for 2 yards (D.Bryant).","note":null,"players":{"00-0026533":[{"sequence":2,"clubcode":"OAK","playerName":"D.Bryant","statId":79,"yards":0}],"00-0026899":[{"sequence":1,"clubcode":"NYJ","playerName":"S.Greene","statId":10,"yards":2}]}},"1958":{"sp":0,"qtr":2,"down":3,"time":"00:12","yrdln":"OAK 28","ydstogo":4,"ydsnet":76,"posteam":"NYJ","desc":"(:12) (No Huddle) M.Sanchez pass short right to W.Wright ran ob at OAK 21 for 7 yards.","note":null,"players":{"00-0024171":[{"sequence":5,"clubcode":"NYJ","playerName":"W.Wright","statId":21,"yards":7},{"sequence":6,"clubcode":"NYJ","playerName":"W.Wright","statId":115,"yards":0},{"sequence":7,"clubcode":"NYJ","playerName":"W.Wright","statId":113,"yards":2}],"00-0026898":[{"sequence":3,"clubcode":"NYJ","playerName":"M.Sanchez","statId":15,"yards":7},{"sequence":4,"clubcode":"NYJ","playerName":"M.Sanchez","statId":111,"yards":5}],"0":[{"sequence":1,"clubcode":"NYJ","playerName":"","statId":4,"yards":0},{"sequence":2,"clubcode":"NYJ","playerName":"","statId":6,"yards":0}]}},"1987":{"sp":1,"qtr":2,"down":1,"time":"00:07","yrdln":"OAK 21","ydstogo":10,"ydsnet":76,"posteam":"NYJ","desc":"(:07) J.Feely 39 yard field goal is GOOD, Center-J.Dearth, Holder-K.Clemens.","note":"FG","players":{"00-0019770":[{"sequence":1,"clubcode":"NYJ","playerName":"J.Feely","statId":70,"yards":39}]}}},"fds":5,"result":"Field Goal","penyds":0,"ydsgained":76,"numplays":14,"postime":"5:12","start":{"qtr":2,"time":"05:14","yrdln":"NYJ 3","team":"NYJ"},"end":{"qtr":2,"time":"00:02","yrdln":"OAK 21","team":"NYJ"}},"13":{"posteam":"OAK","qtr":2,"redzone":true,"plays":{"2007":{"sp":0,"qtr":2,"down":0,"time":"00:02","yrdln":"NYJ 30","ydstogo":0,"ydsnet":0,"posteam":"NYJ","desc":"J.Feely kicks 45 yards from NYJ 30 to OAK 25. L.Lawton to OAK 42 for 17 yards (E.Smith).","note":"KICKOFF","players":{"00-0022529":[{"sequence":2,"clubcode":"OAK","playerName":"L.Lawton","statId":45,"yards":17}],"00-0019770":[{"sequence":1,"clubcode":"NYJ","playerName":"J.Feely","statId":41,"yards":45}],"00-0024312":[{"sequence":3,"clubcode":"NYJ","playerName":"E.Smith","statId":79,"yards":0}]}},"2029":{"sp":0,"qtr":2,"down":0,"time":"","yrdln":"","ydstogo":0,"ydsnet":0,"posteam":"","desc":"END QUARTER 2","note":null,"players":{}}},"fds":0,"result":"End of Half","penyds":0,"ydsgained":0,"numplays":2,"postime":"0:02","start":{"qtr":2,"time":"00:02","yrdln":"","team":"OAK"},"end":{"qtr":2,"time":"00:00","yrdln":"","team":"OAK"}},"14":{"posteam":"NYJ","qtr":3,"redzone":true,"plays":{"2069":{"sp":0,"qtr":3,"down":0,"time":"15:00","yrdln":"OAK 30","ydstogo":0,"ydsnet":0,"posteam":"OAK","desc":"S.Janikowski kicks 58 yards from OAK 30 to NYJ 12. D.Lowery to NYJ 29 for 17 yards (I.Ekejiuba).","note":"KICKOFF","players":{"00-0019646":[{"sequence":1,"clubcode":"OAK","playerName":"S.Janikowski","statId":41,"yards":58}],"00-0023313":[{"sequence":3,"clubcode":"OAK","playerName":"I.Ekejiuba","statId":79,"yards":0}],"00-0026253":[{"sequence":2,"clubcode":"NYJ","playerName":"D.Lowery","statId":45,"yards":17}]}},"2092":{"sp":0,"qtr":3,"down":1,"time":"14:55","yrdln":"NYJ 29","ydstogo":10,"ydsnet":2,"posteam":"NYJ","desc":"(14:55) D.Clowney left end pushed ob at NYJ 31 for 2 yards (C.Johnson).","note":null,"players":{"00-0025544":[{"sequence":1,"clubcode":"NYJ","playerName":"D.Clowney","statId":10,"yards":2}],"00-0021949":[{"sequence":2,"clubcode":"OAK","playerName":"C.Johnson","statId":79,"yards":0}]}},"2113":{"sp":0,"qtr":3,"down":2,"time":"14:30","yrdln":"NYJ 31","ydstogo":8,"ydsnet":5,"posteam":"NYJ","desc":"(14:30) T.Jones right guard to NYJ 34 for 3 yards (J.Alston).","note":null,"players":{"00-0019641":[{"sequence":1,"clubcode":"NYJ","playerName":"T.Jones","statId":10,"yards":3}],"00-0024292":[{"sequence":2,"clubcode":"OAK","playerName":"J.Alston","statId":79,"yards":0}]}},"2138":{"sp":0,"qtr":3,"down":3,"time":"13:50","yrdln":"NYJ 34","ydstogo":5,"ydsnet":5,"posteam":"NYJ","desc":"(13:50) M.Sanchez pass incomplete short right to D.Keller.","note":null,"players":{"00-0026170":[{"sequence":3,"clubcode":"NYJ","playerName":"D.Keller","statId":115,"yards":0}],"00-0026898":[{"sequence":2,"clubcode":"NYJ","playerName":"M.Sanchez","statId":14,"yards":0},{"sequence":4,"clubcode":"NYJ","playerName":"M.Sanchez","statId":112,"yards":6}],"0":[{"sequence":1,"clubcode":"NYJ","playerName":"","statId":7,"yards":0}]}},"2160":{"sp":0,"qtr":3,"down":4,"time":"13:45","yrdln":"NYJ 34","ydstogo":5,"ydsnet":5,"posteam":"NYJ","desc":"(13:45) S.Weatherford punts 49 yards to OAK 17, Center-J.Dearth. J.Higgins to OAK 16 for -1 yards (A.Carroll).","note":"PUNT","players":{"00-0025486":[{"sequence":2,"clubcode":"OAK","playerName":"J.Higgins","statId":33,"yards":-1}],"00-0024110":[{"sequence":1,"clubcode":"NYJ","playerName":"S.Weatherford","statId":29,"yards":49},{"sequence":3,"clubcode":"NYJ","playerName":"S.Weatherford","statId":30,"yards":0}],"00-0022913":[{"sequence":4,"clubcode":"NYJ","playerName":"A.Carroll","statId":79,"yards":0}]}}},"fds":0,"result":"Punt","penyds":0,"ydsgained":5,"numplays":5,"postime":"1:23","start":{"qtr":3,"time":"15:00","yrdln":"NYJ 29","team":"NYJ"},"end":{"qtr":3,"time":"13:37","yrdln":"NYJ 34","team":"NYJ"}},"15":{"posteam":"OAK","qtr":3,"redzone":true,"plays":{"2185":{"sp":0,"qtr":3,"down":1,"time":"13:37","yrdln":"OAK 16","ydstogo":10,"ydsnet":3,"posteam":"OAK","desc":"(13:37) B.Gradkowski pass short middle to G.Russell to OAK 19 for 3 yards (B.Scott).","note":null,"players":{"00-0024408":[{"sequence":1,"clubcode":"OAK","playerName":"B.Gradkowski","statId":15,"yards":3},{"sequence":2,"clubcode":"OAK","playerName":"B.Gradkowski","statId":111,"yards":1}],"00-0024846":[{"sequence":3,"clubcode":"OAK","playerName":"G.Russell","statId":21,"yards":3},{"sequence":4,"clubcode":"OAK","playerName":"G.Russell","statId":115,"yards":0},{"sequence":5,"clubcode":"OAK","playerName":"G.Russell","statId":113,"yards":2}],"00-0020873":[{"sequence":6,"clubcode":"NYJ","playerName":"B.Scott","statId":79,"yards":0}]}},"2210":{"sp":0,"qtr":3,"down":2,"time":"13:04","yrdln":"OAK 19","ydstogo":7,"ydsnet":7,"posteam":"OAK","desc":"(13:04) M.Bush right tackle to OAK 23 for 4 yards (B.Thomas).","note":null,"players":{"00-0025487":[{"sequence":1,"clubcode":"OAK","playerName":"M.Bush","statId":10,"yards":4}],"00-0021081":[{"sequence":2,"clubcode":"NYJ","playerName":"B.Thomas","statId":79,"yards":0}]}},"2231":{"sp":0,"qtr":3,"down":3,"time":"12:25","yrdln":"OAK 23","ydstogo":3,"ydsnet":13,"posteam":"OAK","desc":"(12:25) (Shotgun) B.Gradkowski pass short right to L.Murphy to OAK 29 for 6 yards (D.Revis).","note":null,"players":{"00-0024408":[{"sequence":3,"clubcode":"OAK","playerName":"B.Gradkowski","statId":15,"yards":6},{"sequence":4,"clubcode":"OAK","playerName":"B.Gradkowski","statId":111,"yards":6}],"00-0025401":[{"sequence":8,"clubcode":"NYJ","playerName":"D.Revis","statId":79,"yards":0}],"00-0027089":[{"sequence":5,"clubcode":"OAK","playerName":"L.Murphy","statId":21,"yards":6},{"sequence":6,"clubcode":"OAK","playerName":"L.Murphy","statId":115,"yards":0},{"sequence":7,"clubcode":"OAK","playerName":"L.Murphy","statId":113,"yards":0}],"0":[{"sequence":1,"clubcode":"OAK","playerName":"","statId":4,"yards":0},{"sequence":2,"clubcode":"OAK","playerName":"","statId":6,"yards":0}]}},"2255":{"sp":0,"qtr":3,"down":1,"time":"11:47","yrdln":"OAK 29","ydstogo":10,"ydsnet":33,"posteam":"OAK","desc":"(11:47) B.Gradkowski scrambles up the middle to OAK 49 for 20 yards (J.Leonhard).","note":null,"players":{"00-0023287":[{"sequence":3,"clubcode":"NYJ","playerName":"J.Leonhard","statId":79,"yards":0}],"00-0024408":[{"sequence":2,"clubcode":"OAK","playerName":"B.Gradkowski","statId":10,"yards":20}],"0":[{"sequence":1,"clubcode":"OAK","playerName":"","statId":3,"yards":0}]}},"2276":{"sp":0,"qtr":3,"down":1,"time":"11:05","yrdln":"OAK 49","ydstogo":10,"ydsnet":35,"posteam":"OAK","desc":"(11:05) M.Bush right tackle to NYJ 49 for 2 yards (Team).","note":null,"players":{"0":[{"sequence":2,"clubcode":"NYJ","playerName":"Team","statId":79,"yards":0}],"00-0025487":[{"sequence":1,"clubcode":"OAK","playerName":"M.Bush","statId":10,"yards":2}]}},"2297":{"sp":0,"qtr":3,"down":2,"time":"10:24","yrdln":"NYJ 49","ydstogo":8,"ydsnet":41,"posteam":"OAK","desc":"(10:24) B.Gradkowski pass short left to M.Bush to NYJ 43 for 6 yards (K.Rhodes).","note":null,"players":{"00-0024408":[{"sequence":1,"clubcode":"OAK","playerName":"B.Gradkowski","statId":15,"yards":6},{"sequence":2,"clubcode":"OAK","playerName":"B.Gradkowski","statId":111,"yards":-4}],"00-0023557":[{"sequence":6,"clubcode":"NYJ","playerName":"K.Rhodes","statId":79,"yards":0}],"00-0025487":[{"sequence":3,"clubcode":"OAK","playerName":"M.Bush","statId":21,"yards":6},{"sequence":4,"clubcode":"OAK","playerName":"M.Bush","statId":115,"yards":0},{"sequence":5,"clubcode":"OAK","playerName":"M.Bush","statId":113,"yards":10}]}},"2321":{"sp":0,"qtr":3,"down":3,"time":"09:42","yrdln":"NYJ 43","ydstogo":2,"ydsnet":51,"posteam":"OAK","desc":"(9:42) (Shotgun) M.Bush left tackle to NYJ 33 for 10 yards (D.Lowery, J.Leonhard).","note":null,"players":{"00-0023287":[{"sequence":5,"clubcode":"NYJ","playerName":"J.Leonhard","statId":82,"yards":0}],"0":[{"sequence":1,"clubcode":"OAK","playerName":"","statId":3,"yards":0},{"sequence":2,"clubcode":"OAK","playerName":"","statId":6,"yards":0}],"00-0025487":[{"sequence":3,"clubcode":"OAK","playerName":"M.Bush","statId":10,"yards":10}],"00-0026253":[{"sequence":4,"clubcode":"NYJ","playerName":"D.Lowery","statId":80,"yards":0}]}},"2342":{"sp":0,"qtr":3,"down":1,"time":"09:00","yrdln":"NYJ 33","ydstogo":10,"ydsnet":51,"posteam":"OAK","desc":"(9:00) J.Fargas right tackle to NYJ 33 for no gain (C.Pace).","note":null,"players":{"00-0022093":[{"sequence":1,"clubcode":"OAK","playerName":"J.Fargas","statId":10,"yards":0}],"00-0022120":[{"sequence":2,"clubcode":"NYJ","playerName":"C.Pace","statId":79,"yards":0}]}},"2363":{"sp":0,"qtr":3,"down":2,"time":"08:20","yrdln":"NYJ 33","ydstogo":10,"ydsnet":56,"posteam":"OAK","desc":"(8:20) B.Gradkowski scrambles right end ran ob at NYJ 28 for 5 yards.","note":null,"players":{"00-0024408":[{"sequence":1,"clubcode":"OAK","playerName":"B.Gradkowski","statId":10,"yards":5}]}},"2384":{"sp":0,"qtr":3,"down":3,"time":"07:43","yrdln":"NYJ 28","ydstogo":5,"ydsnet":51,"posteam":"OAK","desc":"(7:43) B.Gradkowski sacked at NYJ 29 for -1 yards (C.Pace). FUMBLES (C.Pace), RECOVERED by NYJ-M.Devito at NYJ 33. M.Devito to NYJ 34 for 1 yard. FUMBLES, ball out of bounds at NYJ 34.","note":"FUMBLE","players":{"00-0025689":[{"sequence":8,"clubcode":"NYJ","playerName":"M.Devito","statId":59,"yards":1},{"sequence":9,"clubcode":"NYJ","playerName":"M.Devito","statId":53,"yards":0},{"sequence":10,"clubcode":"NYJ","playerName":"M.Devito","statId":54,"yards":0}],"00-0024408":[{"sequence":2,"clubcode":"OAK","playerName":"B.Gradkowski","statId":20,"yards":-5},{"sequence":5,"clubcode":"OAK","playerName":"B.Gradkowski","statId":52,"yards":0},{"sequence":6,"clubcode":"OAK","playerName":"B.Gradkowski","statId":106,"yards":0}],"0":[{"sequence":1,"clubcode":"OAK","playerName":"","statId":7,"yards":0}],"00-0022120":[{"sequence":3,"clubcode":"NYJ","playerName":"C.Pace","statId":83,"yards":-5},{"sequence":4,"clubcode":"NYJ","playerName":"C.Pace","statId":79,"yards":0},{"sequence":7,"clubcode":"NYJ","playerName":"C.Pace","statId":91,"yards":0}]}}},"fds":3,"result":"Fumble","penyds":0,"ydsgained":51,"numplays":10,"postime":"6:11","start":{"qtr":3,"time":"13:37","yrdln":"OAK 16","team":"OAK"},"end":{"qtr":3,"time":"07:26","yrdln":"NYJ 28","team":"OAK"}},"16":{"posteam":"NYJ","qtr":3,"redzone":true,"plays":{"2417":{"sp":0,"qtr":3,"down":1,"time":"07:26","yrdln":"NYJ 34","ydstogo":10,"ydsnet":14,"posteam":"NYJ","desc":"(7:26) T.Jones up the middle to NYJ 48 for 14 yards (N.Asomugha).","note":null,"players":{"00-0019641":[{"sequence":2,"clubcode":"NYJ","playerName":"T.Jones","statId":10,"yards":14}],"00-0022077":[{"sequence":3,"clubcode":"OAK","playerName":"N.Asomugha","statId":79,"yards":0}],"0":[{"sequence":1,"clubcode":"NYJ","playerName":"","statId":3,"yards":0}]}},"2438":{"sp":0,"qtr":3,"down":1,"time":"06:57","yrdln":"NYJ 48","ydstogo":10,"ydsnet":17,"posteam":"NYJ","desc":"(6:57) T.Jones up the middle to OAK 49 for 3 yards (N.Asomugha; T.Branch).","note":null,"players":{"00-0019641":[{"sequence":1,"clubcode":"NYJ","playerName":"T.Jones","statId":10,"yards":3}],"00-0022077":[{"sequence":2,"clubcode":"OAK","playerName":"N.Asomugha","statId":82,"yards":0}],"00-0026240":[{"sequence":3,"clubcode":"OAK","playerName":"T.Branch","statId":82,"yards":0}]}},"2459":{"sp":0,"qtr":3,"down":2,"time":"06:18","yrdln":"OAK 49","ydstogo":7,"ydsnet":17,"posteam":"NYJ","desc":"(6:18) M.Sanchez pass incomplete short right to D.Clowney.","note":null,"players":{"00-0025544":[{"sequence":2,"clubcode":"NYJ","playerName":"D.Clowney","statId":115,"yards":0}],"00-0026898":[{"sequence":1,"clubcode":"NYJ","playerName":"M.Sanchez","statId":14,"yards":0},{"sequence":3,"clubcode":"NYJ","playerName":"M.Sanchez","statId":112,"yards":9}]}},"2481":{"sp":0,"qtr":3,"down":3,"time":"06:12","yrdln":"OAK 49","ydstogo":7,"ydsnet":31,"posteam":"NYJ","desc":"(6:12) (Shotgun) M.Sanchez pass short middle to W.Wright to OAK 35 for 14 yards (S.Routt).","note":null,"players":{"00-0024171":[{"sequence":5,"clubcode":"NYJ","playerName":"W.Wright","statId":21,"yards":14},{"sequence":6,"clubcode":"NYJ","playerName":"W.Wright","statId":115,"yards":0},{"sequence":7,"clubcode":"NYJ","playerName":"W.Wright","statId":113,"yards":0}],"00-0026898":[{"sequence":3,"clubcode":"NYJ","playerName":"M.Sanchez","statId":15,"yards":14},{"sequence":4,"clubcode":"NYJ","playerName":"M.Sanchez","statId":111,"yards":14}],"0":[{"sequence":1,"clubcode":"NYJ","playerName":"","statId":4,"yards":0},{"sequence":2,"clubcode":"NYJ","playerName":"","statId":6,"yards":0}],"00-0023473":[{"sequence":8,"clubcode":"OAK","playerName":"S.Routt","statId":79,"yards":0}]}},"2505":{"sp":1,"qtr":3,"down":1,"time":"05:35","yrdln":"OAK 35","ydstogo":10,"ydsnet":66,"posteam":"NYJ","desc":"(5:35) M.Sanchez pass deep right to D.Clowney for 35 yards, TOUCHDOWN.","note":"TD","players":{"00-0025544":[{"sequence":4,"clubcode":"NYJ","playerName":"D.Clowney","statId":22,"yards":35},{"sequence":5,"clubcode":"NYJ","playerName":"D.Clowney","statId":115,"yards":0},{"sequence":6,"clubcode":"NYJ","playerName":"D.Clowney","statId":113,"yards":0}],"00-0026898":[{"sequence":2,"clubcode":"NYJ","playerName":"M.Sanchez","statId":16,"yards":35},{"sequence":3,"clubcode":"NYJ","playerName":"M.Sanchez","statId":111,"yards":35}],"0":[{"sequence":1,"clubcode":"NYJ","playerName":"","statId":4,"yards":0}]}},"2525":{"sp":1,"qtr":3,"down":0,"time":"05:28","yrdln":"OAK 2","ydstogo":0,"ydsnet":66,"posteam":"NYJ","desc":"J.Feely extra point is GOOD, Center-J.Dearth, Holder-K.Clemens.","note":"XP","players":{"00-0019770":[{"sequence":1,"clubcode":"NYJ","playerName":"J.Feely","statId":72,"yards":0}]}}},"fds":3,"result":"Touchdown","penyds":0,"ydsgained":66,"numplays":6,"postime":"1:58","start":{"qtr":3,"time":"07:26","yrdln":"NYJ 34","team":"NYJ"},"end":{"qtr":3,"time":"05:28","yrdln":"OAK 35","team":"NYJ"}},"17":{"posteam":"OAK","qtr":3,"redzone":true,"plays":{"2541":{"sp":0,"qtr":3,"down":0,"time":"05:28","yrdln":"NYJ 30","ydstogo":0,"ydsnet":0,"posteam":"NYJ","desc":"J.Feely kicks 79 yards from NYJ 30 to OAK -9. J.Holland, Touchback.","note":"KICKOFF","players":{"00-0019770":[{"sequence":1,"clubcode":"NYJ","playerName":"J.Feely","statId":44,"yards":70}],"0":[{"sequence":2,"clubcode":"OAK","playerName":"","statId":51,"yards":0}]}},"2560":{"sp":0,"qtr":3,"down":1,"time":"05:28","yrdln":"OAK 20","ydstogo":10,"ydsnet":4,"posteam":"OAK","desc":"(5:28) B.Gradkowski pass short middle to J.Fargas to OAK 24 for 4 yards (D.Harris).","note":null,"players":{"00-0025434":[{"sequence":6,"clubcode":"NYJ","playerName":"D.Harris","statId":79,"yards":0}],"00-0024408":[{"sequence":1,"clubcode":"OAK","playerName":"B.Gradkowski","statId":15,"yards":4},{"sequence":2,"clubcode":"OAK","playerName":"B.Gradkowski","statId":111,"yards":4}],"00-0022093":[{"sequence":3,"clubcode":"OAK","playerName":"J.Fargas","statId":21,"yards":4},{"sequence":4,"clubcode":"OAK","playerName":"J.Fargas","statId":115,"yards":0},{"sequence":5,"clubcode":"OAK","playerName":"J.Fargas","statId":113,"yards":0}]}},"2584":{"sp":0,"qtr":3,"down":2,"time":"04:53","yrdln":"OAK 24","ydstogo":6,"ydsnet":1,"posteam":"OAK","desc":"(4:53) J.Fargas right tackle to OAK 24 for no gain (C.Pace).","note":null,"players":{"00-0022093":[{"sequence":1,"clubcode":"OAK","playerName":"J.Fargas","statId":10,"yards":0}],"00-0022120":[{"sequence":2,"clubcode":"NYJ","playerName":"C.Pace","statId":79,"yards":0}]}},"2605":{"sp":0,"qtr":3,"down":3,"time":"04:10","yrdln":"OAK 24","ydstogo":6,"ydsnet":1,"posteam":"OAK","desc":"(4:10) (Shotgun) B.Gradkowski sacked at OAK 21 for -3 yards (C.Pace).","note":null,"players":{"00-0024408":[{"sequence":2,"clubcode":"OAK","playerName":"B.Gradkowski","statId":20,"yards":-3}],"0":[{"sequence":1,"clubcode":"OAK","playerName":"","statId":7,"yards":0}],"00-0022120":[{"sequence":3,"clubcode":"NYJ","playerName":"C.Pace","statId":83,"yards":-3},{"sequence":4,"clubcode":"NYJ","playerName":"C.Pace","statId":110,"yards":0},{"sequence":5,"clubcode":"NYJ","playerName":"C.Pace","statId":79,"yards":0},{"sequence":6,"clubcode":"NYJ","playerName":"C.Pace","statId":120,"yards":0}]}},"2624":{"sp":0,"qtr":3,"down":4,"time":"03:40","yrdln":"OAK 21","ydstogo":9,"ydsnet":1,"posteam":"OAK","desc":"(3:40) S.Lechler punts 61 yards to NYJ 18, Center-J.Condo. J.Leonhard to NYJ 22 for 4 yards (J.Condo, H.Eugene).","note":"PUNT","players":{"00-0023287":[{"sequence":2,"clubcode":"NYJ","playerName":"J.Leonhard","statId":33,"yards":4}],"00-0023177":[{"sequence":3,"clubcode":"OAK","playerName":"J.Condo","statId":80,"yards":0}],"00-0019714":[{"sequence":1,"clubcode":"OAK","playerName":"S.Lechler","statId":29,"yards":61}],"00-0024201":[{"sequence":4,"clubcode":"OAK","playerName":"H.Eugene","statId":82,"yards":0}]}}},"fds":0,"result":"Punt","penyds":0,"ydsgained":1,"numplays":5,"postime":"2:03","start":{"qtr":3,"time":"05:28","yrdln":"OAK 20","team":"OAK"},"end":{"qtr":3,"time":"03:25","yrdln":"OAK 21","team":"OAK"}},"18":{"posteam":"NYJ","qtr":4,"redzone":true,"plays":{"2649":{"sp":0,"qtr":3,"down":1,"time":"03:25","yrdln":"NYJ 22","ydstogo":10,"ydsnet":6,"posteam":"NYJ","desc":"(3:25) S.Greene right end to NYJ 28 for 6 yards (M.Shaughnessy).","note":null,"players":{"00-0027045":[{"sequence":2,"clubcode":"OAK","playerName":"M.Shaughnessy","statId":79,"yards":0}],"00-0026899":[{"sequence":1,"clubcode":"NYJ","playerName":"S.Greene","statId":10,"yards":6}]}},"2670":{"sp":0,"qtr":3,"down":2,"time":"02:52","yrdln":"NYJ 28","ydstogo":4,"ydsnet":15,"posteam":"NYJ","desc":"(2:52) S.Greene left tackle to NYJ 37 for 9 yards (M.Huff).","note":null,"players":{"00-0024222":[{"sequence":3,"clubcode":"OAK","playerName":"M.Huff","statId":79,"yards":0}],"0":[{"sequence":1,"clubcode":"NYJ","playerName":"","statId":3,"yards":0}],"00-0026899":[{"sequence":2,"clubcode":"NYJ","playerName":"S.Greene","statId":10,"yards":9}]}},"2691":{"sp":0,"qtr":3,"down":1,"time":"02:09","yrdln":"NYJ 37","ydstogo":10,"ydsnet":16,"posteam":"NYJ","desc":"(2:09) S.Greene right tackle to NYJ 38 for 1 yard (D.Bryant).","note":null,"players":{"00-0026533":[{"sequence":2,"clubcode":"OAK","playerName":"D.Bryant","statId":79,"yards":0}],"00-0026899":[{"sequence":1,"clubcode":"NYJ","playerName":"S.Greene","statId":10,"yards":1}]}},"2712":{"sp":0,"qtr":3,"down":2,"time":"01:29","yrdln":"NYJ 38","ydstogo":9,"ydsnet":29,"posteam":"NYJ","desc":"(1:29) T.Jones left guard to NYJ 44 for 6 yards (T.Branch). NYJ-B.Moore was injured during the play. His return is Probable.","note":null,"players":{"00-0019641":[{"sequence":1,"clubcode":"NYJ","playerName":"T.Jones","statId":10,"yards":6}],"00-0026240":[{"sequence":2,"clubcode":"OAK","playerName":"T.Branch","statId":79,"yards":0}]}},"2733":{"sp":0,"qtr":3,"down":3,"time":"00:50","yrdln":"NYJ 44","ydstogo":3,"ydsnet":29,"posteam":"NYJ","desc":"(:50) T.Jones right guard to OAK 49 for 7 yards (T.Howard).","note":null,"players":{"00-0019641":[{"sequence":3,"clubcode":"NYJ","playerName":"T.Jones","statId":10,"yards":7}],"00-0024253":[{"sequence":4,"clubcode":"OAK","playerName":"T.Howard","statId":79,"yards":0}],"0":[{"sequence":1,"clubcode":"NYJ","playerName":"","statId":3,"yards":0},{"sequence":2,"clubcode":"NYJ","playerName":"","statId":6,"yards":0}]}},"2775":{"sp":0,"qtr":3,"down":1,"time":"00:13","yrdln":"OAK 49","ydstogo":10,"ydsnet":55,"posteam":"NYJ","desc":"(:13) T.Jones right guard to OAK 23 for 26 yards (C.Johnson).","note":null,"players":{"00-0019641":[{"sequence":2,"clubcode":"NYJ","playerName":"T.Jones","statId":10,"yards":26}],"00-0021949":[{"sequence":3,"clubcode":"OAK","playerName":"C.Johnson","statId":79,"yards":0}],"0":[{"sequence":1,"clubcode":"NYJ","playerName":"","statId":3,"yards":0}]}},"2797":{"sp":0,"qtr":3,"down":0,"time":"","yrdln":"","ydstogo":0,"ydsnet":55,"posteam":"","desc":"END QUARTER 3","note":null,"players":{}},"2813":{"sp":0,"qtr":4,"down":1,"time":"15:00","yrdln":"OAK 23","ydstogo":10,"ydsnet":57,"posteam":"NYJ","desc":"(15:00) S.Greene right end to OAK 21 for 2 yards (G.Ellis).","note":null,"players":{"00-0004851":[{"sequence":2,"clubcode":"OAK","playerName":"G.Ellis","statId":79,"yards":0}],"00-0026899":[{"sequence":1,"clubcode":"NYJ","playerName":"S.Greene","statId":10,"yards":2}]}},"2834":{"sp":0,"qtr":4,"down":2,"time":"14:23","yrdln":"OAK 21","ydstogo":8,"ydsnet":61,"posteam":"NYJ","desc":"(14:23) S.Greene right guard to OAK 17 for 4 yards (T.Howard).","note":null,"players":{"00-0024253":[{"sequence":2,"clubcode":"OAK","playerName":"T.Howard","statId":79,"yards":0}],"00-0026899":[{"sequence":1,"clubcode":"NYJ","playerName":"S.Greene","statId":10,"yards":4}]}},"2855":{"sp":0,"qtr":4,"down":3,"time":"13:41","yrdln":"OAK 17","ydstogo":4,"ydsnet":70,"posteam":"NYJ","desc":"(13:41) (Shotgun) M.Sanchez pass incomplete short right to S.Greene (K.Morrison) [T.Scott]. PENALTY on OAK-R.Seymour, Personal Foul, 9 yards, enforced at OAK 17 - No Play.","note":"PENALTY","players":{"00-0020442":[{"sequence":2,"clubcode":"OAK","playerName":"R.Seymour","statId":93,"yards":9}],"0":[{"sequence":1,"clubcode":"NYJ","playerName":"","statId":5,"yards":0}]}},"2888":{"sp":0,"qtr":4,"down":1,"time":"13:37","yrdln":"OAK 8","ydstogo":8,"ydsnet":73,"posteam":"NYJ","desc":"(13:37) T.Jones right tackle to OAK 5 for 3 yards (R.Seymour).","note":null,"players":{"00-0019641":[{"sequence":1,"clubcode":"NYJ","playerName":"T.Jones","statId":10,"yards":3}],"00-0020442":[{"sequence":2,"clubcode":"OAK","playerName":"R.Seymour","statId":79,"yards":0}]}},"2909":{"sp":0,"qtr":4,"down":2,"time":"13:02","yrdln":"OAK 5","ydstogo":5,"ydsnet":75,"posteam":"NYJ","desc":"(13:02) T.Jones left guard to OAK 3 for 2 yards (T.Branch).","note":null,"players":{"00-0019641":[{"sequence":1,"clubcode":"NYJ","playerName":"T.Jones","statId":10,"yards":2}],"00-0026240":[{"sequence":2,"clubcode":"OAK","playerName":"T.Branch","statId":79,"yards":0}]}},"2930":{"sp":0,"qtr":4,"down":3,"time":"12:50","yrdln":"OAK 3","ydstogo":3,"ydsnet":70,"posteam":"NYJ","desc":"(12:50) (Shotgun) PENALTY on NYJ-M.Sanchez, Delay of Game, 5 yards, enforced at OAK 3 - No Play.","note":"PENALTY","players":{"00-0026898":[{"sequence":1,"clubcode":"NYJ","playerName":"M.Sanchez","statId":93,"yards":5}]}},"2953":{"sp":0,"qtr":4,"down":3,"time":"11:48","yrdln":"OAK 8","ydstogo":8,"ydsnet":58,"posteam":"NYJ","desc":"(11:48) (Shotgun) M.Sanchez to OAK 16 for -8 yards. FUMBLES, and recovers at OAK 20. M.Sanchez sacked at OAK 20 for -12 yards (Team).","note":"FUMBLE","players":{"00-0026898":[{"sequence":2,"clubcode":"NYJ","playerName":"M.Sanchez","statId":53,"yards":0},{"sequence":3,"clubcode":"NYJ","playerName":"M.Sanchez","statId":55,"yards":0},{"sequence":4,"clubcode":"NYJ","playerName":"M.Sanchez","statId":20,"yards":-12}],"0":[{"sequence":1,"clubcode":"NYJ","playerName":"","statId":7,"yards":0},{"sequence":5,"clubcode":"OAK","playerName":"Team","statId":83,"yards":-12},{"sequence":6,"clubcode":"OAK","playerName":"Team","statId":110,"yards":0},{"sequence":7,"clubcode":"OAK","playerName":"Team","statId":79,"yards":0},{"sequence":8,"clubcode":"OAK","playerName":"Team","statId":120,"yards":0}]}},"2981":{"sp":0,"qtr":4,"down":4,"time":"11:19","yrdln":"OAK 20","ydstogo":20,"ydsnet":58,"posteam":"NYJ","desc":"(11:19) J.Feely 38 yard field goal is No Good, Wide Right, Center-J.Dearth, Holder-K.Clemens.","note":"FGM","players":{"00-0019770":[{"sequence":1,"clubcode":"NYJ","playerName":"J.Feely","statId":69,"yards":38}]}}},"fds":4,"result":"Missed FG","penyds":4,"ydsgained":54,"numplays":15,"postime":"7:08","start":{"qtr":3,"time":"03:25","yrdln":"NYJ 22","team":"NYJ"},"end":{"qtr":3,"time":"11:17","yrdln":"OAK 20","team":"NYJ"}},"19":{"posteam":"OAK","qtr":4,"redzone":true,"plays":{"3001":{"sp":0,"qtr":4,"down":1,"time":"11:17","yrdln":"OAK 28","ydstogo":10,"ydsnet":0,"posteam":"OAK","desc":"(11:17) (Shotgun) B.Gradkowski pass incomplete short right to L.Murphy (D.Strickland).","note":null,"players":{"00-0024408":[{"sequence":1,"clubcode":"OAK","playerName":"B.Gradkowski","statId":14,"yards":0},{"sequence":4,"clubcode":"OAK","playerName":"B.Gradkowski","statId":112,"yards":4}],"00-0027089":[{"sequence":2,"clubcode":"OAK","playerName":"L.Murphy","statId":115,"yards":0}],"00-0022158":[{"sequence":3,"clubcode":"NYJ","playerName":"D.Strickland","statId":85,"yards":0}]}},"3023":{"sp":0,"qtr":4,"down":2,"time":"11:13","yrdln":"OAK 28","ydstogo":10,"ydsnet":0,"posteam":"OAK","desc":"(11:13) (Shotgun) B.Gradkowski pass incomplete short middle to T.Watkins.","note":null,"players":{"00-0024408":[{"sequence":1,"clubcode":"OAK","playerName":"B.Gradkowski","statId":14,"yards":0},{"sequence":3,"clubcode":"OAK","playerName":"B.Gradkowski","statId":112,"yards":12}],"00-0024432":[{"sequence":2,"clubcode":"OAK","playerName":"T.Watkins","statId":115,"yards":0}]}},"3045":{"sp":0,"qtr":4,"down":3,"time":"11:10","yrdln":"OAK 28","ydstogo":10,"ydsnet":0,"posteam":"OAK","desc":"(11:10) (Shotgun) B.Gradkowski pass incomplete short middle to T.Watkins (D.Strickland).","note":null,"players":{"00-0024408":[{"sequence":2,"clubcode":"OAK","playerName":"B.Gradkowski","statId":14,"yards":0},{"sequence":5,"clubcode":"OAK","playerName":"B.Gradkowski","statId":112,"yards":14}],"0":[{"sequence":1,"clubcode":"OAK","playerName":"","statId":7,"yards":0}],"00-0024432":[{"sequence":3,"clubcode":"OAK","playerName":"T.Watkins","statId":115,"yards":0}],"00-0022158":[{"sequence":4,"clubcode":"NYJ","playerName":"D.Strickland","statId":85,"yards":0}]}},"3067":{"sp":0,"qtr":4,"down":4,"time":"11:04","yrdln":"OAK 28","ydstogo":10,"ydsnet":0,"posteam":"OAK","desc":"(11:04) S.Lechler punts 51 yards to NYJ 21, Center-J.Condo, fair catch by J.Leonhard.","note":"PUNT","players":{"00-0023287":[{"sequence":2,"clubcode":"NYJ","playerName":"J.Leonhard","statId":39,"yards":0}],"00-0019714":[{"sequence":1,"clubcode":"OAK","playerName":"S.Lechler","statId":29,"yards":51}]}}},"fds":0,"result":"Punt","penyds":0,"ydsgained":0,"numplays":4,"postime":"0:20","start":{"qtr":4,"time":"11:17","yrdln":"OAK 28","team":"OAK"},"end":{"qtr":4,"time":"10:57","yrdln":"OAK 28","team":"OAK"}},"20":{"posteam":"NYJ","qtr":4,"redzone":true,"plays":{"3091":{"sp":0,"qtr":4,"down":1,"time":"10:57","yrdln":"NYJ 21","ydstogo":10,"ydsnet":3,"posteam":"NYJ","desc":"(10:57) S.Greene left tackle to NYJ 24 for 3 yards (D.Bryant).","note":null,"players":{"00-0026533":[{"sequence":2,"clubcode":"OAK","playerName":"D.Bryant","statId":79,"yards":0}],"00-0026899":[{"sequence":1,"clubcode":"NYJ","playerName":"S.Greene","statId":10,"yards":3}]}},"3120":{"sp":0,"qtr":4,"down":2,"time":"10:20","yrdln":"NYJ 24","ydstogo":7,"ydsnet":4,"posteam":"NYJ","desc":"(10:20) M.Sanchez scrambles left end to NYJ 25 for 1 yard (J.Richardson, T.Kelly).","note":null,"players":{"00-0022539":[{"sequence":3,"clubcode":"OAK","playerName":"T.Kelly","statId":82,"yards":0}],"00-0026898":[{"sequence":1,"clubcode":"NYJ","playerName":"M.Sanchez","statId":10,"yards":1}],"00-0025525":[{"sequence":2,"clubcode":"OAK","playerName":"J.Richardson","statId":80,"yards":0}]}},"3141":{"sp":0,"qtr":4,"down":3,"time":"09:31","yrdln":"NYJ 25","ydstogo":6,"ydsnet":23,"posteam":"NYJ","desc":"(9:31) M.Sanchez pass short middle to D.Clowney to NYJ 44 for 19 yards (C.Johnson).","note":null,"players":{"00-0025544":[{"sequence":5,"clubcode":"NYJ","playerName":"D.Clowney","statId":21,"yards":19},{"sequence":6,"clubcode":"NYJ","playerName":"D.Clowney","statId":115,"yards":0},{"sequence":7,"clubcode":"NYJ","playerName":"D.Clowney","statId":113,"yards":14}],"00-0021949":[{"sequence":8,"clubcode":"OAK","playerName":"C.Johnson","statId":79,"yards":0}],"00-0026898":[{"sequence":3,"clubcode":"NYJ","playerName":"M.Sanchez","statId":15,"yards":19},{"sequence":4,"clubcode":"NYJ","playerName":"M.Sanchez","statId":111,"yards":5}],"0":[{"sequence":1,"clubcode":"NYJ","playerName":"","statId":4,"yards":0},{"sequence":2,"clubcode":"NYJ","playerName":"","statId":6,"yards":0}]}},"3165":{"sp":0,"qtr":4,"down":1,"time":"08:47","yrdln":"NYJ 44","ydstogo":10,"ydsnet":44,"posteam":"NYJ","desc":"(8:47) S.Greene right tackle to OAK 35 for 21 yards (M.Huff).","note":null,"players":{"00-0024222":[{"sequence":3,"clubcode":"OAK","playerName":"M.Huff","statId":79,"yards":0}],"0":[{"sequence":1,"clubcode":"NYJ","playerName":"","statId":3,"yards":0}],"00-0026899":[{"sequence":2,"clubcode":"NYJ","playerName":"S.Greene","statId":10,"yards":21}]}},"3186":{"sp":0,"qtr":4,"down":1,"time":"08:00","yrdln":"OAK 35","ydstogo":10,"ydsnet":45,"posteam":"NYJ","desc":"(8:00) S.Greene left tackle to OAK 34 for 1 yard (K.Morrison).","note":null,"players":{"00-0023513":[{"sequence":2,"clubcode":"OAK","playerName":"K.Morrison","statId":79,"yards":0}],"00-0026899":[{"sequence":1,"clubcode":"NYJ","playerName":"S.Greene","statId":10,"yards":1}]}},"3207":{"sp":0,"qtr":4,"down":2,"time":"07:19","yrdln":"OAK 34","ydstogo":9,"ydsnet":46,"posteam":"NYJ","desc":"(7:19) S.Greene left end to OAK 33 for 1 yard (K.Morrison, D.Bryant).","note":null,"players":{"00-0023513":[{"sequence":2,"clubcode":"OAK","playerName":"K.Morrison","statId":80,"yards":0}],"00-0026533":[{"sequence":3,"clubcode":"OAK","playerName":"D.Bryant","statId":82,"yards":0}],"00-0026899":[{"sequence":1,"clubcode":"NYJ","playerName":"S.Greene","statId":10,"yards":1}]}},"3228":{"sp":1,"qtr":4,"down":3,"time":"06:39","yrdln":"OAK 33","ydstogo":8,"ydsnet":79,"posteam":"NYJ","desc":"(6:39) S.Greene up the middle for 33 yards, TOUCHDOWN.","note":"TD","players":{"0":[{"sequence":1,"clubcode":"NYJ","playerName":"","statId":3,"yards":0},{"sequence":2,"clubcode":"NYJ","playerName":"","statId":6,"yards":0}],"00-0026899":[{"sequence":3,"clubcode":"NYJ","playerName":"S.Greene","statId":11,"yards":33}]}},"3251":{"sp":1,"qtr":4,"down":0,"time":"06:30","yrdln":"OAK 2","ydstogo":0,"ydsnet":79,"posteam":"NYJ","desc":"J.Feely extra point is GOOD, Center-J.Dearth, Holder-K.Clemens.","note":"XP","players":{"00-0019770":[{"sequence":1,"clubcode":"NYJ","playerName":"J.Feely","statId":72,"yards":0}]}}},"fds":3,"result":"Touchdown","penyds":0,"ydsgained":79,"numplays":8,"postime":"4:27","start":{"qtr":4,"time":"10:57","yrdln":"NYJ 21","team":"NYJ"},"end":{"qtr":4,"time":"06:30","yrdln":"OAK 33","team":"NYJ"}},"21":{"posteam":"OAK","qtr":4,"redzone":true,"plays":{"3267":{"sp":0,"qtr":4,"down":0,"time":"06:30","yrdln":"NYJ 30","ydstogo":0,"ydsnet":0,"posteam":"NYJ","desc":"J.Feely kicks 67 yards from NYJ 30 to OAK 3. J.Holland to OAK 18 for 15 yards (D.Woodhead).","note":"KICKOFF","players":{"00-0025641":[{"sequence":2,"clubcode":"OAK","playerName":"J.Holland","statId":45,"yards":15}],"00-0019770":[{"sequence":1,"clubcode":"NYJ","playerName":"J.Feely","statId":41,"yards":67},{"sequence":3,"clubcode":"NYJ","playerName":"J.Feely","statId":42,"yards":0}],"00-0026019":[{"sequence":4,"clubcode":"NYJ","playerName":"D.Woodhead","statId":79,"yards":0}]}},"3289":{"sp":0,"qtr":4,"down":1,"time":"06:23","yrdln":"OAK 18","ydstogo":10,"ydsnet":5,"posteam":"OAK","desc":"(6:23) (Shotgun) B.Gradkowski pass short left to J.Fargas to OAK 23 for 5 yards (B.Scott).","note":null,"players":{"00-0024408":[{"sequence":1,"clubcode":"OAK","playerName":"B.Gradkowski","statId":15,"yards":5},{"sequence":2,"clubcode":"OAK","playerName":"B.Gradkowski","statId":111,"yards":-3}],"00-0022093":[{"sequence":3,"clubcode":"OAK","playerName":"J.Fargas","statId":21,"yards":5},{"sequence":4,"clubcode":"OAK","playerName":"J.Fargas","statId":115,"yards":0},{"sequence":5,"clubcode":"OAK","playerName":"J.Fargas","statId":113,"yards":8}],"00-0020873":[{"sequence":6,"clubcode":"NYJ","playerName":"B.Scott","statId":79,"yards":0}]}},"3313":{"sp":0,"qtr":4,"down":2,"time":"05:53","yrdln":"OAK 23","ydstogo":5,"ydsnet":33,"posteam":"OAK","desc":"(5:53) (No Huddle, Shotgun) B.Gradkowski pass short middle to L.Murphy to NYJ 49 for 28 yards (D.Strickland).","note":null,"players":{"00-0024408":[{"sequence":2,"clubcode":"OAK","playerName":"B.Gradkowski","statId":15,"yards":28},{"sequence":3,"clubcode":"OAK","playerName":"B.Gradkowski","statId":111,"yards":7}],"00-0027089":[{"sequence":4,"clubcode":"OAK","playerName":"L.Murphy","statId":21,"yards":28},{"sequence":5,"clubcode":"OAK","playerName":"L.Murphy","statId":115,"yards":0},{"sequence":6,"clubcode":"OAK","playerName":"L.Murphy","statId":113,"yards":21}],"0":[{"sequence":1,"clubcode":"OAK","playerName":"","statId":4,"yards":0}],"00-0022158":[{"sequence":7,"clubcode":"NYJ","playerName":"D.Strickland","statId":79,"yards":0}]}},"3337":{"sp":0,"qtr":4,"down":1,"time":"05:27","yrdln":"NYJ 49","ydstogo":10,"ydsnet":38,"posteam":"OAK","desc":"(5:27) (No Huddle, Shotgun) J.Fargas up the middle to NYJ 44 for 5 yards (M.Douglas).","note":null,"players":{"00-0004472":[{"sequence":2,"clubcode":"NYJ","playerName":"M.Douglas","statId":79,"yards":0}],"00-0022093":[{"sequence":1,"clubcode":"OAK","playerName":"J.Fargas","statId":10,"yards":5}]}},"3358":{"sp":0,"qtr":4,"down":2,"time":"04:56","yrdln":"NYJ 44","ydstogo":5,"ydsnet":48,"posteam":"OAK","desc":"(4:56) (No Huddle, Shotgun) B.Gradkowski pass short left to L.Murphy to NYJ 34 for 10 yards (J.Leonhard).","note":null,"players":{"00-0023287":[{"sequence":7,"clubcode":"NYJ","playerName":"J.Leonhard","statId":79,"yards":0}],"00-0024408":[{"sequence":2,"clubcode":"OAK","playerName":"B.Gradkowski","statId":15,"yards":10},{"sequence":3,"clubcode":"OAK","playerName":"B.Gradkowski","statId":111,"yards":4}],"00-0027089":[{"sequence":4,"clubcode":"OAK","playerName":"L.Murphy","statId":21,"yards":10},{"sequence":5,"clubcode":"OAK","playerName":"L.Murphy","statId":115,"yards":0},{"sequence":6,"clubcode":"OAK","playerName":"L.Murphy","statId":113,"yards":6}],"0":[{"sequence":1,"clubcode":"OAK","playerName":"","statId":4,"yards":0}]}},"3382":{"sp":0,"qtr":4,"down":1,"time":"04:30","yrdln":"NYJ 34","ydstogo":10,"ydsnet":62,"posteam":"OAK","desc":"(4:30) (No Huddle, Shotgun) B.Gradkowski pass short right to J.Fargas to NYJ 20 for 14 yards (J.Leonhard).","note":null,"players":{"00-0023287":[{"sequence":7,"clubcode":"NYJ","playerName":"J.Leonhard","statId":79,"yards":0}],"00-0024408":[{"sequence":2,"clubcode":"OAK","playerName":"B.Gradkowski","statId":15,"yards":14},{"sequence":3,"clubcode":"OAK","playerName":"B.Gradkowski","statId":111,"yards":-4}],"00-0022093":[{"sequence":4,"clubcode":"OAK","playerName":"J.Fargas","statId":21,"yards":14},{"sequence":5,"clubcode":"OAK","playerName":"J.Fargas","statId":115,"yards":0},{"sequence":6,"clubcode":"OAK","playerName":"J.Fargas","statId":113,"yards":18}],"0":[{"sequence":1,"clubcode":"OAK","playerName":"","statId":4,"yards":0}]}},"3406":{"sp":0,"qtr":4,"down":1,"time":"03:51","yrdln":"NYJ 20","ydstogo":10,"ydsnet":62,"posteam":"OAK","desc":"(3:51) (Shotgun) B.Gradkowski pass incomplete deep left to L.Murphy.","note":null,"players":{"00-0024408":[{"sequence":1,"clubcode":"OAK","playerName":"B.Gradkowski","statId":14,"yards":0},{"sequence":3,"clubcode":"OAK","playerName":"B.Gradkowski","statId":112,"yards":20}],"00-0027089":[{"sequence":2,"clubcode":"OAK","playerName":"L.Murphy","statId":115,"yards":0}]}},"3428":{"sp":0,"qtr":4,"down":0,"time":"03:46","yrdln":"","ydstogo":0,"ydsnet":62,"posteam":"","desc":"Timeout #1 by OAK at 03:46.","note":"TIMEOUT","players":{"0":[{"sequence":1,"clubcode":"OAK","playerName":"","statId":68,"yards":0}]}},"3445":{"sp":0,"qtr":4,"down":2,"time":"03:46","yrdln":"NYJ 20","ydstogo":10,"ydsnet":62,"posteam":"OAK","desc":"(3:46) (Shotgun) B.Gradkowski pass incomplete deep middle to L.Murphy (D.Revis).","note":null,"players":{"00-0024408":[{"sequence":1,"clubcode":"OAK","playerName":"B.Gradkowski","statId":14,"yards":0},{"sequence":4,"clubcode":"OAK","playerName":"B.Gradkowski","statId":112,"yards":20}],"00-0025401":[{"sequence":3,"clubcode":"NYJ","playerName":"D.Revis","statId":85,"yards":0}],"00-0027089":[{"sequence":2,"clubcode":"OAK","playerName":"L.Murphy","statId":115,"yards":0}]}},"3467":{"sp":0,"qtr":4,"down":3,"time":"03:42","yrdln":"NYJ 20","ydstogo":10,"ydsnet":76,"posteam":"OAK","desc":"(3:42) (Shotgun) B.Gradkowski pass short middle to L.Murphy to NYJ 6 for 14 yards (D.Strickland).","note":null,"players":{"00-0024408":[{"sequence":3,"clubcode":"OAK","playerName":"B.Gradkowski","statId":15,"yards":14},{"sequence":4,"clubcode":"OAK","playerName":"B.Gradkowski","statId":111,"yards":14}],"00-0027089":[{"sequence":5,"clubcode":"OAK","playerName":"L.Murphy","statId":21,"yards":14},{"sequence":6,"clubcode":"OAK","playerName":"L.Murphy","statId":115,"yards":0},{"sequence":7,"clubcode":"OAK","playerName":"L.Murphy","statId":113,"yards":0}],"0":[{"sequence":1,"clubcode":"OAK","playerName":"","statId":4,"yards":0},{"sequence":2,"clubcode":"OAK","playerName":"","statId":6,"yards":0}],"00-0022158":[{"sequence":8,"clubcode":"NYJ","playerName":"D.Strickland","statId":79,"yards":0}]}},"3492":{"sp":0,"qtr":4,"down":1,"time":"03:16","yrdln":"NYJ 6","ydstogo":6,"ydsnet":81,"posteam":"OAK","desc":"(3:16) (No Huddle, Shotgun) M.Bush right tackle to NYJ 1 for 5 yards (E.Smith, C.Pace).","note":null,"players":{"00-0024312":[{"sequence":2,"clubcode":"NYJ","playerName":"E.Smith","statId":80,"yards":0}],"00-0022120":[{"sequence":3,"clubcode":"NYJ","playerName":"C.Pace","statId":82,"yards":0}],"00-0025487":[{"sequence":1,"clubcode":"OAK","playerName":"M.Bush","statId":10,"yards":5}]}},"3513":{"sp":0,"qtr":4,"down":2,"time":"02:48","yrdln":"NYJ 1","ydstogo":1,"ydsnet":80,"posteam":"OAK","desc":"(2:48) M.Bush left guard to NYJ 2 for -1 yards (M.Devito).","note":null,"players":{"00-0025689":[{"sequence":3,"clubcode":"NYJ","playerName":"M.Devito","statId":79,"yards":0},{"sequence":4,"clubcode":"NYJ","playerName":"M.Devito","statId":120,"yards":0}],"0":[{"sequence":2,"clubcode":"OAK","playerName":"","statId":95,"yards":-1}],"00-0025487":[{"sequence":1,"clubcode":"OAK","playerName":"M.Bush","statId":10,"yards":-1}]}},"3534":{"sp":0,"qtr":4,"down":0,"time":"02:30","yrdln":"","ydstogo":0,"ydsnet":80,"posteam":"","desc":"Timeout #2 by OAK at 02:30.","note":"TIMEOUT","players":{"0":[{"sequence":1,"clubcode":"OAK","playerName":"","statId":68,"yards":0}]}},"3551":{"sp":0,"qtr":4,"down":3,"time":"02:30","yrdln":"NYJ 2","ydstogo":2,"ydsnet":80,"posteam":"OAK","desc":"(2:30) B.Gradkowski pass incomplete short left to D.Heyward-Bey (D.Lowery).","note":null,"players":{"00-0024408":[{"sequence":2,"clubcode":"OAK","playerName":"B.Gradkowski","statId":14,"yards":0},{"sequence":5,"clubcode":"OAK","playerName":"B.Gradkowski","statId":112,"yards":2}],"00-0026983":[{"sequence":3,"clubcode":"OAK","playerName":"D.Heyward-Bey","statId":115,"yards":0}],"0":[{"sequence":1,"clubcode":"OAK","playerName":"","statId":7,"yards":0}],"00-0026253":[{"sequence":4,"clubcode":"NYJ","playerName":"D.Lowery","statId":85,"yards":0}]}},"3573":{"sp":0,"qtr":4,"down":0,"time":"02:26","yrdln":"","ydstogo":0,"ydsnet":80,"posteam":"","desc":"Timeout #3 by OAK at 02:26.","note":"TIMEOUT","players":{"0":[{"sequence":1,"clubcode":"OAK","playerName":"","statId":68,"yards":0}]}},"3590":{"sp":0,"qtr":4,"down":4,"time":"02:26","yrdln":"NYJ 2","ydstogo":2,"ydsnet":80,"posteam":"OAK","desc":"(2:26) (Shotgun) B.Gradkowski pass incomplete short middle to L.Murphy (D.Lowery).","note":null,"players":{"00-0024408":[{"sequence":2,"clubcode":"OAK","playerName":"B.Gradkowski","statId":14,"yards":0},{"sequence":5,"clubcode":"OAK","playerName":"B.Gradkowski","statId":112,"yards":2}],"00-0027089":[{"sequence":3,"clubcode":"OAK","playerName":"L.Murphy","statId":115,"yards":0}],"0":[{"sequence":1,"clubcode":"OAK","playerName":"","statId":9,"yards":0}],"00-0026253":[{"sequence":4,"clubcode":"NYJ","playerName":"D.Lowery","statId":85,"yards":0}]}}},"fds":4,"result":"Downs","penyds":0,"ydsgained":80,"numplays":16,"postime":"4:09","start":{"qtr":4,"time":"06:30","yrdln":"OAK 18","team":"OAK"},"end":{"qtr":4,"time":"02:21","yrdln":"NYJ 2","team":"OAK"}},"22":{"posteam":"NYJ","qtr":4,"redzone":true,"plays":{"3612":{"sp":0,"qtr":4,"down":1,"time":"02:21","yrdln":"NYJ 2","ydstogo":10,"ydsnet":6,"posteam":"NYJ","desc":"(2:21) D.Woodhead up the middle to NYJ 8 for 6 yards (D.Bryant).","note":null,"players":{"00-0026019":[{"sequence":1,"clubcode":"NYJ","playerName":"D.Woodhead","statId":10,"yards":6}],"00-0026533":[{"sequence":2,"clubcode":"OAK","playerName":"D.Bryant","statId":79,"yards":0}]}},"3633":{"sp":0,"qtr":4,"down":0,"time":"02:00","yrdln":"","ydstogo":0,"ydsnet":6,"posteam":"","desc":"Two-Minute Warning","note":null,"players":{}},"3650":{"sp":0,"qtr":4,"down":2,"time":"01:58","yrdln":"NYJ 8","ydstogo":4,"ydsnet":8,"posteam":"NYJ","desc":"(1:58) D.Woodhead up the middle to NYJ 10 for 2 yards (T.Scott).","note":null,"players":{"00-0026019":[{"sequence":1,"clubcode":"NYJ","playerName":"D.Woodhead","statId":10,"yards":2}],"00-0026309":[{"sequence":2,"clubcode":"OAK","playerName":"T.Scott","statId":79,"yards":0}]}},"3671":{"sp":0,"qtr":4,"down":0,"time":"01:18","yrdln":"","ydstogo":0,"ydsnet":8,"posteam":"","desc":"Timeout #1 by NYJ at 01:18.","note":"TIMEOUT","players":{"0":[{"sequence":1,"clubcode":"NYJ","playerName":"","statId":68,"yards":0}]}},"3688":{"sp":0,"qtr":4,"down":3,"time":"01:18","yrdln":"NYJ 10","ydstogo":2,"ydsnet":24,"posteam":"NYJ","desc":"(1:18) D.Woodhead right tackle to NYJ 26 for 16 yards (T.Branch).","note":null,"players":{"00-0026019":[{"sequence":3,"clubcode":"NYJ","playerName":"D.Woodhead","statId":10,"yards":16}],"0":[{"sequence":1,"clubcode":"NYJ","playerName":"","statId":3,"yards":0},{"sequence":2,"clubcode":"NYJ","playerName":"","statId":6,"yards":0}],"00-0026240":[{"sequence":4,"clubcode":"OAK","playerName":"T.Branch","statId":79,"yards":0}]}},"3709":{"sp":0,"qtr":4,"down":1,"time":"00:30","yrdln":"NYJ 26","ydstogo":10,"ydsnet":23,"posteam":"NYJ","desc":"(:30) K.Clemens kneels to NYJ 25 for -1 yards.","note":null,"players":{"00-0024264":[{"sequence":1,"clubcode":"NYJ","playerName":"K.Clemens","statId":10,"yards":-1}]}},"3736":{"sp":0,"qtr":4,"down":0,"time":"00:00","yrdln":"","ydstogo":0,"ydsnet":23,"posteam":"","desc":"END GAME","note":null,"players":{}}},"fds":1,"result":"End of Game","penyds":0,"ydsgained":23,"numplays":7,"postime":"2:21","start":{"qtr":4,"time":"02:21","yrdln":"NYJ 2","team":"NYJ"},"end":{"qtr":4,"time":"00:00","yrdln":"","team":"NYJ"}},"crntdrv":22},"scrsummary":{"224":{"type":"TD","desc":"T.Jones 1 yd. run (J.Feely kick is good) Drive: 4 plays, 4 yards in 1:54","qtr":1,"team":"NYJ","players":{"":"0","T.Jones":"00-0019641","J.Feely":"00-0019770"}},"713":{"type":"TD","desc":"M.Sanchez 3 yd. run (J.Feely kick is good) Drive: 2 plays, 4 yards in 0:41","qtr":1,"team":"NYJ","players":{"":"0","M.Sanchez":"00-0026898","J.Feely":"00-0019770"}},"1518":{"type":"TD","desc":"S.Greene 8 yd. run (J.Feely kick is good) Drive: 10 plays, 93 yards in 5:31","qtr":2,"team":"NYJ","players":{"":"0","S.Greene":"00-0026899","J.Feely":"00-0019770"}},"1987":{"type":"FG","desc":"J.Feely 39 yd. Field Goal Drive: 12 plays, 76 yards in 5:12","qtr":2,"team":"NYJ","players":{"J.Feely":"00-0019770"}},"2505":{"type":"TD","desc":"D.Clowney 35 yd. pass from M.Sanchez (J.Feely kick is good) Drive: 5 plays, 66 yards in 1:58","qtr":3,"team":"NYJ","players":{"":"0","M.Sanchez":"00-0026898","D.Clowney":"00-0025544","J.Feely":"00-0019770"}},"3228":{"type":"TD","desc":"S.Greene 33 yd. run (J.Feely kick is good) Drive: 7 plays, 79 yards in 4:27","qtr":4,"team":"NYJ","players":{"":"0","S.Greene":"00-0026899","J.Feely":"00-0019770"}}},"weather":null,"media":null,"yl":"","qtr":"Final","note":null,"down":0,"togo":0,"redzone":true,"clock":"00:30","posteam":"NYJ","stadium":null},"nextupdate":266}