{"2009092100":{"home":{"score":{"1":7,"2":6,"3":0,"4":10,"5":0,"T":23},"abbr":"MIA","to":0,"stats":{"passing":{"00-0019559":{"name":"C.Pennington","att":33,"cmp":22,"yds":183,"tds":0,"ints":1,"twopta":0,"twoptm":0}},"rushing":{"00-0023437":{"name":"R.Brown","att":24,"yds":136,"tds":2,"lng":19,"twopta":0,"twoptm":0},"00-0017915":{"name":"R.Williams","att":19,"yds":69,"tds":0,"lng":15,"twopta":0,"twoptm":0},"00-0024172":{"name":"P.Cobbs","att":2,"yds":23,"tds":0,"lng":19,"twopta":0,"twoptm":0},"00-0022405":{"name":"L.Polite","att":3,"yds":7,"tds":0,"lng":3,"twopta":0,"twoptm":0},"00-0019559":{"name":"C.Pennington","att":1,"yds":4,"tds":0,"lng":4,"twopta":0,"twoptm":0}},"receiving":{"00-0025396":{"name":"T.Ginn","rec":11,"yds":108,"tds":0,"lng":21,"twopta":0,"twoptm":0},"00-0026000":{"name":"D.Bess","rec":3,"yds":29,"tds":0,"lng":18,"twopta":0,"twoptm":0},"00-0023408":{"name":"G.Camarillo","rec":3,"yds":11,"tds":0,"lng":10,"twopta":0,"twoptm":0},"00-0027077":{"name":"B.Hartline","rec":2,"yds":23,"tds":0,"lng":18,"twopta":0,"twoptm":0},"00-0024172":{"name":"P.Cobbs","rec":1,"yds":8,"tds":0,"lng":8,"twopta":0,"twoptm":0},"00-0017915":{"name":"R.Williams","rec":1,"yds":3,"tds":0,"lng":3,"twopta":0,"twoptm":0},"00-0024268":{"name":"A.Fasano","rec":1,"yds":1,"tds":0,"lng":1,"twopta":0,"twoptm":0}},"fumbles":{"00-0019559":{"name":"C.Pennington","tot":1,"rcv":0,"trcv":0,"yds":0,"lost":0},"00-0022890":{"name":"V.Carey","tot":0,"rcv":1,"trcv":1,"yds":0,"lost":0}},"kicking":{"00-0026003":{"name":"D.Carpenter","fgm":3,"fga":4,"fgyds":45,"totpfg":9,"xpmade":2,"xpmissed":0,"xpa":2,"xpb":0,"xptot":2}},"punting":{"00-0025612":{"name":"B.Fields","pts":1,"yds":44,"avg":42,"i20":1,"lng":44}},"kickret":{"00-0024172":{"name":"P.Cobbs","ret":4,"avg":22,"tds":0,"lng":25}},"puntret":{"00-0026000":{"name":"D.Bess","ret":1,"avg":8,"tds":0,"lng":8}},"defense":{"00-0022067":{"name":"Y.Bell","tkl":5,"ast":0,"sk":0,"int":0,"ffum":0},"00-0022815":{"name":"G.Wilson","tkl":2,"ast":0,"sk":0,"int":0,"ffum":0},"00-0022828":{"name":"N.Jones","tkl":2,"ast":0,"sk":0,"int":0,"ffum":0},"00-0026206":{"name":"K.Langford","tkl":2,"ast":0,"sk":0,"int":0,"ffum":0},"00-0020467":{"name":"W.Allen","tkl":2,"ast":0,"sk":0,"int":0,"ffum":0},"00-0027037":{"name":"S.Smith","tkl":1,"ast":1,"sk":0,"int":0,"ffum":0},"00-0005150":{"name":"J.Ferguson","tkl":0,"ast":2,"sk":0,"int":0,"ffum":0},"00-0013126":{"name":"J.Porter","tkl":1,"ast":0,"sk":1,"int":0,"ffum":0},"00-0026172":{"name":"P.Merling","tkl":1,"ast":0,"sk":0,"int":0,"ffum":0},"00-0023505":{"name":"C.Crowder","tkl":1,"ast":0,"sk":0,"int":0,"ffum":0},"00-0022805":{"name":"R.Starks","tkl":1,"ast":0,"sk":0,"int":0,"ffum":0},"00-0021214":{"name":"A.Ayodele","tkl":1,"ast":0,"sk":0,"int":0,"ffum":0}},"team":{"totfd":27,"totyds":403,"pyds":164,"ryds":239,"pen":4,"penyds":20,"trnovr":1,"pt":1,"ptyds":44,"ptavg":42,"top":"45:07"}},"players":null},"away":{"score":{"1":7,"2":6,"3":0,"4":14,"5":0,"T":27},"abbr":"IND","to":3,"stats":{"passing":{"00-0010346":{"name":"P.Manning","att":23,"cmp":14,"yds":303,"tds":2,"ints":0,"twopta":0,"twoptm":0}},"rushing":{"00-0024245":{"name":"J.Addai","att":6,"yds":32,"tds":0,"lng":14,"twopta":0,"twoptm":0},"00-0027003":{"name":"D.Brown","att":4,"yds":26,"tds":1,"lng":15,"twopta":0,"twoptm":0},"00-0010346":{"name":"P.Manning","att":1,"yds":3,"tds":0,"lng":3,"twopta":0,"twoptm":0}},"receiving":{"00-0022165":{"name":"D.Clark","rec":7,"yds":183,"tds":1,"lng":80,"twopta":0,"twoptm":0},"00-0020498":{"name":"R.Wayne","rec":3,"yds":37,"tds":0,"lng":16,"twopta":0,"twoptm":0},"00-0026345":{"name":"P.Garcon","rec":1,"yds":48,"tds":1,"lng":48,"twopta":0,"twoptm":0},"00-0027003":{"name":"D.Brown","rec":1,"yds":24,"tds":0,"lng":24,"twopta":0,"twoptm":0},"00-0024245":{"name":"J.Addai","rec":1,"yds":7,"tds":0,"lng":7,"twopta":0,"twoptm":0},"00-0027092":{"name":"A.Collie","rec":1,"yds":4,"tds":0,"lng":4,"twopta":0,"twoptm":0}},"fumbles":{},"kicking":{"00-0016919":{"name":"A.Vinatieri","fgm":2,"fga":2,"fgyds":48,"totpfg":6,"xpmade":3,"xpmissed":0,"xpa":3,"xpb":0,"xptot":3}},"punting":{"00-0027145":{"name":"P.McAfee","pts":3,"yds":145,"avg":39,"i20":0,"lng":56}},"kickret":{"00-0025997":{"name":"C.Simpson","ret":5,"avg":18,"tds":0,"lng":22}},"puntret":{"00-0024452":{"name":"T.Rushing","ret":1,"avg":2,"tds":0,"lng":2}},"defense":{"00-0024421":{"name":"A.Bethea","tkl":8,"ast":0,"sk":0,"int":1,"ffum":0},"00-0025523":{"name":"C.Session","tkl":7,"ast":1,"sk":0,"int":0,"ffum":0},"00-0024697":{"name":"M.Bullitt","tkl":7,"ast":1,"sk":0,"int":0,"ffum":0},"00-0024277":{"name":"T.Jennings","tkl":6,"ast":2,"sk":0,"int":0,"ffum":0},"00-0021484":{"name":"G.Brackett","tkl":7,"ast":0,"sk":0,"int":0,"ffum":0},"00-0024765":{"name":"E.Johnson","tkl":5,"ast":0,"sk":0,"int":0,"ffum":0},"00-0023495":{"name":"K.Hayden","tkl":5,"ast":0,"sk":0,"int":0,"ffum":0},"00-0023606":{"name":"T.Hagler","tkl":3,"ast":2,"sk":0,"int":0,"ffum":0},"00-0025991":{"name":"E.Foster","tkl":4,"ast":0,"sk":0,"int":0,"ffum":0},"00-0025539":{"name":"A.Johnson","tkl":4,"ast":0,"sk":0,"int":0,"ffum":0},"00-0021146":{"name":"D.Freeney","tkl":2,"ast":2,"sk":1,"int":0,"ffum":0},"00-0024692":{"name":"D.Muir","tkl":2,"ast":1,"sk":0,"int":0,"ffum":0},"00-0021340":{"name":"R.Brock","tkl":2,"ast":0,"sk":0,"int":0,"ffum":0},"00-0026674":{"name":"J.Lacey","tkl":2,"ast":0,"sk":0,"int":0,"ffum":0},"00-0022059":{"name":"R.Mathis","tkl":1,"ast":1,"sk":1,"int":0,"ffum":1},"00-0023464":{"name":"M.Jackson","tkl":1,"ast":1,"sk":0,"int":0,"ffum":0},"00-0025629":{"name":"K.Dawson","tkl":1,"ast":0,"sk":0,"int":0,"ffum":0}},"team":{"totfd":14,"totyds":356,"pyds":295,"ryds":61,"pen":4,"penyds":20,"trnovr":0,"pt":3,"ptyds":145,"ptavg":39,"top":"14:53"}},"players":null},"drives":{"1":{"posteam":"IND","qtr":1,"redzone":true,"plays":{"36":{"sp":0,"qtr":1,"down":0,"time":"15:00","yrdln":"MIA 30","ydstogo":0,"ydsnet":0,"posteam":"MIA","desc":"D.Carpenter kicks 78 yards from MIA 30 to IND -8. C.Simpson, Touchback.","note":"KICKOFF","players":{"0":[{"sequence":2,"clubcode":"IND","playerName":"","statId":51,"yards":0}],"00-0026003":[{"sequence":1,"clubcode":"MIA","playerName":"D.Carpenter","statId":44,"yards":70}]}},"54":{"sp":1,"qtr":1,"down":1,"time":"15:00","yrdln":"IND 20","ydstogo":10,"ydsnet":80,"posteam":"IND","desc":"(15:00) P.Manning pass deep middle to D.Clark for 80 yards, TOUCHDOWN.","note":"TD","players":{"00-0010346":[{"sequence":2,"clubcode":"IND","playerName":"P.Manning","statId":16,"yards":80},{"sequence":3,"clubcode":"IND","playerName":"P.Manning","statId":111,"yards":23}],"0":[{"sequence":1,"clubcode":"IND","playerName":"","statId":4,"yards":0}],"00-0022165":[{"sequence":4,"clubcode":"IND","playerName":"D.Clark","statId":22,"yards":80},{"sequence":5,"clubcode":"IND","playerName":"D.Clark","statId":115,"yards":0},{"sequence":6,"clubcode":"IND","playerName":"D.Clark","statId":113,"yards":57}]}},"74":{"sp":1,"qtr":1,"down":0,"time":"14:48","yrdln":"MIA 2","ydstogo":0,"ydsnet":80,"posteam":"IND","desc":"A.Vinatieri extra point is GOOD, Center-J.Snow, Holder-P.McAfee.","note":"XP","players":{"00-0016919":[{"sequence":1,"clubcode":"IND","playerName":"A.Vinatieri","statId":72,"yards":0}]}}},"fds":1,"result":"Touchdown","penyds":0,"ydsgained":80,"numplays":3,"postime":"0:12","start":{"qtr":1,"time":"15:00","yrdln":"IND 20","team":"IND"},"end":{"qtr":1,"time":"14:48","yrdln":"IND 20","team":"IND"}},"2":{"posteam":"MIA","qtr":1,"redzone":true,"plays":{"90":{"sp":0,"qtr":1,"down":0,"time":"14:48","yrdln":"IND 30","ydstogo":0,"ydsnet":75,"posteam":"IND","desc":"P.McAfee kicks 68 yards from IND 30 to MIA 2. P.Cobbs to MIA 25 for 23 yards (C.Simpson).","note":"KICKOFF","players":{"00-0025997":[{"sequence":3,"clubcode":"IND","playerName":"C.Simpson","statId":79,"yards":0}],"00-0027145":[{"sequence":1,"clubcode":"IND","playerName":"P.McAfee","statId":41,"yards":68}],"00-0024172":[{"sequence":2,"clubcode":"MIA","playerName":"P.Cobbs","statId":45,"yards":23}]}},"113":{"sp":0,"qtr":1,"down":1,"time":"14:41","yrdln":"MIA 25","ydstogo":10,"ydsnet":0,"posteam":"MIA","desc":"(14:41) R.Brown left end to MIA 25 for no gain (T.Jennings).","note":null,"players":{"00-0023437":[{"sequence":1,"clubcode":"MIA","playerName":"R.Brown","statId":10,"yards":0}],"00-0024277":[{"sequence":2,"clubcode":"IND","playerName":"T.Jennings","statId":79,"yards":0}]}},"134":{"sp":0,"qtr":1,"down":2,"time":"14:01","yrdln":"MIA 25","ydstogo":10,"ydsnet":8,"posteam":"MIA","desc":"(14:01) R.Brown left guard to MIA 33 for 8 yards (A.Johnson).","note":null,"players":{"00-0023437":[{"sequence":1,"clubcode":"MIA","playerName":"R.Brown","statId":10,"yards":8}],"00-0025539":[{"sequence":2,"clubcode":"IND","playerName":"A.Johnson","statId":79,"yards":0}]}},"155":{"sp":0,"qtr":1,"down":3,"time":"13:17","yrdln":"MIA 33","ydstogo":2,"ydsnet":26,"posteam":"MIA","desc":"(13:17) (Shotgun) C.Pennington pass deep right to B.Hartline to IND 49 for 18 yards (A.Bethea).","note":null,"players":{"00-0019559":[{"sequence":3,"clubcode":"MIA","playerName":"C.Pennington","statId":15,"yards":18},{"sequence":4,"clubcode":"MIA","playerName":"C.Pennington","statId":111,"yards":18}],"00-0027077":[{"sequence":5,"clubcode":"MIA","playerName":"B.Hartline","statId":21,"yards":18},{"sequence":6,"clubcode":"MIA","playerName":"B.Hartline","statId":115,"yards":0},{"sequence":7,"clubcode":"MIA","playerName":"B.Hartline","statId":113,"yards":0}],"0":[{"sequence":1,"clubcode":"MIA","playerName":"","statId":4,"yards":0},{"sequence":2,"clubcode":"MIA","playerName":"","statId":6,"yards":0}],"00-0024421":[{"sequence":8,"clubcode":"IND","playerName":"A.Bethea","statId":79,"yards":0}]}},"179":{"sp":0,"qtr":1,"down":1,"time":"12:37","yrdln":"IND 49","ydstogo":10,"ydsnet":51,"posteam":"MIA","desc":"(12:37) Direct snap to R. Brown. (Shotgun) R.Williams right tackle to IND 44 for 5 yards (C.Session).","note":null,"players":{"00-0017915":[{"sequence":1,"clubcode":"MIA","playerName":"R.Williams","statId":10,"yards":5}],"00-0025523":[{"sequence":2,"clubcode":"IND","playerName":"C.Session","statId":79,"yards":0}]}},"204":{"sp":0,"qtr":1,"down":2,"time":"12:02","yrdln":"IND 44","ydstogo":5,"ydsnet":51,"posteam":"MIA","desc":"(12:02) Direct snap to R. Brown. (Shotgun) R.Brown right guard to IND 35 for 9 yards (A.Bethea).","note":null,"players":{"00-0023437":[{"sequence":2,"clubcode":"MIA","playerName":"R.Brown","statId":10,"yards":9}],"0":[{"sequence":1,"clubcode":"MIA","playerName":"","statId":3,"yards":0}],"00-0024421":[{"sequence":3,"clubcode":"IND","playerName":"A.Bethea","statId":79,"yards":0}]}},"229":{"sp":0,"qtr":1,"down":1,"time":"11:22","yrdln":"IND 35","ydstogo":10,"ydsnet":51,"posteam":"MIA","desc":"(11:22) R.Brown left tackle to IND 24 for 11 yards (M.Bullitt).","note":null,"players":{"00-0023437":[{"sequence":2,"clubcode":"MIA","playerName":"R.Brown","statId":10,"yards":11}],"00-0024697":[{"sequence":3,"clubcode":"IND","playerName":"M.Bullitt","statId":79,"yards":0}],"0":[{"sequence":1,"clubcode":"MIA","playerName":"","statId":3,"yards":0}]}},"250":{"sp":0,"qtr":1,"down":1,"time":"10:40","yrdln":"IND 24","ydstogo":10,"ydsnet":46,"posteam":"MIA","desc":"(10:40) PENALTY on MIA-J.Smiley, False Start, 5 yards, enforced at IND 24 - No Play.","note":"PENALTY","players":{"00-0022895":[{"sequence":1,"clubcode":"MIA","playerName":"J.Smiley","statId":93,"yards":5}]}},"273":{"sp":0,"qtr":1,"down":1,"time":"10:18","yrdln":"IND 29","ydstogo":15,"ydsnet":54,"posteam":"MIA","desc":"(10:18) C.Pennington pass short left to P.Cobbs to IND 21 for 8 yards (A.Bethea, M.Bullitt).","note":null,"players":{"00-0019559":[{"sequence":1,"clubcode":"MIA","playerName":"C.Pennington","statId":15,"yards":8},{"sequence":2,"clubcode":"MIA","playerName":"C.Pennington","statId":111,"yards":0}],"00-0024697":[{"sequence":7,"clubcode":"IND","playerName":"M.Bullitt","statId":82,"yards":0}],"00-0024421":[{"sequence":6,"clubcode":"IND","playerName":"A.Bethea","statId":80,"yards":0}],"00-0024172":[{"sequence":3,"clubcode":"MIA","playerName":"P.Cobbs","statId":21,"yards":8},{"sequence":4,"clubcode":"MIA","playerName":"P.Cobbs","statId":115,"yards":0},{"sequence":5,"clubcode":"MIA","playerName":"P.Cobbs","statId":113,"yards":8}]}},"297":{"sp":0,"qtr":1,"down":2,"time":"09:32","yrdln":"IND 21","ydstogo":7,"ydsnet":61,"posteam":"MIA","desc":"(9:32) C.Pennington pass short left to T.Ginn to IND 14 for 7 yards (T.Jennings).","note":null,"players":{"00-0019559":[{"sequence":2,"clubcode":"MIA","playerName":"C.Pennington","statId":15,"yards":7},{"sequence":3,"clubcode":"MIA","playerName":"C.Pennington","statId":111,"yards":8}],"00-0025396":[{"sequence":4,"clubcode":"MIA","playerName":"T.Ginn","statId":21,"yards":7},{"sequence":5,"clubcode":"MIA","playerName":"T.Ginn","statId":115,"yards":0},{"sequence":6,"clubcode":"MIA","playerName":"T.Ginn","statId":113,"yards":-1}],"00-0024277":[{"sequence":7,"clubcode":"IND","playerName":"T.Jennings","statId":79,"yards":0}],"0":[{"sequence":1,"clubcode":"MIA","playerName":"","statId":4,"yards":0}]}},"321":{"sp":1,"qtr":1,"down":1,"time":"08:49","yrdln":"IND 14","ydstogo":10,"ydsnet":75,"posteam":"MIA","desc":"(8:49) Direct snap to R. Brown. (Shotgun) R.Brown right guard for 14 yards, TOUCHDOWN.","note":"TD","players":{"00-0023437":[{"sequence":2,"clubcode":"MIA","playerName":"R.Brown","statId":11,"yards":14}],"0":[{"sequence":1,"clubcode":"MIA","playerName":"","statId":3,"yards":0}]}},"342":{"sp":1,"qtr":1,"down":0,"time":"08:42","yrdln":"IND 2","ydstogo":0,"ydsnet":75,"posteam":"MIA","desc":"D.Carpenter extra point is GOOD, Center-J.Denney, Holder-B.Fields.","note":"XP","players":{"00-0026003":[{"sequence":1,"clubcode":"MIA","playerName":"D.Carpenter","statId":72,"yards":0}]}}},"fds":5,"result":"Touchdown","penyds":-5,"ydsgained":80,"numplays":12,"postime":"6:06","start":{"qtr":1,"time":"14:48","yrdln":"MIA 25","team":"MIA"},"end":{"qtr":1,"time":"08:42","yrdln":"IND 14","team":"MIA"}},"3":{"posteam":"IND","qtr":1,"redzone":true,"plays":{"358":{"sp":0,"qtr":1,"down":0,"time":"08:42","yrdln":"MIA 30","ydstogo":0,"ydsnet":0,"posteam":"MIA","desc":"D.Carpenter kicks 72 yards from MIA 30 to IND -2. C.Simpson to IND 20 for 22 yards (L.Hilliard).","note":"KICKOFF","players":{"00-0025997":[{"sequence":2,"clubcode":"IND","playerName":"C.Simpson","statId":45,"yards":22}],"00-0026344":[{"sequence":3,"clubcode":"MIA","playerName":"L.Hilliard","statId":79,"yards":0}],"00-0026003":[{"sequence":1,"clubcode":"MIA","playerName":"D.Carpenter","statId":43,"yards":72}]}},"380":{"sp":0,"qtr":1,"down":1,"time":"08:37","yrdln":"IND 20","ydstogo":10,"ydsnet":12,"posteam":"IND","desc":"(8:37) J.Addai left tackle to IND 32 for 12 yards (G.Wilson, S.Smith).","note":null,"players":{"00-0027037":[{"sequence":4,"clubcode":"MIA","playerName":"S.Smith","statId":82,"yards":0}],"00-0022815":[{"sequence":3,"clubcode":"MIA","playerName":"G.Wilson","statId":80,"yards":0}],"00-0024245":[{"sequence":2,"clubcode":"IND","playerName":"J.Addai","statId":10,"yards":12}],"0":[{"sequence":1,"clubcode":"IND","playerName":"","statId":3,"yards":0}]}},"401":{"sp":0,"qtr":1,"down":1,"time":"08:06","yrdln":"IND 32","ydstogo":10,"ydsnet":15,"posteam":"IND","desc":"(8:06) J.Addai right guard to IND 35 for 3 yards (C.Crowder).","note":null,"players":{"00-0024245":[{"sequence":1,"clubcode":"IND","playerName":"J.Addai","statId":10,"yards":3}],"00-0023505":[{"sequence":2,"clubcode":"MIA","playerName":"C.Crowder","statId":79,"yards":0}]}},"422":{"sp":0,"qtr":1,"down":2,"time":"07:33","yrdln":"IND 35","ydstogo":7,"ydsnet":23,"posteam":"IND","desc":"(7:33) (Shotgun) P.Manning pass short right to D.Clark to IND 43 for 8 yards (Y.Bell).","note":null,"players":{"00-0022067":[{"sequence":7,"clubcode":"MIA","playerName":"Y.Bell","statId":79,"yards":0}],"00-0010346":[{"sequence":2,"clubcode":"IND","playerName":"P.Manning","statId":15,"yards":8},{"sequence":3,"clubcode":"IND","playerName":"P.Manning","statId":111,"yards":8}],"0":[{"sequence":1,"clubcode":"IND","playerName":"","statId":4,"yards":0}],"00-0022165":[{"sequence":4,"clubcode":"IND","playerName":"D.Clark","statId":21,"yards":8},{"sequence":5,"clubcode":"IND","playerName":"D.Clark","statId":115,"yards":0},{"sequence":6,"clubcode":"IND","playerName":"D.Clark","statId":113,"yards":0}]}},"446":{"sp":0,"qtr":1,"down":1,"time":"06:48","yrdln":"IND 43","ydstogo":10,"ydsnet":24,"posteam":"IND","desc":"(6:48) J.Addai left guard to IND 44 for 1 yard (R.Starks, J.Ferguson).","note":null,"players":{"00-0024245":[{"sequence":1,"clubcode":"IND","playerName":"J.Addai","statId":10,"yards":1}],"00-0005150":[{"sequence":3,"clubcode":"MIA","playerName":"J.Ferguson","statId":82,"yards":0}],"00-0022805":[{"sequence":2,"clubcode":"MIA","playerName":"R.Starks","statId":80,"yards":0}]}},"467":{"sp":0,"qtr":1,"down":2,"time":"06:08","yrdln":"IND 44","ydstogo":9,"ydsnet":24,"posteam":"IND","desc":"(6:08) P.Manning pass incomplete deep right to P.Garcon.","note":null,"players":{"00-0010346":[{"sequence":1,"clubcode":"IND","playerName":"P.Manning","statId":14,"yards":0},{"sequence":3,"clubcode":"IND","playerName":"P.Manning","statId":112,"yards":26}],"00-0026345":[{"sequence":2,"clubcode":"IND","playerName":"P.Garcon","statId":115,"yards":0}]}},"489":{"sp":0,"qtr":1,"down":3,"time":"06:00","yrdln":"IND 44","ydstogo":9,"ydsnet":24,"posteam":"IND","desc":"(6:00) (Shotgun) P.Manning pass incomplete deep left to R.Wayne.","note":null,"players":{"00-0010346":[{"sequence":2,"clubcode":"IND","playerName":"P.Manning","statId":14,"yards":0},{"sequence":4,"clubcode":"IND","playerName":"P.Manning","statId":112,"yards":24}],"0":[{"sequence":1,"clubcode":"IND","playerName":"","statId":7,"yards":0}],"00-0020498":[{"sequence":3,"clubcode":"IND","playerName":"R.Wayne","statId":115,"yards":0}]}},"511":{"sp":0,"qtr":1,"down":4,"time":"05:54","yrdln":"IND 44","ydstogo":9,"ydsnet":24,"posteam":"IND","desc":"(5:54) P.McAfee punts 56 yards to end zone, Center-J.Snow, Touchback.","note":"PUNT","players":{"0":[{"sequence":2,"clubcode":"MIA","playerName":"","statId":40,"yards":0}],"00-0027145":[{"sequence":1,"clubcode":"IND","playerName":"P.McAfee","statId":32,"yards":56}]}}},"fds":2,"result":"Punt","penyds":0,"ydsgained":24,"numplays":8,"postime":"2:57","start":{"qtr":1,"time":"08:42","yrdln":"IND 20","team":"IND"},"end":{"qtr":1,"time":"05:45","yrdln":"IND 44","team":"IND"}},"4":{"posteam":"MIA","qtr":2,"redzone":true,"plays":{"533":{"sp":0,"qtr":1,"down":1,"time":"05:45","yrdln":"MIA 20","ydstogo":10,"ydsnet":6,"posteam":"MIA","desc":"(5:45) R.Williams left tackle to MIA 26 for 6 yards (M.Bullitt, T.Jennings).","note":null,"players":{"00-0024697":[{"sequence":2,"clubcode":"IND","playerName":"M.Bullitt","statId":80,"yards":0}],"00-0017915":[{"sequence":1,"clubcode":"MIA","playerName":"R.Williams","statId":10,"yards":6}],"00-0024277":[{"sequence":3,"clubcode":"IND","playerName":"T.Jennings","statId":82,"yards":0}]}},"554":{"sp":0,"qtr":1,"down":2,"time":"05:02","yrdln":"MIA 26","ydstogo":4,"ydsnet":9,"posteam":"MIA","desc":"(5:02) R.Williams left guard to MIA 29 for 3 yards (A.Johnson).","note":null,"players":{"00-0017915":[{"sequence":1,"clubcode":"MIA","playerName":"R.Williams","statId":10,"yards":3}],"00-0025539":[{"sequence":2,"clubcode":"IND","playerName":"A.Johnson","statId":79,"yards":0}]}},"575":{"sp":0,"qtr":1,"down":3,"time":"04:16","yrdln":"MIA 29","ydstogo":1,"ydsnet":11,"posteam":"MIA","desc":"(4:16) R.Williams left end to MIA 31 for 2 yards (A.Bethea, R.Mathis).","note":null,"players":{"00-0017915":[{"sequence":3,"clubcode":"MIA","playerName":"R.Williams","statId":10,"yards":2}],"00-0022059":[{"sequence":5,"clubcode":"IND","playerName":"R.Mathis","statId":82,"yards":0}],"0":[{"sequence":1,"clubcode":"MIA","playerName":"","statId":3,"yards":0},{"sequence":2,"clubcode":"MIA","playerName":"","statId":6,"yards":0}],"00-0024421":[{"sequence":4,"clubcode":"IND","playerName":"A.Bethea","statId":80,"yards":0}]}},"596":{"sp":0,"qtr":1,"down":1,"time":"03:30","yrdln":"MIA 31","ydstogo":10,"ydsnet":16,"posteam":"MIA","desc":"(3:30) Direct snap to R. Brown. (Shotgun) R.Brown right guard to MIA 36 for 5 yards (G.Brackett, T.Hagler).","note":null,"players":{"00-0023437":[{"sequence":1,"clubcode":"MIA","playerName":"R.Brown","statId":10,"yards":5}],"00-0021484":[{"sequence":2,"clubcode":"IND","playerName":"G.Brackett","statId":80,"yards":0}],"00-0023606":[{"sequence":3,"clubcode":"IND","playerName":"T.Hagler","statId":82,"yards":0}]}},"621":{"sp":0,"qtr":1,"down":2,"time":"02:45","yrdln":"MIA 36","ydstogo":5,"ydsnet":16,"posteam":"MIA","desc":"(2:45) QB change - 6 - P. White. (Shotgun) R.Williams right guard to MIA 36 for no gain (C.Session, T.Hagler).","note":null,"players":{"00-0017915":[{"sequence":1,"clubcode":"MIA","playerName":"R.Williams","statId":10,"yards":0}],"00-0025523":[{"sequence":2,"clubcode":"IND","playerName":"C.Session","statId":80,"yards":0}],"00-0023606":[{"sequence":3,"clubcode":"IND","playerName":"T.Hagler","statId":82,"yards":0}]}},"646":{"sp":0,"qtr":1,"down":3,"time":"02:03","yrdln":"MIA 36","ydstogo":5,"ydsnet":25,"posteam":"MIA","desc":"(2:03) Pennington back in the game. C.Pennington pass short left to T.Ginn ran ob at MIA 45 for 9 yards.","note":null,"players":{"00-0019559":[{"sequence":3,"clubcode":"MIA","playerName":"C.Pennington","statId":15,"yards":9},{"sequence":4,"clubcode":"MIA","playerName":"C.Pennington","statId":111,"yards":9}],"00-0025396":[{"sequence":5,"clubcode":"MIA","playerName":"T.Ginn","statId":21,"yards":9},{"sequence":6,"clubcode":"MIA","playerName":"T.Ginn","statId":115,"yards":0},{"sequence":7,"clubcode":"MIA","playerName":"T.Ginn","statId":113,"yards":0}],"0":[{"sequence":1,"clubcode":"MIA","playerName":"","statId":4,"yards":0},{"sequence":2,"clubcode":"MIA","playerName":"","statId":6,"yards":0}]}},"679":{"sp":0,"qtr":1,"down":1,"time":"01:19","yrdln":"MIA 45","ydstogo":10,"ydsnet":29,"posteam":"MIA","desc":"(1:19) P.Cobbs up the middle to MIA 49 for 4 yards (E.Johnson).","note":null,"players":{"00-0024765":[{"sequence":2,"clubcode":"IND","playerName":"E.Johnson","statId":79,"yards":0}],"00-0024172":[{"sequence":1,"clubcode":"MIA","playerName":"P.Cobbs","statId":10,"yards":4}]}},"700":{"sp":0,"qtr":1,"down":2,"time":"00:38","yrdln":"MIA 49","ydstogo":6,"ydsnet":33,"posteam":"MIA","desc":"(:38) R.Williams right tackle to IND 47 for 4 yards (C.Session, D.Muir).","note":null,"players":{"00-0017915":[{"sequence":1,"clubcode":"MIA","playerName":"R.Williams","statId":10,"yards":4}],"00-0024692":[{"sequence":3,"clubcode":"IND","playerName":"D.Muir","statId":82,"yards":0}],"00-0025523":[{"sequence":2,"clubcode":"IND","playerName":"C.Session","statId":80,"yards":0}]}},"721":{"sp":0,"qtr":1,"down":0,"time":"","yrdln":"","ydstogo":0,"ydsnet":33,"posteam":"","desc":"END QUARTER 1","note":null,"players":{}},"748":{"sp":0,"qtr":2,"down":3,"time":"15:00","yrdln":"IND 47","ydstogo":2,"ydsnet":52,"posteam":"MIA","desc":"(15:00) R.Brown right guard pushed ob at IND 28 for 19 yards (K.Hayden).","note":null,"players":{"00-0023495":[{"sequence":4,"clubcode":"IND","playerName":"K.Hayden","statId":79,"yards":0}],"00-0023437":[{"sequence":3,"clubcode":"MIA","playerName":"R.Brown","statId":10,"yards":19}],"0":[{"sequence":1,"clubcode":"MIA","playerName":"","statId":3,"yards":0},{"sequence":2,"clubcode":"MIA","playerName":"","statId":6,"yards":0}]}},"769":{"sp":0,"qtr":2,"down":1,"time":"14:25","yrdln":"IND 28","ydstogo":10,"ydsnet":52,"posteam":"MIA","desc":"(14:25) C.Pennington pass incomplete deep middle to A.Fasano.","note":null,"players":{"00-0019559":[{"sequence":1,"clubcode":"MIA","playerName":"C.Pennington","statId":14,"yards":0},{"sequence":3,"clubcode":"MIA","playerName":"C.Pennington","statId":112,"yards":28}],"00-0024268":[{"sequence":2,"clubcode":"MIA","playerName":"A.Fasano","statId":115,"yards":0}]}},"791":{"sp":0,"qtr":2,"down":2,"time":"14:19","yrdln":"IND 28","ydstogo":10,"ydsnet":53,"posteam":"MIA","desc":"(14:19) R.Williams left end to IND 27 for 1 yard (R.Brock).","note":null,"players":{"00-0017915":[{"sequence":1,"clubcode":"MIA","playerName":"R.Williams","statId":10,"yards":1}],"00-0021340":[{"sequence":2,"clubcode":"IND","playerName":"R.Brock","statId":79,"yards":0}]}},"812":{"sp":0,"qtr":2,"down":3,"time":"13:33","yrdln":"IND 27","ydstogo":9,"ydsnet":53,"posteam":"MIA","desc":"(13:33) C.Pennington pass incomplete deep right to T.Ginn.","note":null,"players":{"00-0019559":[{"sequence":2,"clubcode":"MIA","playerName":"C.Pennington","statId":14,"yards":0},{"sequence":4,"clubcode":"MIA","playerName":"C.Pennington","statId":112,"yards":27}],"00-0025396":[{"sequence":3,"clubcode":"MIA","playerName":"T.Ginn","statId":115,"yards":0}],"0":[{"sequence":1,"clubcode":"MIA","playerName":"","statId":7,"yards":0}]}},"834":{"sp":1,"qtr":2,"down":4,"time":"13:26","yrdln":"IND 27","ydstogo":9,"ydsnet":53,"posteam":"MIA","desc":"(13:26) D.Carpenter 45 yard field goal is GOOD, Center-J.Denney, Holder-B.Fields.","note":"FG","players":{"00-0026003":[{"sequence":1,"clubcode":"MIA","playerName":"D.Carpenter","statId":70,"yards":45}]}}},"fds":3,"result":"Field Goal","penyds":0,"ydsgained":53,"numplays":14,"postime":"7:24","start":{"qtr":1,"time":"05:45","yrdln":"MIA 20","team":"MIA"},"end":{"qtr":1,"time":"13:21","yrdln":"IND 27","team":"MIA"}},"5":{"posteam":"IND","qtr":2,"redzone":true,"plays":{"853":{"sp":0,"qtr":2,"down":0,"time":"13:21","yrdln":"MIA 30","ydstogo":0,"ydsnet":0,"posteam":"MIA","desc":"D.Carpenter kicks 67 yards from MIA 30 to IND 3. C.Simpson to IND 19 for 16 yards (J.Allen). PENALTY on MIA-E.Walden, Offside on Free Kick, 5 yards, enforced at MIA 30 - No Play.","note":"PENALTY","players":{"00-0026307":[{"sequence":1,"clubcode":"MIA","playerName":"E.Walden","statId":93,"yards":5}]}},"886":{"sp":0,"qtr":2,"down":0,"time":"13:15","yrdln":"MIA 25","ydstogo":0,"ydsnet":0,"posteam":"MIA","desc":"D.Carpenter kicks 69 yards from MIA 25 to IND 6. C.Simpson to IND 27 for 21 yards (L.Hilliard).","note":"KICKOFF","players":{"00-0025997":[{"sequence":2,"clubcode":"IND","playerName":"C.Simpson","statId":45,"yards":21}],"00-0026344":[{"sequence":3,"clubcode":"MIA","playerName":"L.Hilliard","statId":79,"yards":0}],"00-0026003":[{"sequence":1,"clubcode":"MIA","playerName":"D.Carpenter","statId":41,"yards":69}]}},"908":{"sp":0,"qtr":2,"down":1,"time":"13:08","yrdln":"IND 27","ydstogo":10,"ydsnet":16,"posteam":"IND","desc":"(13:08) P.Manning pass short left to R.Wayne to IND 43 for 16 yards (G.Wilson).","note":null,"players":{"00-0022815":[{"sequence":7,"clubcode":"MIA","playerName":"G.Wilson","statId":79,"yards":0}],"00-0010346":[{"sequence":2,"clubcode":"IND","playerName":"P.Manning","statId":15,"yards":16},{"sequence":3,"clubcode":"IND","playerName":"P.Manning","statId":111,"yards":15}],"0":[{"sequence":1,"clubcode":"IND","playerName":"","statId":4,"yards":0}],"00-0020498":[{"sequence":4,"clubcode":"IND","playerName":"R.Wayne","statId":21,"yards":16},{"sequence":5,"clubcode":"IND","playerName":"R.Wayne","statId":115,"yards":0},{"sequence":6,"clubcode":"IND","playerName":"R.Wayne","statId":113,"yards":1}]}},"932":{"sp":0,"qtr":2,"down":1,"time":"12:25","yrdln":"IND 43","ydstogo":10,"ydsnet":30,"posteam":"IND","desc":"(12:25) J.Addai up the middle to MIA 43 for 14 yards (Y.Bell).","note":null,"players":{"00-0024245":[{"sequence":2,"clubcode":"IND","playerName":"J.Addai","statId":10,"yards":14}],"00-0022067":[{"sequence":3,"clubcode":"MIA","playerName":"Y.Bell","statId":79,"yards":0}],"0":[{"sequence":1,"clubcode":"IND","playerName":"","statId":3,"yards":0}]}},"953":{"sp":0,"qtr":2,"down":1,"time":"11:53","yrdln":"MIA 43","ydstogo":10,"ydsnet":30,"posteam":"IND","desc":"(11:53) P.Manning pass incomplete short left to A.Collie.","note":null,"players":{"00-0010346":[{"sequence":1,"clubcode":"IND","playerName":"P.Manning","statId":14,"yards":0},{"sequence":3,"clubcode":"IND","playerName":"P.Manning","statId":112,"yards":3}],"00-0027092":[{"sequence":2,"clubcode":"IND","playerName":"A.Collie","statId":115,"yards":0}]}},"975":{"sp":0,"qtr":2,"down":2,"time":"11:49","yrdln":"MIA 43","ydstogo":10,"ydsnet":32,"posteam":"IND","desc":"(11:49) (No Huddle) J.Addai left tackle to MIA 41 for 2 yards (K.Langford, J.Ferguson).","note":null,"players":{"00-0024245":[{"sequence":1,"clubcode":"IND","playerName":"J.Addai","statId":10,"yards":2}],"00-0005150":[{"sequence":3,"clubcode":"MIA","playerName":"J.Ferguson","statId":82,"yards":0}],"00-0026206":[{"sequence":2,"clubcode":"MIA","playerName":"K.Langford","statId":80,"yards":0}]}},"996":{"sp":0,"qtr":2,"down":3,"time":"11:33","yrdln":"MIA 41","ydstogo":8,"ydsnet":48,"posteam":"IND","desc":"(11:33) (No Huddle) J.Addai right tackle to MIA 44 for -3 yards (J.Taylor). PENALTY on MIA-K.Langford, Defensive 12 On-field, 5 yards, enforced at MIA 41 - No Play.","note":"PENALTY","players":{"00-0026206":[{"sequence":1,"clubcode":"MIA","playerName":"K.Langford","statId":93,"yards":5}]}},"1028":{"sp":0,"qtr":2,"down":0,"time":"11:02","yrdln":"","ydstogo":0,"ydsnet":37,"posteam":"","desc":"Timeout #1 by IND at 11:02.","note":"TIMEOUT","players":{"0":[{"sequence":1,"clubcode":"IND","playerName":"","statId":68,"yards":0}]}},"1045":{"sp":0,"qtr":2,"down":3,"time":"11:02","yrdln":"MIA 36","ydstogo":3,"ydsnet":43,"posteam":"IND","desc":"(11:02) (Shotgun) P.Manning pass short left to R.Wayne to MIA 30 for 6 yards (N.Jones). MIA-N.Jones was injured during the play.","note":null,"players":{"00-0010346":[{"sequence":3,"clubcode":"IND","playerName":"P.Manning","statId":15,"yards":6},{"sequence":4,"clubcode":"IND","playerName":"P.Manning","statId":111,"yards":6}],"00-0022828":[{"sequence":8,"clubcode":"MIA","playerName":"N.Jones","statId":79,"yards":0}],"0":[{"sequence":1,"clubcode":"IND","playerName":"","statId":4,"yards":0},{"sequence":2,"clubcode":"IND","playerName":"","statId":6,"yards":0}],"00-0020498":[{"sequence":5,"clubcode":"IND","playerName":"R.Wayne","statId":21,"yards":6},{"sequence":6,"clubcode":"IND","playerName":"R.Wayne","statId":115,"yards":0},{"sequence":7,"clubcode":"IND","playerName":"R.Wayne","statId":113,"yards":0}]}},"1069":{"sp":0,"qtr":2,"down":1,"time":"10:30","yrdln":"MIA 30","ydstogo":10,"ydsnet":43,"posteam":"IND","desc":"(10:30) (Shotgun) P.Manning pass incomplete deep middle to G.Robinson.","note":null,"players":{"00-0024529":[{"sequence":2,"clubcode":"IND","playerName":"G.Robinson","statId":115,"yards":0}],"00-0010346":[{"sequence":1,"clubcode":"IND","playerName":"P.Manning","statId":14,"yards":0},{"sequence":3,"clubcode":"IND","playerName":"P.Manning","statId":112,"yards":20}]}},"1095":{"sp":0,"qtr":2,"down":2,"time":"10:25","yrdln":"MIA 30","ydstogo":10,"ydsnet":43,"posteam":"IND","desc":"(10:25) J.Addai right end pushed ob at MIA 30 for no gain (W.Allen).","note":null,"players":{"00-0024245":[{"sequence":1,"clubcode":"IND","playerName":"J.Addai","statId":10,"yards":0}],"00-0020467":[{"sequence":2,"clubcode":"MIA","playerName":"W.Allen","statId":79,"yards":0}]}},"1116":{"sp":0,"qtr":2,"down":3,"time":"09:56","yrdln":"MIA 30","ydstogo":10,"ydsnet":48,"posteam":"IND","desc":"(9:56) (Shotgun) P.Manning pass short right to D.Clark to MIA 25 for 5 yards (Y.Bell).","note":null,"players":{"00-0022067":[{"sequence":7,"clubcode":"MIA","playerName":"Y.Bell","statId":79,"yards":0}],"00-0010346":[{"sequence":2,"clubcode":"IND","playerName":"P.Manning","statId":15,"yards":5},{"sequence":3,"clubcode":"IND","playerName":"P.Manning","statId":111,"yards":5}],"0":[{"sequence":1,"clubcode":"IND","playerName":"","statId":7,"yards":0}],"00-0022165":[{"sequence":4,"clubcode":"IND","playerName":"D.Clark","statId":21,"yards":5},{"sequence":5,"clubcode":"IND","playerName":"D.Clark","statId":115,"yards":0},{"sequence":6,"clubcode":"IND","playerName":"D.Clark","statId":113,"yards":0}]}},"1140":{"sp":1,"qtr":2,"down":4,"time":"09:20","yrdln":"MIA 25","ydstogo":5,"ydsnet":48,"posteam":"IND","desc":"(9:20) A.Vinatieri 43 yard field goal is GOOD, Center-J.Snow, Holder-P.McAfee.","note":"FG","players":{"00-0016919":[{"sequence":1,"clubcode":"IND","playerName":"A.Vinatieri","statId":70,"yards":43}]}}},"fds":3,"result":"Field Goal","penyds":5,"ydsgained":43,"numplays":13,"postime":"4:07","start":{"qtr":2,"time":"13:21","yrdln":"IND 27","team":"IND"},"end":{"qtr":2,"time":"09:14","yrdln":"MIA 25","team":"IND"}},"6":{"posteam":"MIA","qtr":2,"redzone":true,"plays":{"1159":{"sp":0,"qtr":2,"down":0,"time":"09:14","yrdln":"IND 30","ydstogo":0,"ydsnet":0,"posteam":"IND","desc":"P.McAfee kicks 70 yards from IND 30 to end zone, Touchback.","note":"KICKOFF","players":{"0":[{"sequence":2,"clubcode":"MIA","playerName":"","statId":51,"yards":0}],"00-0027145":[{"sequence":1,"clubcode":"IND","playerName":"P.McAfee","statId":44,"yards":70}]}},"1177":{"sp":0,"qtr":2,"down":1,"time":"09:14","yrdln":"MIA 20","ydstogo":10,"ydsnet":5,"posteam":"MIA","desc":"(9:14) C.Pennington pass short right to B.Hartline to MIA 25 for 5 yards (K.Hayden).","note":null,"players":{"00-0023495":[{"sequence":6,"clubcode":"IND","playerName":"K.Hayden","statId":79,"yards":0}],"00-0019559":[{"sequence":1,"clubcode":"MIA","playerName":"C.Pennington","statId":15,"yards":5},{"sequence":2,"clubcode":"MIA","playerName":"C.Pennington","statId":111,"yards":5}],"00-0027077":[{"sequence":3,"clubcode":"MIA","playerName":"B.Hartline","statId":21,"yards":5},{"sequence":4,"clubcode":"MIA","playerName":"B.Hartline","statId":115,"yards":0},{"sequence":5,"clubcode":"MIA","playerName":"B.Hartline","statId":113,"yards":0}]}},"1201":{"sp":0,"qtr":2,"down":2,"time":"08:36","yrdln":"MIA 25","ydstogo":5,"ydsnet":5,"posteam":"MIA","desc":"(8:36) R.Brown right tackle to MIA 25 for no gain (T.Hagler).","note":null,"players":{"00-0023437":[{"sequence":1,"clubcode":"MIA","playerName":"R.Brown","statId":10,"yards":0}],"00-0023606":[{"sequence":2,"clubcode":"IND","playerName":"T.Hagler","statId":79,"yards":0}]}},"1222":{"sp":0,"qtr":2,"down":3,"time":"07:51","yrdln":"MIA 25","ydstogo":5,"ydsnet":15,"posteam":"MIA","desc":"(7:51) (Shotgun) C.Pennington pass short left to G.Camarillo to MIA 35 for 10 yards (T.Jennings, M.Jackson).","note":null,"players":{"00-0019559":[{"sequence":3,"clubcode":"MIA","playerName":"C.Pennington","statId":15,"yards":10},{"sequence":4,"clubcode":"MIA","playerName":"C.Pennington","statId":111,"yards":7}],"00-0024277":[{"sequence":8,"clubcode":"IND","playerName":"T.Jennings","statId":80,"yards":0}],"0":[{"sequence":1,"clubcode":"MIA","playerName":"","statId":4,"yards":0},{"sequence":2,"clubcode":"MIA","playerName":"","statId":6,"yards":0}],"00-0023464":[{"sequence":9,"clubcode":"IND","playerName":"M.Jackson","statId":82,"yards":0}],"00-0023408":[{"sequence":5,"clubcode":"MIA","playerName":"G.Camarillo","statId":21,"yards":10},{"sequence":6,"clubcode":"MIA","playerName":"G.Camarillo","statId":115,"yards":0},{"sequence":7,"clubcode":"MIA","playerName":"G.Camarillo","statId":113,"yards":3}]}},"1246":{"sp":0,"qtr":2,"down":1,"time":"07:08","yrdln":"MIA 35","ydstogo":10,"ydsnet":17,"posteam":"MIA","desc":"(7:08) R.Brown right guard to MIA 37 for 2 yards (E.Johnson).","note":null,"players":{"00-0023437":[{"sequence":1,"clubcode":"MIA","playerName":"R.Brown","statId":10,"yards":2}],"00-0024765":[{"sequence":2,"clubcode":"IND","playerName":"E.Johnson","statId":79,"yards":0}]}},"1267":{"sp":0,"qtr":2,"down":2,"time":"06:29","yrdln":"MIA 37","ydstogo":8,"ydsnet":30,"posteam":"MIA","desc":"(6:29) Direct snap to R. Brown. (Shotgun) R.Brown left end pushed ob at 50 for 13 yards (G.Brackett).","note":null,"players":{"00-0023437":[{"sequence":2,"clubcode":"MIA","playerName":"R.Brown","statId":10,"yards":13}],"00-0021484":[{"sequence":3,"clubcode":"IND","playerName":"G.Brackett","statId":79,"yards":0}],"0":[{"sequence":1,"clubcode":"MIA","playerName":"","statId":3,"yards":0}]}},"1297":{"sp":0,"qtr":2,"down":1,"time":"05:55","yrdln":"50","ydstogo":10,"ydsnet":30,"posteam":"MIA","desc":"(5:55) C.Pennington pass incomplete deep middle to T.Ginn.","note":null,"players":{"00-0019559":[{"sequence":1,"clubcode":"MIA","playerName":"C.Pennington","statId":14,"yards":0},{"sequence":3,"clubcode":"MIA","playerName":"C.Pennington","statId":112,"yards":25}],"00-0025396":[{"sequence":2,"clubcode":"MIA","playerName":"T.Ginn","statId":115,"yards":0}]}},"1319":{"sp":0,"qtr":2,"down":2,"time":"05:50","yrdln":"50","ydstogo":10,"ydsnet":35,"posteam":"MIA","desc":"(5:50) Direct snap to R. Brown. (Shotgun) R.Brown up the middle to 50 for no gain (A.Johnson). PENALTY on IND-A.Johnson, Defensive Offside, 5 yards, enforced at 50 - No Play.","note":"PENALTY","players":{"00-0025539":[{"sequence":1,"clubcode":"IND","playerName":"A.Johnson","statId":93,"yards":5}]}},"1355":{"sp":0,"qtr":2,"down":2,"time":"05:23","yrdln":"IND 45","ydstogo":5,"ydsnet":35,"posteam":"MIA","desc":"(5:23) C.Pennington pass incomplete short right to P.Cobbs (T.Hagler).","note":null,"players":{"00-0019559":[{"sequence":1,"clubcode":"MIA","playerName":"C.Pennington","statId":14,"yards":0},{"sequence":4,"clubcode":"MIA","playerName":"C.Pennington","statId":112,"yards":5}],"00-0024172":[{"sequence":2,"clubcode":"MIA","playerName":"P.Cobbs","statId":115,"yards":0}],"00-0023606":[{"sequence":3,"clubcode":"IND","playerName":"T.Hagler","statId":85,"yards":0}]}},"1377":{"sp":0,"qtr":2,"down":3,"time":"05:18","yrdln":"IND 45","ydstogo":5,"ydsnet":25,"posteam":"MIA","desc":"(5:18) C.Pennington sacked at MIA 45 for -10 yards (D.Freeney).","note":null,"players":{"00-0019559":[{"sequence":2,"clubcode":"MIA","playerName":"C.Pennington","statId":20,"yards":-10}],"0":[{"sequence":1,"clubcode":"MIA","playerName":"","statId":7,"yards":0}],"00-0021146":[{"sequence":3,"clubcode":"IND","playerName":"D.Freeney","statId":83,"yards":-10},{"sequence":4,"clubcode":"IND","playerName":"D.Freeney","statId":110,"yards":0},{"sequence":5,"clubcode":"IND","playerName":"D.Freeney","statId":79,"yards":0},{"sequence":6,"clubcode":"IND","playerName":"D.Freeney","statId":120,"yards":0}]}},"1396":{"sp":0,"qtr":2,"down":4,"time":"04:51","yrdln":"MIA 45","ydstogo":15,"ydsnet":25,"posteam":"MIA","desc":"(4:51) B.Fields punts 44 yards to IND 11, Center-J.Denney. T.Rushing to IND 13 for 2 yards.","note":"PUNT","players":{"00-0025612":[{"sequence":1,"clubcode":"MIA","playerName":"B.Fields","statId":29,"yards":44},{"sequence":3,"clubcode":"MIA","playerName":"B.Fields","statId":30,"yards":0}],"00-0024452":[{"sequence":2,"clubcode":"IND","playerName":"T.Rushing","statId":33,"yards":2}]}}},"fds":2,"result":"Punt","penyds":5,"ydsgained":20,"numplays":11,"postime":"4:33","start":{"qtr":2,"time":"09:14","yrdln":"MIA 20","team":"MIA"},"end":{"qtr":2,"time":"04:41","yrdln":"MIA 45","team":"MIA"}},"7":{"posteam":"IND","qtr":2,"redzone":true,"plays":{"1422":{"sp":0,"qtr":2,"down":1,"time":"04:41","yrdln":"IND 13","ydstogo":10,"ydsnet":4,"posteam":"IND","desc":"(4:41) D.Brown right tackle to IND 17 for 4 yards (A.Ayodele).","note":null,"players":{"00-0027003":[{"sequence":1,"clubcode":"IND","playerName":"D.Brown","statId":10,"yards":4}],"00-0021214":[{"sequence":2,"clubcode":"MIA","playerName":"A.Ayodele","statId":79,"yards":0}]}},"1443":{"sp":0,"qtr":2,"down":2,"time":"04:05","yrdln":"IND 17","ydstogo":6,"ydsnet":7,"posteam":"IND","desc":"(4:05) (Shotgun) P.Manning scrambles left guard to IND 20 for 3 yards.","note":null,"players":{"00-0010346":[{"sequence":1,"clubcode":"IND","playerName":"P.Manning","statId":10,"yards":3}]}},"1464":{"sp":0,"qtr":2,"down":3,"time":"03:23","yrdln":"IND 20","ydstogo":3,"ydsnet":7,"posteam":"IND","desc":"(3:23) (Shotgun) P.Manning pass incomplete deep middle to A.Collie (N.Jones).","note":null,"players":{"00-0010346":[{"sequence":2,"clubcode":"IND","playerName":"P.Manning","statId":14,"yards":0},{"sequence":5,"clubcode":"IND","playerName":"P.Manning","statId":112,"yards":20}],"00-0022828":[{"sequence":4,"clubcode":"MIA","playerName":"N.Jones","statId":85,"yards":0}],"0":[{"sequence":1,"clubcode":"IND","playerName":"","statId":7,"yards":0}],"00-0027092":[{"sequence":3,"clubcode":"IND","playerName":"A.Collie","statId":115,"yards":0}]}},"1486":{"sp":0,"qtr":2,"down":4,"time":"03:18","yrdln":"IND 20","ydstogo":3,"ydsnet":7,"posteam":"IND","desc":"(3:18) P.McAfee punts 40 yards to MIA 40, Center-J.Snow, downed by IND-J.Snow.","note":"PUNT","players":{"0":[{"sequence":2,"clubcode":"MIA","playerName":"","statId":38,"yards":0}],"00-0027145":[{"sequence":1,"clubcode":"IND","playerName":"P.McAfee","statId":29,"yards":40}]}}},"fds":0,"result":"Punt","penyds":0,"ydsgained":7,"numplays":4,"postime":"1:35","start":{"qtr":2,"time":"04:41","yrdln":"IND 13","team":"IND"},"end":{"qtr":2,"time":"03:06","yrdln":"IND 20","team":"IND"}},"8":{"posteam":"MIA","qtr":2,"redzone":true,"plays":{"1510":{"sp":0,"qtr":2,"down":1,"time":"03:06","yrdln":"MIA 40","ydstogo":10,"ydsnet":7,"posteam":"MIA","desc":"(3:06) R.Williams right tackle to MIA 47 for 7 yards (K.Hayden).","note":null,"players":{"00-0023495":[{"sequence":2,"clubcode":"IND","playerName":"K.Hayden","statId":79,"yards":0}],"00-0017915":[{"sequence":1,"clubcode":"MIA","playerName":"R.Williams","statId":10,"yards":7}]}},"1531":{"sp":0,"qtr":2,"down":2,"time":"02:31","yrdln":"MIA 47","ydstogo":3,"ydsnet":8,"posteam":"MIA","desc":"(2:31) R.Williams up the middle to MIA 48 for 1 yard (R.Brock).","note":null,"players":{"00-0017915":[{"sequence":1,"clubcode":"MIA","playerName":"R.Williams","statId":10,"yards":1}],"00-0021340":[{"sequence":2,"clubcode":"IND","playerName":"R.Brock","statId":79,"yards":0}]}},"1552":{"sp":0,"qtr":2,"down":0,"time":"02:00","yrdln":"","ydstogo":0,"ydsnet":8,"posteam":"","desc":"Two-Minute Warning","note":null,"players":{}},"1569":{"sp":0,"qtr":2,"down":3,"time":"02:00","yrdln":"MIA 48","ydstogo":2,"ydsnet":11,"posteam":"MIA","desc":"(2:00) L.Polite right guard to IND 49 for 3 yards (G.Brackett).","note":null,"players":{"00-0022405":[{"sequence":3,"clubcode":"MIA","playerName":"L.Polite","statId":10,"yards":3}],"00-0021484":[{"sequence":4,"clubcode":"IND","playerName":"G.Brackett","statId":79,"yards":0}],"0":[{"sequence":1,"clubcode":"MIA","playerName":"","statId":3,"yards":0},{"sequence":2,"clubcode":"MIA","playerName":"","statId":6,"yards":0}]}},"1590":{"sp":0,"qtr":2,"down":1,"time":"01:32","yrdln":"IND 49","ydstogo":10,"ydsnet":19,"posteam":"MIA","desc":"(1:32) (No Huddle, Shotgun) R.Williams left guard to IND 41 for 8 yards (M.Jackson).","note":null,"players":{"00-0017915":[{"sequence":1,"clubcode":"MIA","playerName":"R.Williams","statId":10,"yards":8}],"00-0023464":[{"sequence":2,"clubcode":"IND","playerName":"M.Jackson","statId":79,"yards":0}]}},"1611":{"sp":0,"qtr":2,"down":2,"time":"01:14","yrdln":"IND 41","ydstogo":2,"ydsnet":25,"posteam":"MIA","desc":"(1:14) (No Huddle, Shotgun) C.Pennington pass short right to D.Bess ran ob at IND 35 for 6 yards.","note":null,"players":{"00-0019559":[{"sequence":2,"clubcode":"MIA","playerName":"C.Pennington","statId":15,"yards":6},{"sequence":3,"clubcode":"MIA","playerName":"C.Pennington","statId":111,"yards":6}],"0":[{"sequence":1,"clubcode":"MIA","playerName":"","statId":4,"yards":0}],"00-0026000":[{"sequence":4,"clubcode":"MIA","playerName":"D.Bess","statId":21,"yards":6},{"sequence":5,"clubcode":"MIA","playerName":"D.Bess","statId":115,"yards":0},{"sequence":6,"clubcode":"MIA","playerName":"D.Bess","statId":113,"yards":0}]}},"1635":{"sp":0,"qtr":2,"down":1,"time":"01:08","yrdln":"IND 35","ydstogo":10,"ydsnet":26,"posteam":"MIA","desc":"(1:08) C.Pennington pass short left to G.Camarillo to IND 34 for 1 yard (T.Jennings).","note":null,"players":{"00-0019559":[{"sequence":1,"clubcode":"MIA","playerName":"C.Pennington","statId":15,"yards":1},{"sequence":2,"clubcode":"MIA","playerName":"C.Pennington","statId":111,"yards":1}],"00-0024277":[{"sequence":6,"clubcode":"IND","playerName":"T.Jennings","statId":79,"yards":0}],"00-0023408":[{"sequence":3,"clubcode":"MIA","playerName":"G.Camarillo","statId":21,"yards":1},{"sequence":4,"clubcode":"MIA","playerName":"G.Camarillo","statId":115,"yards":0},{"sequence":5,"clubcode":"MIA","playerName":"G.Camarillo","statId":113,"yards":0}]}},"1659":{"sp":0,"qtr":2,"down":2,"time":"01:01","yrdln":"IND 34","ydstogo":9,"ydsnet":28,"posteam":"MIA","desc":"(1:01) (Shotgun) R.Brown up the middle to IND 32 for 2 yards (E.Foster).","note":null,"players":{"00-0023437":[{"sequence":1,"clubcode":"MIA","playerName":"R.Brown","statId":10,"yards":2}],"00-0025991":[{"sequence":2,"clubcode":"IND","playerName":"E.Foster","statId":79,"yards":0}]}},"1680":{"sp":0,"qtr":2,"down":0,"time":"00:56","yrdln":"","ydstogo":0,"ydsnet":28,"posteam":"","desc":"Timeout #1 by MIA at 00:56.","note":"TIMEOUT","players":{"0":[{"sequence":1,"clubcode":"MIA","playerName":"","statId":68,"yards":0}]}},"1697":{"sp":0,"qtr":2,"down":3,"time":"00:56","yrdln":"IND 32","ydstogo":7,"ydsnet":33,"posteam":"MIA","desc":"(:56) R.Williams up the middle to IND 27 for 5 yards (G.Brackett).","note":null,"players":{"00-0021484":[{"sequence":3,"clubcode":"IND","playerName":"G.Brackett","statId":79,"yards":0}],"00-0017915":[{"sequence":2,"clubcode":"MIA","playerName":"R.Williams","statId":10,"yards":5}],"0":[{"sequence":1,"clubcode":"MIA","playerName":"","statId":7,"yards":0}]}},"1718":{"sp":0,"qtr":2,"down":0,"time":"00:47","yrdln":"","ydstogo":0,"ydsnet":33,"posteam":"","desc":"Timeout #2 by IND at 00:47.","note":"TIMEOUT","players":{"0":[{"sequence":1,"clubcode":"IND","playerName":"","statId":68,"yards":0}]}},"1735":{"sp":1,"qtr":2,"down":4,"time":"00:47","yrdln":"IND 27","ydstogo":2,"ydsnet":33,"posteam":"MIA","desc":"(:47) D.Carpenter 44 yard field goal is GOOD, Center-J.Denney, Holder-B.Fields.","note":"FG","players":{"00-0026003":[{"sequence":1,"clubcode":"MIA","playerName":"D.Carpenter","statId":70,"yards":44}]}}},"fds":2,"result":"Field Goal","penyds":0,"ydsgained":33,"numplays":12,"postime":"2:23","start":{"qtr":2,"time":"03:06","yrdln":"MIA 40","team":"MIA"},"end":{"qtr":2,"time":"00:43","yrdln":"IND 27","team":"MIA"}},"9":{"posteam":"IND","qtr":2,"redzone":true,"plays":{"1754":{"sp":0,"qtr":2,"down":0,"time":"00:43","yrdln":"MIA 30","ydstogo":0,"ydsnet":0,"posteam":"MIA","desc":"D.Carpenter kicks 58 yards from MIA 30 to IND 12. C.Simpson to IND 26 for 14 yards (R.Torbor).","note":"KICKOFF","players":{"00-0022810":[{"sequence":3,"clubcode":"MIA","playerName":"R.Torbor","statId":79,"yards":0}],"00-0025997":[{"sequence":2,"clubcode":"IND","playerName":"C.Simpson","statId":45,"yards":14}],"00-0026003":[{"sequence":1,"clubcode":"MIA","playerName":"D.Carpenter","statId":41,"yards":58}]}},"1776":{"sp":0,"qtr":2,"down":1,"time":"00:35","yrdln":"IND 26","ydstogo":10,"ydsnet":24,"posteam":"IND","desc":"(:35) (Shotgun) P.Manning pass short left to D.Brown ran ob at IND 50 for 24 yards [P.Merling].","note":null,"players":{"00-0010346":[{"sequence":2,"clubcode":"IND","playerName":"P.Manning","statId":15,"yards":24},{"sequence":3,"clubcode":"IND","playerName":"P.Manning","statId":111,"yards":15}],"00-0026172":[{"sequence":7,"clubcode":"MIA","playerName":"P.Merling","statId":110,"yards":0}],"0":[{"sequence":1,"clubcode":"IND","playerName":"","statId":4,"yards":0}],"00-0027003":[{"sequence":4,"clubcode":"IND","playerName":"D.Brown","statId":21,"yards":24},{"sequence":5,"clubcode":"IND","playerName":"D.Brown","statId":115,"yards":0},{"sequence":6,"clubcode":"IND","playerName":"D.Brown","statId":113,"yards":9}]}},"1805":{"sp":0,"qtr":2,"down":1,"time":"00:28","yrdln":"50","ydstogo":10,"ydsnet":24,"posteam":"IND","desc":"(:28) (No Huddle, Shotgun) P.Manning pass incomplete short left to D.Clark.","note":null,"players":{"00-0010346":[{"sequence":1,"clubcode":"IND","playerName":"P.Manning","statId":14,"yards":0},{"sequence":3,"clubcode":"IND","playerName":"P.Manning","statId":112,"yards":-10}],"00-0022165":[{"sequence":2,"clubcode":"IND","playerName":"D.Clark","statId":115,"yards":0}]}},"1827":{"sp":0,"qtr":2,"down":2,"time":"00:23","yrdln":"50","ydstogo":10,"ydsnet":19,"posteam":"IND","desc":"(:23) (No Huddle, Shotgun) P.Manning pass short middle to D.Clark to MIA 45 for 5 yards (Y.Bell). PENALTY on IND, Illegal Formation, 5 yards, enforced at 50 - No Play.","note":"PENALTY","players":{"0":[{"sequence":1,"clubcode":"IND","playerName":"","statId":93,"yards":5}]}},"1862":{"sp":0,"qtr":2,"down":2,"time":"00:14","yrdln":"IND 45","ydstogo":15,"ydsnet":19,"posteam":"IND","desc":"(:14) (No Huddle, Shotgun) P.Manning pass short left intended for R.Wayne INTERCEPTED by G.Wilson (S.Smith) at IND 20. G.Wilson to IND 18 for 2 yards (R.Wayne). Indianapolis challenged the incomplete pass ruling, and the play was REVERSED. (No Huddle, Shotgun) P.Manning pass incomplete short left to R.Wayne (S.Smith, G.Wilson).","note":null,"players":{"00-0022815":[{"sequence":4,"clubcode":"MIA","playerName":"G.Wilson","statId":85,"yards":0}],"00-0027037":[{"sequence":3,"clubcode":"MIA","playerName":"S.Smith","statId":85,"yards":0}],"00-0010346":[{"sequence":1,"clubcode":"IND","playerName":"P.Manning","statId":14,"yards":0},{"sequence":5,"clubcode":"IND","playerName":"P.Manning","statId":112,"yards":-25}],"00-0020498":[{"sequence":2,"clubcode":"IND","playerName":"R.Wayne","statId":115,"yards":0}]}},"1927":{"sp":0,"qtr":2,"down":3,"time":"00:08","yrdln":"IND 45","ydstogo":15,"ydsnet":24,"posteam":"IND","desc":"(:08) (Shotgun) PENALTY on MIA-T.McDaniel, Encroachment, 5 yards, enforced at IND 45 - No Play.","note":"PENALTY","players":{"00-0024102":[{"sequence":1,"clubcode":"MIA","playerName":"T.McDaniel","statId":93,"yards":5}]}},"1950":{"sp":0,"qtr":2,"down":3,"time":"00:08","yrdln":"50","ydstogo":10,"ydsnet":44,"posteam":"IND","desc":"(:08) (Shotgun) P.Manning pass deep left to D.Clark ran ob at MIA 30 for 20 yards.","note":null,"players":{"00-0010346":[{"sequence":3,"clubcode":"IND","playerName":"P.Manning","statId":15,"yards":20},{"sequence":4,"clubcode":"IND","playerName":"P.Manning","statId":111,"yards":17}],"0":[{"sequence":1,"clubcode":"IND","playerName":"","statId":4,"yards":0},{"sequence":2,"clubcode":"IND","playerName":"","statId":6,"yards":0}],"00-0022165":[{"sequence":5,"clubcode":"IND","playerName":"D.Clark","statId":21,"yards":20},{"sequence":6,"clubcode":"IND","playerName":"D.Clark","statId":115,"yards":0},{"sequence":7,"clubcode":"IND","playerName":"D.Clark","statId":113,"yards":3}]}},"1974":{"sp":1,"qtr":2,"down":1,"time":"00:02","yrdln":"MIA 30","ydstogo":10,"ydsnet":44,"posteam":"IND","desc":"(:02) A.Vinatieri 48 yard field goal is GOOD, Center-J.Snow, Holder-P.McAfee.","note":"FG","players":{"00-0016919":[{"sequence":1,"clubcode":"IND","playerName":"A.Vinatieri","statId":70,"yards":48}]}}},"fds":2,"result":"Field Goal","penyds":0,"ydsgained":44,"numplays":8,"postime":"0:43","start":{"qtr":2,"time":"00:43","yrdln":"IND 26","team":"IND"},"end":{"qtr":2,"time":"00:00","yrdln":"MIA 30","team":"IND"}},"10":{"posteam":"MIA","qtr":3,"redzone":true,"plays":{"2016":{"sp":0,"qtr":3,"down":0,"time":"15:00","yrdln":"IND 30","ydstogo":0,"ydsnet":0,"posteam":"IND","desc":"P.McAfee kicks 64 yards from IND 30 to MIA 6. P.Cobbs to MIA 25 for 19 yards (C.Session).","note":"KICKOFF","players":{"00-0027145":[{"sequence":1,"clubcode":"IND","playerName":"P.McAfee","statId":41,"yards":64}],"00-0025523":[{"sequence":3,"clubcode":"IND","playerName":"C.Session","statId":79,"yards":0}],"00-0024172":[{"sequence":2,"clubcode":"MIA","playerName":"P.Cobbs","statId":45,"yards":19}]}},"2038":{"sp":0,"qtr":3,"down":1,"time":"14:53","yrdln":"MIA 25","ydstogo":10,"ydsnet":3,"posteam":"MIA","desc":"(14:53) R.Brown up the middle to MIA 28 for 3 yards (A.Johnson).","note":null,"players":{"00-0023437":[{"sequence":1,"clubcode":"MIA","playerName":"R.Brown","statId":10,"yards":3}],"00-0025539":[{"sequence":2,"clubcode":"IND","playerName":"A.Johnson","statId":79,"yards":0}]}},"2059":{"sp":0,"qtr":3,"down":2,"time":"14:22","yrdln":"MIA 28","ydstogo":7,"ydsnet":5,"posteam":"MIA","desc":"(14:22) R.Brown left tackle to MIA 30 for 2 yards (A.Bethea, C.Session).","note":null,"players":{"00-0023437":[{"sequence":1,"clubcode":"MIA","playerName":"R.Brown","statId":10,"yards":2}],"00-0024421":[{"sequence":2,"clubcode":"IND","playerName":"A.Bethea","statId":80,"yards":0}],"00-0025523":[{"sequence":3,"clubcode":"IND","playerName":"C.Session","statId":82,"yards":0}]}},"2080":{"sp":0,"qtr":3,"down":3,"time":"13:42","yrdln":"MIA 30","ydstogo":5,"ydsnet":15,"posteam":"MIA","desc":"(13:42) C.Pennington pass short left to T.Ginn to MIA 40 for 10 yards (A.Bethea).","note":null,"players":{"00-0019559":[{"sequence":3,"clubcode":"MIA","playerName":"C.Pennington","statId":15,"yards":10},{"sequence":4,"clubcode":"MIA","playerName":"C.Pennington","statId":111,"yards":5}],"00-0025396":[{"sequence":5,"clubcode":"MIA","playerName":"T.Ginn","statId":21,"yards":10},{"sequence":6,"clubcode":"MIA","playerName":"T.Ginn","statId":115,"yards":0},{"sequence":7,"clubcode":"MIA","playerName":"T.Ginn","statId":113,"yards":5}],"0":[{"sequence":1,"clubcode":"MIA","playerName":"","statId":4,"yards":0},{"sequence":2,"clubcode":"MIA","playerName":"","statId":6,"yards":0}],"00-0024421":[{"sequence":8,"clubcode":"IND","playerName":"A.Bethea","statId":79,"yards":0}]}},"2104":{"sp":0,"qtr":3,"down":1,"time":"13:12","yrdln":"MIA 40","ydstogo":10,"ydsnet":15,"posteam":"MIA","desc":"(13:12) C.Pennington pass short right to G.Camarillo to MIA 40 for no gain (K.Hayden).","note":null,"players":{"00-0023495":[{"sequence":6,"clubcode":"IND","playerName":"K.Hayden","statId":79,"yards":0}],"00-0019559":[{"sequence":1,"clubcode":"MIA","playerName":"C.Pennington","statId":15,"yards":0},{"sequence":2,"clubcode":"MIA","playerName":"C.Pennington","statId":111,"yards":0}],"00-0023408":[{"sequence":3,"clubcode":"MIA","playerName":"G.Camarillo","statId":21,"yards":0},{"sequence":4,"clubcode":"MIA","playerName":"G.Camarillo","statId":115,"yards":0},{"sequence":5,"clubcode":"MIA","playerName":"G.Camarillo","statId":113,"yards":0}]}},"2128":{"sp":0,"qtr":3,"down":2,"time":"12:32","yrdln":"MIA 40","ydstogo":10,"ydsnet":30,"posteam":"MIA","desc":"(12:32) Direct snap to R. Brown. (Shotgun) R.Williams right tackle to IND 45 for 15 yards (K.Hayden). Penalty on IND-E.Foster, Defensive Offside, declined.","note":null,"players":{"00-0023495":[{"sequence":3,"clubcode":"IND","playerName":"K.Hayden","statId":79,"yards":0}],"00-0017915":[{"sequence":2,"clubcode":"MIA","playerName":"R.Williams","statId":10,"yards":15}],"0":[{"sequence":1,"clubcode":"MIA","playerName":"","statId":3,"yards":0}]}},"2164":{"sp":0,"qtr":3,"down":1,"time":"12:06","yrdln":"IND 45","ydstogo":10,"ydsnet":32,"posteam":"MIA","desc":"(12:06) Direct snap to R. Brown. (Shotgun) R.Brown left guard to IND 43 for 2 yards (G.Brackett).","note":null,"players":{"00-0023437":[{"sequence":1,"clubcode":"MIA","playerName":"R.Brown","statId":10,"yards":2}],"00-0021484":[{"sequence":2,"clubcode":"IND","playerName":"G.Brackett","statId":79,"yards":0}]}},"2189":{"sp":0,"qtr":3,"down":2,"time":"11:29","yrdln":"IND 43","ydstogo":8,"ydsnet":39,"posteam":"MIA","desc":"(11:29) C.Pennington pass short left to T.Ginn pushed ob at IND 36 for 7 yards (T.Jennings).","note":null,"players":{"00-0019559":[{"sequence":1,"clubcode":"MIA","playerName":"C.Pennington","statId":15,"yards":7},{"sequence":2,"clubcode":"MIA","playerName":"C.Pennington","statId":111,"yards":6}],"00-0025396":[{"sequence":3,"clubcode":"MIA","playerName":"T.Ginn","statId":21,"yards":7},{"sequence":4,"clubcode":"MIA","playerName":"T.Ginn","statId":115,"yards":0},{"sequence":5,"clubcode":"MIA","playerName":"T.Ginn","statId":113,"yards":1}],"00-0024277":[{"sequence":6,"clubcode":"IND","playerName":"T.Jennings","statId":79,"yards":0}]}},"2213":{"sp":0,"qtr":3,"down":3,"time":"10:56","yrdln":"IND 36","ydstogo":1,"ydsnet":41,"posteam":"MIA","desc":"(10:56) L.Polite up the middle to IND 34 for 2 yards (G.Brackett).","note":null,"players":{"00-0022405":[{"sequence":3,"clubcode":"MIA","playerName":"L.Polite","statId":10,"yards":2}],"00-0021484":[{"sequence":4,"clubcode":"IND","playerName":"G.Brackett","statId":79,"yards":0}],"0":[{"sequence":1,"clubcode":"MIA","playerName":"","statId":3,"yards":0},{"sequence":2,"clubcode":"MIA","playerName":"","statId":6,"yards":0}]}},"2234":{"sp":0,"qtr":3,"down":1,"time":"10:16","yrdln":"IND 34","ydstogo":10,"ydsnet":41,"posteam":"MIA","desc":"(10:16) QB change - 5 - P. White. (Shotgun) R.Williams up the middle to IND 34 for no gain (C.Session).","note":null,"players":{"00-0017915":[{"sequence":1,"clubcode":"MIA","playerName":"R.Williams","statId":10,"yards":0}],"00-0025523":[{"sequence":2,"clubcode":"IND","playerName":"C.Session","statId":79,"yards":0}]}},"2259":{"sp":0,"qtr":3,"down":2,"time":"09:37","yrdln":"IND 34","ydstogo":10,"ydsnet":44,"posteam":"MIA","desc":"(9:37) QB change - 10 - C. Pennington. C.Pennington pass short right to R.Williams to IND 31 for 3 yards (T.Hagler).","note":null,"players":{"00-0019559":[{"sequence":1,"clubcode":"MIA","playerName":"C.Pennington","statId":15,"yards":3},{"sequence":2,"clubcode":"MIA","playerName":"C.Pennington","statId":111,"yards":-6}],"00-0017915":[{"sequence":3,"clubcode":"MIA","playerName":"R.Williams","statId":21,"yards":3},{"sequence":4,"clubcode":"MIA","playerName":"R.Williams","statId":115,"yards":0},{"sequence":5,"clubcode":"MIA","playerName":"R.Williams","statId":113,"yards":9}],"00-0023606":[{"sequence":6,"clubcode":"IND","playerName":"T.Hagler","statId":79,"yards":0}]}},"2287":{"sp":0,"qtr":3,"down":3,"time":"08:49","yrdln":"IND 31","ydstogo":7,"ydsnet":44,"posteam":"MIA","desc":"(8:49) C.Pennington pass incomplete short middle to R.Brown (E.Foster).","note":null,"players":{"00-0023437":[{"sequence":3,"clubcode":"MIA","playerName":"R.Brown","statId":115,"yards":0}],"00-0019559":[{"sequence":2,"clubcode":"MIA","playerName":"C.Pennington","statId":14,"yards":0},{"sequence":5,"clubcode":"MIA","playerName":"C.Pennington","statId":112,"yards":6}],"00-0025991":[{"sequence":4,"clubcode":"IND","playerName":"E.Foster","statId":85,"yards":0}],"0":[{"sequence":1,"clubcode":"MIA","playerName":"","statId":7,"yards":0}]}},"2309":{"sp":0,"qtr":3,"down":4,"time":"08:43","yrdln":"IND 31","ydstogo":7,"ydsnet":44,"posteam":"MIA","desc":"(8:43) D.Carpenter 49 yard field goal is No Good, Wide Right, Center-J.Denney, Holder-B.Fields.","note":"FGM","players":{"00-0026003":[{"sequence":1,"clubcode":"MIA","playerName":"D.Carpenter","statId":69,"yards":49}]}}},"fds":3,"result":"Missed FG","penyds":0,"ydsgained":44,"numplays":13,"postime":"6:22","start":{"qtr":3,"time":"15:00","yrdln":"MIA 25","team":"MIA"},"end":{"qtr":3,"time":"08:38","yrdln":"IND 31","team":"MIA"}},"11":{"posteam":"IND","qtr":3,"redzone":true,"plays":{"2330":{"sp":0,"qtr":3,"down":1,"time":"08:38","yrdln":"IND 40","ydstogo":10,"ydsnet":-8,"posteam":"IND","desc":"(8:38) P.Manning sacked at IND 32 for -8 yards (J.Porter).","note":null,"players":{"00-0010346":[{"sequence":1,"clubcode":"IND","playerName":"P.Manning","statId":20,"yards":-8}],"00-0013126":[{"sequence":2,"clubcode":"MIA","playerName":"J.Porter","statId":83,"yards":-8},{"sequence":3,"clubcode":"MIA","playerName":"J.Porter","statId":110,"yards":0},{"sequence":4,"clubcode":"MIA","playerName":"J.Porter","statId":79,"yards":0},{"sequence":5,"clubcode":"MIA","playerName":"J.Porter","statId":120,"yards":0}]}},"2349":{"sp":0,"qtr":3,"down":2,"time":"08:02","yrdln":"IND 32","ydstogo":18,"ydsnet":-1,"posteam":"IND","desc":"(8:02) (Shotgun) P.Manning pass short right to J.Addai to IND 39 for 7 yards (W.Allen).","note":null,"players":{"00-0024245":[{"sequence":3,"clubcode":"IND","playerName":"J.Addai","statId":21,"yards":7},{"sequence":4,"clubcode":"IND","playerName":"J.Addai","statId":115,"yards":0},{"sequence":5,"clubcode":"IND","playerName":"J.Addai","statId":113,"yards":11}],"00-0010346":[{"sequence":1,"clubcode":"IND","playerName":"P.Manning","statId":15,"yards":7},{"sequence":2,"clubcode":"IND","playerName":"P.Manning","statId":111,"yards":-4}],"00-0020467":[{"sequence":6,"clubcode":"MIA","playerName":"W.Allen","statId":79,"yards":0}]}},"2373":{"sp":0,"qtr":3,"down":3,"time":"07:27","yrdln":"IND 39","ydstogo":11,"ydsnet":-1,"posteam":"IND","desc":"(7:27) (Shotgun) P.Manning pass incomplete short left to R.Wayne [J.Porter].","note":null,"players":{"00-0010346":[{"sequence":2,"clubcode":"IND","playerName":"P.Manning","statId":14,"yards":0},{"sequence":5,"clubcode":"IND","playerName":"P.Manning","statId":112,"yards":-4}],"0":[{"sequence":1,"clubcode":"IND","playerName":"","statId":7,"yards":0}],"00-0013126":[{"sequence":4,"clubcode":"MIA","playerName":"J.Porter","statId":110,"yards":0}],"00-0020498":[{"sequence":3,"clubcode":"IND","playerName":"R.Wayne","statId":115,"yards":0}]}},"2395":{"sp":0,"qtr":3,"down":4,"time":"07:20","yrdln":"IND 39","ydstogo":11,"ydsnet":-1,"posteam":"IND","desc":"(7:20) P.McAfee punts 49 yards to MIA 12, Center-J.Snow. D.Bess pushed ob at MIA 20 for 8 yards (A.Francisco).","note":"PUNT","players":{"00-0023213":[{"sequence":3,"clubcode":"IND","playerName":"A.Francisco","statId":79,"yards":0}],"00-0027145":[{"sequence":1,"clubcode":"IND","playerName":"P.McAfee","statId":29,"yards":49}],"00-0026000":[{"sequence":2,"clubcode":"MIA","playerName":"D.Bess","statId":33,"yards":8}]}}},"fds":0,"result":"Punt","penyds":0,"ydsgained":-1,"numplays":4,"postime":"1:30","start":{"qtr":3,"time":"08:38","yrdln":"IND 40","team":"IND"},"end":{"qtr":3,"time":"07:08","yrdln":"IND 39","team":"IND"}},"12":{"posteam":"MIA","qtr":4,"redzone":true,"plays":{"2421":{"sp":0,"qtr":3,"down":1,"time":"07:08","yrdln":"MIA 20","ydstogo":10,"ydsnet":5,"posteam":"MIA","desc":"(7:08) R.Brown left tackle to MIA 25 for 5 yards (E.Johnson).","note":null,"players":{"00-0023437":[{"sequence":1,"clubcode":"MIA","playerName":"R.Brown","statId":10,"yards":5}],"00-0024765":[{"sequence":2,"clubcode":"IND","playerName":"E.Johnson","statId":79,"yards":0}]}},"2442":{"sp":0,"qtr":3,"down":2,"time":"06:32","yrdln":"MIA 25","ydstogo":5,"ydsnet":7,"posteam":"MIA","desc":"(6:32) R.Brown left end to MIA 27 for 2 yards (M.Bullitt).","note":null,"players":{"00-0023437":[{"sequence":1,"clubcode":"MIA","playerName":"R.Brown","statId":10,"yards":2}],"00-0024697":[{"sequence":2,"clubcode":"IND","playerName":"M.Bullitt","statId":79,"yards":0}]}},"2463":{"sp":0,"qtr":3,"down":3,"time":"05:49","yrdln":"MIA 27","ydstogo":3,"ydsnet":12,"posteam":"MIA","desc":"(5:49) C.Pennington pass short middle to D.Bess to MIA 32 for 5 yards (C.Session).","note":null,"players":{"00-0019559":[{"sequence":3,"clubcode":"MIA","playerName":"C.Pennington","statId":15,"yards":5},{"sequence":4,"clubcode":"MIA","playerName":"C.Pennington","statId":111,"yards":3}],"0":[{"sequence":1,"clubcode":"MIA","playerName":"","statId":4,"yards":0},{"sequence":2,"clubcode":"MIA","playerName":"","statId":6,"yards":0}],"00-0025523":[{"sequence":8,"clubcode":"IND","playerName":"C.Session","statId":79,"yards":0}],"00-0026000":[{"sequence":5,"clubcode":"MIA","playerName":"D.Bess","statId":21,"yards":5},{"sequence":6,"clubcode":"MIA","playerName":"D.Bess","statId":115,"yards":0},{"sequence":7,"clubcode":"MIA","playerName":"D.Bess","statId":113,"yards":2}]}},"2487":{"sp":0,"qtr":3,"down":1,"time":"05:06","yrdln":"MIA 32","ydstogo":10,"ydsnet":26,"posteam":"MIA","desc":"(5:06) Direct snap to R. Brown. (Shotgun) R.Brown up the middle to MIA 46 for 14 yards (A.Bethea, T.Jennings).","note":null,"players":{"00-0023437":[{"sequence":2,"clubcode":"MIA","playerName":"R.Brown","statId":10,"yards":14}],"00-0024277":[{"sequence":4,"clubcode":"IND","playerName":"T.Jennings","statId":82,"yards":0}],"0":[{"sequence":1,"clubcode":"MIA","playerName":"","statId":3,"yards":0}],"00-0024421":[{"sequence":3,"clubcode":"IND","playerName":"A.Bethea","statId":80,"yards":0}]}},"2512":{"sp":0,"qtr":3,"down":1,"time":"04:27","yrdln":"MIA 46","ydstogo":10,"ydsnet":45,"posteam":"MIA","desc":"(4:27) Direct snap to R. Brown. (Shotgun) P.Cobbs left end to IND 35 for 19 yards (M.Bullitt).","note":null,"players":{"00-0024697":[{"sequence":3,"clubcode":"IND","playerName":"M.Bullitt","statId":79,"yards":0}],"0":[{"sequence":1,"clubcode":"MIA","playerName":"","statId":3,"yards":0}],"00-0024172":[{"sequence":2,"clubcode":"MIA","playerName":"P.Cobbs","statId":10,"yards":19}]}},"2537":{"sp":0,"qtr":3,"down":1,"time":"03:39","yrdln":"IND 35","ydstogo":10,"ydsnet":47,"posteam":"MIA","desc":"(3:39) R.Williams up the middle to IND 33 for 2 yards (E.Johnson).","note":null,"players":{"00-0017915":[{"sequence":1,"clubcode":"MIA","playerName":"R.Williams","statId":10,"yards":2}],"00-0024765":[{"sequence":2,"clubcode":"IND","playerName":"E.Johnson","statId":79,"yards":0}]}},"2558":{"sp":0,"qtr":3,"down":2,"time":"02:54","yrdln":"IND 33","ydstogo":8,"ydsnet":49,"posteam":"MIA","desc":"(2:54) R.Williams up the middle to IND 31 for 2 yards (G.Brackett).","note":null,"players":{"00-0021484":[{"sequence":2,"clubcode":"IND","playerName":"G.Brackett","statId":79,"yards":0}],"00-0017915":[{"sequence":1,"clubcode":"MIA","playerName":"R.Williams","statId":10,"yards":2}]}},"2579":{"sp":0,"qtr":3,"down":3,"time":"02:10","yrdln":"IND 31","ydstogo":6,"ydsnet":56,"posteam":"MIA","desc":"(2:10) C.Pennington pass short right to T.Ginn ran ob at IND 24 for 7 yards.","note":null,"players":{"00-0019559":[{"sequence":3,"clubcode":"MIA","playerName":"C.Pennington","statId":15,"yards":7},{"sequence":4,"clubcode":"MIA","playerName":"C.Pennington","statId":111,"yards":6}],"00-0025396":[{"sequence":5,"clubcode":"MIA","playerName":"T.Ginn","statId":21,"yards":7},{"sequence":6,"clubcode":"MIA","playerName":"T.Ginn","statId":115,"yards":0},{"sequence":7,"clubcode":"MIA","playerName":"T.Ginn","statId":113,"yards":1}],"0":[{"sequence":1,"clubcode":"MIA","playerName":"","statId":4,"yards":0},{"sequence":2,"clubcode":"MIA","playerName":"","statId":6,"yards":0}]}},"2608":{"sp":0,"qtr":3,"down":1,"time":"01:41","yrdln":"IND 24","ydstogo":10,"ydsnet":64,"posteam":"MIA","desc":"(1:41) Direct snap to R. Brown. (Shotgun) R.Williams right end to IND 16 for 8 yards (D.Muir).","note":null,"players":{"00-0017915":[{"sequence":1,"clubcode":"MIA","playerName":"R.Williams","statId":10,"yards":8}],"00-0024692":[{"sequence":2,"clubcode":"IND","playerName":"D.Muir","statId":79,"yards":0}]}},"2633":{"sp":0,"qtr":3,"down":2,"time":"00:57","yrdln":"IND 16","ydstogo":2,"ydsnet":68,"posteam":"MIA","desc":"(:57) R.Brown left tackle to IND 12 for 4 yards (K.Dawson).","note":null,"players":{"00-0023437":[{"sequence":2,"clubcode":"MIA","playerName":"R.Brown","statId":10,"yards":4}],"00-0025629":[{"sequence":3,"clubcode":"IND","playerName":"K.Dawson","statId":79,"yards":0}],"0":[{"sequence":1,"clubcode":"MIA","playerName":"","statId":3,"yards":0}]}},"2654":{"sp":0,"qtr":3,"down":1,"time":"00:15","yrdln":"IND 12","ydstogo":10,"ydsnet":73,"posteam":"MIA","desc":"(:15) Direct snap to R. Brown. (Shotgun) R.Brown right tackle to IND 6 for 6 yards (T.Hagler). PENALTY on IND-A.Johnson, Defensive Offside, 5 yards, enforced at IND 12 - No Play.","note":"PENALTY","players":{"00-0025539":[{"sequence":1,"clubcode":"IND","playerName":"A.Johnson","statId":93,"yards":5}]}},"2690":{"sp":0,"qtr":3,"down":0,"time":"","yrdln":"","ydstogo":0,"ydsnet":73,"posteam":"","desc":"END QUARTER 3","note":null,"players":{}},"2718":{"sp":0,"qtr":4,"down":1,"time":"15:00","yrdln":"IND 7","ydstogo":5,"ydsnet":75,"posteam":"MIA","desc":"(15:00) L.Polite up the middle to IND 5 for 2 yards (A.Johnson).","note":null,"players":{"00-0022405":[{"sequence":1,"clubcode":"MIA","playerName":"L.Polite","statId":10,"yards":2}],"00-0025539":[{"sequence":2,"clubcode":"IND","playerName":"A.Johnson","statId":79,"yards":0}]}},"2739":{"sp":0,"qtr":4,"down":2,"time":"14:16","yrdln":"IND 5","ydstogo":3,"ydsnet":77,"posteam":"MIA","desc":"(14:16) R.Williams right guard to IND 3 for 2 yards (E.Johnson).","note":null,"players":{"00-0017915":[{"sequence":1,"clubcode":"MIA","playerName":"R.Williams","statId":10,"yards":2}],"00-0024765":[{"sequence":2,"clubcode":"IND","playerName":"E.Johnson","statId":79,"yards":0}]}},"2760":{"sp":1,"qtr":4,"down":3,"time":"13:29","yrdln":"IND 3","ydstogo":1,"ydsnet":80,"posteam":"MIA","desc":"(13:29) R.Brown up the middle for 3 yards, TOUCHDOWN.","note":"TD","players":{"00-0023437":[{"sequence":3,"clubcode":"MIA","playerName":"R.Brown","statId":11,"yards":3}],"0":[{"sequence":1,"clubcode":"MIA","playerName":"","statId":3,"yards":0},{"sequence":2,"clubcode":"MIA","playerName":"","statId":6,"yards":0}]}},"2782":{"sp":1,"qtr":4,"down":0,"time":"13:23","yrdln":"IND 2","ydstogo":0,"ydsnet":80,"posteam":"MIA","desc":"D.Carpenter extra point is GOOD, Center-J.Denney, Holder-B.Fields.","note":"XP","players":{"00-0026003":[{"sequence":1,"clubcode":"MIA","playerName":"D.Carpenter","statId":72,"yards":0}]}}},"fds":6,"result":"Touchdown","penyds":5,"ydsgained":75,"numplays":16,"postime":"8:45","start":{"qtr":3,"time":"07:08","yrdln":"MIA 20","team":"MIA"},"end":{"qtr":3,"time":"13:23","yrdln":"IND 3","team":"MIA"}},"13":{"posteam":"IND","qtr":4,"redzone":true,"plays":{"2798":{"sp":0,"qtr":4,"down":0,"time":"13:23","yrdln":"MIA 30","ydstogo":0,"ydsnet":0,"posteam":"MIA","desc":"D.Carpenter kicks 68 yards from MIA 30 to IND 2. C.Simpson to IND 21 for 19 yards (P.Cobbs).","note":"KICKOFF","players":{"00-0025997":[{"sequence":2,"clubcode":"IND","playerName":"C.Simpson","statId":45,"yards":19}],"00-0024172":[{"sequence":3,"clubcode":"MIA","playerName":"P.Cobbs","statId":79,"yards":0}],"00-0026003":[{"sequence":1,"clubcode":"MIA","playerName":"D.Carpenter","statId":41,"yards":68}]}},"2820":{"sp":0,"qtr":4,"down":1,"time":"13:17","yrdln":"IND 21","ydstogo":10,"ydsnet":3,"posteam":"IND","desc":"(13:17) D.Brown left tackle to IND 24 for 3 yards (K.Langford).","note":null,"players":{"00-0026206":[{"sequence":2,"clubcode":"MIA","playerName":"K.Langford","statId":79,"yards":0}],"00-0027003":[{"sequence":1,"clubcode":"IND","playerName":"D.Brown","statId":10,"yards":3}]}},"2841":{"sp":0,"qtr":4,"down":2,"time":"12:37","yrdln":"IND 24","ydstogo":7,"ydsnet":52,"posteam":"IND","desc":"(12:37) (Shotgun) P.Manning pass deep middle to D.Clark to MIA 27 for 49 yards (Y.Bell).","note":null,"players":{"00-0022067":[{"sequence":7,"clubcode":"MIA","playerName":"Y.Bell","statId":79,"yards":0}],"00-0010346":[{"sequence":2,"clubcode":"IND","playerName":"P.Manning","statId":15,"yards":49},{"sequence":3,"clubcode":"IND","playerName":"P.Manning","statId":111,"yards":22}],"0":[{"sequence":1,"clubcode":"IND","playerName":"","statId":4,"yards":0}],"00-0022165":[{"sequence":4,"clubcode":"IND","playerName":"D.Clark","statId":21,"yards":49},{"sequence":5,"clubcode":"IND","playerName":"D.Clark","statId":115,"yards":0},{"sequence":6,"clubcode":"IND","playerName":"D.Clark","statId":113,"yards":27}]}},"2865":{"sp":0,"qtr":4,"down":1,"time":"11:59","yrdln":"MIA 27","ydstogo":10,"ydsnet":56,"posteam":"IND","desc":"(11:59) (No Huddle) D.Brown left guard to MIA 23 for 4 yards (P.Merling).","note":null,"players":{"00-0026172":[{"sequence":2,"clubcode":"MIA","playerName":"P.Merling","statId":79,"yards":0}],"00-0027003":[{"sequence":1,"clubcode":"IND","playerName":"D.Brown","statId":10,"yards":4}]}},"2886":{"sp":0,"qtr":4,"down":2,"time":"11:28","yrdln":"MIA 23","ydstogo":6,"ydsnet":60,"posteam":"IND","desc":"(11:28) P.Manning pass short right to D.Clark to MIA 19 for 4 yards (Y.Bell).","note":null,"players":{"00-0022067":[{"sequence":6,"clubcode":"MIA","playerName":"Y.Bell","statId":79,"yards":0}],"00-0010346":[{"sequence":1,"clubcode":"IND","playerName":"P.Manning","statId":15,"yards":4},{"sequence":2,"clubcode":"IND","playerName":"P.Manning","statId":111,"yards":1}],"00-0022165":[{"sequence":3,"clubcode":"IND","playerName":"D.Clark","statId":21,"yards":4},{"sequence":4,"clubcode":"IND","playerName":"D.Clark","statId":115,"yards":0},{"sequence":5,"clubcode":"IND","playerName":"D.Clark","statId":113,"yards":3}]}},"2910":{"sp":0,"qtr":4,"down":3,"time":"10:44","yrdln":"MIA 19","ydstogo":2,"ydsnet":64,"posteam":"IND","desc":"(10:44) P.Manning pass short left to A.Collie to MIA 15 for 4 yards (N.Jones).","note":null,"players":{"00-0010346":[{"sequence":3,"clubcode":"IND","playerName":"P.Manning","statId":15,"yards":4},{"sequence":4,"clubcode":"IND","playerName":"P.Manning","statId":111,"yards":2}],"00-0022828":[{"sequence":8,"clubcode":"MIA","playerName":"N.Jones","statId":79,"yards":0}],"0":[{"sequence":1,"clubcode":"IND","playerName":"","statId":4,"yards":0},{"sequence":2,"clubcode":"IND","playerName":"","statId":6,"yards":0}],"00-0027092":[{"sequence":5,"clubcode":"IND","playerName":"A.Collie","statId":21,"yards":4},{"sequence":6,"clubcode":"IND","playerName":"A.Collie","statId":115,"yards":0},{"sequence":7,"clubcode":"IND","playerName":"A.Collie","statId":113,"yards":2}]}},"2934":{"sp":1,"qtr":4,"down":1,"time":"10:12","yrdln":"MIA 15","ydstogo":10,"ydsnet":79,"posteam":"IND","desc":"(10:12) D.Brown up the middle for 15 yards, TOUCHDOWN.","note":"TD","players":{"0":[{"sequence":1,"clubcode":"IND","playerName":"","statId":3,"yards":0}],"00-0027003":[{"sequence":2,"clubcode":"IND","playerName":"D.Brown","statId":11,"yards":15}]}},"2951":{"sp":1,"qtr":4,"down":0,"time":"10:06","yrdln":"MIA 2","ydstogo":0,"ydsnet":79,"posteam":"IND","desc":"A.Vinatieri extra point is GOOD, Center-J.Snow, Holder-P.McAfee.","note":"XP","players":{"00-0016919":[{"sequence":1,"clubcode":"IND","playerName":"A.Vinatieri","statId":72,"yards":0}]}}},"fds":3,"result":"Touchdown","penyds":0,"ydsgained":79,"numplays":8,"postime":"3:17","start":{"qtr":4,"time":"13:23","yrdln":"IND 21","team":"IND"},"end":{"qtr":4,"time":"10:06","yrdln":"MIA 15","team":"IND"}},"14":{"posteam":"MIA","qtr":4,"redzone":true,"plays":{"2967":{"sp":0,"qtr":4,"down":0,"time":"10:06","yrdln":"IND 30","ydstogo":0,"ydsnet":0,"posteam":"IND","desc":"P.McAfee kicks 73 yards from IND 30 to MIA -3. P.Cobbs to MIA 22 for 25 yards (K.Dawson, H.Baskett).","note":"KICKOFF","players":{"00-0025629":[{"sequence":3,"clubcode":"IND","playerName":"K.Dawson","statId":80,"yards":0}],"00-0027145":[{"sequence":1,"clubcode":"IND","playerName":"P.McAfee","statId":43,"yards":73}],"00-0024013":[{"sequence":4,"clubcode":"IND","playerName":"H.Baskett","statId":82,"yards":0}],"00-0024172":[{"sequence":2,"clubcode":"MIA","playerName":"P.Cobbs","statId":45,"yards":25}]}},"2989":{"sp":0,"qtr":4,"down":1,"time":"10:00","yrdln":"MIA 22","ydstogo":10,"ydsnet":0,"posteam":"MIA","desc":"(10:00) C.Pennington pass incomplete short left to T.Ginn.","note":null,"players":{"00-0019559":[{"sequence":1,"clubcode":"MIA","playerName":"C.Pennington","statId":14,"yards":0},{"sequence":3,"clubcode":"MIA","playerName":"C.Pennington","statId":112,"yards":10}],"00-0025396":[{"sequence":2,"clubcode":"MIA","playerName":"T.Ginn","statId":115,"yards":0}]}},"3011":{"sp":0,"qtr":4,"down":2,"time":"09:54","yrdln":"MIA 22","ydstogo":10,"ydsnet":0,"posteam":"MIA","desc":"(9:54) R.Williams up the middle to MIA 22 for no gain (A.Bethea).","note":null,"players":{"00-0017915":[{"sequence":1,"clubcode":"MIA","playerName":"R.Williams","statId":10,"yards":0}],"00-0024421":[{"sequence":2,"clubcode":"IND","playerName":"A.Bethea","statId":79,"yards":0}]}},"3032":{"sp":0,"qtr":4,"down":3,"time":"09:14","yrdln":"MIA 22","ydstogo":10,"ydsnet":25,"posteam":"MIA","desc":"(9:14) (Shotgun) C.Pennington pass short right to D.Bess to MIA 28 for 6 yards (K.Hayden). PENALTY on IND-R.Mathis, Defensive Offside, 5 yards, enforced at MIA 22 - No Play.","note":"PENALTY","players":{"00-0022059":[{"sequence":1,"clubcode":"IND","playerName":"R.Mathis","statId":93,"yards":5}]}},"3062":{"sp":0,"qtr":4,"down":3,"time":"08:44","yrdln":"MIA 27","ydstogo":5,"ydsnet":20,"posteam":"MIA","desc":"(8:44) (Shotgun) C.Pennington pass short middle to T.Ginn to MIA 42 for 15 yards (M.Bullitt).","note":null,"players":{"00-0019559":[{"sequence":3,"clubcode":"MIA","playerName":"C.Pennington","statId":15,"yards":15},{"sequence":4,"clubcode":"MIA","playerName":"C.Pennington","statId":111,"yards":15}],"00-0024697":[{"sequence":8,"clubcode":"IND","playerName":"M.Bullitt","statId":79,"yards":0}],"00-0025396":[{"sequence":5,"clubcode":"MIA","playerName":"T.Ginn","statId":21,"yards":15},{"sequence":6,"clubcode":"MIA","playerName":"T.Ginn","statId":115,"yards":0},{"sequence":7,"clubcode":"MIA","playerName":"T.Ginn","statId":113,"yards":0}],"0":[{"sequence":1,"clubcode":"MIA","playerName":"","statId":4,"yards":0},{"sequence":2,"clubcode":"MIA","playerName":"","statId":6,"yards":0}]}},"3086":{"sp":0,"qtr":4,"down":1,"time":"08:04","yrdln":"MIA 42","ydstogo":10,"ydsnet":25,"posteam":"MIA","desc":"(8:04) Direct snap to R. Brown. (Shotgun) R.Brown right guard to MIA 47 for 5 yards (D.Muir).","note":null,"players":{"00-0023437":[{"sequence":1,"clubcode":"MIA","playerName":"R.Brown","statId":10,"yards":5}],"00-0024692":[{"sequence":2,"clubcode":"IND","playerName":"D.Muir","statId":79,"yards":0}]}},"3116":{"sp":0,"qtr":4,"down":2,"time":"07:29","yrdln":"MIA 47","ydstogo":5,"ydsnet":23,"posteam":"MIA","desc":"(7:29) Direct snap to R. Brown. (Shotgun) R.Williams right end to MIA 45 for -2 yards (T.Hagler).","note":null,"players":{"00-0017915":[{"sequence":1,"clubcode":"MIA","playerName":"R.Williams","statId":10,"yards":-2}],"0":[{"sequence":2,"clubcode":"MIA","playerName":"","statId":95,"yards":-2}],"00-0023606":[{"sequence":3,"clubcode":"IND","playerName":"T.Hagler","statId":79,"yards":0},{"sequence":4,"clubcode":"IND","playerName":"T.Hagler","statId":120,"yards":0}]}},"3142":{"sp":0,"qtr":4,"down":3,"time":"06:43","yrdln":"MIA 45","ydstogo":7,"ydsnet":44,"posteam":"MIA","desc":"(6:43) C.Pennington pass deep middle to T.Ginn to IND 34 for 21 yards (M.Bullitt).","note":null,"players":{"00-0019559":[{"sequence":3,"clubcode":"MIA","playerName":"C.Pennington","statId":15,"yards":21},{"sequence":4,"clubcode":"MIA","playerName":"C.Pennington","statId":111,"yards":21}],"00-0024697":[{"sequence":8,"clubcode":"IND","playerName":"M.Bullitt","statId":79,"yards":0}],"00-0025396":[{"sequence":5,"clubcode":"MIA","playerName":"T.Ginn","statId":21,"yards":21},{"sequence":6,"clubcode":"MIA","playerName":"T.Ginn","statId":115,"yards":0},{"sequence":7,"clubcode":"MIA","playerName":"T.Ginn","statId":113,"yards":0}],"0":[{"sequence":1,"clubcode":"MIA","playerName":"","statId":4,"yards":0},{"sequence":2,"clubcode":"MIA","playerName":"","statId":6,"yards":0}]}},"3166":{"sp":0,"qtr":4,"down":1,"time":"05:58","yrdln":"IND 34","ydstogo":10,"ydsnet":44,"posteam":"MIA","desc":"(5:58) C.Pennington pass short right to T.Ginn to IND 34 for no gain (C.Session).","note":null,"players":{"00-0019559":[{"sequence":1,"clubcode":"MIA","playerName":"C.Pennington","statId":15,"yards":0},{"sequence":2,"clubcode":"MIA","playerName":"C.Pennington","statId":111,"yards":0}],"00-0025396":[{"sequence":3,"clubcode":"MIA","playerName":"T.Ginn","statId":21,"yards":0},{"sequence":4,"clubcode":"MIA","playerName":"T.Ginn","statId":115,"yards":0},{"sequence":5,"clubcode":"MIA","playerName":"T.Ginn","statId":113,"yards":0}],"00-0025523":[{"sequence":6,"clubcode":"IND","playerName":"C.Session","statId":79,"yards":0}]}},"3190":{"sp":0,"qtr":4,"down":0,"time":"05:11","yrdln":"","ydstogo":0,"ydsnet":44,"posteam":"","desc":"Timeout #1 by MIA at 05:11.","note":"TIMEOUT","players":{"0":[{"sequence":1,"clubcode":"MIA","playerName":"","statId":68,"yards":0}]}},"3207":{"sp":0,"qtr":4,"down":2,"time":"05:11","yrdln":"IND 34","ydstogo":10,"ydsnet":48,"posteam":"MIA","desc":"(5:11) R.Brown left end to IND 30 for 4 yards (J.Lacey, D.Freeney).","note":null,"players":{"00-0023437":[{"sequence":1,"clubcode":"MIA","playerName":"R.Brown","statId":10,"yards":4}],"00-0026674":[{"sequence":2,"clubcode":"IND","playerName":"J.Lacey","statId":80,"yards":0}],"00-0021146":[{"sequence":3,"clubcode":"IND","playerName":"D.Freeney","statId":82,"yards":0}]}},"3228":{"sp":0,"qtr":4,"down":3,"time":"04:33","yrdln":"IND 30","ydstogo":6,"ydsnet":51,"posteam":"MIA","desc":"(4:33) R.Brown left guard to IND 27 for 3 yards (C.Session, D.Freeney).","note":null,"players":{"00-0023437":[{"sequence":2,"clubcode":"MIA","playerName":"R.Brown","statId":10,"yards":3}],"0":[{"sequence":1,"clubcode":"MIA","playerName":"","statId":7,"yards":0}],"00-0021146":[{"sequence":4,"clubcode":"IND","playerName":"D.Freeney","statId":82,"yards":0}],"00-0025523":[{"sequence":3,"clubcode":"IND","playerName":"C.Session","statId":80,"yards":0}]}},"3249":{"sp":1,"qtr":4,"down":4,"time":"03:55","yrdln":"IND 27","ydstogo":3,"ydsnet":51,"posteam":"MIA","desc":"(3:55) D.Carpenter 45 yard field goal is GOOD, Center-J.Denney, Holder-B.Fields.","note":"FG","players":{"00-0026003":[{"sequence":1,"clubcode":"MIA","playerName":"D.Carpenter","statId":70,"yards":45}]}}},"fds":2,"result":"Field Goal","penyds":5,"ydsgained":46,"numplays":13,"postime":"6:16","start":{"qtr":4,"time":"10:06","yrdln":"MIA 22","team":"MIA"},"end":{"qtr":4,"time":"03:50","yrdln":"IND 27","team":"MIA"}},"15":{"posteam":"IND","qtr":4,"redzone":true,"plays":{"3268":{"sp":0,"qtr":4,"down":0,"time":"03:50","yrdln":"MIA 30","ydstogo":0,"ydsnet":0,"posteam":"MIA","desc":"D.Carpenter kicks 64 yards from MIA 30 to IND 6. C.Simpson to IND 20 for 14 yards (L.Hilliard, T.Culver).","note":"KICKOFF","players":{"00-0025997":[{"sequence":2,"clubcode":"IND","playerName":"C.Simpson","statId":45,"yards":14}],"00-0026344":[{"sequence":3,"clubcode":"MIA","playerName":"L.Hilliard","statId":80,"yards":0}],"00-0026003":[{"sequence":1,"clubcode":"MIA","playerName":"D.Carpenter","statId":41,"yards":64}],"00-0024399":[{"sequence":4,"clubcode":"MIA","playerName":"T.Culver","statId":82,"yards":0}]}},"3290":{"sp":0,"qtr":4,"down":1,"time":"03:44","yrdln":"IND 20","ydstogo":10,"ydsnet":15,"posteam":"IND","desc":"(3:44) (Shotgun) P.Manning pass short left to R.Wayne to IND 35 for 15 yards (S.Smith).","note":null,"players":{"00-0027037":[{"sequence":7,"clubcode":"MIA","playerName":"S.Smith","statId":79,"yards":0}],"00-0010346":[{"sequence":2,"clubcode":"IND","playerName":"P.Manning","statId":15,"yards":15},{"sequence":3,"clubcode":"IND","playerName":"P.Manning","statId":111,"yards":13}],"0":[{"sequence":1,"clubcode":"IND","playerName":"","statId":4,"yards":0}],"00-0020498":[{"sequence":4,"clubcode":"IND","playerName":"R.Wayne","statId":21,"yards":15},{"sequence":5,"clubcode":"IND","playerName":"R.Wayne","statId":115,"yards":0},{"sequence":6,"clubcode":"IND","playerName":"R.Wayne","statId":113,"yards":2}]}},"3314":{"sp":0,"qtr":4,"down":1,"time":"03:39","yrdln":"IND 35","ydstogo":10,"ydsnet":32,"posteam":"IND","desc":"(3:39) (No Huddle, Shotgun) P.Manning pass short left to D.Clark ran ob at MIA 48 for 17 yards.","note":null,"players":{"00-0010346":[{"sequence":2,"clubcode":"IND","playerName":"P.Manning","statId":15,"yards":17},{"sequence":3,"clubcode":"IND","playerName":"P.Manning","statId":111,"yards":13}],"0":[{"sequence":1,"clubcode":"IND","playerName":"","statId":4,"yards":0}],"00-0022165":[{"sequence":4,"clubcode":"IND","playerName":"D.Clark","statId":21,"yards":17},{"sequence":5,"clubcode":"IND","playerName":"D.Clark","statId":115,"yards":0},{"sequence":6,"clubcode":"IND","playerName":"D.Clark","statId":113,"yards":4}]}},"3338":{"sp":0,"qtr":4,"down":1,"time":"03:34","yrdln":"MIA 48","ydstogo":10,"ydsnet":32,"posteam":"IND","desc":"(3:34) (No Huddle, Shotgun) P.Manning pass incomplete deep right to P.Garcon.","note":null,"players":{"00-0010346":[{"sequence":1,"clubcode":"IND","playerName":"P.Manning","statId":14,"yards":0},{"sequence":3,"clubcode":"IND","playerName":"P.Manning","statId":112,"yards":23}],"00-0026345":[{"sequence":2,"clubcode":"IND","playerName":"P.Garcon","statId":115,"yards":0}]}},"3364":{"sp":1,"qtr":4,"down":2,"time":"03:29","yrdln":"MIA 48","ydstogo":10,"ydsnet":80,"posteam":"IND","desc":"(3:29) (Shotgun) P.Manning pass short right to P.Garcon for 48 yards, TOUCHDOWN.","note":"TD","players":{"00-0010346":[{"sequence":2,"clubcode":"IND","playerName":"P.Manning","statId":16,"yards":48},{"sequence":3,"clubcode":"IND","playerName":"P.Manning","statId":111,"yards":3}],"0":[{"sequence":1,"clubcode":"IND","playerName":"","statId":4,"yards":0}],"00-0026345":[{"sequence":4,"clubcode":"IND","playerName":"P.Garcon","statId":22,"yards":48},{"sequence":5,"clubcode":"IND","playerName":"P.Garcon","statId":115,"yards":0},{"sequence":6,"clubcode":"IND","playerName":"P.Garcon","statId":113,"yards":45}]}},"3384":{"sp":1,"qtr":4,"down":0,"time":"03:18","yrdln":"MIA 2","ydstogo":0,"ydsnet":80,"posteam":"IND","desc":"A.Vinatieri extra point is GOOD, Center-J.Snow, Holder-P.McAfee.","note":"XP","players":{"00-0016919":[{"sequence":1,"clubcode":"IND","playerName":"A.Vinatieri","statId":72,"yards":0}]}}},"fds":3,"result":"Touchdown","penyds":0,"ydsgained":80,"numplays":6,"postime":"0:32","start":{"qtr":4,"time":"03:50","yrdln":"IND 20","team":"IND"},"end":{"qtr":4,"time":"03:18","yrdln":"MIA 48","team":"IND"}},"16":{"posteam":"MIA","qtr":4,"redzone":true,"plays":{"3400":{"sp":0,"qtr":4,"down":0,"time":"03:18","yrdln":"IND 30","ydstogo":0,"ydsnet":0,"posteam":"IND","desc":"P.McAfee kicks 76 yards from IND 30 to MIA -6. P.Cobbs to MIA 18 for 24 yards (A.Francisco).","note":"KICKOFF","players":{"00-0023213":[{"sequence":4,"clubcode":"IND","playerName":"A.Francisco","statId":79,"yards":0}],"00-0027145":[{"sequence":1,"clubcode":"IND","playerName":"P.McAfee","statId":43,"yards":76},{"sequence":3,"clubcode":"IND","playerName":"P.McAfee","statId":42,"yards":0}],"00-0024172":[{"sequence":2,"clubcode":"MIA","playerName":"P.Cobbs","statId":45,"yards":24}]}},"3422":{"sp":0,"qtr":4,"down":1,"time":"03:13","yrdln":"MIA 18","ydstogo":10,"ydsnet":1,"posteam":"MIA","desc":"(3:13) R.Brown left tackle to MIA 19 for 1 yard (D.Freeney).","note":null,"players":{"00-0023437":[{"sequence":1,"clubcode":"MIA","playerName":"R.Brown","statId":10,"yards":1}],"00-0021146":[{"sequence":2,"clubcode":"IND","playerName":"D.Freeney","statId":79,"yards":0}]}},"3443":{"sp":0,"qtr":4,"down":0,"time":"02:26","yrdln":"","ydstogo":0,"ydsnet":1,"posteam":"","desc":"Timeout #2 by MIA at 02:26.","note":"TIMEOUT","players":{"0":[{"sequence":1,"clubcode":"MIA","playerName":"","statId":68,"yards":0}]}},"3460":{"sp":0,"qtr":4,"down":2,"time":"02:26","yrdln":"MIA 19","ydstogo":9,"ydsnet":6,"posteam":"MIA","desc":"(2:26) R.Brown right tackle to MIA 24 for 5 yards (E.Foster).","note":null,"players":{"00-0023437":[{"sequence":1,"clubcode":"MIA","playerName":"R.Brown","statId":10,"yards":5}],"00-0025991":[{"sequence":2,"clubcode":"IND","playerName":"E.Foster","statId":79,"yards":0}]}},"3481":{"sp":0,"qtr":4,"down":0,"time":"02:00","yrdln":"","ydstogo":0,"ydsnet":6,"posteam":"","desc":"Two-Minute Warning","note":null,"players":{}},"3498":{"sp":0,"qtr":4,"down":3,"time":"02:00","yrdln":"MIA 24","ydstogo":4,"ydsnet":17,"posteam":"MIA","desc":"(2:00) C.Pennington pass short middle to T.Ginn to MIA 35 for 11 yards (M.Bullitt).","note":null,"players":{"00-0019559":[{"sequence":3,"clubcode":"MIA","playerName":"C.Pennington","statId":15,"yards":11},{"sequence":4,"clubcode":"MIA","playerName":"C.Pennington","statId":111,"yards":11}],"00-0024697":[{"sequence":8,"clubcode":"IND","playerName":"M.Bullitt","statId":79,"yards":0}],"00-0025396":[{"sequence":5,"clubcode":"MIA","playerName":"T.Ginn","statId":21,"yards":11},{"sequence":6,"clubcode":"MIA","playerName":"T.Ginn","statId":115,"yards":0},{"sequence":7,"clubcode":"MIA","playerName":"T.Ginn","statId":113,"yards":0}],"0":[{"sequence":1,"clubcode":"MIA","playerName":"","statId":4,"yards":0},{"sequence":2,"clubcode":"MIA","playerName":"","statId":6,"yards":0}]}},"3522":{"sp":0,"qtr":4,"down":1,"time":"01:39","yrdln":"MIA 35","ydstogo":10,"ydsnet":26,"posteam":"MIA","desc":"(1:39) (No Huddle, Shotgun) C.Pennington pass short left to T.Ginn ran ob at MIA 44 for 9 yards.","note":null,"players":{"00-0019559":[{"sequence":1,"clubcode":"MIA","playerName":"C.Pennington","statId":15,"yards":9},{"sequence":2,"clubcode":"MIA","playerName":"C.Pennington","statId":111,"yards":9}],"00-0025396":[{"sequence":3,"clubcode":"MIA","playerName":"T.Ginn","statId":21,"yards":9},{"sequence":4,"clubcode":"MIA","playerName":"T.Ginn","statId":115,"yards":0},{"sequence":5,"clubcode":"MIA","playerName":"T.Ginn","statId":113,"yards":0}]}},"3546":{"sp":0,"qtr":4,"down":2,"time":"01:33","yrdln":"MIA 44","ydstogo":1,"ydsnet":27,"posteam":"MIA","desc":"(1:33) (No Huddle, Shotgun) C.Pennington pass short right to A.Fasano to MIA 45 for 1 yard (T.Jennings).","note":null,"players":{"00-0019559":[{"sequence":2,"clubcode":"MIA","playerName":"C.Pennington","statId":15,"yards":1},{"sequence":3,"clubcode":"MIA","playerName":"C.Pennington","statId":111,"yards":0}],"00-0024268":[{"sequence":4,"clubcode":"MIA","playerName":"A.Fasano","statId":21,"yards":1},{"sequence":5,"clubcode":"MIA","playerName":"A.Fasano","statId":115,"yards":0},{"sequence":6,"clubcode":"MIA","playerName":"A.Fasano","statId":113,"yards":1}],"00-0024277":[{"sequence":7,"clubcode":"IND","playerName":"T.Jennings","statId":79,"yards":0}],"0":[{"sequence":1,"clubcode":"MIA","playerName":"","statId":4,"yards":0}]}},"3570":{"sp":0,"qtr":4,"down":1,"time":"01:10","yrdln":"MIA 45","ydstogo":10,"ydsnet":18,"posteam":"MIA","desc":"(1:10) (No Huddle, Shotgun) C.Pennington sacked at MIA 36 for -9 yards (R.Mathis). FUMBLES (R.Mathis), recovered by MIA-V.Carey at MIA 35. V.Carey to MIA 36 for 1 yard (E.Foster).","note":"FUMBLE","players":{"00-0019559":[{"sequence":1,"clubcode":"MIA","playerName":"C.Pennington","statId":20,"yards":-9},{"sequence":4,"clubcode":"MIA","playerName":"C.Pennington","statId":52,"yards":0}],"00-0022890":[{"sequence":6,"clubcode":"MIA","playerName":"V.Carey","statId":55,"yards":0}],"00-0025991":[{"sequence":7,"clubcode":"IND","playerName":"E.Foster","statId":79,"yards":0},{"sequence":8,"clubcode":"IND","playerName":"E.Foster","statId":120,"yards":0}],"00-0022059":[{"sequence":2,"clubcode":"IND","playerName":"R.Mathis","statId":83,"yards":-9},{"sequence":3,"clubcode":"IND","playerName":"R.Mathis","statId":79,"yards":0},{"sequence":5,"clubcode":"IND","playerName":"R.Mathis","statId":91,"yards":0}]}},"3599":{"sp":0,"qtr":4,"down":0,"time":"00:56","yrdln":"","ydstogo":0,"ydsnet":18,"posteam":"","desc":"Timeout #3 by MIA at 00:56.","note":"TIMEOUT","players":{"0":[{"sequence":1,"clubcode":"MIA","playerName":"","statId":68,"yards":0}]}},"3616":{"sp":0,"qtr":4,"down":2,"time":"00:56","yrdln":"MIA 36","ydstogo":19,"ydsnet":36,"posteam":"MIA","desc":"(:56) C.Pennington pass deep left to D.Bess ran ob at IND 46 for 18 yards. Penalty on IND-D.Freeney, Defensive Offside, declined.","note":null,"players":{"00-0019559":[{"sequence":1,"clubcode":"MIA","playerName":"C.Pennington","statId":15,"yards":18},{"sequence":2,"clubcode":"MIA","playerName":"C.Pennington","statId":111,"yards":17}],"00-0026000":[{"sequence":3,"clubcode":"MIA","playerName":"D.Bess","statId":21,"yards":18},{"sequence":4,"clubcode":"MIA","playerName":"D.Bess","statId":115,"yards":0},{"sequence":5,"clubcode":"MIA","playerName":"D.Bess","statId":113,"yards":1}]}},"3652":{"sp":0,"qtr":4,"down":3,"time":"00:50","yrdln":"IND 46","ydstogo":1,"ydsnet":40,"posteam":"MIA","desc":"(:50) (No Huddle) C.Pennington up the middle to IND 42 for 4 yards (E.Foster).","note":null,"players":{"00-0019559":[{"sequence":3,"clubcode":"MIA","playerName":"C.Pennington","statId":10,"yards":4}],"00-0025991":[{"sequence":4,"clubcode":"IND","playerName":"E.Foster","statId":79,"yards":0}],"0":[{"sequence":1,"clubcode":"MIA","playerName":"","statId":3,"yards":0},{"sequence":2,"clubcode":"MIA","playerName":"","statId":6,"yards":0}]}},"3673":{"sp":0,"qtr":4,"down":1,"time":"00:41","yrdln":"IND 42","ydstogo":10,"ydsnet":52,"posteam":"MIA","desc":"(:41) C.Pennington spiked the ball to stop the clock.","note":null,"players":{"00-0019559":[{"sequence":1,"clubcode":"MIA","playerName":"C.Pennington","statId":14,"yards":0},{"sequence":2,"clubcode":"MIA","playerName":"C.Pennington","statId":112,"yards":0}]}},"3711":{"sp":0,"qtr":4,"down":2,"time":"00:35","yrdln":"IND 42","ydstogo":10,"ydsnet":40,"posteam":"MIA","desc":"(:35) C.Pennington pass incomplete deep middle to T.Ginn.","note":null,"players":{"00-0019559":[{"sequence":1,"clubcode":"MIA","playerName":"C.Pennington","statId":14,"yards":0},{"sequence":3,"clubcode":"MIA","playerName":"C.Pennington","statId":112,"yards":42}],"00-0025396":[{"sequence":2,"clubcode":"MIA","playerName":"T.Ginn","statId":115,"yards":0}]}},"3733":{"sp":0,"qtr":4,"down":3,"time":"00:27","yrdln":"IND 42","ydstogo":10,"ydsnet":52,"posteam":"MIA","desc":"(:27) (No Huddle, Shotgun) C.Pennington pass incomplete deep left to T.Ginn.","note":null,"players":{"00-0019559":[{"sequence":2,"clubcode":"MIA","playerName":"C.Pennington","statId":14,"yards":0},{"sequence":4,"clubcode":"MIA","playerName":"C.Pennington","statId":112,"yards":32}],"00-0025396":[{"sequence":3,"clubcode":"MIA","playerName":"T.Ginn","statId":115,"yards":0}],"0":[{"sequence":1,"clubcode":"MIA","playerName":"","statId":7,"yards":0}]}},"3755":{"sp":0,"qtr":4,"down":4,"time":"00:22","yrdln":"IND 42","ydstogo":10,"ydsnet":52,"posteam":"MIA","desc":"(:22) (Shotgun) C.Pennington pass short middle to T.Ginn to IND 30 for 12 yards (J.Lacey).","note":null,"players":{"00-0019559":[{"sequence":3,"clubcode":"MIA","playerName":"C.Pennington","statId":15,"yards":12},{"sequence":4,"clubcode":"MIA","playerName":"C.Pennington","statId":111,"yards":12}],"00-0025396":[{"sequence":5,"clubcode":"MIA","playerName":"T.Ginn","statId":21,"yards":12},{"sequence":6,"clubcode":"MIA","playerName":"T.Ginn","statId":115,"yards":0},{"sequence":7,"clubcode":"MIA","playerName":"T.Ginn","statId":113,"yards":0}],"00-0026674":[{"sequence":8,"clubcode":"IND","playerName":"J.Lacey","statId":79,"yards":0}],"0":[{"sequence":1,"clubcode":"MIA","playerName":"","statId":4,"yards":0},{"sequence":2,"clubcode":"MIA","playerName":"","statId":8,"yards":0}]}},"3779":{"sp":0,"qtr":4,"down":1,"time":"00:12","yrdln":"IND 30","ydstogo":10,"ydsnet":52,"posteam":"MIA","desc":"(:12) C.Pennington spiked the ball to stop the clock.","note":null,"players":{"00-0019559":[{"sequence":1,"clubcode":"MIA","playerName":"C.Pennington","statId":14,"yards":0},{"sequence":2,"clubcode":"MIA","playerName":"C.Pennington","statId":112,"yards":0}]}},"3836":{"sp":0,"qtr":4,"down":2,"time":"00:06","yrdln":"IND 30","ydstogo":10,"ydsnet":52,"posteam":"MIA","desc":"(:06) C.Pennington pass deep right intended for B.Hartline INTERCEPTED by A.Bethea at IND -5. Touchback.","note":"INT","players":{"00-0019559":[{"sequence":1,"clubcode":"MIA","playerName":"C.Pennington","statId":19,"yards":0},{"sequence":3,"clubcode":"MIA","playerName":"C.Pennington","statId":112,"yards":30}],"00-0027077":[{"sequence":2,"clubcode":"MIA","playerName":"B.Hartline","statId":115,"yards":0}],"00-0024421":[{"sequence":4,"clubcode":"IND","playerName":"A.Bethea","statId":25,"yards":0},{"sequence":5,"clubcode":"IND","playerName":"A.Bethea","statId":85,"yards":0}]}}},"fds":4,"result":"Interception","penyds":0,"ydsgained":52,"numplays":18,"postime":"3:18","start":{"qtr":4,"time":"03:18","yrdln":"MIA 18","team":"MIA"},"end":{"qtr":4,"time":"00:00","yrdln":"","team":"MIA"}},"crntdrv":16},"scrsummary":{"54":{"type":"TD","desc":"D.Clark 80 yd. pass from P.Manning (A.Vinatieri kick is good) Drive: 1 plays, 80 yards in 0:12","qtr":1,"team":"IND","players":{"":"0","P.Manning":"00-0010346","D.Clark":"00-0022165","A.Vinatieri":"00-0016919"}},"321":{"type":"TD","desc":"R.Brown 14 yd. run (D.Carpenter kick is good) Drive: 9 plays, 75 yards in 6:06","qtr":1,"team":"MIA","players":{"":"0","R.Brown":"00-0023437","D.Carpenter":"00-0026003"}},"834":{"type":"FG","desc":"D.Carpenter 45 yd. Field Goal Drive: 13 plays, 53 yards in 7:24","qtr":2,"team":"MIA","players":{"D.Carpenter":"00-0026003"}},"1140":{"type":"FG","desc":"A.Vinatieri 43 yd. Field Goal Drive: 9 plays, 48 yards in 4:07","qtr":2,"team":"IND","players":{"A.Vinatieri":"00-0016919"}},"1735":{"type":"FG","desc":"D.Carpenter 44 yd. Field Goal Drive: 9 plays, 33 yards in 2:23","qtr":2,"team":"MIA","players":{"D.Carpenter":"00-0026003"}},"1974":{"type":"FG","desc":"A.Vinatieri 48 yd. Field Goal Drive: 5 plays, 44 yards in 0:43","qtr":2,"team":"IND","players":{"A.Vinatieri":"00-0016919"}},"2760":{"type":"TD","desc":"R.Brown 3 yd. run (D.Carpenter kick is good) Drive: 13 plays, 80 yards in 8:45","qtr":4,"team":"MIA","players":{"":"0","R.Brown":"00-0023437","D.Carpenter":"00-0026003"}},"2934":{"type":"TD","desc":"D.Brown 15 yd. run (A.Vinatieri kick is good) Drive: 6 plays, 79 yards in 3:17","qtr":4,"team":"IND","players":{"":"0","D.Brown":"00-0027003","A.Vinatieri":"00-0016919"}},"3249":{"type":"FG","desc":"D.Carpenter 45 yd. Field Goal Drive: 10 plays, 51 yards in 6:16","qtr":4,"team":"MIA","players":{"D.Carpenter":"00-0026003"}},"3364":{"type":"TD","desc":"P.Garcon 48 yd. pass from P.Manning (A.Vinatieri kick is good) Drive: 4 plays, 80 yards in 0:32","qtr":4,"team":"IND","players":{"":"0","P.Manning":"00-0010346","P.Garcon":"00-0026345","A.Vinatieri":"00-0016919"}}},"weather":null,"media":null,"yl":"","qtr":"Final","note":null,"down":0,"togo":0,"redzone":true,"clock":"00:00","posteam":"IND","stadium":null},"nextupdate":231}