{"2010112111":{"home":{"score":{"1":0,"2":0,"3":0,"4":0,"5":0,"T":0},"abbr":"SF","to":0,"stats":{"passing":{"00-0025561":{"name":"T.Smith","att":31,"cmp":16,"yds":148,"tds":0,"ints":1,"twopta":0,"twoptm":0}},"rushing":{"00-0025561":{"name":"T.Smith","att":5,"yds":45,"tds":0,"lng":15,"lngtd":0,"twopta":0,"twoptm":0},"00-0023500":{"name":"F.Gore","att":12,"yds":23,"tds":0,"lng":6,"lngtd":0,"twopta":0,"twoptm":0},"00-0024389":{"name":"Del.Walker","att":1,"yds":3,"tds":0,"lng":3,"lngtd":0,"twopta":0,"twoptm":0}},"receiving":{"00-0023500":{"name":"F.Gore","rec":5,"yds":37,"tds":0,"lng":14,"lngtd":0,"twopta":0,"twoptm":0},"00-0026314":{"name":"J.Morgan","rec":4,"yds":51,"tds":0,"lng":23,"lngtd":0,"twopta":0,"twoptm":0},"00-0024389":{"name":"Del.Walker","rec":3,"yds":27,"tds":0,"lng":14,"lngtd":0,"twopta":0,"twoptm":0},"00-0026986":{"name":"M.Crabtree","rec":1,"yds":15,"tds":0,"lng":15,"lngtd":0,"twopta":0,"twoptm":0},"00-0027608":{"name":"K.Williams","rec":1,"yds":8,"tds":0,"lng":8,"lngtd":0,"twopta":0,"twoptm":0},"00-0025396":{"name":"T.Ginn","rec":1,"yds":7,"tds":0,"lng":7,"lngtd":0,"twopta":0,"twoptm":0},"00-0024221":{"name":"V.Davis","rec":1,"yds":3,"tds":0,"lng":3,"lngtd":0,"twopta":0,"twoptm":0}},"fumbles":{"00-0026314":{"name":"J.Morgan","tot":1,"rcv":0,"trcv":0,"yds":0,"lost":1}},"punting":{"00-0022824":{"name":"A.Lee","pts":6,"yds":227,"avg":30,"i20":2,"lng":53}},"kickret":{"00-0025396":{"name":"T.Ginn","ret":3,"avg":23,"tds":0,"lng":30,"lngtd":0},"00-0021064":{"name":"T.Wragge","ret":1,"avg":12,"tds":0,"lng":12,"lngtd":0}},"puntret":{"00-0027608":{"name":"K.Williams","ret":2,"avg":8,"tds":0,"lng":9,"lngtd":0}},"defense":{"00-0025398":{"name":"P.Willis","tkl":9,"ast":4,"sk":2,"int":0,"ffum":0},"00-0015474":{"name":"T.Spikes","tkl":8,"ast":4,"sk":0,"int":0,"ffum":0},"00-0025513":{"name":"D.Goldson","tkl":5,"ast":2,"sk":0,"int":0,"ffum":0},"00-0024237":{"name":"M.Lawson","tkl":4,"ast":2,"sk":0,"int":0,"ffum":0},"00-0020495":{"name":"N.Clements","tkl":2,"ast":3,"sk":0,"int":0,"ffum":0},"00-0020535":{"name":"J.Smith","tkl":3,"ast":0,"sk":0,"int":0,"ffum":0},"00-0024354":{"name":"P.Haralson","tkl":3,"ast":0,"sk":0,"int":0,"ffum":0},"00-0020055":{"name":"D.Evans","tkl":3,"ast":0,"sk":0,"int":0,"ffum":0},"00-0022843":{"name":"S.Spencer","tkl":2,"ast":0,"sk":0,"int":0,"ffum":0},"00-0022147":{"name":"A.Franklin","tkl":2,"ast":0,"sk":0,"int":0,"ffum":0},"00-0022863":{"name":"I.Sopoaga","tkl":2,"ast":0,"sk":0,"int":0,"ffum":0},"00-0026215":{"name":"R.Smith","tkl":1,"ast":0,"sk":0,"int":0,"ffum":0},"00-0025534":{"name":"T.Brown","tkl":1,"ast":0,"sk":0,"int":0,"ffum":0},"00-0022894":{"name":"T.LaBoy","tkl":0,"ast":1,"sk":0,"int":0,"ffum":0},"00-0025484":{"name":"R.McDonald","tkl":0,"ast":1,"sk":0,"int":0,"ffum":0},"00-0027887":{"name":"T.Mays","tkl":0,"ast":1,"sk":0,"int":0,"ffum":0}},"team":{"totfd":11,"totyds":189,"pyds":118,"ryds":71,"pen":3,"penyds":18,"trnovr":2,"pt":6,"ptyds":227,"ptavg":30,"top":"23:36"}},"players":null},"away":{"score":{"1":0,"2":7,"3":7,"4":7,"5":0,"T":21},"abbr":"TB","to":0,"stats":{"passing":{"00-0026993":{"name":"J.Freeman","att":20,"cmp":13,"yds":136,"tds":2,"ints":0,"twopta":0,"twoptm":0},"00-0026300":{"name":"J.Johnson","att":1,"cmp":1,"yds":7,"tds":0,"ints":0,"twopta":0,"twoptm":0},"00-0023968":{"name":"M.Spurlock","att":1,"cmp":0,"yds":0,"tds":0,"ints":0,"twopta":0,"twoptm":0}},"rushing":{"00-0027325":{"name":"L.Blount","att":26,"yds":82,"tds":0,"lng":16,"lngtd":0,"twopta":0,"twoptm":0},"00-0023440":{"name":"C.Williams","att":7,"yds":51,"tds":1,"lng":26,"lngtd":6,"twopta":0,"twoptm":0},"00-0026993":{"name":"J.Freeman","att":5,"yds":15,"tds":0,"lng":8,"lngtd":0,"twopta":0,"twoptm":0},"00-0021755":{"name":"E.Graham","att":3,"yds":7,"tds":0,"lng":3,"lngtd":0,"twopta":0,"twoptm":0},"00-0026300":{"name":"J.Johnson","att":1,"yds":7,"tds":0,"lng":7,"lngtd":0,"twopta":0,"twoptm":0}},"receiving":{"00-0022922":{"name":"K.Winslow","rec":4,"yds":34,"tds":0,"lng":11,"lngtd":0,"twopta":0,"twoptm":0},"00-0027702":{"name":"M.Williams","rec":3,"yds":54,"tds":1,"lng":33,"lngtd":8,"twopta":0,"twoptm":0},"00-0027654":{"name":"A.Benn","rec":2,"yds":14,"tds":0,"lng":7,"lngtd":0,"twopta":0,"twoptm":0},"00-0026953":{"name":"S.Stroughter","rec":2,"yds":11,"tds":0,"lng":7,"lngtd":0,"twopta":0,"twoptm":0},"00-0024305":{"name":"M.Stovall","rec":1,"yds":22,"tds":0,"lng":22,"lngtd":0,"twopta":0,"twoptm":0},"00-0023440":{"name":"C.Williams","rec":1,"yds":7,"tds":0,"lng":7,"lngtd":0,"twopta":0,"twoptm":0},"00-0023894":{"name":"D.Penn","rec":1,"yds":1,"tds":1,"lng":1,"lngtd":1,"twopta":0,"twoptm":0}},"fumbles":{"00-0025569":{"name":"A.Hayward","tot":0,"rcv":0,"trcv":1,"yds":0,"lost":0}},"kicking":{"00-0026138":{"name":"C.Barth","fgm":0,"fga":1,"fgyds":0,"totpfg":0,"xpmade":3,"xpmissed":0,"xpa":3,"xpb":0,"xptot":3}},"punting":{"00-0027509":{"name":"R.Malone","pts":5,"yds":197,"avg":32,"i20":2,"lng":61}},"kickret":{"00-0023968":{"name":"M.Spurlock","ret":1,"avg":14,"tds":0,"lng":14,"lngtd":0}},"puntret":{"00-0023968":{"name":"M.Spurlock","ret":3,"avg":9,"tds":0,"lng":17,"lngtd":0}},"defense":{"00-0027805":{"name":"C.Grimm","tkl":5,"ast":2,"sk":0,"int":0,"ffum":0},"00-0026315":{"name":"G.Hayes","tkl":4,"ast":1,"sk":0,"int":0,"ffum":1},"00-0023471":{"name":"B.Ruud","tkl":4,"ast":0,"sk":0,"int":0,"ffum":0},"00-0022844":{"name":"S.Jones","tkl":3,"ast":1,"sk":0,"int":0,"ffum":0},"00-0027812":{"name":"D.Watson","tkl":3,"ast":0,"sk":0,"int":0,"ffum":0},"00-0027055":{"name":"R.Miller","tkl":3,"ast":0,"sk":0,"int":0,"ffum":0},"00-0026945":{"name":"E.Biggers","tkl":2,"ast":1,"sk":0,"int":0,"ffum":0},"00-0027856":{"name":"G.McCoy","tkl":1,"ast":2,"sk":1,"int":0,"ffum":0},"00-0027042":{"name":"A.Magee","tkl":2,"ast":0,"sk":1,"int":0,"ffum":0},"00-0025569":{"name":"A.Hayward","tkl":2,"ast":0,"sk":1,"int":0,"ffum":0},"00-0021332":{"name":"S.White","tkl":1,"ast":1,"sk":1.5,"int":0,"ffum":0},"00-0025443":{"name":"T.Crowder","tkl":1,"ast":1,"sk":0,"int":0,"ffum":0},"00-0026618":{"name":"M.Bennett","tkl":1,"ast":0,"sk":1,"int":0,"ffum":0},"00-0000741":{"name":"R.Barber","tkl":1,"ast":0,"sk":0,"int":1,"ffum":0},"00-0026160":{"name":"A.Talib","tkl":1,"ast":0,"sk":0,"int":0,"ffum":0},"00-0027672":{"name":"M.Lewis","tkl":1,"ast":0,"sk":0,"int":0,"ffum":0},"00-0027723":{"name":"A.Woods","tkl":0,"ast":1,"sk":0.5,"int":0,"ffum":0}},"team":{"totfd":20,"totyds":299,"pyds":137,"ryds":162,"pen":3,"penyds":35,"trnovr":0,"pt":5,"ptyds":197,"ptavg":32,"top":"36:24"}},"players":null},"drives":{"1":{"posteam":"TB","qtr":1,"redzone":true,"plays":{"36":{"sp":0,"qtr":1,"down":0,"time":"15:00","yrdln":"SF 30","ydstogo":0,"ydsnet":0,"posteam":"SF","desc":"S.Andrus kicks 61 yards from SF 30 to TB 9. M.Spurlock to TB 23 for 14 yards (T.Brown).","note":"KICKOFF","players":{"00-0023728":[{"sequence":1,"clubcode":"SF","playerName":"S.Andrus","statId":41,"yards":61}],"00-0023968":[{"sequence":2,"clubcode":"TB","playerName":"M.Spurlock","statId":45,"yards":14}],"00-0025534":[{"sequence":3,"clubcode":"SF","playerName":"T.Brown","statId":79,"yards":0}]}},"58":{"sp":0,"qtr":1,"down":1,"time":"14:54","yrdln":"TB 23","ydstogo":10,"ydsnet":3,"posteam":"TB","desc":"(14:54) L.Blount left end to TB 26 for 3 yards (M.Lawson; P.Willis).","note":null,"players":{"00-0027325":[{"sequence":1,"clubcode":"TB","playerName":"L.Blount","statId":10,"yards":3}],"00-0024237":[{"sequence":2,"clubcode":"SF","playerName":"M.Lawson","statId":82,"yards":0}],"00-0025398":[{"sequence":3,"clubcode":"SF","playerName":"P.Willis","statId":82,"yards":0}]}},"79":{"sp":0,"qtr":1,"down":2,"time":"14:12","yrdln":"TB 26","ydstogo":7,"ydsnet":7,"posteam":"TB","desc":"(14:12) (Shotgun) J.Freeman pass short right to S.Stroughter to TB 30 for 4 yards (S.Spencer) [T.Spikes]. Caught at TB 29.","note":null,"players":{"00-0022843":[{"sequence":7,"clubcode":"SF","playerName":"S.Spencer","statId":79,"yards":0}],"00-0015474":[{"sequence":6,"clubcode":"SF","playerName":"T.Spikes","statId":110,"yards":0}],"00-0026953":[{"sequence":3,"clubcode":"TB","playerName":"S.Stroughter","statId":21,"yards":4},{"sequence":4,"clubcode":"TB","playerName":"S.Stroughter","statId":115,"yards":0},{"sequence":5,"clubcode":"TB","playerName":"S.Stroughter","statId":113,"yards":1}],"00-0026993":[{"sequence":1,"clubcode":"TB","playerName":"J.Freeman","statId":15,"yards":4},{"sequence":2,"clubcode":"TB","playerName":"J.Freeman","statId":111,"yards":3}]}},"103":{"sp":0,"qtr":1,"down":3,"time":"13:27","yrdln":"TB 30","ydstogo":3,"ydsnet":12,"posteam":"TB","desc":"(13:27) (Shotgun) J.Freeman right end pushed ob at TB 35 for 5 yards (M.Lawson).","note":null,"players":{"00-0024237":[{"sequence":4,"clubcode":"SF","playerName":"M.Lawson","statId":79,"yards":0}],"0":[{"sequence":1,"clubcode":"TB","playerName":"","statId":3,"yards":0},{"sequence":2,"clubcode":"TB","playerName":"","statId":6,"yards":0}],"00-0026993":[{"sequence":3,"clubcode":"TB","playerName":"J.Freeman","statId":10,"yards":5}]}},"128":{"sp":0,"qtr":1,"down":1,"time":"13:00","yrdln":"TB 35","ydstogo":10,"ydsnet":15,"posteam":"TB","desc":"(13:00) C.Williams left guard to TB 38 for 3 yards (J.Smith).","note":null,"players":{"00-0020535":[{"sequence":2,"clubcode":"SF","playerName":"J.Smith","statId":79,"yards":0}],"00-0023440":[{"sequence":1,"clubcode":"TB","playerName":"C.Williams","statId":10,"yards":3}]}},"149":{"sp":0,"qtr":1,"down":2,"time":"12:25","yrdln":"TB 38","ydstogo":7,"ydsnet":18,"posteam":"TB","desc":"(12:25) L.Blount up the middle to TB 41 for 3 yards (P.Haralson).","note":null,"players":{"00-0024354":[{"sequence":2,"clubcode":"SF","playerName":"P.Haralson","statId":79,"yards":0}],"00-0027325":[{"sequence":1,"clubcode":"TB","playerName":"L.Blount","statId":10,"yards":3}]}},"170":{"sp":0,"qtr":1,"down":3,"time":"11:45","yrdln":"TB 41","ydstogo":4,"ydsnet":15,"posteam":"TB","desc":"(11:45) (Shotgun) J.Freeman sacked at TB 38 for -3 yards (P.Willis).","note":null,"players":{"00-0025398":[{"sequence":3,"clubcode":"SF","playerName":"P.Willis","statId":83,"yards":-3},{"sequence":4,"clubcode":"SF","playerName":"P.Willis","statId":110,"yards":0},{"sequence":5,"clubcode":"SF","playerName":"P.Willis","statId":79,"yards":0},{"sequence":6,"clubcode":"SF","playerName":"P.Willis","statId":120,"yards":0}],"0":[{"sequence":1,"clubcode":"TB","playerName":"","statId":7,"yards":0}],"00-0026993":[{"sequence":2,"clubcode":"TB","playerName":"J.Freeman","statId":20,"yards":-3}]}},"189":{"sp":0,"qtr":1,"down":4,"time":"11:24","yrdln":"TB 38","ydstogo":7,"ydsnet":15,"posteam":"TB","desc":"(11:24) R.Malone punts 41 yards to SF 21, Center-A.Economos. K.Williams to SF 28 for 7 yards (M.Stovall).","note":"PUNT","players":{"00-0024305":[{"sequence":3,"clubcode":"TB","playerName":"M.Stovall","statId":79,"yards":0}],"00-0027509":[{"sequence":1,"clubcode":"TB","playerName":"R.Malone","statId":29,"yards":41}],"00-0027608":[{"sequence":2,"clubcode":"SF","playerName":"K.Williams","statId":33,"yards":7}]}}},"fds":1,"result":"Punt","penyds":0,"ydsgained":15,"numplays":8,"postime":"3:49","start":{"qtr":1,"time":"15:00","yrdln":"TB 23","team":"TB"},"end":{"qtr":1,"time":"11:11","yrdln":"TB 38","team":"TB"}},"2":{"posteam":"SF","qtr":1,"redzone":true,"plays":{"214":{"sp":0,"qtr":1,"down":1,"time":"11:11","yrdln":"SF 28","ydstogo":10,"ydsnet":0,"posteam":"SF","desc":"(11:11) F.Gore right guard to SF 28 for no gain (C.Grimm).","note":null,"players":{"00-0027805":[{"sequence":2,"clubcode":"TB","playerName":"C.Grimm","statId":79,"yards":0}],"00-0023500":[{"sequence":1,"clubcode":"SF","playerName":"F.Gore","statId":10,"yards":0}]}},"236":{"sp":0,"qtr":1,"down":2,"time":"10:33","yrdln":"SF 28","ydstogo":10,"ydsnet":14,"posteam":"SF","desc":"(10:33) T.Smith pass short left to F.Gore to SF 42 for 14 yards (B.Ruud). Caught at SF 25.","note":null,"players":{"00-0023471":[{"sequence":7,"clubcode":"TB","playerName":"B.Ruud","statId":79,"yards":0}],"00-0025561":[{"sequence":2,"clubcode":"SF","playerName":"T.Smith","statId":15,"yards":14},{"sequence":3,"clubcode":"SF","playerName":"T.Smith","statId":111,"yards":-3}],"0":[{"sequence":1,"clubcode":"SF","playerName":"","statId":4,"yards":0}],"00-0023500":[{"sequence":4,"clubcode":"SF","playerName":"F.Gore","statId":21,"yards":14},{"sequence":5,"clubcode":"SF","playerName":"F.Gore","statId":115,"yards":0},{"sequence":6,"clubcode":"SF","playerName":"F.Gore","statId":113,"yards":17}]}},"260":{"sp":0,"qtr":1,"down":1,"time":"09:47","yrdln":"SF 42","ydstogo":10,"ydsnet":15,"posteam":"SF","desc":"(9:47) F.Gore right end to SF 43 for 1 yard (A.Hayward).","note":null,"players":{"00-0025569":[{"sequence":2,"clubcode":"TB","playerName":"A.Hayward","statId":79,"yards":0}],"00-0023500":[{"sequence":1,"clubcode":"SF","playerName":"F.Gore","statId":10,"yards":1}]}},"285":{"sp":0,"qtr":1,"down":2,"time":"09:08","yrdln":"SF 43","ydstogo":9,"ydsnet":30,"posteam":"SF","desc":"(9:08) T.Smith pass incomplete short right to J.Morgan. PENALTY on TB-A.Hayward, Roughing the Passer, 15 yards, enforced at SF 43 - No Play.","note":"PENALTY","players":{"00-0025569":[{"sequence":2,"clubcode":"TB","playerName":"A.Hayward","statId":93,"yards":15}],"0":[{"sequence":1,"clubcode":"SF","playerName":"","statId":5,"yards":0}]}},"318":{"sp":0,"qtr":1,"down":1,"time":"09:02","yrdln":"TB 42","ydstogo":10,"ydsnet":32,"posteam":"SF","desc":"(9:02) (Shotgun) T.Smith pass short left to J.Morgan to TB 40 for 2 yards (G.Hayes). FUMBLES (G.Hayes), RECOVERED by TB-A.Hayward at TB 38. A.Hayward to TB 38 for no gain (D.Baas). Caught at TB 43, fumbled at TB 40 for 2-yards of loose ball yardage.","note":"FUMBLE","players":{"00-0025569":[{"sequence":10,"clubcode":"TB","playerName":"A.Hayward","statId":59,"yards":0}],"00-0025561":[{"sequence":1,"clubcode":"SF","playerName":"T.Smith","statId":15,"yards":2},{"sequence":2,"clubcode":"SF","playerName":"T.Smith","statId":111,"yards":-1}],"00-0026314":[{"sequence":3,"clubcode":"SF","playerName":"J.Morgan","statId":21,"yards":2},{"sequence":4,"clubcode":"SF","playerName":"J.Morgan","statId":115,"yards":0},{"sequence":5,"clubcode":"SF","playerName":"J.Morgan","statId":113,"yards":3},{"sequence":7,"clubcode":"SF","playerName":"J.Morgan","statId":52,"yards":0},{"sequence":8,"clubcode":"SF","playerName":"J.Morgan","statId":106,"yards":0}],"00-0026315":[{"sequence":6,"clubcode":"TB","playerName":"G.Hayes","statId":79,"yards":0},{"sequence":9,"clubcode":"TB","playerName":"G.Hayes","statId":91,"yards":0}],"00-0023468":[{"sequence":11,"clubcode":"SF","playerName":"D.Baas","statId":79,"yards":0}]}}},"fds":2,"result":"Fumble","penyds":15,"ydsgained":17,"numplays":5,"postime":"2:15","start":{"qtr":1,"time":"11:11","yrdln":"SF 28","team":"SF"},"end":{"qtr":1,"time":"08:56","yrdln":"TB 42","team":"SF"}},"3":{"posteam":"TB","qtr":1,"redzone":true,"plays":{"354":{"sp":0,"qtr":1,"down":1,"time":"08:56","yrdln":"TB 38","ydstogo":10,"ydsnet":0,"posteam":"TB","desc":"(8:56) J.Freeman pass incomplete short right to K.Winslow [M.Lawson].","note":null,"players":{"00-0024237":[{"sequence":3,"clubcode":"SF","playerName":"M.Lawson","statId":110,"yards":0}],"00-0022922":[{"sequence":2,"clubcode":"TB","playerName":"K.Winslow","statId":115,"yards":0}],"00-0026993":[{"sequence":1,"clubcode":"TB","playerName":"J.Freeman","statId":14,"yards":0},{"sequence":4,"clubcode":"TB","playerName":"J.Freeman","statId":112,"yards":9}]}},"381":{"sp":0,"qtr":1,"down":2,"time":"08:49","yrdln":"TB 38","ydstogo":10,"ydsnet":1,"posteam":"TB","desc":"(8:49) L.Blount right tackle to TB 39 for 1 yard (T.Spikes).","note":null,"players":{"00-0015474":[{"sequence":2,"clubcode":"SF","playerName":"T.Spikes","statId":79,"yards":0}],"00-0027325":[{"sequence":1,"clubcode":"TB","playerName":"L.Blount","statId":10,"yards":1}]}},"402":{"sp":0,"qtr":1,"down":3,"time":"08:07","yrdln":"TB 39","ydstogo":9,"ydsnet":1,"posteam":"TB","desc":"(8:07) (Shotgun) J.Freeman pass incomplete short left to K.Winslow.","note":null,"players":{"00-0022922":[{"sequence":3,"clubcode":"TB","playerName":"K.Winslow","statId":115,"yards":0}],"0":[{"sequence":1,"clubcode":"TB","playerName":"","statId":7,"yards":0}],"00-0026993":[{"sequence":2,"clubcode":"TB","playerName":"J.Freeman","statId":14,"yards":0},{"sequence":4,"clubcode":"TB","playerName":"J.Freeman","statId":112,"yards":4}]}},"424":{"sp":0,"qtr":1,"down":4,"time":"08:01","yrdln":"TB 39","ydstogo":9,"ydsnet":1,"posteam":"TB","desc":"(8:01) R.Malone punts 61 yards to end zone, Center-A.Economos, Touchback.","note":"PUNT","players":{"0":[{"sequence":2,"clubcode":"SF","playerName":"","statId":40,"yards":0}],"00-0027509":[{"sequence":1,"clubcode":"TB","playerName":"R.Malone","statId":32,"yards":61}]}}},"fds":0,"result":"Punt","penyds":0,"ydsgained":1,"numplays":4,"postime":"1:05","start":{"qtr":1,"time":"08:56","yrdln":"TB 38","team":"TB"},"end":{"qtr":1,"time":"07:51","yrdln":"TB 39","team":"TB"}},"4":{"posteam":"SF","qtr":1,"redzone":true,"plays":{"442":{"sp":0,"qtr":1,"down":1,"time":"07:51","yrdln":"SF 20","ydstogo":10,"ydsnet":-2,"posteam":"SF","desc":"(7:51) T.Smith sacked at SF 18 for -2 yards (M.Bennett).","note":null,"players":{"00-0026618":[{"sequence":2,"clubcode":"TB","playerName":"M.Bennett","statId":83,"yards":-2},{"sequence":3,"clubcode":"TB","playerName":"M.Bennett","statId":110,"yards":0},{"sequence":4,"clubcode":"TB","playerName":"M.Bennett","statId":79,"yards":0},{"sequence":5,"clubcode":"TB","playerName":"M.Bennett","statId":120,"yards":0}],"00-0025561":[{"sequence":1,"clubcode":"SF","playerName":"T.Smith","statId":20,"yards":-2}]}},"462":{"sp":0,"qtr":1,"down":2,"time":"07:19","yrdln":"SF 18","ydstogo":12,"ydsnet":0,"posteam":"SF","desc":"(7:19) (Shotgun) F.Gore right guard to SF 20 for 2 yards (G.McCoy).","note":null,"players":{"00-0027856":[{"sequence":2,"clubcode":"TB","playerName":"G.McCoy","statId":79,"yards":0}],"00-0023500":[{"sequence":1,"clubcode":"SF","playerName":"F.Gore","statId":10,"yards":2}]}},"483":{"sp":0,"qtr":1,"down":3,"time":"06:41","yrdln":"SF 20","ydstogo":10,"ydsnet":6,"posteam":"SF","desc":"(6:41) (Shotgun) T.Smith pass short left to F.Gore to SF 26 for 6 yards (S.Jones). Caught at SF 21.","note":null,"players":{"00-0025561":[{"sequence":2,"clubcode":"SF","playerName":"T.Smith","statId":15,"yards":6},{"sequence":3,"clubcode":"SF","playerName":"T.Smith","statId":111,"yards":1}],"0":[{"sequence":1,"clubcode":"SF","playerName":"","statId":7,"yards":0}],"00-0022844":[{"sequence":7,"clubcode":"TB","playerName":"S.Jones","statId":79,"yards":0}],"00-0023500":[{"sequence":4,"clubcode":"SF","playerName":"F.Gore","statId":21,"yards":6},{"sequence":5,"clubcode":"SF","playerName":"F.Gore","statId":115,"yards":0},{"sequence":6,"clubcode":"SF","playerName":"F.Gore","statId":113,"yards":5}]}},"507":{"sp":0,"qtr":1,"down":4,"time":"06:28","yrdln":"SF 26","ydstogo":4,"ydsnet":6,"posteam":"SF","desc":"(6:28) A.Lee punts 53 yards to TB 21, Center-B.Jennings. M.Spurlock pushed ob at TB 38 for 17 yards (A.Dixon).","note":"PUNT","players":{"00-0027772":[{"sequence":3,"clubcode":"SF","playerName":"A.Dixon","statId":79,"yards":0}],"00-0023968":[{"sequence":2,"clubcode":"TB","playerName":"M.Spurlock","statId":33,"yards":17}],"00-0022824":[{"sequence":1,"clubcode":"SF","playerName":"A.Lee","statId":29,"yards":53}]}}},"fds":0,"result":"Punt","penyds":0,"ydsgained":6,"numplays":4,"postime":"1:33","start":{"qtr":1,"time":"07:51","yrdln":"SF 20","team":"SF"},"end":{"qtr":1,"time":"06:18","yrdln":"SF 26","team":"SF"}},"5":{"posteam":"TB","qtr":1,"redzone":true,"plays":{"537":{"sp":0,"qtr":1,"down":1,"time":"06:18","yrdln":"TB 38","ydstogo":10,"ydsnet":5,"posteam":"TB","desc":"(6:18) L.Blount left guard to TB 43 for 5 yards (N.Clements; T.LaBoy).","note":null,"players":{"00-0027325":[{"sequence":1,"clubcode":"TB","playerName":"L.Blount","statId":10,"yards":5}],"00-0022894":[{"sequence":3,"clubcode":"SF","playerName":"T.LaBoy","statId":82,"yards":0}],"00-0020495":[{"sequence":2,"clubcode":"SF","playerName":"N.Clements","statId":82,"yards":0}]}},"558":{"sp":0,"qtr":1,"down":2,"time":"05:39","yrdln":"TB 43","ydstogo":5,"ydsnet":9,"posteam":"TB","desc":"(5:39) L.Blount left end to TB 47 for 4 yards (P.Willis).","note":null,"players":{"00-0027325":[{"sequence":1,"clubcode":"TB","playerName":"L.Blount","statId":10,"yards":4}],"00-0025398":[{"sequence":2,"clubcode":"SF","playerName":"P.Willis","statId":79,"yards":0}]}},"579":{"sp":0,"qtr":1,"down":3,"time":"04:55","yrdln":"TB 47","ydstogo":1,"ydsnet":9,"posteam":"TB","desc":"(4:55) L.Blount up the middle to TB 47 for no gain (P.Willis).","note":null,"players":{"00-0027325":[{"sequence":2,"clubcode":"TB","playerName":"L.Blount","statId":10,"yards":0}],"00-0025398":[{"sequence":3,"clubcode":"SF","playerName":"P.Willis","statId":79,"yards":0}],"0":[{"sequence":1,"clubcode":"TB","playerName":"","statId":7,"yards":0}]}},"600":{"sp":0,"qtr":1,"down":4,"time":"04:13","yrdln":"TB 47","ydstogo":1,"ydsnet":9,"posteam":"TB","desc":"(4:13) Direct snap to M.Spurlock.  M.Spurlock pass incomplete short right to E.Graham (A.Dixon).","note":null,"players":{"00-0021755":[{"sequence":3,"clubcode":"TB","playerName":"E.Graham","statId":115,"yards":0}],"00-0027772":[{"sequence":4,"clubcode":"SF","playerName":"A.Dixon","statId":85,"yards":0}],"00-0023968":[{"sequence":2,"clubcode":"TB","playerName":"M.Spurlock","statId":14,"yards":0},{"sequence":5,"clubcode":"TB","playerName":"M.Spurlock","statId":112,"yards":0}],"0":[{"sequence":1,"clubcode":"TB","playerName":"","statId":9,"yards":0}]}}},"fds":0,"result":"Downs","penyds":0,"ydsgained":9,"numplays":4,"postime":"2:07","start":{"qtr":1,"time":"06:18","yrdln":"TB 38","team":"TB"},"end":{"qtr":1,"time":"04:11","yrdln":"TB 47","team":"TB"}},"6":{"posteam":"SF","qtr":1,"redzone":true,"plays":{"625":{"sp":0,"qtr":1,"down":1,"time":"04:11","yrdln":"TB 47","ydstogo":10,"ydsnet":9,"posteam":"SF","desc":"(4:11) T.Smith sacked at SF 48 for -5 yards (sack split by G.McCoy and A.Woods).","note":null,"players":{"00-0027856":[{"sequence":2,"clubcode":"TB","playerName":"G.McCoy","statId":84,"yards":-5},{"sequence":4,"clubcode":"TB","playerName":"G.McCoy","statId":110,"yards":0},{"sequence":6,"clubcode":"TB","playerName":"G.McCoy","statId":82,"yards":0}],"00-0025561":[{"sequence":1,"clubcode":"SF","playerName":"T.Smith","statId":20,"yards":-5}],"00-0027723":[{"sequence":3,"clubcode":"TB","playerName":"A.Woods","statId":84,"yards":-5},{"sequence":5,"clubcode":"TB","playerName":"A.Woods","statId":110,"yards":0},{"sequence":7,"clubcode":"TB","playerName":"A.Woods","statId":82,"yards":0}]}},"648":{"sp":0,"qtr":1,"down":2,"time":"03:37","yrdln":"SF 48","ydstogo":15,"ydsnet":9,"posteam":"SF","desc":"(3:37) (Shotgun) T.Smith scrambles up the middle pushed ob at TB 37 for 15 yards (S.Jones).","note":null,"players":{"00-0025561":[{"sequence":2,"clubcode":"SF","playerName":"T.Smith","statId":10,"yards":15}],"0":[{"sequence":1,"clubcode":"SF","playerName":"","statId":3,"yards":0}],"00-0022844":[{"sequence":3,"clubcode":"TB","playerName":"S.Jones","statId":79,"yards":0}]}},"669":{"sp":0,"qtr":1,"down":1,"time":"03:07","yrdln":"TB 37","ydstogo":10,"ydsnet":6,"posteam":"SF","desc":"(3:07) F.Gore left tackle to TB 41 for -4 yards (R.Miller).","note":null,"players":{"00-0027055":[{"sequence":3,"clubcode":"TB","playerName":"R.Miller","statId":79,"yards":0},{"sequence":4,"clubcode":"TB","playerName":"R.Miller","statId":120,"yards":0}],"0":[{"sequence":2,"clubcode":"SF","playerName":"","statId":95,"yards":-4}],"00-0023500":[{"sequence":1,"clubcode":"SF","playerName":"F.Gore","statId":10,"yards":-4}]}},"690":{"sp":0,"qtr":1,"down":2,"time":"02:27","yrdln":"TB 41","ydstogo":14,"ydsnet":9,"posteam":"SF","desc":"(2:27) (Shotgun) F.Gore up the middle to TB 38 for 3 yards (D.Watson).","note":null,"players":{"00-0023500":[{"sequence":1,"clubcode":"SF","playerName":"F.Gore","statId":10,"yards":3}],"00-0027812":[{"sequence":2,"clubcode":"TB","playerName":"D.Watson","statId":79,"yards":0}]}},"711":{"sp":0,"qtr":1,"down":3,"time":"01:49","yrdln":"TB 38","ydstogo":11,"ydsnet":9,"posteam":"SF","desc":"(1:49) (Shotgun) T.Smith pass incomplete short middle to M.Crabtree (S.Jones).","note":null,"players":{"00-0025561":[{"sequence":2,"clubcode":"SF","playerName":"T.Smith","statId":14,"yards":0},{"sequence":5,"clubcode":"SF","playerName":"T.Smith","statId":112,"yards":13}],"0":[{"sequence":1,"clubcode":"SF","playerName":"","statId":7,"yards":0}],"00-0022844":[{"sequence":4,"clubcode":"TB","playerName":"S.Jones","statId":85,"yards":0}],"00-0026986":[{"sequence":3,"clubcode":"SF","playerName":"M.Crabtree","statId":115,"yards":0}]}},"733":{"sp":0,"qtr":1,"down":4,"time":"01:42","yrdln":"TB 38","ydstogo":11,"ydsnet":9,"posteam":"SF","desc":"(1:42) A.Lee punts 38 yards to end zone, Center-B.Jennings, Touchback.","note":"PUNT","players":{"0":[{"sequence":2,"clubcode":"TB","playerName":"","statId":40,"yards":0}],"00-0022824":[{"sequence":1,"clubcode":"SF","playerName":"A.Lee","statId":32,"yards":38}]}}},"fds":1,"result":"Punt","penyds":0,"ydsgained":9,"numplays":6,"postime":"2:38","start":{"qtr":1,"time":"04:11","yrdln":"TB 47","team":"SF"},"end":{"qtr":1,"time":"01:33","yrdln":"TB 38","team":"SF"}},"7":{"posteam":"TB","qtr":2,"redzone":true,"plays":{"751":{"sp":0,"qtr":1,"down":1,"time":"01:33","yrdln":"TB 20","ydstogo":10,"ydsnet":71,"posteam":"TB","desc":"(1:33) J.Freeman pass incomplete short right to A.Benn.","note":null,"players":{"00-0027654":[{"sequence":2,"clubcode":"TB","playerName":"A.Benn","statId":115,"yards":0}],"00-0026993":[{"sequence":1,"clubcode":"TB","playerName":"J.Freeman","statId":14,"yards":0},{"sequence":3,"clubcode":"TB","playerName":"J.Freeman","statId":112,"yards":13}]}},"773":{"sp":0,"qtr":1,"down":2,"time":"01:29","yrdln":"TB 20","ydstogo":10,"ydsnet":11,"posteam":"TB","desc":"(1:29) L.Blount up the middle to TB 31 for 11 yards (D.Goldson).","note":null,"players":{"00-0027325":[{"sequence":2,"clubcode":"TB","playerName":"L.Blount","statId":10,"yards":11}],"00-0025513":[{"sequence":3,"clubcode":"SF","playerName":"D.Goldson","statId":79,"yards":0}],"0":[{"sequence":1,"clubcode":"TB","playerName":"","statId":3,"yards":0}]}},"794":{"sp":0,"qtr":1,"down":1,"time":"00:54","yrdln":"TB 31","ydstogo":10,"ydsnet":14,"posteam":"TB","desc":"(:54) L.Blount left guard to TB 34 for 3 yards (T.Spikes; P.Willis).","note":null,"players":{"00-0015474":[{"sequence":2,"clubcode":"SF","playerName":"T.Spikes","statId":82,"yards":0}],"00-0027325":[{"sequence":1,"clubcode":"TB","playerName":"L.Blount","statId":10,"yards":3}],"00-0025398":[{"sequence":3,"clubcode":"SF","playerName":"P.Willis","statId":82,"yards":0}]}},"815":{"sp":0,"qtr":1,"down":2,"time":"00:12","yrdln":"TB 34","ydstogo":7,"ydsnet":21,"posteam":"TB","desc":"(:12) (Shotgun) Direct snap to J.Johnson.  J.Johnson left end to TB 41 for 7 yards (T.Spikes).","note":null,"players":{"00-0015474":[{"sequence":3,"clubcode":"SF","playerName":"T.Spikes","statId":79,"yards":0}],"00-0026300":[{"sequence":2,"clubcode":"TB","playerName":"J.Johnson","statId":10,"yards":7}],"0":[{"sequence":1,"clubcode":"TB","playerName":"","statId":3,"yards":0}]}},"838":{"sp":0,"qtr":1,"down":0,"time":"","yrdln":"","ydstogo":0,"ydsnet":21,"posteam":"","desc":"END QUARTER 1","note":null,"players":{}},"855":{"sp":0,"qtr":2,"down":1,"time":"15:00","yrdln":"TB 41","ydstogo":10,"ydsnet":34,"posteam":"TB","desc":"(15:00) (Shotgun) J.Freeman pass short right to M.Williams to SF 46 for 13 yards (M.Lawson). Caught at TB 47.","note":null,"players":{"00-0024237":[{"sequence":7,"clubcode":"SF","playerName":"M.Lawson","statId":79,"yards":0}],"0":[{"sequence":1,"clubcode":"TB","playerName":"","statId":4,"yards":0}],"00-0027702":[{"sequence":4,"clubcode":"TB","playerName":"M.Williams","statId":21,"yards":13},{"sequence":5,"clubcode":"TB","playerName":"M.Williams","statId":115,"yards":0},{"sequence":6,"clubcode":"TB","playerName":"M.Williams","statId":113,"yards":7}],"00-0026993":[{"sequence":2,"clubcode":"TB","playerName":"J.Freeman","statId":15,"yards":13},{"sequence":3,"clubcode":"TB","playerName":"J.Freeman","statId":111,"yards":6}]}},"882":{"sp":0,"qtr":2,"down":1,"time":"14:22","yrdln":"SF 46","ydstogo":10,"ydsnet":41,"posteam":"TB","desc":"(14:22) J.Freeman pass short left to K.Winslow to SF 39 for 7 yards (P.Willis).","note":null,"players":{"00-0025398":[{"sequence":6,"clubcode":"SF","playerName":"P.Willis","statId":79,"yards":0}],"00-0022922":[{"sequence":3,"clubcode":"TB","playerName":"K.Winslow","statId":21,"yards":7},{"sequence":4,"clubcode":"TB","playerName":"K.Winslow","statId":115,"yards":0},{"sequence":5,"clubcode":"TB","playerName":"K.Winslow","statId":113,"yards":11}],"00-0026993":[{"sequence":1,"clubcode":"TB","playerName":"J.Freeman","statId":15,"yards":7},{"sequence":2,"clubcode":"TB","playerName":"J.Freeman","statId":111,"yards":-4}]}},"910":{"sp":0,"qtr":2,"down":2,"time":"13:36","yrdln":"SF 39","ydstogo":3,"ydsnet":53,"posteam":"TB","desc":"(13:36) L.Blount right end to SF 27 for 12 yards (D.Evans).","note":null,"players":{"00-0027325":[{"sequence":2,"clubcode":"TB","playerName":"L.Blount","statId":10,"yards":12}],"00-0020055":[{"sequence":3,"clubcode":"SF","playerName":"D.Evans","statId":79,"yards":0}],"0":[{"sequence":1,"clubcode":"TB","playerName":"","statId":3,"yards":0}]}},"931":{"sp":0,"qtr":2,"down":1,"time":"12:51","yrdln":"SF 27","ydstogo":10,"ydsnet":56,"posteam":"TB","desc":"(12:51) L.Blount right guard to SF 24 for 3 yards (P.Willis).","note":null,"players":{"00-0027325":[{"sequence":1,"clubcode":"TB","playerName":"L.Blount","statId":10,"yards":3}],"00-0025398":[{"sequence":2,"clubcode":"SF","playerName":"P.Willis","statId":79,"yards":0}]}},"952":{"sp":0,"qtr":2,"down":2,"time":"12:17","yrdln":"SF 24","ydstogo":7,"ydsnet":64,"posteam":"TB","desc":"(12:17) J.Freeman scrambles right end to SF 16 for 8 yards (N.Clements).","note":null,"players":{"00-0020495":[{"sequence":3,"clubcode":"SF","playerName":"N.Clements","statId":79,"yards":0}],"0":[{"sequence":1,"clubcode":"TB","playerName":"","statId":3,"yards":0}],"00-0026993":[{"sequence":2,"clubcode":"TB","playerName":"J.Freeman","statId":10,"yards":8}]}},"973":{"sp":0,"qtr":2,"down":1,"time":"11:35","yrdln":"SF 16","ydstogo":10,"ydsnet":71,"posteam":"TB","desc":"(11:35) J.Freeman pass short left to A.Benn to SF 9 for 7 yards (S.Spencer).","note":null,"players":{"00-0022843":[{"sequence":6,"clubcode":"SF","playerName":"S.Spencer","statId":79,"yards":0}],"00-0027654":[{"sequence":3,"clubcode":"TB","playerName":"A.Benn","statId":21,"yards":7},{"sequence":4,"clubcode":"TB","playerName":"A.Benn","statId":115,"yards":0},{"sequence":5,"clubcode":"TB","playerName":"A.Benn","statId":113,"yards":7}],"00-0026993":[{"sequence":1,"clubcode":"TB","playerName":"J.Freeman","statId":15,"yards":7},{"sequence":2,"clubcode":"TB","playerName":"J.Freeman","statId":111,"yards":0}]}},"997":{"sp":0,"qtr":2,"down":0,"time":"10:48","yrdln":"","ydstogo":0,"ydsnet":71,"posteam":"","desc":"Timeout #1 by TB at 10:48.","note":"TIMEOUT","players":{"0":[{"sequence":1,"clubcode":"TB","playerName":"","statId":68,"yards":0}]}},"1015":{"sp":0,"qtr":2,"down":2,"time":"10:48","yrdln":"SF 9","ydstogo":3,"ydsnet":73,"posteam":"TB","desc":"(10:48) E.Graham left guard to SF 7 for 2 yards (T.Spikes; D.Goldson).","note":null,"players":{"00-0015474":[{"sequence":2,"clubcode":"SF","playerName":"T.Spikes","statId":82,"yards":0}],"00-0021755":[{"sequence":1,"clubcode":"TB","playerName":"E.Graham","statId":10,"yards":2}],"00-0025513":[{"sequence":3,"clubcode":"SF","playerName":"D.Goldson","statId":82,"yards":0}]}},"1036":{"sp":0,"qtr":2,"down":3,"time":"10:05","yrdln":"SF 7","ydstogo":1,"ydsnet":74,"posteam":"TB","desc":"(10:05) J.Freeman up the middle to SF 6 for 1 yard (J.Smith).","note":null,"players":{"00-0020535":[{"sequence":4,"clubcode":"SF","playerName":"J.Smith","statId":79,"yards":0}],"0":[{"sequence":1,"clubcode":"TB","playerName":"","statId":3,"yards":0},{"sequence":2,"clubcode":"TB","playerName":"","statId":6,"yards":0}],"00-0026993":[{"sequence":3,"clubcode":"TB","playerName":"J.Freeman","statId":10,"yards":1}]}},"1057":{"sp":0,"qtr":2,"down":1,"time":"09:12","yrdln":"SF 6","ydstogo":6,"ydsnet":74,"posteam":"TB","desc":"(9:12) J.Freeman pass incomplete short right to K.Winslow.","note":null,"players":{"00-0022922":[{"sequence":2,"clubcode":"TB","playerName":"K.Winslow","statId":115,"yards":0}],"00-0026993":[{"sequence":1,"clubcode":"TB","playerName":"J.Freeman","statId":14,"yards":0},{"sequence":3,"clubcode":"TB","playerName":"J.Freeman","statId":112,"yards":6}]}},"1079":{"sp":1,"qtr":2,"down":2,"time":"09:06","yrdln":"SF 6","ydstogo":6,"ydsnet":80,"posteam":"TB","desc":"(9:06) (Shotgun) C.Williams up the middle for 6 yards, TOUCHDOWN.","note":"TD","players":{"0":[{"sequence":1,"clubcode":"TB","playerName":"","statId":3,"yards":0}],"00-0023440":[{"sequence":2,"clubcode":"TB","playerName":"C.Williams","statId":11,"yards":6}]}},"1097":{"sp":1,"qtr":2,"down":0,"time":"09:02","yrdln":"SF 2","ydstogo":0,"ydsnet":80,"posteam":"TB","desc":"C.Barth extra point is GOOD, Center-A.Economos, Holder-R.Malone.","note":"XP","players":{"00-0026138":[{"sequence":1,"clubcode":"TB","playerName":"C.Barth","statId":72,"yards":0}]}}},"fds":7,"result":"Touchdown","penyds":0,"ydsgained":80,"numplays":17,"postime":"7:31","start":{"qtr":1,"time":"01:33","yrdln":"TB 20","team":"TB"},"end":{"qtr":1,"time":"09:02","yrdln":"SF 6","team":"TB"}},"8":{"posteam":"SF","qtr":2,"redzone":true,"plays":{"1113":{"sp":0,"qtr":2,"down":0,"time":"09:02","yrdln":"TB 30","ydstogo":0,"ydsnet":0,"posteam":"TB","desc":"C.Barth kicks 61 yards from TB 30 to SF 9. T.Ginn to SF 39 for 30 yards (A.Benn).","note":"KICKOFF","players":{"00-0025396":[{"sequence":2,"clubcode":"SF","playerName":"T.Ginn","statId":45,"yards":30}],"00-0026138":[{"sequence":1,"clubcode":"TB","playerName":"C.Barth","statId":41,"yards":61}],"00-0027654":[{"sequence":3,"clubcode":"TB","playerName":"A.Benn","statId":79,"yards":0}]}},"1135":{"sp":0,"qtr":2,"down":1,"time":"08:55","yrdln":"SF 39","ydstogo":10,"ydsnet":1,"posteam":"SF","desc":"(8:55) F.Gore up the middle to SF 40 for 1 yard (R.Miller).","note":null,"players":{"00-0027055":[{"sequence":2,"clubcode":"TB","playerName":"R.Miller","statId":79,"yards":0}],"00-0023500":[{"sequence":1,"clubcode":"SF","playerName":"F.Gore","statId":10,"yards":1}]}},"1156":{"sp":0,"qtr":2,"down":2,"time":"08:26","yrdln":"SF 40","ydstogo":9,"ydsnet":7,"posteam":"SF","desc":"(8:26) F.Gore up the middle to SF 46 for 6 yards (C.Grimm).","note":null,"players":{"00-0027805":[{"sequence":2,"clubcode":"TB","playerName":"C.Grimm","statId":79,"yards":0}],"00-0023500":[{"sequence":1,"clubcode":"SF","playerName":"F.Gore","statId":10,"yards":6}]}},"1177":{"sp":0,"qtr":2,"down":3,"time":"07:52","yrdln":"SF 46","ydstogo":3,"ydsnet":7,"posteam":"SF","desc":"(7:52) T.Smith pass incomplete short right to F.Gore.","note":null,"players":{"00-0025561":[{"sequence":2,"clubcode":"SF","playerName":"T.Smith","statId":14,"yards":0},{"sequence":4,"clubcode":"SF","playerName":"T.Smith","statId":112,"yards":-4}],"0":[{"sequence":1,"clubcode":"SF","playerName":"","statId":7,"yards":0}],"00-0023500":[{"sequence":3,"clubcode":"SF","playerName":"F.Gore","statId":115,"yards":0}]}},"1199":{"sp":0,"qtr":2,"down":4,"time":"07:47","yrdln":"SF 46","ydstogo":3,"ydsnet":7,"posteam":"SF","desc":"(7:47) A.Lee punts 33 yards to TB 21, Center-B.Jennings. M.Spurlock to TB 21 for no gain (C.Spillman).","note":"PUNT","players":{"00-0026758":[{"sequence":3,"clubcode":"SF","playerName":"C.Spillman","statId":79,"yards":0}],"00-0023968":[{"sequence":2,"clubcode":"TB","playerName":"M.Spurlock","statId":33,"yards":0}],"00-0022824":[{"sequence":1,"clubcode":"SF","playerName":"A.Lee","statId":29,"yards":33}]}}},"fds":0,"result":"Punt","penyds":0,"ydsgained":7,"numplays":5,"postime":"1:23","start":{"qtr":2,"time":"09:02","yrdln":"SF 39","team":"SF"},"end":{"qtr":2,"time":"07:39","yrdln":"SF 46","team":"SF"}},"9":{"posteam":"TB","qtr":2,"redzone":true,"plays":{"1225":{"sp":0,"qtr":2,"down":1,"time":"07:39","yrdln":"TB 21","ydstogo":10,"ydsnet":5,"posteam":"TB","desc":"(7:39) L.Blount right tackle to TB 26 for 5 yards (T.Spikes; N.Clements).","note":null,"players":{"00-0015474":[{"sequence":2,"clubcode":"SF","playerName":"T.Spikes","statId":82,"yards":0}],"00-0027325":[{"sequence":1,"clubcode":"TB","playerName":"L.Blount","statId":10,"yards":5}],"00-0020495":[{"sequence":3,"clubcode":"SF","playerName":"N.Clements","statId":82,"yards":0}]}},"1246":{"sp":0,"qtr":2,"down":2,"time":"07:39","yrdln":"TB 26","ydstogo":5,"ydsnet":17,"posteam":"TB","desc":"(7:39) J.Johnson at QB. (Shotgun) J.Johnson pass short left to A.Benn to TB 33 for 7 yards (N.Clements). Caught at TB 24.","note":null,"players":{"00-0027654":[{"sequence":4,"clubcode":"TB","playerName":"A.Benn","statId":21,"yards":7},{"sequence":5,"clubcode":"TB","playerName":"A.Benn","statId":115,"yards":0},{"sequence":6,"clubcode":"TB","playerName":"A.Benn","statId":113,"yards":9}],"00-0020495":[{"sequence":7,"clubcode":"SF","playerName":"N.Clements","statId":79,"yards":0}],"00-0026300":[{"sequence":2,"clubcode":"TB","playerName":"J.Johnson","statId":15,"yards":7},{"sequence":3,"clubcode":"TB","playerName":"J.Johnson","statId":111,"yards":-2}],"0":[{"sequence":1,"clubcode":"TB","playerName":"","statId":4,"yards":0}]}},"1274":{"sp":0,"qtr":2,"down":1,"time":"06:25","yrdln":"TB 33","ydstogo":10,"ydsnet":17,"posteam":"TB","desc":"(6:25) L.Blount left tackle to TB 37 for 4 yards (A.Franklin). J.Freeman at QB.","note":null,"players":{"00-0027325":[{"sequence":1,"clubcode":"TB","playerName":"L.Blount","statId":10,"yards":4}],"00-0022147":[{"sequence":2,"clubcode":"SF","playerName":"A.Franklin","statId":79,"yards":0}]}},"1299":{"sp":0,"qtr":2,"down":2,"time":"05:45","yrdln":"TB 37","ydstogo":6,"ydsnet":17,"posteam":"TB","desc":"(5:45) L.Blount up the middle to TB 38 for 1 yard (A.Franklin).","note":null,"players":{"00-0027325":[{"sequence":1,"clubcode":"TB","playerName":"L.Blount","statId":10,"yards":1}],"00-0022147":[{"sequence":2,"clubcode":"SF","playerName":"A.Franklin","statId":79,"yards":0}]}},"1320":{"sp":0,"qtr":2,"down":0,"time":"04:59","yrdln":"","ydstogo":0,"ydsnet":17,"posteam":"","desc":"Timeout #2 by TB at 04:59.","note":"TIMEOUT","players":{"0":[{"sequence":1,"clubcode":"TB","playerName":"","statId":68,"yards":0}]}},"1337":{"sp":0,"qtr":2,"down":3,"time":"04:59","yrdln":"TB 38","ydstogo":5,"ydsnet":17,"posteam":"TB","desc":"(4:59) (Shotgun) J.Freeman pass incomplete short middle to S.Stroughter [R.Smith].","note":null,"players":{"00-0026215":[{"sequence":4,"clubcode":"SF","playerName":"R.Smith","statId":110,"yards":0}],"00-0026953":[{"sequence":3,"clubcode":"TB","playerName":"S.Stroughter","statId":115,"yards":0}],"0":[{"sequence":1,"clubcode":"TB","playerName":"","statId":7,"yards":0}],"00-0026993":[{"sequence":2,"clubcode":"TB","playerName":"J.Freeman","statId":14,"yards":0},{"sequence":5,"clubcode":"TB","playerName":"J.Freeman","statId":112,"yards":12}]}},"1363":{"sp":0,"qtr":2,"down":4,"time":"04:54","yrdln":"TB 38","ydstogo":5,"ydsnet":17,"posteam":"TB","desc":"(4:54) R.Malone punts 31 yards to SF 31, Center-A.Economos, fair catch by R.Smith.","note":"PUNT","players":{"00-0026215":[{"sequence":2,"clubcode":"SF","playerName":"R.Smith","statId":39,"yards":0}],"00-0027509":[{"sequence":1,"clubcode":"TB","playerName":"R.Malone","statId":29,"yards":31}]}}},"fds":1,"result":"Punt","penyds":0,"ydsgained":17,"numplays":7,"postime":"2:52","start":{"qtr":2,"time":"07:39","yrdln":"TB 21","team":"TB"},"end":{"qtr":2,"time":"04:47","yrdln":"TB 38","team":"TB"}},"10":{"posteam":"SF","qtr":2,"redzone":true,"plays":{"1383":{"sp":0,"qtr":2,"down":1,"time":"04:47","yrdln":"SF 31","ydstogo":10,"ydsnet":0,"posteam":"SF","desc":"(4:47) T.Smith pass incomplete short right to F.Gore [S.White].","note":null,"players":{"00-0025561":[{"sequence":1,"clubcode":"SF","playerName":"T.Smith","statId":14,"yards":0},{"sequence":4,"clubcode":"SF","playerName":"T.Smith","statId":112,"yards":2}],"00-0021332":[{"sequence":3,"clubcode":"TB","playerName":"S.White","statId":110,"yards":0}],"00-0023500":[{"sequence":2,"clubcode":"SF","playerName":"F.Gore","statId":115,"yards":0}]}},"1405":{"sp":0,"qtr":2,"down":2,"time":"04:41","yrdln":"SF 31","ydstogo":10,"ydsnet":5,"posteam":"SF","desc":"(4:41) F.Gore up the middle to SF 36 for 5 yards (C.Grimm).","note":null,"players":{"00-0027805":[{"sequence":2,"clubcode":"TB","playerName":"C.Grimm","statId":79,"yards":0}],"00-0023500":[{"sequence":1,"clubcode":"SF","playerName":"F.Gore","statId":10,"yards":5}]}},"1426":{"sp":0,"qtr":2,"down":3,"time":"03:58","yrdln":"SF 36","ydstogo":5,"ydsnet":20,"posteam":"SF","desc":"(3:58) (Shotgun) T.Smith pass short left to M.Crabtree to TB 49 for 15 yards (E.Biggers). Caught at 50.","note":null,"players":{"00-0025561":[{"sequence":3,"clubcode":"SF","playerName":"T.Smith","statId":15,"yards":15},{"sequence":4,"clubcode":"SF","playerName":"T.Smith","statId":111,"yards":14}],"0":[{"sequence":1,"clubcode":"SF","playerName":"","statId":4,"yards":0},{"sequence":2,"clubcode":"SF","playerName":"","statId":6,"yards":0}],"00-0026945":[{"sequence":8,"clubcode":"TB","playerName":"E.Biggers","statId":79,"yards":0}],"00-0026986":[{"sequence":5,"clubcode":"SF","playerName":"M.Crabtree","statId":21,"yards":15},{"sequence":6,"clubcode":"SF","playerName":"M.Crabtree","statId":115,"yards":0},{"sequence":7,"clubcode":"SF","playerName":"M.Crabtree","statId":113,"yards":1}]}},"1450":{"sp":0,"qtr":2,"down":1,"time":"03:10","yrdln":"TB 49","ydstogo":10,"ydsnet":23,"posteam":"SF","desc":"(3:10) Del.Walker left end to TB 46 for 3 yards (A.Magee).","note":null,"players":{"00-0027042":[{"sequence":2,"clubcode":"TB","playerName":"A.Magee","statId":79,"yards":0}],"00-0024389":[{"sequence":1,"clubcode":"SF","playerName":"Del.Walker","statId":10,"yards":3}]}},"1475":{"sp":0,"qtr":2,"down":2,"time":"02:26","yrdln":"TB 46","ydstogo":7,"ydsnet":26,"posteam":"SF","desc":"(2:26) T.Smith pass short left to V.Davis to TB 43 for 3 yards (C.Grimm; G.Hayes). Caught at TB 45.","note":null,"players":{"00-0025561":[{"sequence":1,"clubcode":"SF","playerName":"T.Smith","statId":15,"yards":3},{"sequence":2,"clubcode":"SF","playerName":"T.Smith","statId":111,"yards":1}],"00-0027805":[{"sequence":6,"clubcode":"TB","playerName":"C.Grimm","statId":82,"yards":0}],"00-0024221":[{"sequence":3,"clubcode":"SF","playerName":"V.Davis","statId":21,"yards":3},{"sequence":4,"clubcode":"SF","playerName":"V.Davis","statId":115,"yards":0},{"sequence":5,"clubcode":"SF","playerName":"V.Davis","statId":113,"yards":2}],"00-0026315":[{"sequence":7,"clubcode":"TB","playerName":"G.Hayes","statId":82,"yards":0}]}},"1499":{"sp":0,"qtr":2,"down":0,"time":"02:00","yrdln":"","ydstogo":0,"ydsnet":26,"posteam":"","desc":"Two-Minute Warning","note":null,"players":{}},"1520":{"sp":0,"qtr":2,"down":3,"time":"02:00","yrdln":"TB 43","ydstogo":4,"ydsnet":25,"posteam":"SF","desc":"(2:00) (Shotgun) F.Gore up the middle to TB 44 for -1 yards (G.Hayes).","note":null,"players":{"0":[{"sequence":1,"clubcode":"SF","playerName":"","statId":7,"yards":0},{"sequence":3,"clubcode":"SF","playerName":"","statId":95,"yards":-1}],"00-0023500":[{"sequence":2,"clubcode":"SF","playerName":"F.Gore","statId":10,"yards":-1}],"00-0026315":[{"sequence":4,"clubcode":"TB","playerName":"G.Hayes","statId":79,"yards":0},{"sequence":5,"clubcode":"TB","playerName":"G.Hayes","statId":120,"yards":0}]}},"1541":{"sp":0,"qtr":2,"down":4,"time":"01:30","yrdln":"TB 44","ydstogo":5,"ydsnet":25,"posteam":"SF","desc":"(1:30) A.Lee punts 34 yards to TB 10, Center-B.Jennings, fair catch by M.Spurlock.","note":"PUNT","players":{"00-0023968":[{"sequence":3,"clubcode":"TB","playerName":"M.Spurlock","statId":39,"yards":0}],"00-0022824":[{"sequence":1,"clubcode":"SF","playerName":"A.Lee","statId":29,"yards":34},{"sequence":2,"clubcode":"SF","playerName":"A.Lee","statId":30,"yards":0}]}}},"fds":1,"result":"Punt","penyds":0,"ydsgained":25,"numplays":8,"postime":"3:24","start":{"qtr":2,"time":"04:47","yrdln":"SF 31","team":"SF"},"end":{"qtr":2,"time":"01:23","yrdln":"TB 44","team":"SF"}},"11":{"posteam":"TB","qtr":2,"redzone":true,"plays":{"1561":{"sp":0,"qtr":2,"down":1,"time":"01:23","yrdln":"TB 10","ydstogo":10,"ydsnet":7,"posteam":"TB","desc":"(1:23) (Shotgun) C.Williams right tackle to TB 17 for 7 yards (T.Brown).","note":null,"players":{"00-0023440":[{"sequence":1,"clubcode":"TB","playerName":"C.Williams","statId":10,"yards":7}],"00-0025534":[{"sequence":2,"clubcode":"SF","playerName":"T.Brown","statId":79,"yards":0}]}},"1582":{"sp":0,"qtr":2,"down":2,"time":"01:10","yrdln":"TB 17","ydstogo":3,"ydsnet":12,"posteam":"TB","desc":"(1:10) (Shotgun) C.Williams right tackle to TB 22 for 5 yards (P.Willis).","note":null,"players":{"00-0025398":[{"sequence":3,"clubcode":"SF","playerName":"P.Willis","statId":79,"yards":0}],"0":[{"sequence":1,"clubcode":"TB","playerName":"","statId":3,"yards":0}],"00-0023440":[{"sequence":2,"clubcode":"TB","playerName":"C.Williams","statId":10,"yards":5}]}},"1603":{"sp":0,"qtr":2,"down":1,"time":"00:24","yrdln":"TB 22","ydstogo":10,"ydsnet":14,"posteam":"TB","desc":"(:24) (Shotgun) C.Williams up the middle to TB 24 for 2 yards (T.Spikes).","note":null,"players":{"00-0015474":[{"sequence":2,"clubcode":"SF","playerName":"T.Spikes","statId":79,"yards":0}],"00-0023440":[{"sequence":1,"clubcode":"TB","playerName":"C.Williams","statId":10,"yards":2}]}},"1624":{"sp":0,"qtr":2,"down":0,"time":"","yrdln":"","ydstogo":0,"ydsnet":14,"posteam":"","desc":"END QUARTER 2","note":null,"players":{}}},"fds":1,"result":"End of Half","penyds":0,"ydsgained":14,"numplays":4,"postime":"1:23","start":{"qtr":2,"time":"01:23","yrdln":"TB 10","team":"TB"},"end":{"qtr":2,"time":"00:00","yrdln":"TB 22","team":"TB"}},"12":{"posteam":"SF","qtr":3,"redzone":true,"plays":{"1640":{"sp":0,"qtr":3,"down":0,"time":"15:00","yrdln":"TB 30","ydstogo":0,"ydsnet":0,"posteam":"TB","desc":"C.Barth kicks 50 yards from TB 30 to SF 20. T.Wragge to SF 32 for 12 yards (C.Lynch).","note":"KICKOFF","players":{"00-0026317":[{"sequence":3,"clubcode":"TB","playerName":"C.Lynch","statId":79,"yards":0}],"00-0026138":[{"sequence":1,"clubcode":"TB","playerName":"C.Barth","statId":41,"yards":50}],"00-0021064":[{"sequence":2,"clubcode":"SF","playerName":"T.Wragge","statId":45,"yards":12}]}},"1668":{"sp":0,"qtr":3,"down":1,"time":"14:55","yrdln":"SF 32","ydstogo":10,"ydsnet":10,"posteam":"SF","desc":"(14:55) (Shotgun) T.Smith pass short middle to J.Morgan to SF 49 for 17 yards (R.Barber). SF-J.Morgan was injured during the play. His return is Probable.  Caught at SF 37.","note":null,"players":{"00-0025561":[{"sequence":2,"clubcode":"SF","playerName":"T.Smith","statId":15,"yards":17},{"sequence":3,"clubcode":"SF","playerName":"T.Smith","statId":111,"yards":5}],"00-0026314":[{"sequence":4,"clubcode":"SF","playerName":"J.Morgan","statId":21,"yards":17},{"sequence":5,"clubcode":"SF","playerName":"J.Morgan","statId":115,"yards":0},{"sequence":6,"clubcode":"SF","playerName":"J.Morgan","statId":113,"yards":12}],"0":[{"sequence":1,"clubcode":"SF","playerName":"","statId":4,"yards":0}],"00-0000741":[{"sequence":7,"clubcode":"TB","playerName":"R.Barber","statId":79,"yards":0}]}},"1695":{"sp":0,"qtr":3,"down":1,"time":"14:39","yrdln":"SF 49","ydstogo":10,"ydsnet":20,"posteam":"SF","desc":"(14:39) F.Gore up the middle to TB 48 for 3 yards (R.Miller).","note":null,"players":{"00-0027055":[{"sequence":2,"clubcode":"TB","playerName":"R.Miller","statId":79,"yards":0}],"00-0023500":[{"sequence":1,"clubcode":"SF","playerName":"F.Gore","statId":10,"yards":3}]}},"1720":{"sp":0,"qtr":3,"down":2,"time":"14:02","yrdln":"TB 48","ydstogo":7,"ydsnet":10,"posteam":"SF","desc":"(14:02) B.Westbrook right end pushed ob at TB 43 for 5 yards (G.McCoy). PENALTY on SF-D.Baas, Offensive Holding, 10 yards, enforced at TB 48 - No Play.","note":"PENALTY","players":{"00-0023468":[{"sequence":1,"clubcode":"SF","playerName":"D.Baas","statId":93,"yards":10}]}},"1757":{"sp":0,"qtr":3,"down":2,"time":"13:35","yrdln":"SF 42","ydstogo":17,"ydsnet":24,"posteam":"SF","desc":"(13:35) (Shotgun) T.Smith pass short left to Del.Walker to TB 44 for 14 yards (E.Biggers; S.Jones). Caught at TB 47.","note":null,"players":{"00-0025561":[{"sequence":1,"clubcode":"SF","playerName":"T.Smith","statId":15,"yards":14},{"sequence":2,"clubcode":"SF","playerName":"T.Smith","statId":111,"yards":11}],"00-0026945":[{"sequence":6,"clubcode":"TB","playerName":"E.Biggers","statId":82,"yards":0}],"00-0022844":[{"sequence":7,"clubcode":"TB","playerName":"S.Jones","statId":82,"yards":0}],"00-0024389":[{"sequence":3,"clubcode":"SF","playerName":"Del.Walker","statId":21,"yards":14},{"sequence":4,"clubcode":"SF","playerName":"Del.Walker","statId":115,"yards":0},{"sequence":5,"clubcode":"SF","playerName":"Del.Walker","statId":113,"yards":3}]}},"1782":{"sp":0,"qtr":3,"down":3,"time":"12:53","yrdln":"TB 44","ydstogo":3,"ydsnet":29,"posteam":"SF","desc":"(12:53) (Shotgun) T.Smith pass incomplete short left to M.Crabtree. PENALTY on TB-S.White, Defensive Offside, 5 yards, enforced at TB 44 - No Play.","note":"PENALTY","players":{"00-0021332":[{"sequence":2,"clubcode":"TB","playerName":"S.White","statId":93,"yards":5}],"0":[{"sequence":1,"clubcode":"SF","playerName":"","statId":5,"yards":0}]}},"1819":{"sp":0,"qtr":3,"down":1,"time":"12:49","yrdln":"TB 39","ydstogo":10,"ydsnet":29,"posteam":"SF","desc":"(12:49) T.Smith pass incomplete short right to M.Norris (D.Watson).","note":null,"players":{"00-0025561":[{"sequence":1,"clubcode":"SF","playerName":"T.Smith","statId":14,"yards":0},{"sequence":4,"clubcode":"SF","playerName":"T.Smith","statId":112,"yards":-1}],"00-0020508":[{"sequence":2,"clubcode":"SF","playerName":"M.Norris","statId":115,"yards":0}],"00-0027812":[{"sequence":3,"clubcode":"TB","playerName":"D.Watson","statId":85,"yards":0}]}},"1842":{"sp":0,"qtr":3,"down":2,"time":"12:42","yrdln":"TB 39","ydstogo":10,"ydsnet":35,"posteam":"SF","desc":"(12:42) (Shotgun) T.Smith pass short left to Del.Walker to TB 33 for 6 yards (D.Watson). Caught at TB 42.","note":null,"players":{"00-0025561":[{"sequence":1,"clubcode":"SF","playerName":"T.Smith","statId":15,"yards":6},{"sequence":2,"clubcode":"SF","playerName":"T.Smith","statId":111,"yards":-3}],"00-0027812":[{"sequence":6,"clubcode":"TB","playerName":"D.Watson","statId":79,"yards":0}],"00-0024389":[{"sequence":3,"clubcode":"SF","playerName":"Del.Walker","statId":21,"yards":6},{"sequence":4,"clubcode":"SF","playerName":"Del.Walker","statId":115,"yards":0},{"sequence":5,"clubcode":"SF","playerName":"Del.Walker","statId":113,"yards":9}]}},"1866":{"sp":0,"qtr":3,"down":3,"time":"12:04","yrdln":"TB 33","ydstogo":4,"ydsnet":35,"posteam":"SF","desc":"(12:04) (Shotgun) T.Smith pass incomplete short right to T.Ginn.","note":null,"players":{"00-0025396":[{"sequence":3,"clubcode":"SF","playerName":"T.Ginn","statId":115,"yards":0}],"00-0025561":[{"sequence":2,"clubcode":"SF","playerName":"T.Smith","statId":14,"yards":0},{"sequence":4,"clubcode":"SF","playerName":"T.Smith","statId":112,"yards":3}],"0":[{"sequence":1,"clubcode":"SF","playerName":"","statId":7,"yards":0}]}},"1892":{"sp":0,"qtr":3,"down":4,"time":"11:58","yrdln":"TB 33","ydstogo":4,"ydsnet":35,"posteam":"SF","desc":"(11:58) A.Lee punts 27 yards to TB 6, Center-B.Jennings, downed by SF-C.Spillman.","note":"PUNT","players":{"0":[{"sequence":3,"clubcode":"TB","playerName":"","statId":38,"yards":0}],"00-0022824":[{"sequence":1,"clubcode":"SF","playerName":"A.Lee","statId":29,"yards":27},{"sequence":2,"clubcode":"SF","playerName":"A.Lee","statId":30,"yards":0}]}}},"fds":2,"result":"Punt","penyds":-5,"ydsgained":40,"numplays":10,"postime":"3:12","start":{"qtr":3,"time":"15:00","yrdln":"SF 32","team":"SF"},"end":{"qtr":3,"time":"11:48","yrdln":"TB 33","team":"SF"}},"13":{"posteam":"TB","qtr":3,"redzone":true,"plays":{"1912":{"sp":0,"qtr":3,"down":1,"time":"11:48","yrdln":"TB 6","ydstogo":10,"ydsnet":11,"posteam":"TB","desc":"(11:48) J.Freeman pass short right to K.Winslow pushed ob at TB 17 for 11 yards (M.Lawson). Caught at TB 13.","note":null,"players":{"00-0024237":[{"sequence":7,"clubcode":"SF","playerName":"M.Lawson","statId":79,"yards":0}],"00-0022922":[{"sequence":4,"clubcode":"TB","playerName":"K.Winslow","statId":21,"yards":11},{"sequence":5,"clubcode":"TB","playerName":"K.Winslow","statId":115,"yards":0},{"sequence":6,"clubcode":"TB","playerName":"K.Winslow","statId":113,"yards":4}],"0":[{"sequence":1,"clubcode":"TB","playerName":"","statId":4,"yards":0}],"00-0026993":[{"sequence":2,"clubcode":"TB","playerName":"J.Freeman","statId":15,"yards":11},{"sequence":3,"clubcode":"TB","playerName":"J.Freeman","statId":111,"yards":7}]}},"1936":{"sp":0,"qtr":3,"down":1,"time":"11:26","yrdln":"TB 17","ydstogo":10,"ydsnet":14,"posteam":"TB","desc":"(11:26) L.Blount up the middle to TB 20 for 3 yards (I.Sopoaga).","note":null,"players":{"00-0027325":[{"sequence":1,"clubcode":"TB","playerName":"L.Blount","statId":10,"yards":3}],"00-0022863":[{"sequence":2,"clubcode":"SF","playerName":"I.Sopoaga","statId":79,"yards":0}]}},"1961":{"sp":0,"qtr":3,"down":2,"time":"10:43","yrdln":"TB 20","ydstogo":7,"ydsnet":14,"posteam":"TB","desc":"(10:43) J.Freeman pass incomplete short left to K.Winslow (R.Smith).","note":null,"players":{"00-0026215":[{"sequence":3,"clubcode":"SF","playerName":"R.Smith","statId":85,"yards":0}],"00-0022922":[{"sequence":2,"clubcode":"TB","playerName":"K.Winslow","statId":115,"yards":0}],"00-0026993":[{"sequence":1,"clubcode":"TB","playerName":"J.Freeman","statId":14,"yards":0},{"sequence":4,"clubcode":"TB","playerName":"J.Freeman","statId":112,"yards":13}]}},"1983":{"sp":0,"qtr":3,"down":0,"time":"10:33","yrdln":"","ydstogo":0,"ydsnet":14,"posteam":"","desc":"Timeout #1 by TB at 10:33.","note":"TIMEOUT","players":{"0":[{"sequence":1,"clubcode":"TB","playerName":"","statId":68,"yards":0}]}},"2000":{"sp":0,"qtr":3,"down":3,"time":"10:33","yrdln":"TB 20","ydstogo":7,"ydsnet":24,"posteam":"TB","desc":"(10:33) (Shotgun) J.Freeman pass short left to K.Winslow to TB 30 for 10 yards (D.Goldson). Caught at TB 29.","note":null,"players":{"00-0025513":[{"sequence":8,"clubcode":"SF","playerName":"D.Goldson","statId":79,"yards":0}],"00-0022922":[{"sequence":5,"clubcode":"TB","playerName":"K.Winslow","statId":21,"yards":10},{"sequence":6,"clubcode":"TB","playerName":"K.Winslow","statId":115,"yards":0},{"sequence":7,"clubcode":"TB","playerName":"K.Winslow","statId":113,"yards":1}],"0":[{"sequence":1,"clubcode":"TB","playerName":"","statId":4,"yards":0},{"sequence":2,"clubcode":"TB","playerName":"","statId":6,"yards":0}],"00-0026993":[{"sequence":3,"clubcode":"TB","playerName":"J.Freeman","statId":15,"yards":10},{"sequence":4,"clubcode":"TB","playerName":"J.Freeman","statId":111,"yards":9}]}},"2024":{"sp":0,"qtr":3,"down":1,"time":"09:59","yrdln":"TB 30","ydstogo":10,"ydsnet":28,"posteam":"TB","desc":"(9:59) L.Blount up the middle to TB 34 for 4 yards (I.Sopoaga).","note":null,"players":{"00-0027325":[{"sequence":1,"clubcode":"TB","playerName":"L.Blount","statId":10,"yards":4}],"00-0022863":[{"sequence":2,"clubcode":"SF","playerName":"I.Sopoaga","statId":79,"yards":0}]}},"2049":{"sp":0,"qtr":3,"down":2,"time":"09:17","yrdln":"TB 34","ydstogo":6,"ydsnet":30,"posteam":"TB","desc":"(9:17) J.Freeman scrambles right end pushed ob at TB 36 for 2 yards (P.Haralson).","note":null,"players":{"00-0024354":[{"sequence":2,"clubcode":"SF","playerName":"P.Haralson","statId":79,"yards":0}],"00-0026993":[{"sequence":1,"clubcode":"TB","playerName":"J.Freeman","statId":10,"yards":2}]}},"2070":{"sp":0,"qtr":3,"down":3,"time":"08:51","yrdln":"TB 36","ydstogo":4,"ydsnet":37,"posteam":"TB","desc":"(8:51) (Shotgun) J.Freeman pass short left to S.Stroughter to TB 43 for 7 yards (D.Goldson). Caught at TB 34.","note":null,"players":{"00-0025513":[{"sequence":8,"clubcode":"SF","playerName":"D.Goldson","statId":79,"yards":0}],"00-0026953":[{"sequence":5,"clubcode":"TB","playerName":"S.Stroughter","statId":21,"yards":7},{"sequence":6,"clubcode":"TB","playerName":"S.Stroughter","statId":115,"yards":0},{"sequence":7,"clubcode":"TB","playerName":"S.Stroughter","statId":113,"yards":9}],"0":[{"sequence":1,"clubcode":"TB","playerName":"","statId":4,"yards":0},{"sequence":2,"clubcode":"TB","playerName":"","statId":6,"yards":0}],"00-0026993":[{"sequence":3,"clubcode":"TB","playerName":"J.Freeman","statId":15,"yards":7},{"sequence":4,"clubcode":"TB","playerName":"J.Freeman","statId":111,"yards":-2}]}},"2094":{"sp":0,"qtr":3,"down":1,"time":"08:13","yrdln":"TB 43","ydstogo":10,"ydsnet":42,"posteam":"TB","desc":"(8:13) L.Blount left guard to TB 48 for 5 yards (P.Willis).","note":null,"players":{"00-0027325":[{"sequence":1,"clubcode":"TB","playerName":"L.Blount","statId":10,"yards":5}],"00-0025398":[{"sequence":2,"clubcode":"SF","playerName":"P.Willis","statId":79,"yards":0}]}},"2119":{"sp":0,"qtr":3,"down":2,"time":"07:29","yrdln":"TB 48","ydstogo":5,"ydsnet":64,"posteam":"TB","desc":"(7:29) (Shotgun) J.Freeman pass short right to M.Stovall pushed ob at SF 30 for 22 yards (R.Smith). Caught at SF 49.","note":null,"players":{"00-0026215":[{"sequence":7,"clubcode":"SF","playerName":"R.Smith","statId":79,"yards":0}],"00-0024305":[{"sequence":4,"clubcode":"TB","playerName":"M.Stovall","statId":21,"yards":22},{"sequence":5,"clubcode":"TB","playerName":"M.Stovall","statId":115,"yards":0},{"sequence":6,"clubcode":"TB","playerName":"M.Stovall","statId":113,"yards":19}],"0":[{"sequence":1,"clubcode":"TB","playerName":"","statId":4,"yards":0}],"00-0026993":[{"sequence":2,"clubcode":"TB","playerName":"J.Freeman","statId":15,"yards":22},{"sequence":3,"clubcode":"TB","playerName":"J.Freeman","statId":111,"yards":3}]}},"2143":{"sp":0,"qtr":3,"down":1,"time":"06:57","yrdln":"SF 30","ydstogo":10,"ydsnet":65,"posteam":"TB","desc":"(6:57) L.Blount up the middle to SF 29 for 1 yard (T.Spikes).","note":null,"players":{"00-0015474":[{"sequence":2,"clubcode":"SF","playerName":"T.Spikes","statId":79,"yards":0}],"00-0027325":[{"sequence":1,"clubcode":"TB","playerName":"L.Blount","statId":10,"yards":1}]}},"2168":{"sp":0,"qtr":3,"down":2,"time":"06:10","yrdln":"SF 29","ydstogo":9,"ydsnet":65,"posteam":"TB","desc":"(6:10) J.Freeman pass incomplete short left to M.Stovall (S.Spencer).","note":null,"players":{"00-0022843":[{"sequence":3,"clubcode":"SF","playerName":"S.Spencer","statId":85,"yards":0}],"00-0024305":[{"sequence":2,"clubcode":"TB","playerName":"M.Stovall","statId":115,"yards":0}],"00-0026993":[{"sequence":1,"clubcode":"TB","playerName":"J.Freeman","statId":14,"yards":0},{"sequence":4,"clubcode":"TB","playerName":"J.Freeman","statId":112,"yards":10}]}},"2190":{"sp":0,"qtr":3,"down":3,"time":"06:02","yrdln":"SF 29","ydstogo":9,"ydsnet":71,"posteam":"TB","desc":"(6:02) (Shotgun) J.Freeman pass short left to K.Winslow to SF 23 for 6 yards (D.Goldson). Caught at SF 24.","note":null,"players":{"00-0025513":[{"sequence":7,"clubcode":"SF","playerName":"D.Goldson","statId":79,"yards":0}],"00-0022922":[{"sequence":4,"clubcode":"TB","playerName":"K.Winslow","statId":21,"yards":6},{"sequence":5,"clubcode":"TB","playerName":"K.Winslow","statId":115,"yards":0},{"sequence":6,"clubcode":"TB","playerName":"K.Winslow","statId":113,"yards":1}],"0":[{"sequence":1,"clubcode":"TB","playerName":"","statId":7,"yards":0}],"00-0026993":[{"sequence":2,"clubcode":"TB","playerName":"J.Freeman","statId":15,"yards":6},{"sequence":3,"clubcode":"TB","playerName":"J.Freeman","statId":111,"yards":5}]}},"2214":{"sp":0,"qtr":3,"down":4,"time":"05:16","yrdln":"SF 23","ydstogo":3,"ydsnet":71,"posteam":"TB","desc":"(5:16) C.Barth 41 yard field goal is No Good, Wide Left, Center-A.Economos, Holder-R.Malone.","note":"FGM","players":{"00-0026138":[{"sequence":1,"clubcode":"TB","playerName":"C.Barth","statId":69,"yards":41}]}}},"fds":4,"result":"Missed FG","penyds":0,"ydsgained":71,"numplays":14,"postime":"6:37","start":{"qtr":3,"time":"11:48","yrdln":"TB 6","team":"TB"},"end":{"qtr":3,"time":"05:11","yrdln":"SF 23","team":"TB"}},"14":{"posteam":"SF","qtr":3,"redzone":true,"plays":{"2239":{"sp":0,"qtr":3,"down":1,"time":"05:11","yrdln":"SF 31","ydstogo":10,"ydsnet":2,"posteam":"SF","desc":"(5:11) F.Gore right guard to SF 33 for 2 yards (T.Crowder; C.Grimm).","note":null,"players":{"00-0025443":[{"sequence":2,"clubcode":"TB","playerName":"T.Crowder","statId":82,"yards":0}],"00-0027805":[{"sequence":3,"clubcode":"TB","playerName":"C.Grimm","statId":82,"yards":0}],"00-0023500":[{"sequence":1,"clubcode":"SF","playerName":"F.Gore","statId":10,"yards":2}]}},"2260":{"sp":0,"qtr":3,"down":2,"time":"04:34","yrdln":"SF 33","ydstogo":8,"ydsnet":-1,"posteam":"SF","desc":"(4:34) T.Smith sacked at SF 30 for -3 yards (A.Hayward).","note":null,"players":{"00-0025569":[{"sequence":2,"clubcode":"TB","playerName":"A.Hayward","statId":83,"yards":-3},{"sequence":3,"clubcode":"TB","playerName":"A.Hayward","statId":110,"yards":0},{"sequence":4,"clubcode":"TB","playerName":"A.Hayward","statId":79,"yards":0},{"sequence":5,"clubcode":"TB","playerName":"A.Hayward","statId":120,"yards":0}],"00-0025561":[{"sequence":1,"clubcode":"SF","playerName":"T.Smith","statId":20,"yards":-3}]}},"2279":{"sp":0,"qtr":3,"down":3,"time":"04:08","yrdln":"SF 30","ydstogo":11,"ydsnet":8,"posteam":"SF","desc":"(4:08) (Shotgun) T.Smith pass short right to J.Morgan to SF 39 for 9 yards (E.Biggers). Penalty on SF, Illegal Shift, declined.","note":null,"players":{"00-0025561":[{"sequence":2,"clubcode":"SF","playerName":"T.Smith","statId":15,"yards":9},{"sequence":3,"clubcode":"SF","playerName":"T.Smith","statId":111,"yards":9}],"00-0026314":[{"sequence":4,"clubcode":"SF","playerName":"J.Morgan","statId":21,"yards":9},{"sequence":5,"clubcode":"SF","playerName":"J.Morgan","statId":115,"yards":0},{"sequence":6,"clubcode":"SF","playerName":"J.Morgan","statId":113,"yards":0}],"0":[{"sequence":1,"clubcode":"SF","playerName":"","statId":7,"yards":0}],"00-0026945":[{"sequence":7,"clubcode":"TB","playerName":"E.Biggers","statId":79,"yards":0}]}},"2314":{"sp":0,"qtr":3,"down":4,"time":"04:00","yrdln":"SF 39","ydstogo":2,"ydsnet":3,"posteam":"SF","desc":"(4:00) A.Lee punts 54 yards to TB 7, Center-B.Jennings, downed by SF-T.Brown. PENALTY on SF-T.Brown, Illegal Touch Kick, 5 yards, enforced at SF 39 - No Play.","note":"PENALTY","players":{"00-0025534":[{"sequence":1,"clubcode":"SF","playerName":"T.Brown","statId":93,"yards":5}]}},"2344":{"sp":0,"qtr":3,"down":4,"time":"03:49","yrdln":"SF 34","ydstogo":7,"ydsnet":3,"posteam":"SF","desc":"(3:49) A.Lee punts 42 yards to TB 24, Center-B.Jennings. M.Spurlock pushed ob at TB 34 for 10 yards (M.Lawson).","note":"PUNT","players":{"00-0024237":[{"sequence":3,"clubcode":"SF","playerName":"M.Lawson","statId":79,"yards":0}],"00-0023968":[{"sequence":2,"clubcode":"TB","playerName":"M.Spurlock","statId":33,"yards":10}],"00-0022824":[{"sequence":1,"clubcode":"SF","playerName":"A.Lee","statId":29,"yards":42}]}}},"fds":0,"result":"Punt","penyds":-5,"ydsgained":8,"numplays":5,"postime":"1:35","start":{"qtr":3,"time":"05:11","yrdln":"SF 31","team":"SF"},"end":{"qtr":3,"time":"03:36","yrdln":"SF 34","team":"SF"}},"15":{"posteam":"TB","qtr":3,"redzone":true,"plays":{"2370":{"sp":0,"qtr":3,"down":1,"time":"03:36","yrdln":"TB 34","ydstogo":10,"ydsnet":33,"posteam":"TB","desc":"(3:36) J.Freeman pass short middle to M.Williams to SF 33 for 33 yards (D.Goldson).","note":null,"players":{"00-0025513":[{"sequence":7,"clubcode":"SF","playerName":"D.Goldson","statId":79,"yards":0}],"0":[{"sequence":1,"clubcode":"TB","playerName":"","statId":4,"yards":0}],"00-0027702":[{"sequence":4,"clubcode":"TB","playerName":"M.Williams","statId":21,"yards":33},{"sequence":5,"clubcode":"TB","playerName":"M.Williams","statId":115,"yards":0},{"sequence":6,"clubcode":"TB","playerName":"M.Williams","statId":113,"yards":34}],"00-0026993":[{"sequence":2,"clubcode":"TB","playerName":"J.Freeman","statId":15,"yards":33},{"sequence":3,"clubcode":"TB","playerName":"J.Freeman","statId":111,"yards":-1}]}},"2394":{"sp":0,"qtr":3,"down":1,"time":"02:57","yrdln":"SF 33","ydstogo":10,"ydsnet":49,"posteam":"TB","desc":"(2:57) L.Blount up the middle to SF 17 for 16 yards (D.Goldson; N.Clements).","note":null,"players":{"00-0027325":[{"sequence":2,"clubcode":"TB","playerName":"L.Blount","statId":10,"yards":16}],"00-0020495":[{"sequence":4,"clubcode":"SF","playerName":"N.Clements","statId":82,"yards":0}],"00-0025513":[{"sequence":3,"clubcode":"SF","playerName":"D.Goldson","statId":82,"yards":0}],"0":[{"sequence":1,"clubcode":"TB","playerName":"","statId":3,"yards":0}]}},"2415":{"sp":0,"qtr":3,"down":1,"time":"02:18","yrdln":"SF 17","ydstogo":10,"ydsnet":51,"posteam":"TB","desc":"(2:18) L.Blount right guard to SF 15 for 2 yards (D.Evans).","note":null,"players":{"00-0027325":[{"sequence":1,"clubcode":"TB","playerName":"L.Blount","statId":10,"yards":2}],"00-0020055":[{"sequence":2,"clubcode":"SF","playerName":"D.Evans","statId":79,"yards":0}]}},"2436":{"sp":0,"qtr":3,"down":2,"time":"01:32","yrdln":"SF 15","ydstogo":8,"ydsnet":58,"posteam":"TB","desc":"(1:32) (Shotgun) J.Freeman pass short left to C.Williams to SF 8 for 7 yards (T.Spikes). Caught at SF 11.","note":null,"players":{"00-0015474":[{"sequence":6,"clubcode":"SF","playerName":"T.Spikes","statId":79,"yards":0}],"00-0023440":[{"sequence":3,"clubcode":"TB","playerName":"C.Williams","statId":21,"yards":7},{"sequence":4,"clubcode":"TB","playerName":"C.Williams","statId":115,"yards":0},{"sequence":5,"clubcode":"TB","playerName":"C.Williams","statId":113,"yards":3}],"00-0026993":[{"sequence":1,"clubcode":"TB","playerName":"J.Freeman","statId":15,"yards":7},{"sequence":2,"clubcode":"TB","playerName":"J.Freeman","statId":111,"yards":4}]}},"2460":{"sp":1,"qtr":3,"down":3,"time":"00:46","yrdln":"SF 8","ydstogo":1,"ydsnet":66,"posteam":"TB","desc":"(:46) J.Freeman pass short left to M.Williams for 8 yards, TOUCHDOWN. Penalty on SF-S.Spencer, Defensive Pass Interference, declined.","note":"TD","players":{"0":[{"sequence":1,"clubcode":"TB","playerName":"","statId":4,"yards":0},{"sequence":2,"clubcode":"TB","playerName":"","statId":6,"yards":0}],"00-0027702":[{"sequence":5,"clubcode":"TB","playerName":"M.Williams","statId":22,"yards":8},{"sequence":6,"clubcode":"TB","playerName":"M.Williams","statId":115,"yards":0},{"sequence":7,"clubcode":"TB","playerName":"M.Williams","statId":113,"yards":8}],"00-0026993":[{"sequence":3,"clubcode":"TB","playerName":"J.Freeman","statId":16,"yards":8},{"sequence":4,"clubcode":"TB","playerName":"J.Freeman","statId":111,"yards":0}]}},"2485":{"sp":1,"qtr":3,"down":0,"time":"00:41","yrdln":"SF 2","ydstogo":0,"ydsnet":66,"posteam":"TB","desc":"C.Barth extra point is GOOD, Center-A.Economos, Holder-R.Malone.","note":"XP","players":{"00-0026138":[{"sequence":1,"clubcode":"TB","playerName":"C.Barth","statId":72,"yards":0}]}}},"fds":3,"result":"Touchdown","penyds":0,"ydsgained":66,"numplays":6,"postime":"2:55","start":{"qtr":3,"time":"03:36","yrdln":"TB 34","team":"TB"},"end":{"qtr":3,"time":"00:41","yrdln":"SF 8","team":"TB"}},"16":{"posteam":"SF","qtr":4,"redzone":true,"plays":{"2513":{"sp":0,"qtr":3,"down":0,"time":"00:41","yrdln":"TB 30","ydstogo":0,"ydsnet":0,"posteam":"TB","desc":"C.Barth kicks 64 yards from TB 30 to SF 6. T.Ginn to SF 26 for 20 yards (E.Biggers).","note":"KICKOFF","players":{"00-0025396":[{"sequence":2,"clubcode":"SF","playerName":"T.Ginn","statId":45,"yards":20}],"00-0026138":[{"sequence":1,"clubcode":"TB","playerName":"C.Barth","statId":41,"yards":64}],"00-0026945":[{"sequence":3,"clubcode":"TB","playerName":"E.Biggers","statId":79,"yards":0}]}},"2535":{"sp":0,"qtr":3,"down":1,"time":"00:34","yrdln":"SF 26","ydstogo":10,"ydsnet":0,"posteam":"SF","desc":"(:34) T.Smith pass incomplete short left to V.Davis.","note":null,"players":{"00-0025561":[{"sequence":1,"clubcode":"SF","playerName":"T.Smith","statId":14,"yards":0},{"sequence":3,"clubcode":"SF","playerName":"T.Smith","statId":112,"yards":-4}],"00-0024221":[{"sequence":2,"clubcode":"SF","playerName":"V.Davis","statId":115,"yards":0}]}},"2557":{"sp":0,"qtr":3,"down":2,"time":"00:30","yrdln":"SF 26","ydstogo":10,"ydsnet":9,"posteam":"SF","desc":"(:30) (Shotgun) T.Smith pass short right to F.Gore to SF 35 for 9 yards (G.Hayes). Caught at SF 28.","note":null,"players":{"00-0025561":[{"sequence":1,"clubcode":"SF","playerName":"T.Smith","statId":15,"yards":9},{"sequence":2,"clubcode":"SF","playerName":"T.Smith","statId":111,"yards":2}],"00-0023500":[{"sequence":3,"clubcode":"SF","playerName":"F.Gore","statId":21,"yards":9},{"sequence":4,"clubcode":"SF","playerName":"F.Gore","statId":115,"yards":0},{"sequence":5,"clubcode":"SF","playerName":"F.Gore","statId":113,"yards":7}],"00-0026315":[{"sequence":6,"clubcode":"TB","playerName":"G.Hayes","statId":79,"yards":0}]}},"2581":{"sp":0,"qtr":3,"down":0,"time":"","yrdln":"","ydstogo":0,"ydsnet":9,"posteam":"","desc":"END QUARTER 3","note":null,"players":{}},"2602":{"sp":0,"qtr":4,"down":3,"time":"15:00","yrdln":"SF 35","ydstogo":1,"ydsnet":11,"posteam":"SF","desc":"(15:00) T.Smith pass short right to F.Gore pushed ob at SF 37 for 2 yards (S.Jones). Caught at SF 36.","note":null,"players":{"00-0025561":[{"sequence":3,"clubcode":"SF","playerName":"T.Smith","statId":15,"yards":2},{"sequence":4,"clubcode":"SF","playerName":"T.Smith","statId":111,"yards":1}],"0":[{"sequence":1,"clubcode":"SF","playerName":"","statId":4,"yards":0},{"sequence":2,"clubcode":"SF","playerName":"","statId":6,"yards":0}],"00-0022844":[{"sequence":8,"clubcode":"TB","playerName":"S.Jones","statId":79,"yards":0}],"00-0023500":[{"sequence":5,"clubcode":"SF","playerName":"F.Gore","statId":21,"yards":2},{"sequence":6,"clubcode":"SF","playerName":"F.Gore","statId":115,"yards":0},{"sequence":7,"clubcode":"SF","playerName":"F.Gore","statId":113,"yards":1}]}},"2627":{"sp":0,"qtr":4,"down":1,"time":"14:42","yrdln":"SF 37","ydstogo":10,"ydsnet":16,"posteam":"SF","desc":"(14:42) F.Gore up the middle to SF 42 for 5 yards (B.Ruud).","note":null,"players":{"00-0023471":[{"sequence":2,"clubcode":"TB","playerName":"B.Ruud","statId":79,"yards":0}],"00-0023500":[{"sequence":1,"clubcode":"SF","playerName":"F.Gore","statId":10,"yards":5}]}},"2652":{"sp":0,"qtr":4,"down":2,"time":"14:07","yrdln":"SF 42","ydstogo":5,"ydsnet":16,"posteam":"SF","desc":"(14:07) (Shotgun) T.Smith pass incomplete short middle to J.Morgan (G.McCoy).","note":null,"players":{"00-0027856":[{"sequence":3,"clubcode":"TB","playerName":"G.McCoy","statId":85,"yards":0}],"00-0025561":[{"sequence":1,"clubcode":"SF","playerName":"T.Smith","statId":14,"yards":0},{"sequence":4,"clubcode":"SF","playerName":"T.Smith","statId":112,"yards":7}],"00-0026314":[{"sequence":2,"clubcode":"SF","playerName":"J.Morgan","statId":115,"yards":0}]}},"2674":{"sp":0,"qtr":4,"down":3,"time":"14:02","yrdln":"SF 42","ydstogo":5,"ydsnet":18,"posteam":"SF","desc":"(14:02) (Shotgun) T.Smith scrambles up the middle to SF 44 for 2 yards (C.Grimm).","note":null,"players":{"00-0025561":[{"sequence":2,"clubcode":"SF","playerName":"T.Smith","statId":10,"yards":2}],"00-0027805":[{"sequence":3,"clubcode":"TB","playerName":"C.Grimm","statId":79,"yards":0}],"0":[{"sequence":1,"clubcode":"SF","playerName":"","statId":7,"yards":0}]}},"2695":{"sp":0,"qtr":4,"down":0,"time":"13:18","yrdln":"","ydstogo":0,"ydsnet":18,"posteam":"","desc":"Timeout #1 by SF at 13:18.","note":"TIMEOUT","players":{"0":[{"sequence":1,"clubcode":"SF","playerName":"","statId":68,"yards":0}]}},"2713":{"sp":0,"qtr":4,"down":4,"time":"13:18","yrdln":"SF 44","ydstogo":3,"ydsnet":18,"posteam":"SF","desc":"(13:18) (Shotgun) T.Smith pass incomplete deep right to V.Davis [B.Ruud].","note":null,"players":{"00-0023471":[{"sequence":4,"clubcode":"TB","playerName":"B.Ruud","statId":110,"yards":0}],"00-0025561":[{"sequence":2,"clubcode":"SF","playerName":"T.Smith","statId":14,"yards":0},{"sequence":5,"clubcode":"SF","playerName":"T.Smith","statId":112,"yards":21}],"00-0024221":[{"sequence":3,"clubcode":"SF","playerName":"V.Davis","statId":115,"yards":0}],"0":[{"sequence":1,"clubcode":"SF","playerName":"","statId":9,"yards":0}]}}},"fds":1,"result":"Downs","penyds":0,"ydsgained":18,"numplays":10,"postime":"2:26","start":{"qtr":3,"time":"00:41","yrdln":"SF 26","team":"SF"},"end":{"qtr":3,"time":"13:15","yrdln":"SF 44","team":"SF"}},"17":{"posteam":"TB","qtr":4,"redzone":true,"plays":{"2736":{"sp":0,"qtr":4,"down":1,"time":"13:15","yrdln":"SF 44","ydstogo":10,"ydsnet":-3,"posteam":"TB","desc":"(13:15) L.Blount right end to SF 47 for -3 yards (R.McDonald; M.Lawson).","note":null,"players":{"00-0027325":[{"sequence":1,"clubcode":"TB","playerName":"L.Blount","statId":10,"yards":-3}],"00-0024237":[{"sequence":4,"clubcode":"SF","playerName":"M.Lawson","statId":82,"yards":0}],"0":[{"sequence":2,"clubcode":"TB","playerName":"","statId":95,"yards":-3}],"00-0025484":[{"sequence":3,"clubcode":"SF","playerName":"R.McDonald","statId":82,"yards":0}]}},"2757":{"sp":0,"qtr":4,"down":2,"time":"12:31","yrdln":"SF 47","ydstogo":13,"ydsnet":-1,"posteam":"TB","desc":"(12:31) C.Williams left guard to SF 45 for 2 yards (J.Smith).","note":null,"players":{"00-0020535":[{"sequence":2,"clubcode":"SF","playerName":"J.Smith","statId":79,"yards":0}],"00-0023440":[{"sequence":1,"clubcode":"TB","playerName":"C.Williams","statId":10,"yards":2}]}},"2778":{"sp":0,"qtr":4,"down":3,"time":"11:51","yrdln":"SF 45","ydstogo":11,"ydsnet":-4,"posteam":"TB","desc":"(11:51) (Shotgun) J.Freeman sacked at SF 48 for -3 yards (P.Willis).","note":null,"players":{"00-0025398":[{"sequence":3,"clubcode":"SF","playerName":"P.Willis","statId":83,"yards":-3},{"sequence":4,"clubcode":"SF","playerName":"P.Willis","statId":110,"yards":0},{"sequence":5,"clubcode":"SF","playerName":"P.Willis","statId":79,"yards":0},{"sequence":6,"clubcode":"SF","playerName":"P.Willis","statId":120,"yards":0}],"0":[{"sequence":1,"clubcode":"TB","playerName":"","statId":7,"yards":0}],"00-0026993":[{"sequence":2,"clubcode":"TB","playerName":"J.Freeman","statId":20,"yards":-3}]}},"2797":{"sp":0,"qtr":4,"down":4,"time":"11:43","yrdln":"SF 48","ydstogo":14,"ydsnet":-4,"posteam":"TB","desc":"(11:43) R.Malone punts 39 yards to SF 9, Center-A.Economos. K.Williams to SF 18 for 9 yards (A.Hayward).","note":"PUNT","players":{"00-0025569":[{"sequence":4,"clubcode":"TB","playerName":"A.Hayward","statId":79,"yards":0}],"00-0027509":[{"sequence":1,"clubcode":"TB","playerName":"R.Malone","statId":29,"yards":39},{"sequence":3,"clubcode":"TB","playerName":"R.Malone","statId":30,"yards":0}],"00-0027608":[{"sequence":2,"clubcode":"SF","playerName":"K.Williams","statId":33,"yards":9}]}}},"fds":0,"result":"Punt","penyds":0,"ydsgained":-4,"numplays":4,"postime":"1:52","start":{"qtr":4,"time":"13:15","yrdln":"SF 44","team":"TB"},"end":{"qtr":4,"time":"11:23","yrdln":"SF 48","team":"TB"}},"18":{"posteam":"SF","qtr":4,"redzone":true,"plays":{"2823":{"sp":0,"qtr":4,"down":1,"time":"11:23","yrdln":"SF 18","ydstogo":10,"ydsnet":6,"posteam":"SF","desc":"(11:23) T.Smith scrambles right end to SF 24 for 6 yards (D.Watson).","note":null,"players":{"00-0025561":[{"sequence":1,"clubcode":"SF","playerName":"T.Smith","statId":10,"yards":6}],"00-0027812":[{"sequence":2,"clubcode":"TB","playerName":"D.Watson","statId":79,"yards":0}]}},"2844":{"sp":0,"qtr":4,"down":2,"time":"10:47","yrdln":"SF 24","ydstogo":4,"ydsnet":6,"posteam":"SF","desc":"(10:47) (Shotgun) T.Smith pass short left intended for J.Morgan INTERCEPTED by R.Barber at SF 36. R.Barber to SF 7 for 29 yards (T.Smith).","note":"INT","players":{"00-0025561":[{"sequence":1,"clubcode":"SF","playerName":"T.Smith","statId":19,"yards":0},{"sequence":3,"clubcode":"SF","playerName":"T.Smith","statId":112,"yards":12},{"sequence":6,"clubcode":"SF","playerName":"T.Smith","statId":79,"yards":0}],"00-0026314":[{"sequence":2,"clubcode":"SF","playerName":"J.Morgan","statId":115,"yards":0}],"00-0000741":[{"sequence":4,"clubcode":"TB","playerName":"R.Barber","statId":25,"yards":29},{"sequence":5,"clubcode":"TB","playerName":"R.Barber","statId":85,"yards":0}]}}},"fds":0,"result":"Interception","penyds":0,"ydsgained":6,"numplays":2,"postime":"0:48","start":{"qtr":4,"time":"11:23","yrdln":"SF 18","team":"SF"},"end":{"qtr":4,"time":"10:35","yrdln":"SF 24","team":"SF"}},"19":{"posteam":"TB","qtr":4,"redzone":true,"plays":{"2871":{"sp":0,"qtr":4,"down":1,"time":"10:35","yrdln":"SF 7","ydstogo":7,"ydsnet":2,"posteam":"TB","desc":"(10:35) E.Graham up the middle to SF 5 for 2 yards (P.Haralson).","note":null,"players":{"00-0024354":[{"sequence":2,"clubcode":"SF","playerName":"P.Haralson","statId":79,"yards":0}],"00-0021755":[{"sequence":1,"clubcode":"TB","playerName":"E.Graham","statId":10,"yards":2}]}},"2892":{"sp":0,"qtr":4,"down":2,"time":"09:52","yrdln":"SF 5","ydstogo":5,"ydsnet":5,"posteam":"TB","desc":"(9:52) J.Freeman pass incomplete short left to A.Benn [M.Lawson]. PENALTY on SF-R.Smith, Defensive Holding, 3 yards, enforced at SF 5 - No Play.","note":"PENALTY","players":{"00-0026215":[{"sequence":2,"clubcode":"SF","playerName":"R.Smith","statId":93,"yards":3}],"0":[{"sequence":1,"clubcode":"TB","playerName":"","statId":5,"yards":0}]}},"2925":{"sp":0,"qtr":4,"down":0,"time":"09:45","yrdln":"","ydstogo":0,"ydsnet":5,"posteam":"","desc":"Timeout #2 by TB at 09:45.","note":"TIMEOUT","players":{"0":[{"sequence":1,"clubcode":"TB","playerName":"","statId":68,"yards":0}]}},"2942":{"sp":0,"qtr":4,"down":1,"time":"09:45","yrdln":"SF 2","ydstogo":2,"ydsnet":6,"posteam":"TB","desc":"(9:45) J.Zuttah and R.Miller reported in as eligible.  L.Blount right guard to SF 1 for 1 yard (T.Spikes).","note":null,"players":{"00-0015474":[{"sequence":2,"clubcode":"SF","playerName":"T.Spikes","statId":79,"yards":0}],"00-0027325":[{"sequence":1,"clubcode":"TB","playerName":"L.Blount","statId":10,"yards":1}]}},"2969":{"sp":0,"qtr":4,"down":2,"time":"09:02","yrdln":"SF 1","ydstogo":1,"ydsnet":6,"posteam":"TB","desc":"(9:02) L.Blount right guard to SF 1 for no gain (T.Spikes).","note":null,"players":{"00-0015474":[{"sequence":2,"clubcode":"SF","playerName":"T.Spikes","statId":79,"yards":0}],"00-0027325":[{"sequence":1,"clubcode":"TB","playerName":"L.Blount","statId":10,"yards":0}]}},"2990":{"sp":0,"qtr":4,"down":0,"time":"08:23","yrdln":"","ydstogo":0,"ydsnet":6,"posteam":"","desc":"Timeout #3 by TB at 08:23.","note":"TIMEOUT","players":{"0":[{"sequence":1,"clubcode":"TB","playerName":"","statId":68,"yards":0}]}},"3007":{"sp":1,"qtr":4,"down":3,"time":"08:23","yrdln":"SF 1","ydstogo":1,"ydsnet":7,"posteam":"TB","desc":"(8:23) D.Penn and R.Miller reported in as eligible.  J.Freeman pass short left to D.Penn for 1 yard, TOUCHDOWN.","note":"TD","players":{"00-0023894":[{"sequence":5,"clubcode":"TB","playerName":"D.Penn","statId":22,"yards":1},{"sequence":6,"clubcode":"TB","playerName":"D.Penn","statId":115,"yards":0},{"sequence":7,"clubcode":"TB","playerName":"D.Penn","statId":113,"yards":0}],"0":[{"sequence":1,"clubcode":"TB","playerName":"","statId":4,"yards":0},{"sequence":2,"clubcode":"TB","playerName":"","statId":6,"yards":0}],"00-0026993":[{"sequence":3,"clubcode":"TB","playerName":"J.Freeman","statId":16,"yards":1},{"sequence":4,"clubcode":"TB","playerName":"J.Freeman","statId":111,"yards":1}]}},"3032":{"sp":1,"qtr":4,"down":0,"time":"08:18","yrdln":"SF 2","ydstogo":0,"ydsnet":7,"posteam":"TB","desc":"C.Barth extra point is GOOD, Center-A.Economos, Holder-R.Malone.","note":"XP","players":{"00-0026138":[{"sequence":1,"clubcode":"TB","playerName":"C.Barth","statId":72,"yards":0}]}}},"fds":2,"result":"Touchdown","penyds":3,"ydsgained":4,"numplays":8,"postime":"2:17","start":{"qtr":4,"time":"10:35","yrdln":"SF 7","team":"TB"},"end":{"qtr":4,"time":"08:18","yrdln":"SF 1","team":"TB"}},"20":{"posteam":"SF","qtr":4,"redzone":true,"plays":{"3048":{"sp":0,"qtr":4,"down":0,"time":"08:18","yrdln":"TB 30","ydstogo":0,"ydsnet":0,"posteam":"TB","desc":"C.Barth kicks 58 yards from TB 30 to SF 12. T.Ginn ran ob at SF 31 for 19 yards (A.Benn).","note":"KICKOFF","players":{"00-0025396":[{"sequence":2,"clubcode":"SF","playerName":"T.Ginn","statId":45,"yards":19}],"00-0026138":[{"sequence":1,"clubcode":"TB","playerName":"C.Barth","statId":41,"yards":58}],"00-0027654":[{"sequence":3,"clubcode":"TB","playerName":"A.Benn","statId":79,"yards":0}]}},"3070":{"sp":0,"qtr":4,"down":1,"time":"08:08","yrdln":"SF 31","ydstogo":10,"ydsnet":11,"posteam":"SF","desc":"(8:08) (Shotgun) T.Smith scrambles up the middle to SF 42 for 11 yards (B.Ruud).","note":null,"players":{"00-0023471":[{"sequence":3,"clubcode":"TB","playerName":"B.Ruud","statId":79,"yards":0}],"00-0025561":[{"sequence":2,"clubcode":"SF","playerName":"T.Smith","statId":10,"yards":11}],"0":[{"sequence":1,"clubcode":"SF","playerName":"","statId":3,"yards":0}]}},"3091":{"sp":0,"qtr":4,"down":1,"time":"07:47","yrdln":"SF 42","ydstogo":10,"ydsnet":11,"posteam":"SF","desc":"(7:47) (No Huddle, Shotgun) T.Smith pass incomplete short left to F.Gore [A.Magee].","note":null,"players":{"00-0027042":[{"sequence":3,"clubcode":"TB","playerName":"A.Magee","statId":110,"yards":0}],"00-0025561":[{"sequence":1,"clubcode":"SF","playerName":"T.Smith","statId":14,"yards":0},{"sequence":4,"clubcode":"SF","playerName":"T.Smith","statId":112,"yards":2}],"00-0023500":[{"sequence":2,"clubcode":"SF","playerName":"F.Gore","statId":115,"yards":0}]}},"3113":{"sp":0,"qtr":4,"down":2,"time":"07:39","yrdln":"SF 42","ydstogo":10,"ydsnet":0,"posteam":"SF","desc":"(7:39) (Shotgun) T.Smith sacked at SF 31 for -11 yards (S.White).","note":null,"players":{"00-0025561":[{"sequence":1,"clubcode":"SF","playerName":"T.Smith","statId":20,"yards":-11}],"00-0021332":[{"sequence":2,"clubcode":"TB","playerName":"S.White","statId":83,"yards":-11},{"sequence":3,"clubcode":"TB","playerName":"S.White","statId":110,"yards":0},{"sequence":4,"clubcode":"TB","playerName":"S.White","statId":79,"yards":0},{"sequence":5,"clubcode":"TB","playerName":"S.White","statId":120,"yards":0}]}},"3140":{"sp":0,"qtr":4,"down":3,"time":"07:29","yrdln":"SF 31","ydstogo":21,"ydsnet":23,"posteam":"SF","desc":"(7:29) (Shotgun) T.Smith pass deep right to J.Morgan to TB 46 for 23 yards (C.Grimm).","note":null,"players":{"00-0025561":[{"sequence":3,"clubcode":"SF","playerName":"T.Smith","statId":15,"yards":23},{"sequence":4,"clubcode":"SF","playerName":"T.Smith","statId":111,"yards":23}],"00-0026314":[{"sequence":5,"clubcode":"SF","playerName":"J.Morgan","statId":21,"yards":23},{"sequence":6,"clubcode":"SF","playerName":"J.Morgan","statId":115,"yards":0},{"sequence":7,"clubcode":"SF","playerName":"J.Morgan","statId":113,"yards":0}],"00-0027805":[{"sequence":8,"clubcode":"TB","playerName":"C.Grimm","statId":79,"yards":0}],"0":[{"sequence":1,"clubcode":"SF","playerName":"","statId":4,"yards":0},{"sequence":2,"clubcode":"SF","playerName":"","statId":6,"yards":0}]}},"3164":{"sp":0,"qtr":4,"down":1,"time":"06:57","yrdln":"TB 46","ydstogo":10,"ydsnet":30,"posteam":"SF","desc":"(6:57) (Shotgun) T.Smith pass short right to Del.Walker to TB 39 for 7 yards (B.Ruud).","note":null,"players":{"00-0023471":[{"sequence":6,"clubcode":"TB","playerName":"B.Ruud","statId":79,"yards":0}],"00-0025561":[{"sequence":1,"clubcode":"SF","playerName":"T.Smith","statId":15,"yards":7},{"sequence":2,"clubcode":"SF","playerName":"T.Smith","statId":111,"yards":0}],"00-0024389":[{"sequence":3,"clubcode":"SF","playerName":"Del.Walker","statId":21,"yards":7},{"sequence":4,"clubcode":"SF","playerName":"Del.Walker","statId":115,"yards":0},{"sequence":5,"clubcode":"SF","playerName":"Del.Walker","statId":113,"yards":7}]}},"3188":{"sp":0,"qtr":4,"down":2,"time":"06:36","yrdln":"TB 39","ydstogo":3,"ydsnet":30,"posteam":"SF","desc":"(6:36) (No Huddle) T.Smith pass incomplete short left to T.Ginn.","note":null,"players":{"00-0025396":[{"sequence":2,"clubcode":"SF","playerName":"T.Ginn","statId":115,"yards":0}],"00-0025561":[{"sequence":1,"clubcode":"SF","playerName":"T.Smith","statId":14,"yards":0},{"sequence":3,"clubcode":"SF","playerName":"T.Smith","statId":112,"yards":4}]}},"3210":{"sp":0,"qtr":4,"down":3,"time":"06:31","yrdln":"TB 39","ydstogo":3,"ydsnet":30,"posteam":"SF","desc":"(6:31) (Shotgun) T.Smith pass incomplete deep right to D.Zeigler. Penalty on SF, Illegal Shift, declined.","note":null,"players":{"00-0025561":[{"sequence":2,"clubcode":"SF","playerName":"T.Smith","statId":14,"yards":0},{"sequence":4,"clubcode":"SF","playerName":"T.Smith","statId":112,"yards":28}],"0":[{"sequence":1,"clubcode":"SF","playerName":"","statId":7,"yards":0}],"00-0024687":[{"sequence":3,"clubcode":"SF","playerName":"D.Zeigler","statId":115,"yards":0}]}},"3244":{"sp":0,"qtr":4,"down":4,"time":"06:24","yrdln":"TB 39","ydstogo":3,"ydsnet":30,"posteam":"SF","desc":"(6:24) (Shotgun) T.Smith pass incomplete deep right to D.Zeigler.","note":null,"players":{"00-0025561":[{"sequence":2,"clubcode":"SF","playerName":"T.Smith","statId":14,"yards":0},{"sequence":4,"clubcode":"SF","playerName":"T.Smith","statId":112,"yards":31}],"0":[{"sequence":1,"clubcode":"SF","playerName":"","statId":9,"yards":0}],"00-0024687":[{"sequence":3,"clubcode":"SF","playerName":"D.Zeigler","statId":115,"yards":0}]}}},"fds":2,"result":"Downs","penyds":0,"ydsgained":30,"numplays":9,"postime":"1:59","start":{"qtr":4,"time":"08:18","yrdln":"SF 31","team":"SF"},"end":{"qtr":4,"time":"06:19","yrdln":"TB 39","team":"SF"}},"21":{"posteam":"TB","qtr":4,"redzone":true,"plays":{"3267":{"sp":0,"qtr":4,"down":1,"time":"06:19","yrdln":"TB 39","ydstogo":10,"ydsnet":2,"posteam":"TB","desc":"(6:19) L.Blount up the middle to TB 41 for 2 yards (T.Spikes; P.Willis).","note":null,"players":{"00-0015474":[{"sequence":2,"clubcode":"SF","playerName":"T.Spikes","statId":82,"yards":0}],"00-0027325":[{"sequence":1,"clubcode":"TB","playerName":"L.Blount","statId":10,"yards":2}],"00-0025398":[{"sequence":3,"clubcode":"SF","playerName":"P.Willis","statId":82,"yards":0}]}},"3288":{"sp":0,"qtr":4,"down":2,"time":"05:36","yrdln":"TB 41","ydstogo":8,"ydsnet":5,"posteam":"TB","desc":"(5:36) L.Blount left guard to TB 44 for 3 yards (T.Spikes).","note":null,"players":{"00-0015474":[{"sequence":2,"clubcode":"SF","playerName":"T.Spikes","statId":79,"yards":0}],"00-0027325":[{"sequence":1,"clubcode":"TB","playerName":"L.Blount","statId":10,"yards":3}]}},"3309":{"sp":0,"qtr":4,"down":3,"time":"04:52","yrdln":"TB 44","ydstogo":5,"ydsnet":31,"posteam":"TB","desc":"(4:52) C.Williams left tackle to SF 30 for 26 yards (P.Willis).","note":null,"players":{"00-0025398":[{"sequence":4,"clubcode":"SF","playerName":"P.Willis","statId":79,"yards":0}],"0":[{"sequence":1,"clubcode":"TB","playerName":"","statId":3,"yards":0},{"sequence":2,"clubcode":"TB","playerName":"","statId":6,"yards":0}],"00-0023440":[{"sequence":3,"clubcode":"TB","playerName":"C.Williams","statId":10,"yards":26}]}},"3330":{"sp":0,"qtr":4,"down":1,"time":"04:09","yrdln":"SF 30","ydstogo":10,"ydsnet":24,"posteam":"TB","desc":"(4:09) L.Blount right end to SF 38 for -8 yards (M.Lawson).","note":null,"players":{"00-0027325":[{"sequence":1,"clubcode":"TB","playerName":"L.Blount","statId":10,"yards":-8}],"00-0024237":[{"sequence":3,"clubcode":"SF","playerName":"M.Lawson","statId":79,"yards":0},{"sequence":4,"clubcode":"SF","playerName":"M.Lawson","statId":120,"yards":0}],"0":[{"sequence":2,"clubcode":"TB","playerName":"","statId":95,"yards":-8}]}},"3351":{"sp":0,"qtr":4,"down":2,"time":"03:21","yrdln":"SF 38","ydstogo":18,"ydsnet":24,"posteam":"TB","desc":"(3:21) J.Zuttah reported in as eligible.  L.Blount up the middle to SF 37 for 1 yard (P.Willis; T.Mays).","note":null,"players":{"00-0027325":[{"sequence":1,"clubcode":"TB","playerName":"L.Blount","statId":10,"yards":1}],"00-0027887":[{"sequence":3,"clubcode":"SF","playerName":"T.Mays","statId":82,"yards":0}],"00-0025398":[{"sequence":2,"clubcode":"SF","playerName":"P.Willis","statId":82,"yards":0}]}},"3374":{"sp":0,"qtr":4,"down":0,"time":"03:12","yrdln":"","ydstogo":0,"ydsnet":24,"posteam":"","desc":"Timeout #2 by SF at 03:12.","note":"TIMEOUT","players":{"0":[{"sequence":1,"clubcode":"SF","playerName":"","statId":68,"yards":0}]}},"3392":{"sp":0,"qtr":4,"down":3,"time":"03:12","yrdln":"SF 37","ydstogo":17,"ydsnet":27,"posteam":"TB","desc":"(3:12) E.Graham up the middle to SF 34 for 3 yards (D.Evans).","note":null,"players":{"00-0021755":[{"sequence":2,"clubcode":"TB","playerName":"E.Graham","statId":10,"yards":3}],"00-0020055":[{"sequence":3,"clubcode":"SF","playerName":"D.Evans","statId":79,"yards":0}],"0":[{"sequence":1,"clubcode":"TB","playerName":"","statId":7,"yards":0}]}},"3414":{"sp":0,"qtr":4,"down":0,"time":"03:06","yrdln":"","ydstogo":0,"ydsnet":26,"posteam":"","desc":"Timeout #3 by SF at 03:06.","note":"TIMEOUT","players":{"0":[{"sequence":1,"clubcode":"SF","playerName":"","statId":68,"yards":0}]}},"3431":{"sp":0,"qtr":4,"down":4,"time":"03:06","yrdln":"SF 34","ydstogo":14,"ydsnet":27,"posteam":"TB","desc":"(3:06) R.Malone punts 25 yards to SF 9, Center-A.Economos, fair catch by K.Williams.","note":"PUNT","players":{"00-0027509":[{"sequence":1,"clubcode":"TB","playerName":"R.Malone","statId":29,"yards":25},{"sequence":2,"clubcode":"TB","playerName":"R.Malone","statId":30,"yards":0}],"00-0027608":[{"sequence":3,"clubcode":"SF","playerName":"K.Williams","statId":39,"yards":0}]}}},"fds":1,"result":"Punt","penyds":0,"ydsgained":27,"numplays":9,"postime":"3:18","start":{"qtr":4,"time":"06:19","yrdln":"TB 39","team":"TB"},"end":{"qtr":4,"time":"03:01","yrdln":"SF 34","team":"TB"}},"22":{"posteam":"SF","qtr":4,"redzone":true,"plays":{"3452":{"sp":0,"qtr":4,"down":1,"time":"03:01","yrdln":"SF 9","ydstogo":10,"ydsnet":7,"posteam":"SF","desc":"(3:01) (Shotgun) T.Smith pass short left to T.Ginn to SF 16 for 7 yards (M.Lewis).","note":null,"players":{"00-0025396":[{"sequence":3,"clubcode":"SF","playerName":"T.Ginn","statId":21,"yards":7},{"sequence":4,"clubcode":"SF","playerName":"T.Ginn","statId":115,"yards":0},{"sequence":5,"clubcode":"SF","playerName":"T.Ginn","statId":113,"yards":0}],"00-0025561":[{"sequence":1,"clubcode":"SF","playerName":"T.Smith","statId":15,"yards":7},{"sequence":2,"clubcode":"SF","playerName":"T.Smith","statId":111,"yards":7}],"00-0027672":[{"sequence":6,"clubcode":"TB","playerName":"M.Lewis","statId":79,"yards":0}]}},"3476":{"sp":0,"qtr":4,"down":2,"time":"02:45","yrdln":"SF 16","ydstogo":3,"ydsnet":18,"posteam":"SF","desc":"(2:45) (Shotgun) T.Smith scrambles up the middle to SF 27 for 11 yards (T.Crowder).","note":null,"players":{"00-0025561":[{"sequence":2,"clubcode":"SF","playerName":"T.Smith","statId":10,"yards":11}],"00-0025443":[{"sequence":3,"clubcode":"TB","playerName":"T.Crowder","statId":79,"yards":0}],"0":[{"sequence":1,"clubcode":"SF","playerName":"","statId":3,"yards":0}]}},"3497":{"sp":0,"qtr":4,"down":1,"time":"02:20","yrdln":"SF 27","ydstogo":10,"ydsnet":24,"posteam":"SF","desc":"(2:20) (Shotgun) T.Smith pass short right to F.Gore to SF 33 for 6 yards (A.Talib). Caught at SF 25.","note":null,"players":{"00-0025561":[{"sequence":1,"clubcode":"SF","playerName":"T.Smith","statId":15,"yards":6},{"sequence":2,"clubcode":"SF","playerName":"T.Smith","statId":111,"yards":-2}],"00-0026160":[{"sequence":6,"clubcode":"TB","playerName":"A.Talib","statId":79,"yards":0}],"00-0023500":[{"sequence":3,"clubcode":"SF","playerName":"F.Gore","statId":21,"yards":6},{"sequence":4,"clubcode":"SF","playerName":"F.Gore","statId":115,"yards":0},{"sequence":5,"clubcode":"SF","playerName":"F.Gore","statId":113,"yards":8}]}},"3521":{"sp":0,"qtr":4,"down":0,"time":"02:00","yrdln":"","ydstogo":0,"ydsnet":24,"posteam":"","desc":"Two-Minute Warning","note":null,"players":{}},"3542":{"sp":0,"qtr":4,"down":2,"time":"02:00","yrdln":"SF 33","ydstogo":4,"ydsnet":20,"posteam":"SF","desc":"(2:00) (Shotgun) T.Smith sacked at SF 29 for -4 yards (A.Magee).","note":null,"players":{"00-0027042":[{"sequence":2,"clubcode":"TB","playerName":"A.Magee","statId":83,"yards":-4},{"sequence":3,"clubcode":"TB","playerName":"A.Magee","statId":110,"yards":0},{"sequence":4,"clubcode":"TB","playerName":"A.Magee","statId":79,"yards":0},{"sequence":5,"clubcode":"TB","playerName":"A.Magee","statId":120,"yards":0}],"00-0025561":[{"sequence":1,"clubcode":"SF","playerName":"T.Smith","statId":20,"yards":-4}]}},"3561":{"sp":0,"qtr":4,"down":3,"time":"01:34","yrdln":"SF 29","ydstogo":8,"ydsnet":35,"posteam":"SF","desc":"(1:34) (Shotgun) T.Smith pass incomplete short right to M.Crabtree [D.Watson]. PENALTY on TB-D.Watson, Roughing the Passer, 15 yards, enforced at SF 29 - No Play.","note":"PENALTY","players":{"0":[{"sequence":1,"clubcode":"SF","playerName":"","statId":5,"yards":0}],"00-0027812":[{"sequence":2,"clubcode":"TB","playerName":"D.Watson","statId":93,"yards":15}]}},"3594":{"sp":0,"qtr":4,"down":1,"time":"01:29","yrdln":"SF 44","ydstogo":10,"ydsnet":35,"posteam":"SF","desc":"(1:29) T.Smith pass incomplete short left to T.Ginn (A.Talib).","note":null,"players":{"00-0025396":[{"sequence":2,"clubcode":"SF","playerName":"T.Ginn","statId":115,"yards":0}],"00-0025561":[{"sequence":1,"clubcode":"SF","playerName":"T.Smith","statId":14,"yards":0},{"sequence":4,"clubcode":"SF","playerName":"T.Smith","statId":112,"yards":8}],"00-0026160":[{"sequence":3,"clubcode":"TB","playerName":"A.Talib","statId":85,"yards":0}]}},"3616":{"sp":0,"qtr":4,"down":2,"time":"01:18","yrdln":"SF 44","ydstogo":10,"ydsnet":43,"posteam":"SF","desc":"(1:18) (Shotgun) T.Smith pass short right to K.Williams to TB 48 for 8 yards (G.Hayes). Caught at SF 48.","note":null,"players":{"00-0025561":[{"sequence":1,"clubcode":"SF","playerName":"T.Smith","statId":15,"yards":8},{"sequence":2,"clubcode":"SF","playerName":"T.Smith","statId":111,"yards":4}],"00-0026315":[{"sequence":6,"clubcode":"TB","playerName":"G.Hayes","statId":79,"yards":0}],"00-0027608":[{"sequence":3,"clubcode":"SF","playerName":"K.Williams","statId":21,"yards":8},{"sequence":4,"clubcode":"SF","playerName":"K.Williams","statId":115,"yards":0},{"sequence":5,"clubcode":"SF","playerName":"K.Williams","statId":113,"yards":4}]}},"3640":{"sp":0,"qtr":4,"down":3,"time":"00:53","yrdln":"TB 48","ydstogo":2,"ydsnet":43,"posteam":"SF","desc":"(:53) (Shotgun) T.Smith pass incomplete deep middle to Del.Walker (B.Ruud) [G.McCoy].","note":null,"players":{"00-0023471":[{"sequence":4,"clubcode":"TB","playerName":"B.Ruud","statId":85,"yards":0}],"00-0027856":[{"sequence":5,"clubcode":"TB","playerName":"G.McCoy","statId":110,"yards":0}],"00-0025561":[{"sequence":2,"clubcode":"SF","playerName":"T.Smith","statId":14,"yards":0},{"sequence":6,"clubcode":"SF","playerName":"T.Smith","statId":112,"yards":23}],"0":[{"sequence":1,"clubcode":"SF","playerName":"","statId":7,"yards":0}],"00-0024389":[{"sequence":3,"clubcode":"SF","playerName":"Del.Walker","statId":115,"yards":0}]}},"3666":{"sp":0,"qtr":4,"down":4,"time":"00:47","yrdln":"TB 48","ydstogo":2,"ydsnet":38,"posteam":"SF","desc":"(:47) (Shotgun) T.Smith sacked at SF 47 for -5 yards (sack split by G.McCoy and S.White).","note":null,"players":{"00-0027856":[{"sequence":3,"clubcode":"TB","playerName":"G.McCoy","statId":84,"yards":-5},{"sequence":5,"clubcode":"TB","playerName":"G.McCoy","statId":110,"yards":0},{"sequence":7,"clubcode":"TB","playerName":"G.McCoy","statId":82,"yards":0}],"00-0025561":[{"sequence":2,"clubcode":"SF","playerName":"T.Smith","statId":20,"yards":-5}],"00-0021332":[{"sequence":4,"clubcode":"TB","playerName":"S.White","statId":84,"yards":-5},{"sequence":6,"clubcode":"TB","playerName":"S.White","statId":110,"yards":0},{"sequence":8,"clubcode":"TB","playerName":"S.White","statId":82,"yards":0}],"0":[{"sequence":1,"clubcode":"SF","playerName":"","statId":9,"yards":0}]}}},"fds":2,"result":"Downs","penyds":15,"ydsgained":23,"numplays":10,"postime":"2:23","start":{"qtr":4,"time":"03:01","yrdln":"SF 9","team":"SF"},"end":{"qtr":4,"time":"00:38","yrdln":"TB 48","team":"SF"}},"23":{"posteam":"TB","qtr":4,"redzone":true,"plays":{"3686":{"sp":0,"qtr":4,"down":1,"time":"00:38","yrdln":"SF 47","ydstogo":10,"ydsnet":-1,"posteam":"TB","desc":"(:38) J.Freeman kneels to SF 48 for -1 yards.","note":null,"players":{"00-0026993":[{"sequence":1,"clubcode":"TB","playerName":"J.Freeman","statId":10,"yards":-1}]}},"3707":{"sp":0,"qtr":4,"down":0,"time":"00:00","yrdln":"","ydstogo":0,"ydsnet":-1,"posteam":"","desc":"END GAME","note":null,"players":{}}},"fds":0,"result":"End of Game","penyds":0,"ydsgained":-1,"numplays":2,"postime":"0:38","start":{"qtr":4,"time":"00:38","yrdln":"SF 47","team":"TB"},"end":{"qtr":4,"time":"00:00","yrdln":"","team":"TB"}},"crntdrv":23},"scrsummary":{"1079":{"type":"TD","desc":"C.Williams 6 yd. run (C.Barth kick is good) Drive: 14 plays, 80 yards in 7:31","qtr":2,"team":"TB","players":{"":"0","C.Williams":"00-0023440","C.Barth":"00-0026138"}},"2460":{"type":"TD","desc":"M.Williams 8 yd. pass from J.Freeman (C.Barth kick is good) Drive: 5 plays, 66 yards in 2:55","qtr":3,"team":"TB","players":{"":"0","J.Freeman":"00-0026993","M.Williams":"00-0027702","C.Barth":"00-0026138"}},"3007":{"type":"TD","desc":"D.Penn 1 yd. pass from J.Freeman (C.Barth kick is good) Drive: 4 plays, 7 yards in 2:17","qtr":4,"team":"TB","players":{"":"0","J.Freeman":"00-0026993","D.Penn":"00-0023894","C.Barth":"00-0026138"}}},"weather":null,"media":null,"yl":"","qtr":"Final","note":null,"down":0,"togo":0,"redzone":true,"clock":"00:38","posteam":"TB","stadium":null},"nextupdate":319}