{"2010091901":{"home":{"score":{"1":13,"2":0,"3":14,"4":7,"5":0,"T":34},"abbr":"GB","to":3,"stats":{"passing":{"00-0023459":{"name":"A.Rodgers","att":29,"cmp":19,"yds":255,"tds":2,"ints":0,"twopta":0,"twoptm":0}},"rushing":{"00-0022999":{"name":"J.Kuhn","att":9,"yds":36,"tds":0,"lng":12,"lngtd":0,"twopta":0,"twoptm":0},"00-0025450":{"name":"B.Jackson","att":11,"yds":29,"tds":1,"lng":6,"lngtd":1,"twopta":0,"twoptm":0},"00-0023459":{"name":"A.Rodgers","att":5,"yds":20,"tds":1,"lng":12,"lngtd":9,"twopta":0,"twoptm":0},"00-0027201":{"name":"D.Nance","att":2,"yds":6,"tds":0,"lng":4,"lngtd":0,"twopta":0,"twoptm":0}},"receiving":{"00-0026231":{"name":"J.Finley","rec":4,"yds":103,"tds":0,"lng":34,"lngtd":0,"twopta":0,"twoptm":0},"00-0004541":{"name":"D.Driver","rec":4,"yds":38,"tds":1,"lng":13,"lngtd":7,"twopta":0,"twoptm":0},"00-0024267":{"name":"G.Jennings","rec":3,"yds":36,"tds":0,"lng":21,"lngtd":0,"twopta":0,"twoptm":0},"00-0025465":{"name":"J.Jones","rec":3,"yds":32,"tds":1,"lng":30,"lngtd":30,"twopta":0,"twoptm":0},"00-0026176":{"name":"J.Nelson","rec":2,"yds":26,"tds":0,"lng":15,"lngtd":0,"twopta":0,"twoptm":0},"00-0027106":{"name":"Q.Johnson","rec":1,"yds":11,"tds":0,"lng":11,"lngtd":0,"twopta":0,"twoptm":0},"00-0025450":{"name":"B.Jackson","rec":1,"yds":10,"tds":0,"lng":10,"lngtd":0,"twopta":0,"twoptm":0},"00-0021929":{"name":"D.Lee","rec":1,"yds":-1,"tds":0,"lng":-1,"lngtd":0,"twopta":0,"twoptm":0}},"fumbles":{"00-0022999":{"name":"J.Kuhn","tot":1,"rcv":1,"trcv":1,"yds":0,"lost":0},"00-0025465":{"name":"J.Jones","tot":1,"rcv":0,"trcv":0,"yds":0,"lost":0},"00-0025450":{"name":"B.Jackson","tot":0,"rcv":1,"trcv":1,"yds":0,"lost":0}},"kicking":{"00-0025580":{"name":"M.Crosby","fgm":2,"fga":2,"fgyds":44,"totpfg":6,"xpmade":4,"xpmissed":0,"xpa":4,"xpb":0,"xptot":4}},"punting":{"00-0026664":{"name":"T.Masthay","pts":3,"yds":121,"avg":34,"i20":0,"lng":45}},"kickret":{"00-0026176":{"name":"J.Nelson","ret":2,"avg":30,"tds":0,"lng":34,"lngtd":0}},"puntret":{"00-0024061":{"name":"T.Williams","ret":3,"avg":7,"tds":0,"lng":9,"lngtd":0}},"defense":{"00-0021990":{"name":"N.Barnett","tkl":7,"ast":2,"sk":0,"int":0,"ffum":0},"00-0024220":{"name":"A.Hawk","tkl":4,"ast":5,"sk":0,"int":0,"ffum":0},"00-0023486":{"name":"N.Collins","tkl":6,"ast":1,"sk":0,"int":0,"ffum":0},"00-0027002":{"name":"C.Matthews","tkl":5,"ast":0,"sk":3,"int":0,"ffum":0},"00-0018227":{"name":"C.Woodson","tkl":5,"ast":0,"sk":0,"int":0,"ffum":0},"00-0027676":{"name":"M.Burnett","tkl":3,"ast":2,"sk":0,"int":1,"ffum":0},"00-0020515":{"name":"R.Pickett","tkl":3,"ast":0,"sk":0,"int":0,"ffum":0},"00-0021706":{"name":"C.Jenkins","tkl":2,"ast":1,"sk":1,"int":0,"ffum":0},"00-0024061":{"name":"T.Williams","tkl":2,"ast":1,"sk":0,"int":0,"ffum":0},"00-0026946":{"name":"B.Jones","tkl":1,"ast":2,"sk":0,"int":0,"ffum":0},"00-0027440":{"name":"S.Shields","tkl":2,"ast":0,"sk":0,"int":0,"ffum":0},"00-0022711":{"name":"B.Chillar","tkl":1,"ast":1,"sk":0,"int":1,"ffum":0},"00-0026985":{"name":"B.Raji","tkl":1,"ast":1,"sk":0,"int":0,"ffum":0},"00-0027822":{"name":"C.Wilson","tkl":1,"ast":0,"sk":0,"int":0,"ffum":0},"00-0023559":{"name":"B.Poppinga","tkl":1,"ast":0,"sk":0,"int":0,"ffum":0}},"team":{"totfd":18,"totyds":346,"pyds":255,"ryds":91,"pen":6,"penyds":49,"trnovr":0,"pt":3,"ptyds":121,"ptavg":34,"top":"30:56"}},"players":null},"away":{"score":{"1":0,"2":7,"3":0,"4":0,"5":0,"T":7},"abbr":"BUF","to":2,"stats":{"passing":{"00-0025479":{"name":"T.Edwards","att":18,"cmp":11,"yds":102,"tds":0,"ints":2,"twopta":0,"twoptm":0}},"rushing":{"00-0025399":{"name":"M.Lynch","att":17,"yds":64,"tds":0,"lng":14,"lngtd":0,"twopta":0,"twoptm":0},"00-0024204":{"name":"F.Jackson","att":9,"yds":39,"tds":1,"lng":11,"lngtd":3,"twopta":0,"twoptm":0},"00-0025479":{"name":"T.Edwards","att":3,"yds":12,"tds":0,"lng":7,"lngtd":0,"twopta":0,"twoptm":0},"00-0023490":{"name":"R.Parrish","att":1,"yds":4,"tds":0,"lng":4,"lngtd":0,"twopta":0,"twoptm":0},"00-0027861":{"name":"C.Spiller","att":1,"yds":3,"tds":0,"lng":3,"lngtd":0,"twopta":0,"twoptm":0},"00-0020804":{"name":"C.McIntyre","att":1,"yds":2,"tds":0,"lng":2,"lngtd":0,"twopta":0,"twoptm":0}},"receiving":{"00-0027861":{"name":"C.Spiller","rec":4,"yds":23,"tds":0,"lng":7,"lngtd":0,"twopta":0,"twoptm":0},"00-0026364":{"name":"St. Johnson","rec":3,"yds":31,"tds":0,"lng":15,"lngtd":0,"twopta":0,"twoptm":0},"00-0023490":{"name":"R.Parrish","rec":2,"yds":34,"tds":0,"lng":21,"lngtd":0,"twopta":0,"twoptm":0},"00-0025864":{"name":"J.Stupar","rec":2,"yds":14,"tds":0,"lng":9,"lngtd":0,"twopta":0,"twoptm":0}},"fumbles":{},"kicking":{"00-0019310":{"name":"R.Lindell","fgm":0,"fga":0,"fgyds":0,"totpfg":0,"xpmade":1,"xpmissed":0,"xpa":1,"xpb":0,"xptot":1}},"punting":{"00-0011626":{"name":"B.Moorman","pts":5,"yds":232,"avg":38,"i20":1,"lng":51}},"kickret":{"00-0027861":{"name":"C.Spiller","ret":6,"avg":29,"tds":0,"lng":41,"lngtd":0},"00-0027518":{"name":"D.Jones","ret":1,"avg":18,"tds":0,"lng":18,"lngtd":0}},"puntret":{"00-0023490":{"name":"R.Parrish","ret":1,"avg":0,"tds":0,"lng":0,"lngtd":0}},"defense":{"00-0021995":{"name":"C.Kelsay","tkl":7,"ast":1,"sk":0,"int":0,"ffum":0},"00-0021257":{"name":"A.Davis","tkl":5,"ast":2,"sk":0,"int":0,"ffum":1},"00-0022750":{"name":"D.Edwards","tkl":4,"ast":1,"sk":0,"int":0,"ffum":0},"00-0024392":{"name":"K.Ellison","tkl":4,"ast":0,"sk":0,"int":0,"ffum":0},"00-0026151":{"name":"L.McKelvin","tkl":4,"ast":0,"sk":0,"int":0,"ffum":1},"00-0027018":{"name":"J.Byrd","tkl":3,"ast":1,"sk":0,"int":0,"ffum":0},"00-0024348":{"name":"K.Williams","tkl":3,"ast":0,"sk":0,"int":0,"ffum":0},"00-0020492":{"name":"M.Stroud","tkl":2,"ast":1,"sk":0,"int":0,"ffum":0},"00-0021951":{"name":"B.Scott","tkl":2,"ast":1,"sk":0,"int":0,"ffum":0},"00-0022610":{"name":"Sp.Johnson","tkl":1,"ast":2,"sk":0,"int":0,"ffum":0},"00-0021994":{"name":"D.Florence","tkl":2,"ast":0,"sk":0,"int":0,"ffum":0},"00-0024223":{"name":"D.Whitner","tkl":0,"ast":2,"sk":0,"int":0,"ffum":0},"00-0027655":{"name":"T.Troup","tkl":1,"ast":0,"sk":0,"int":0,"ffum":0},"00-0026254":{"name":"R.Corner","tkl":1,"ast":0,"sk":0,"int":0,"ffum":0},"00-0022008":{"name":"T.McGee","tkl":1,"ast":0,"sk":0,"int":0,"ffum":0},"00-0026987":{"name":"A.Maybin","tkl":1,"ast":0,"sk":0,"int":0,"ffum":0},"00-0024204":{"name":"F.Jackson","tkl":1,"ast":0,"sk":0,"int":0,"ffum":0},"00-0021214":{"name":"A.Ayodele","tkl":0,"ast":1,"sk":0,"int":0,"ffum":0},"00-0022810":{"name":"R.Torbor","tkl":0,"ast":1,"sk":0,"int":0,"ffum":0}},"team":{"totfd":14,"totyds":186,"pyds":62,"ryds":124,"pen":4,"penyds":35,"trnovr":2,"pt":5,"ptyds":232,"ptavg":38,"top":"29:04"}},"players":null},"drives":{"1":{"posteam":"GB","qtr":1,"redzone":true,"plays":{"36":{"sp":0,"qtr":1,"down":0,"time":"15:00","yrdln":"BUF 30","ydstogo":0,"ydsnet":0,"posteam":"BUF","desc":"R.Lindell kicks 70 yards from BUF 30 to GB 0. J.Nelson to GB 34 for 34 yards (R.Corner).","note":"KICKOFF","players":{"00-0019310":[{"sequence":1,"clubcode":"BUF","playerName":"R.Lindell","statId":43,"yards":70}],"00-0026254":[{"sequence":3,"clubcode":"BUF","playerName":"R.Corner","statId":79,"yards":0}],"00-0026176":[{"sequence":2,"clubcode":"GB","playerName":"J.Nelson","statId":45,"yards":34}]}},"58":{"sp":0,"qtr":1,"down":1,"time":"14:55","yrdln":"GB 34","ydstogo":10,"ydsnet":22,"posteam":"GB","desc":"(14:55) A.Rodgers pass short middle to D.Driver to GB 47 for 13 yards (J.Byrd, A.Davis) [K.Williams]. Penalty on BUF-K.Williams, Defensive Offside, declined.","note":null,"players":{"00-0027018":[{"sequence":8,"clubcode":"BUF","playerName":"J.Byrd","statId":80,"yards":0}],"0":[{"sequence":1,"clubcode":"GB","playerName":"","statId":4,"yards":0}],"00-0004541":[{"sequence":4,"clubcode":"GB","playerName":"D.Driver","statId":21,"yards":13},{"sequence":5,"clubcode":"GB","playerName":"D.Driver","statId":115,"yards":0},{"sequence":6,"clubcode":"GB","playerName":"D.Driver","statId":113,"yards":0}],"00-0024348":[{"sequence":7,"clubcode":"BUF","playerName":"K.Williams","statId":110,"yards":0}],"00-0023459":[{"sequence":2,"clubcode":"GB","playerName":"A.Rodgers","statId":15,"yards":13},{"sequence":3,"clubcode":"GB","playerName":"A.Rodgers","statId":111,"yards":13}],"00-0021257":[{"sequence":9,"clubcode":"BUF","playerName":"A.Davis","statId":82,"yards":0}]}},"93":{"sp":0,"qtr":1,"down":1,"time":"14:26","yrdln":"GB 47","ydstogo":10,"ydsnet":19,"posteam":"GB","desc":"(14:26) B.Jackson right tackle to BUF 47 for 6 yards (K.Ellison).","note":null,"players":{"00-0024392":[{"sequence":2,"clubcode":"BUF","playerName":"K.Ellison","statId":79,"yards":0}],"00-0025450":[{"sequence":1,"clubcode":"GB","playerName":"B.Jackson","statId":10,"yards":6}]}},"114":{"sp":0,"qtr":1,"down":2,"time":"13:49","yrdln":"BUF 47","ydstogo":4,"ydsnet":22,"posteam":"GB","desc":"(13:49) J.Kuhn right guard to BUF 44 for 3 yards (K.Williams).","note":null,"players":{"00-0022999":[{"sequence":1,"clubcode":"GB","playerName":"J.Kuhn","statId":10,"yards":3}],"00-0024348":[{"sequence":2,"clubcode":"BUF","playerName":"K.Williams","statId":79,"yards":0}]}},"135":{"sp":0,"qtr":1,"down":3,"time":"13:10","yrdln":"BUF 44","ydstogo":1,"ydsnet":33,"posteam":"GB","desc":"(13:10) A.Rodgers pass short left to Q.Johnson pushed ob at BUF 33 for 11 yards (K.Ellison, C.Kelsay).","note":null,"players":{"00-0027106":[{"sequence":5,"clubcode":"GB","playerName":"Q.Johnson","statId":21,"yards":11},{"sequence":6,"clubcode":"GB","playerName":"Q.Johnson","statId":115,"yards":0},{"sequence":7,"clubcode":"GB","playerName":"Q.Johnson","statId":113,"yards":11}],"0":[{"sequence":1,"clubcode":"GB","playerName":"","statId":4,"yards":0},{"sequence":2,"clubcode":"GB","playerName":"","statId":6,"yards":0}],"00-0024392":[{"sequence":8,"clubcode":"BUF","playerName":"K.Ellison","statId":80,"yards":0}],"00-0023459":[{"sequence":3,"clubcode":"GB","playerName":"A.Rodgers","statId":15,"yards":11},{"sequence":4,"clubcode":"GB","playerName":"A.Rodgers","statId":111,"yards":0}],"00-0021995":[{"sequence":9,"clubcode":"BUF","playerName":"C.Kelsay","statId":82,"yards":0}]}},"159":{"sp":0,"qtr":1,"down":1,"time":"12:45","yrdln":"BUF 33","ydstogo":10,"ydsnet":35,"posteam":"GB","desc":"(12:45) J.Kuhn right tackle to BUF 31 for 2 yards (K.Williams).","note":null,"players":{"00-0022999":[{"sequence":1,"clubcode":"GB","playerName":"J.Kuhn","statId":10,"yards":2}],"00-0024348":[{"sequence":2,"clubcode":"BUF","playerName":"K.Williams","statId":79,"yards":0}]}},"180":{"sp":0,"qtr":1,"down":2,"time":"12:08","yrdln":"BUF 31","ydstogo":8,"ydsnet":40,"posteam":"GB","desc":"(12:08) (Shotgun) A.Rodgers pass incomplete deep right to J.Jones. PENALTY on BUF-K.Williams, Defensive Offside, 5 yards, enforced at BUF 31 - No Play.","note":"PENALTY","players":{"00-0024348":[{"sequence":1,"clubcode":"BUF","playerName":"K.Williams","statId":93,"yards":5}]}},"213":{"sp":0,"qtr":1,"down":2,"time":"12:02","yrdln":"BUF 26","ydstogo":3,"ydsnet":40,"posteam":"GB","desc":"(12:02) (Shotgun) A.Rodgers pass incomplete short right to J.Finley (T.Troup).","note":null,"players":{"00-0026231":[{"sequence":2,"clubcode":"GB","playerName":"J.Finley","statId":115,"yards":0}],"00-0023459":[{"sequence":1,"clubcode":"GB","playerName":"A.Rodgers","statId":14,"yards":0},{"sequence":4,"clubcode":"GB","playerName":"A.Rodgers","statId":112,"yards":0}],"00-0027655":[{"sequence":3,"clubcode":"BUF","playerName":"T.Troup","statId":85,"yards":0}]}},"235":{"sp":0,"qtr":1,"down":0,"time":"11:58","yrdln":"","ydstogo":0,"ydsnet":40,"posteam":"","desc":"Timeout #1 by GB at 11:58.","note":"TIMEOUT","players":{"0":[{"sequence":1,"clubcode":"GB","playerName":"","statId":68,"yards":0}]}},"252":{"sp":0,"qtr":1,"down":3,"time":"11:58","yrdln":"BUF 26","ydstogo":3,"ydsnet":40,"posteam":"GB","desc":"(11:58) (Shotgun) A.Rodgers pass incomplete deep left to J.Jones.","note":null,"players":{"0":[{"sequence":1,"clubcode":"GB","playerName":"","statId":7,"yards":0}],"00-0025465":[{"sequence":3,"clubcode":"GB","playerName":"J.Jones","statId":115,"yards":0}],"00-0023459":[{"sequence":2,"clubcode":"GB","playerName":"A.Rodgers","statId":14,"yards":0},{"sequence":4,"clubcode":"GB","playerName":"A.Rodgers","statId":112,"yards":23}]}},"274":{"sp":1,"qtr":1,"down":4,"time":"11:53","yrdln":"BUF 26","ydstogo":3,"ydsnet":40,"posteam":"GB","desc":"(11:53) M.Crosby 44 yard field goal is GOOD, Center-B.Goode, Holder-T.Masthay.","note":"FG","players":{"00-0025580":[{"sequence":1,"clubcode":"GB","playerName":"M.Crosby","statId":70,"yards":44}]}}},"fds":2,"result":"Field Goal","penyds":5,"ydsgained":35,"numplays":11,"postime":"3:11","start":{"qtr":1,"time":"15:00","yrdln":"GB 34","team":"GB"},"end":{"qtr":1,"time":"11:49","yrdln":"BUF 26","team":"GB"}},"2":{"posteam":"BUF","qtr":1,"redzone":true,"plays":{"294":{"sp":0,"qtr":1,"down":0,"time":"11:49","yrdln":"GB 30","ydstogo":0,"ydsnet":0,"posteam":"GB","desc":"M.Crosby kicks 69 yards from GB 30 to BUF 1. D.Jones to BUF 19 for 18 yards (D.Martin).","note":"KICKOFF","players":{"00-0024422":[{"sequence":4,"clubcode":"GB","playerName":"D.Martin","statId":79,"yards":0}],"00-0025580":[{"sequence":1,"clubcode":"GB","playerName":"M.Crosby","statId":41,"yards":69},{"sequence":3,"clubcode":"GB","playerName":"M.Crosby","statId":42,"yards":0}],"00-0027518":[{"sequence":2,"clubcode":"BUF","playerName":"D.Jones","statId":45,"yards":18}]}},"316":{"sp":0,"qtr":1,"down":1,"time":"11:44","yrdln":"BUF 19","ydstogo":10,"ydsnet":2,"posteam":"BUF","desc":"(11:44) M.Lynch right tackle to BUF 21 for 2 yards (A.Hawk).","note":null,"players":{"00-0025399":[{"sequence":1,"clubcode":"BUF","playerName":"M.Lynch","statId":10,"yards":2}],"00-0024220":[{"sequence":2,"clubcode":"GB","playerName":"A.Hawk","statId":79,"yards":0}]}},"337":{"sp":0,"qtr":1,"down":2,"time":"11:06","yrdln":"BUF 21","ydstogo":8,"ydsnet":1,"posteam":"BUF","desc":"(11:06) M.Lynch left end to BUF 20 for -1 yards (C.Woodson).","note":null,"players":{"00-0025399":[{"sequence":1,"clubcode":"BUF","playerName":"M.Lynch","statId":10,"yards":-1}],"00-0018227":[{"sequence":3,"clubcode":"GB","playerName":"C.Woodson","statId":79,"yards":0},{"sequence":4,"clubcode":"GB","playerName":"C.Woodson","statId":120,"yards":0}],"0":[{"sequence":2,"clubcode":"BUF","playerName":"","statId":95,"yards":-1}]}},"358":{"sp":0,"qtr":1,"down":3,"time":"10:19","yrdln":"BUF 20","ydstogo":9,"ydsnet":-12,"posteam":"BUF","desc":"(10:19) (Shotgun) T.Edwards sacked at BUF 7 for -13 yards (C.Matthews).","note":null,"players":{"00-0027002":[{"sequence":3,"clubcode":"GB","playerName":"C.Matthews","statId":83,"yards":-13},{"sequence":4,"clubcode":"GB","playerName":"C.Matthews","statId":110,"yards":0},{"sequence":5,"clubcode":"GB","playerName":"C.Matthews","statId":79,"yards":0},{"sequence":6,"clubcode":"GB","playerName":"C.Matthews","statId":120,"yards":0}],"0":[{"sequence":1,"clubcode":"BUF","playerName":"","statId":7,"yards":0}],"00-0025479":[{"sequence":2,"clubcode":"BUF","playerName":"T.Edwards","statId":20,"yards":-13}]}},"377":{"sp":0,"qtr":1,"down":4,"time":"09:44","yrdln":"BUF 7","ydstogo":22,"ydsnet":-12,"posteam":"BUF","desc":"(9:44) B.Moorman punts 51 yards to GB 42, Center-G.Sanborn. T.Williams ran ob at BUF 49 for 9 yards (A.Moats).","note":"PUNT","players":{"00-0027777":[{"sequence":3,"clubcode":"BUF","playerName":"A.Moats","statId":79,"yards":0}],"00-0011626":[{"sequence":1,"clubcode":"BUF","playerName":"B.Moorman","statId":29,"yards":51}],"00-0024061":[{"sequence":2,"clubcode":"GB","playerName":"T.Williams","statId":33,"yards":9}]}}},"fds":0,"result":"Punt","penyds":0,"ydsgained":-12,"numplays":5,"postime":"2:16","start":{"qtr":1,"time":"11:49","yrdln":"BUF 19","team":"BUF"},"end":{"qtr":1,"time":"09:33","yrdln":"BUF 7","team":"BUF"}},"3":{"posteam":"GB","qtr":1,"redzone":true,"plays":{"403":{"sp":0,"qtr":1,"down":1,"time":"09:33","yrdln":"BUF 49","ydstogo":10,"ydsnet":7,"posteam":"GB","desc":"(9:33) A.Rodgers pass short left to D.Driver pushed ob at BUF 42 for 7 yards (C.Kelsay).","note":null,"players":{"00-0004541":[{"sequence":3,"clubcode":"GB","playerName":"D.Driver","statId":21,"yards":7},{"sequence":4,"clubcode":"GB","playerName":"D.Driver","statId":115,"yards":0},{"sequence":5,"clubcode":"GB","playerName":"D.Driver","statId":113,"yards":5}],"00-0023459":[{"sequence":1,"clubcode":"GB","playerName":"A.Rodgers","statId":15,"yards":7},{"sequence":2,"clubcode":"GB","playerName":"A.Rodgers","statId":111,"yards":2}],"00-0021995":[{"sequence":6,"clubcode":"BUF","playerName":"C.Kelsay","statId":79,"yards":0}]}},"427":{"sp":0,"qtr":1,"down":2,"time":"09:05","yrdln":"BUF 42","ydstogo":3,"ydsnet":41,"posteam":"GB","desc":"(9:05) A.Rodgers pass short middle to J.Finley pushed ob at BUF 8 for 34 yards (J.Byrd).","note":null,"players":{"00-0026231":[{"sequence":4,"clubcode":"GB","playerName":"J.Finley","statId":21,"yards":34},{"sequence":5,"clubcode":"GB","playerName":"J.Finley","statId":115,"yards":0},{"sequence":6,"clubcode":"GB","playerName":"J.Finley","statId":113,"yards":24}],"00-0027018":[{"sequence":7,"clubcode":"BUF","playerName":"J.Byrd","statId":79,"yards":0}],"0":[{"sequence":1,"clubcode":"GB","playerName":"","statId":4,"yards":0}],"00-0023459":[{"sequence":2,"clubcode":"GB","playerName":"A.Rodgers","statId":15,"yards":34},{"sequence":3,"clubcode":"GB","playerName":"A.Rodgers","statId":111,"yards":10}]}},"451":{"sp":0,"qtr":1,"down":1,"time":"08:28","yrdln":"BUF 8","ydstogo":8,"ydsnet":43,"posteam":"GB","desc":"(8:28) (Shotgun) B.Jackson up the middle to BUF 6 for 2 yards (C.Kelsay, D.Edwards).","note":null,"players":{"00-0022750":[{"sequence":3,"clubcode":"BUF","playerName":"D.Edwards","statId":82,"yards":0}],"00-0025450":[{"sequence":1,"clubcode":"GB","playerName":"B.Jackson","statId":10,"yards":2}],"00-0021995":[{"sequence":2,"clubcode":"BUF","playerName":"C.Kelsay","statId":80,"yards":0}]}},"472":{"sp":0,"qtr":1,"down":2,"time":"07:48","yrdln":"BUF 6","ydstogo":6,"ydsnet":43,"posteam":"GB","desc":"(7:48) (Shotgun) A.Rodgers pass incomplete short left to J.Finley.","note":null,"players":{"00-0026231":[{"sequence":2,"clubcode":"GB","playerName":"J.Finley","statId":115,"yards":0}],"00-0023459":[{"sequence":1,"clubcode":"GB","playerName":"A.Rodgers","statId":14,"yards":0},{"sequence":3,"clubcode":"GB","playerName":"A.Rodgers","statId":112,"yards":5}]}},"494":{"sp":0,"qtr":1,"down":3,"time":"07:45","yrdln":"BUF 6","ydstogo":6,"ydsnet":43,"posteam":"GB","desc":"(7:45) (Shotgun) A.Rodgers pass incomplete short right to J.Jones (K.Ellison).","note":null,"players":{"0":[{"sequence":1,"clubcode":"GB","playerName":"","statId":7,"yards":0}],"00-0024392":[{"sequence":4,"clubcode":"BUF","playerName":"K.Ellison","statId":85,"yards":0}],"00-0025465":[{"sequence":3,"clubcode":"GB","playerName":"J.Jones","statId":115,"yards":0}],"00-0023459":[{"sequence":2,"clubcode":"GB","playerName":"A.Rodgers","statId":14,"yards":0},{"sequence":5,"clubcode":"GB","playerName":"A.Rodgers","statId":112,"yards":6}]}},"516":{"sp":1,"qtr":1,"down":4,"time":"07:38","yrdln":"BUF 6","ydstogo":6,"ydsnet":43,"posteam":"GB","desc":"(7:38) M.Crosby 24 yard field goal is GOOD, Center-B.Goode, Holder-T.Masthay.","note":"FG","players":{"00-0025580":[{"sequence":1,"clubcode":"GB","playerName":"M.Crosby","statId":70,"yards":24}]}}},"fds":1,"result":"Field Goal","penyds":0,"ydsgained":43,"numplays":6,"postime":"1:58","start":{"qtr":1,"time":"09:33","yrdln":"BUF 49","team":"GB"},"end":{"qtr":1,"time":"07:35","yrdln":"BUF 6","team":"GB"}},"4":{"posteam":"BUF","qtr":1,"redzone":true,"plays":{"536":{"sp":0,"qtr":1,"down":0,"time":"07:35","yrdln":"GB 30","ydstogo":0,"ydsnet":0,"posteam":"GB","desc":"M.Crosby kicks 70 yards from GB 30 to BUF 0. C.Spiller pushed ob at BUF 31 for 31 yards (B.Poppinga).","note":"KICKOFF","players":{"00-0025580":[{"sequence":1,"clubcode":"GB","playerName":"M.Crosby","statId":43,"yards":70}],"00-0027861":[{"sequence":2,"clubcode":"BUF","playerName":"C.Spiller","statId":45,"yards":31}],"00-0023559":[{"sequence":3,"clubcode":"GB","playerName":"B.Poppinga","statId":79,"yards":0}]}},"558":{"sp":0,"qtr":1,"down":1,"time":"07:28","yrdln":"BUF 31","ydstogo":10,"ydsnet":5,"posteam":"BUF","desc":"(7:28) M.Lynch left tackle to BUF 36 for 5 yards (N.Collins). BUF-A.Levitre was injured during the play.","note":null,"players":{"00-0025399":[{"sequence":1,"clubcode":"BUF","playerName":"M.Lynch","statId":10,"yards":5}],"00-0023486":[{"sequence":2,"clubcode":"GB","playerName":"N.Collins","statId":79,"yards":0}]}},"582":{"sp":0,"qtr":1,"down":2,"time":"06:57","yrdln":"BUF 36","ydstogo":5,"ydsnet":-2,"posteam":"BUF","desc":"(6:57) T.Edwards sacked at BUF 29 for -7 yards (C.Jenkins).","note":null,"players":{"00-0021706":[{"sequence":2,"clubcode":"GB","playerName":"C.Jenkins","statId":83,"yards":-7},{"sequence":3,"clubcode":"GB","playerName":"C.Jenkins","statId":110,"yards":0},{"sequence":4,"clubcode":"GB","playerName":"C.Jenkins","statId":79,"yards":0},{"sequence":5,"clubcode":"GB","playerName":"C.Jenkins","statId":120,"yards":0}],"00-0025479":[{"sequence":1,"clubcode":"BUF","playerName":"T.Edwards","statId":20,"yards":-7}]}},"601":{"sp":0,"qtr":1,"down":3,"time":"06:18","yrdln":"BUF 29","ydstogo":12,"ydsnet":-2,"posteam":"BUF","desc":"(6:18) (Shotgun) T.Edwards pass incomplete short middle to F.Jackson.","note":null,"players":{"00-0024204":[{"sequence":3,"clubcode":"BUF","playerName":"F.Jackson","statId":115,"yards":0}],"0":[{"sequence":1,"clubcode":"BUF","playerName":"","statId":7,"yards":0}],"00-0025479":[{"sequence":2,"clubcode":"BUF","playerName":"T.Edwards","statId":14,"yards":0},{"sequence":4,"clubcode":"BUF","playerName":"T.Edwards","statId":112,"yards":3}]}},"623":{"sp":0,"qtr":1,"down":4,"time":"06:14","yrdln":"BUF 29","ydstogo":12,"ydsnet":-2,"posteam":"BUF","desc":"(6:14) B.Moorman punts 49 yards to GB 22, Center-G.Sanborn. T.Williams to GB 28 for 6 yards (A.Moats).","note":"PUNT","players":{"00-0027777":[{"sequence":3,"clubcode":"BUF","playerName":"A.Moats","statId":79,"yards":0}],"00-0011626":[{"sequence":1,"clubcode":"BUF","playerName":"B.Moorman","statId":29,"yards":49}],"00-0024061":[{"sequence":2,"clubcode":"GB","playerName":"T.Williams","statId":33,"yards":6}]}}},"fds":0,"result":"Punt","penyds":0,"ydsgained":-2,"numplays":5,"postime":"1:33","start":{"qtr":1,"time":"07:35","yrdln":"BUF 31","team":"BUF"},"end":{"qtr":1,"time":"06:02","yrdln":"BUF 29","team":"BUF"}},"5":{"posteam":"GB","qtr":1,"redzone":true,"plays":{"649":{"sp":0,"qtr":1,"down":1,"time":"06:02","yrdln":"GB 28","ydstogo":10,"ydsnet":1,"posteam":"GB","desc":"(6:02) B.Jackson left end to GB 29 for 1 yard (D.Edwards).","note":null,"players":{"00-0022750":[{"sequence":2,"clubcode":"BUF","playerName":"D.Edwards","statId":79,"yards":0}],"00-0025450":[{"sequence":1,"clubcode":"GB","playerName":"B.Jackson","statId":10,"yards":1}]}},"670":{"sp":0,"qtr":1,"down":2,"time":"05:25","yrdln":"GB 29","ydstogo":9,"ydsnet":12,"posteam":"GB","desc":"(5:25) (Shotgun) A.Rodgers pass short right to D.Driver to GB 40 for 11 yards (D.Florence).","note":null,"players":{"0":[{"sequence":1,"clubcode":"GB","playerName":"","statId":4,"yards":0}],"00-0021994":[{"sequence":7,"clubcode":"BUF","playerName":"D.Florence","statId":79,"yards":0}],"00-0004541":[{"sequence":4,"clubcode":"GB","playerName":"D.Driver","statId":21,"yards":11},{"sequence":5,"clubcode":"GB","playerName":"D.Driver","statId":115,"yards":0},{"sequence":6,"clubcode":"GB","playerName":"D.Driver","statId":113,"yards":7}],"00-0023459":[{"sequence":2,"clubcode":"GB","playerName":"A.Rodgers","statId":15,"yards":11},{"sequence":3,"clubcode":"GB","playerName":"A.Rodgers","statId":111,"yards":4}]}},"694":{"sp":0,"qtr":1,"down":1,"time":"04:44","yrdln":"GB 40","ydstogo":10,"ydsnet":16,"posteam":"GB","desc":"(4:44) D.Nance up the middle to GB 44 for 4 yards (Sp.Johnson).","note":null,"players":{"00-0027201":[{"sequence":1,"clubcode":"GB","playerName":"D.Nance","statId":10,"yards":4}],"00-0022610":[{"sequence":2,"clubcode":"BUF","playerName":"Sp.Johnson","statId":79,"yards":0}]}},"715":{"sp":0,"qtr":1,"down":2,"time":"04:06","yrdln":"GB 44","ydstogo":6,"ydsnet":20,"posteam":"GB","desc":"(4:06) B.Jackson left guard to GB 48 for 4 yards (D.Edwards, Sp.Johnson).","note":null,"players":{"00-0022750":[{"sequence":2,"clubcode":"BUF","playerName":"D.Edwards","statId":80,"yards":0}],"00-0025450":[{"sequence":1,"clubcode":"GB","playerName":"B.Jackson","statId":10,"yards":4}],"00-0022610":[{"sequence":3,"clubcode":"BUF","playerName":"Sp.Johnson","statId":82,"yards":0}]}},"736":{"sp":0,"qtr":1,"down":3,"time":"03:22","yrdln":"GB 48","ydstogo":2,"ydsnet":52,"posteam":"GB","desc":"(3:22) (Shotgun) A.Rodgers pass deep right to J.Finley to BUF 20 for 32 yards (C.Kelsay).","note":null,"players":{"00-0026231":[{"sequence":5,"clubcode":"GB","playerName":"J.Finley","statId":21,"yards":32},{"sequence":6,"clubcode":"GB","playerName":"J.Finley","statId":115,"yards":0},{"sequence":7,"clubcode":"GB","playerName":"J.Finley","statId":113,"yards":8}],"0":[{"sequence":1,"clubcode":"GB","playerName":"","statId":4,"yards":0},{"sequence":2,"clubcode":"GB","playerName":"","statId":6,"yards":0}],"00-0023459":[{"sequence":3,"clubcode":"GB","playerName":"A.Rodgers","statId":15,"yards":32},{"sequence":4,"clubcode":"GB","playerName":"A.Rodgers","statId":111,"yards":24}],"00-0021995":[{"sequence":8,"clubcode":"BUF","playerName":"C.Kelsay","statId":79,"yards":0}]}},"760":{"sp":0,"qtr":1,"down":1,"time":"02:35","yrdln":"BUF 20","ydstogo":10,"ydsnet":52,"posteam":"GB","desc":"(2:35) A.Rodgers pass incomplete short left to G.Jennings.","note":null,"players":{"00-0024267":[{"sequence":2,"clubcode":"GB","playerName":"G.Jennings","statId":115,"yards":0}],"00-0023459":[{"sequence":1,"clubcode":"GB","playerName":"A.Rodgers","statId":14,"yards":0},{"sequence":3,"clubcode":"GB","playerName":"A.Rodgers","statId":112,"yards":12}]}},"782":{"sp":0,"qtr":1,"down":2,"time":"02:31","yrdln":"BUF 20","ydstogo":10,"ydsnet":52,"posteam":"GB","desc":"(2:31) A.Rodgers pass incomplete deep left to J.Jones. Green Bay challenged the incomplete pass ruling, and the play was Upheld. (Timeout #2.)","note":"TIMEOUT","players":{"0":[{"sequence":1,"clubcode":"GB","playerName":"","statId":68,"yards":0}],"00-0025465":[{"sequence":3,"clubcode":"GB","playerName":"J.Jones","statId":115,"yards":0}],"00-0023459":[{"sequence":2,"clubcode":"GB","playerName":"A.Rodgers","statId":14,"yards":0},{"sequence":4,"clubcode":"GB","playerName":"A.Rodgers","statId":112,"yards":17}]}},"841":{"sp":0,"qtr":1,"down":3,"time":"02:24","yrdln":"BUF 20","ydstogo":10,"ydsnet":64,"posteam":"GB","desc":"(2:24) (Shotgun) A.Rodgers left guard to BUF 8 for 12 yards (R.Corner).","note":null,"players":{"00-0026254":[{"sequence":4,"clubcode":"BUF","playerName":"R.Corner","statId":79,"yards":0}],"0":[{"sequence":1,"clubcode":"GB","playerName":"","statId":3,"yards":0},{"sequence":2,"clubcode":"GB","playerName":"","statId":6,"yards":0}],"00-0023459":[{"sequence":3,"clubcode":"GB","playerName":"A.Rodgers","statId":10,"yards":12}]}},"862":{"sp":0,"qtr":1,"down":1,"time":"01:42","yrdln":"BUF 8","ydstogo":8,"ydsnet":67,"posteam":"GB","desc":"(1:42) B.Jackson right tackle to BUF 5 for 3 yards (M.Stroud, J.Byrd).","note":null,"players":{"00-0020492":[{"sequence":2,"clubcode":"BUF","playerName":"M.Stroud","statId":80,"yards":0}],"00-0027018":[{"sequence":3,"clubcode":"BUF","playerName":"J.Byrd","statId":82,"yards":0}],"00-0025450":[{"sequence":1,"clubcode":"GB","playerName":"B.Jackson","statId":10,"yards":3}]}},"883":{"sp":0,"qtr":1,"down":2,"time":"00:57","yrdln":"BUF 5","ydstogo":5,"ydsnet":71,"posteam":"GB","desc":"(:57) (Shotgun) A.Rodgers pass short right to J.Jones to BUF 1 for 4 yards (T.McGee).","note":null,"players":{"00-0022008":[{"sequence":6,"clubcode":"BUF","playerName":"T.McGee","statId":79,"yards":0}],"00-0025465":[{"sequence":3,"clubcode":"GB","playerName":"J.Jones","statId":21,"yards":4},{"sequence":4,"clubcode":"GB","playerName":"J.Jones","statId":115,"yards":0},{"sequence":5,"clubcode":"GB","playerName":"J.Jones","statId":113,"yards":7}],"00-0023459":[{"sequence":1,"clubcode":"GB","playerName":"A.Rodgers","statId":15,"yards":4},{"sequence":2,"clubcode":"GB","playerName":"A.Rodgers","statId":111,"yards":-3}]}},"907":{"sp":1,"qtr":1,"down":3,"time":"00:16","yrdln":"BUF 1","ydstogo":1,"ydsnet":72,"posteam":"GB","desc":"(:16) B.Jackson right guard for 1 yard, TOUCHDOWN.","note":"TD","players":{"0":[{"sequence":1,"clubcode":"GB","playerName":"","statId":3,"yards":0},{"sequence":2,"clubcode":"GB","playerName":"","statId":6,"yards":0}],"00-0025450":[{"sequence":3,"clubcode":"GB","playerName":"B.Jackson","statId":11,"yards":1}]}},"925":{"sp":1,"qtr":1,"down":0,"time":"00:11","yrdln":"BUF 2","ydstogo":0,"ydsnet":72,"posteam":"GB","desc":"M.Crosby extra point is GOOD, Center-B.Goode, Holder-T.Masthay.","note":"XP","players":{"00-0025580":[{"sequence":1,"clubcode":"GB","playerName":"M.Crosby","statId":72,"yards":0}]}}},"fds":4,"result":"Touchdown","penyds":0,"ydsgained":72,"numplays":12,"postime":"5:51","start":{"qtr":1,"time":"06:02","yrdln":"GB 28","team":"GB"},"end":{"qtr":1,"time":"00:11","yrdln":"BUF 1","team":"GB"}},"6":{"posteam":"BUF","qtr":2,"redzone":true,"plays":{"941":{"sp":0,"qtr":1,"down":0,"time":"00:11","yrdln":"GB 30","ydstogo":0,"ydsnet":0,"posteam":"GB","desc":"M.Crosby kicks 66 yards from GB 30 to BUF 4. C.Spiller to BUF 20 for 16 yards (D.Lee).","note":"KICKOFF","players":{"00-0021929":[{"sequence":3,"clubcode":"GB","playerName":"D.Lee","statId":79,"yards":0}],"00-0025580":[{"sequence":1,"clubcode":"GB","playerName":"M.Crosby","statId":41,"yards":66}],"00-0027861":[{"sequence":2,"clubcode":"BUF","playerName":"C.Spiller","statId":45,"yards":16}]}},"963":{"sp":0,"qtr":1,"down":1,"time":"00:06","yrdln":"BUF 20","ydstogo":10,"ydsnet":14,"posteam":"BUF","desc":"(:06) M.Lynch right end to BUF 34 for 14 yards (N.Collins, B.Jones).","note":null,"players":{"00-0025399":[{"sequence":2,"clubcode":"BUF","playerName":"M.Lynch","statId":10,"yards":14}],"0":[{"sequence":1,"clubcode":"BUF","playerName":"","statId":3,"yards":0}],"00-0026946":[{"sequence":4,"clubcode":"GB","playerName":"B.Jones","statId":82,"yards":0}],"00-0023486":[{"sequence":3,"clubcode":"GB","playerName":"N.Collins","statId":80,"yards":0}]}},"984":{"sp":0,"qtr":1,"down":0,"time":"","yrdln":"","ydstogo":0,"ydsnet":14,"posteam":"","desc":"END QUARTER 1","note":null,"players":{}},"1000":{"sp":0,"qtr":2,"down":1,"time":"15:00","yrdln":"BUF 34","ydstogo":10,"ydsnet":19,"posteam":"BUF","desc":"(15:00) M.Lynch up the middle to BUF 39 for 5 yards (B.Raji).","note":null,"players":{"00-0026985":[{"sequence":2,"clubcode":"GB","playerName":"B.Raji","statId":79,"yards":0}],"00-0025399":[{"sequence":1,"clubcode":"BUF","playerName":"M.Lynch","statId":10,"yards":5}]}},"1021":{"sp":0,"qtr":2,"down":2,"time":"14:21","yrdln":"BUF 39","ydstogo":5,"ydsnet":22,"posteam":"BUF","desc":"(14:21) M.Lynch right tackle to BUF 42 for 3 yards (N.Barnett, A.Hawk).","note":null,"players":{"00-0021990":[{"sequence":2,"clubcode":"GB","playerName":"N.Barnett","statId":80,"yards":0}],"00-0025399":[{"sequence":1,"clubcode":"BUF","playerName":"M.Lynch","statId":10,"yards":3}],"00-0024220":[{"sequence":3,"clubcode":"GB","playerName":"A.Hawk","statId":82,"yards":0}]}},"1042":{"sp":0,"qtr":2,"down":3,"time":"13:41","yrdln":"BUF 42","ydstogo":2,"ydsnet":29,"posteam":"BUF","desc":"(13:41) (Shotgun) T.Edwards pass short left to C.Spiller pushed ob at BUF 49 for 7 yards (C.Woodson).","note":null,"players":{"00-0027861":[{"sequence":5,"clubcode":"BUF","playerName":"C.Spiller","statId":21,"yards":7},{"sequence":6,"clubcode":"BUF","playerName":"C.Spiller","statId":115,"yards":0},{"sequence":7,"clubcode":"BUF","playerName":"C.Spiller","statId":113,"yards":14}],"00-0018227":[{"sequence":8,"clubcode":"GB","playerName":"C.Woodson","statId":79,"yards":0}],"0":[{"sequence":1,"clubcode":"BUF","playerName":"","statId":4,"yards":0},{"sequence":2,"clubcode":"BUF","playerName":"","statId":6,"yards":0}],"00-0025479":[{"sequence":3,"clubcode":"BUF","playerName":"T.Edwards","statId":15,"yards":7},{"sequence":4,"clubcode":"BUF","playerName":"T.Edwards","statId":111,"yards":-7}]}},"1066":{"sp":0,"qtr":2,"down":1,"time":"13:07","yrdln":"BUF 49","ydstogo":10,"ydsnet":32,"posteam":"BUF","desc":"(13:07) M.Lynch left tackle to GB 48 for 3 yards (N.Barnett).","note":null,"players":{"00-0021990":[{"sequence":2,"clubcode":"GB","playerName":"N.Barnett","statId":79,"yards":0}],"00-0025399":[{"sequence":1,"clubcode":"BUF","playerName":"M.Lynch","statId":10,"yards":3}]}},"1087":{"sp":0,"qtr":2,"down":2,"time":"12:28","yrdln":"GB 48","ydstogo":7,"ydsnet":43,"posteam":"BUF","desc":"(12:28) M.Lynch left end to GB 37 for 11 yards (N.Collins).","note":null,"players":{"00-0025399":[{"sequence":2,"clubcode":"BUF","playerName":"M.Lynch","statId":10,"yards":11}],"0":[{"sequence":1,"clubcode":"BUF","playerName":"","statId":3,"yards":0}],"00-0023486":[{"sequence":3,"clubcode":"GB","playerName":"N.Collins","statId":79,"yards":0}]}},"1108":{"sp":0,"qtr":2,"down":1,"time":"11:44","yrdln":"GB 37","ydstogo":10,"ydsnet":67,"posteam":"BUF","desc":"(11:44) T.Edwards pass incomplete deep right to L.Evans. PENALTY on GB-C.Woodson, Defensive Pass Interference, 24 yards, enforced at GB 37 - No Play.","note":"PENALTY","players":{"00-0018227":[{"sequence":2,"clubcode":"GB","playerName":"C.Woodson","statId":93,"yards":24}],"0":[{"sequence":1,"clubcode":"BUF","playerName":"","statId":5,"yards":0}]}},"1141":{"sp":0,"qtr":2,"down":1,"time":"11:39","yrdln":"GB 13","ydstogo":10,"ydsnet":77,"posteam":"BUF","desc":"(11:39) F.Jackson right end to GB 3 for 10 yards (A.Hawk, T.Williams).","note":null,"players":{"00-0024220":[{"sequence":3,"clubcode":"GB","playerName":"A.Hawk","statId":80,"yards":0}],"00-0024204":[{"sequence":2,"clubcode":"BUF","playerName":"F.Jackson","statId":10,"yards":10}],"00-0024061":[{"sequence":4,"clubcode":"GB","playerName":"T.Williams","statId":82,"yards":0}],"0":[{"sequence":1,"clubcode":"BUF","playerName":"","statId":3,"yards":0}]}},"1162":{"sp":0,"qtr":2,"down":0,"time":"10:54","yrdln":"","ydstogo":0,"ydsnet":77,"posteam":"","desc":"Timeout #1 by BUF at 10:54.","note":"TIMEOUT","players":{"0":[{"sequence":1,"clubcode":"BUF","playerName":"","statId":68,"yards":0}]}},"1179":{"sp":1,"qtr":2,"down":1,"time":"10:54","yrdln":"GB 3","ydstogo":3,"ydsnet":80,"posteam":"BUF","desc":"(10:54) J.Meredith reported in as eligible.  F.Jackson left end for 3 yards, TOUCHDOWN.","note":"TD","players":{"00-0024204":[{"sequence":2,"clubcode":"BUF","playerName":"F.Jackson","statId":11,"yards":3}],"0":[{"sequence":1,"clubcode":"BUF","playerName":"","statId":3,"yards":0}]}},"1199":{"sp":1,"qtr":2,"down":0,"time":"10:49","yrdln":"GB 2","ydstogo":0,"ydsnet":80,"posteam":"BUF","desc":"R.Lindell extra point is GOOD, Center-G.Sanborn, Holder-B.Moorman.","note":"XP","players":{"00-0019310":[{"sequence":1,"clubcode":"BUF","playerName":"R.Lindell","statId":72,"yards":0}]}}},"fds":6,"result":"Touchdown","penyds":24,"ydsgained":56,"numplays":13,"postime":"4:22","start":{"qtr":1,"time":"00:11","yrdln":"BUF 20","team":"BUF"},"end":{"qtr":1,"time":"10:49","yrdln":"GB 3","team":"BUF"}},"7":{"posteam":"GB","qtr":2,"redzone":true,"plays":{"1215":{"sp":0,"qtr":2,"down":0,"time":"10:49","yrdln":"BUF 30","ydstogo":0,"ydsnet":0,"posteam":"BUF","desc":"R.Lindell kicks 57 yards from BUF 30 to GB 13. J.Nelson pushed ob at GB 40 for 27 yards (R.Corner).","note":"KICKOFF","players":{"00-0019310":[{"sequence":1,"clubcode":"BUF","playerName":"R.Lindell","statId":41,"yards":57}],"00-0026254":[{"sequence":3,"clubcode":"BUF","playerName":"R.Corner","statId":79,"yards":0}],"00-0026176":[{"sequence":2,"clubcode":"GB","playerName":"J.Nelson","statId":45,"yards":27}]}},"1237":{"sp":0,"qtr":2,"down":1,"time":"10:41","yrdln":"GB 40","ydstogo":10,"ydsnet":-2,"posteam":"GB","desc":"(10:41) A.Rodgers pass short left to G.Jennings to GB 38 for -2 yards (L.McKelvin).","note":null,"players":{"00-0024267":[{"sequence":3,"clubcode":"GB","playerName":"G.Jennings","statId":21,"yards":-2},{"sequence":4,"clubcode":"GB","playerName":"G.Jennings","statId":115,"yards":0},{"sequence":5,"clubcode":"GB","playerName":"G.Jennings","statId":113,"yards":0}],"00-0026151":[{"sequence":6,"clubcode":"BUF","playerName":"L.McKelvin","statId":79,"yards":0},{"sequence":7,"clubcode":"BUF","playerName":"L.McKelvin","statId":120,"yards":0}],"00-0023459":[{"sequence":1,"clubcode":"GB","playerName":"A.Rodgers","statId":15,"yards":-2},{"sequence":2,"clubcode":"GB","playerName":"A.Rodgers","statId":111,"yards":-2}]}},"1261":{"sp":0,"qtr":2,"down":2,"time":"09:59","yrdln":"GB 38","ydstogo":12,"ydsnet":0,"posteam":"GB","desc":"(9:59) (Shotgun) B.Jackson left end to GB 40 for 2 yards (C.Kelsay).","note":null,"players":{"00-0025450":[{"sequence":1,"clubcode":"GB","playerName":"B.Jackson","statId":10,"yards":2}],"00-0021995":[{"sequence":2,"clubcode":"BUF","playerName":"C.Kelsay","statId":79,"yards":0}]}},"1282":{"sp":0,"qtr":2,"down":3,"time":"09:59","yrdln":"GB 40","ydstogo":10,"ydsnet":-5,"posteam":"GB","desc":"(9:59) (Shotgun) PENALTY on GB-D.Colledge, False Start, 5 yards, enforced at GB 40 - No Play.","note":"PENALTY","players":{"00-0024262":[{"sequence":1,"clubcode":"GB","playerName":"D.Colledge","statId":93,"yards":5}]}},"1305":{"sp":0,"qtr":2,"down":3,"time":"09:02","yrdln":"GB 35","ydstogo":15,"ydsnet":-5,"posteam":"GB","desc":"(9:02) (Shotgun) A.Rodgers pass incomplete deep right to J.Jones.","note":null,"players":{"0":[{"sequence":1,"clubcode":"GB","playerName":"","statId":7,"yards":0}],"00-0025465":[{"sequence":3,"clubcode":"GB","playerName":"J.Jones","statId":115,"yards":0}],"00-0023459":[{"sequence":2,"clubcode":"GB","playerName":"A.Rodgers","statId":14,"yards":0},{"sequence":4,"clubcode":"GB","playerName":"A.Rodgers","statId":112,"yards":25}]}},"1327":{"sp":0,"qtr":2,"down":4,"time":"08:55","yrdln":"GB 35","ydstogo":15,"ydsnet":-5,"posteam":"GB","desc":"(8:55) T.Masthay punts 37 yards to BUF 28, Center-B.Goode, fair catch by R.Parrish.","note":"PUNT","players":{"00-0023490":[{"sequence":2,"clubcode":"BUF","playerName":"R.Parrish","statId":39,"yards":0}],"00-0026664":[{"sequence":1,"clubcode":"GB","playerName":"T.Masthay","statId":29,"yards":37}]}}},"fds":0,"result":"Punt","penyds":-5,"ydsgained":0,"numplays":6,"postime":"2:01","start":{"qtr":2,"time":"10:49","yrdln":"GB 40","team":"GB"},"end":{"qtr":2,"time":"08:48","yrdln":"GB 35","team":"GB"}},"8":{"posteam":"BUF","qtr":2,"redzone":true,"plays":{"1347":{"sp":0,"qtr":2,"down":1,"time":"08:48","yrdln":"BUF 28","ydstogo":10,"ydsnet":3,"posteam":"BUF","desc":"(8:48) M.Lynch left end pushed ob at BUF 31 for 3 yards (N.Barnett).","note":null,"players":{"00-0021990":[{"sequence":2,"clubcode":"GB","playerName":"N.Barnett","statId":79,"yards":0}],"00-0025399":[{"sequence":1,"clubcode":"BUF","playerName":"M.Lynch","statId":10,"yards":3}]}},"1368":{"sp":0,"qtr":2,"down":2,"time":"08:17","yrdln":"BUF 31","ydstogo":7,"ydsnet":16,"posteam":"BUF","desc":"(8:17) T.Edwards pass short middle to R.Parrish to BUF 44 for 13 yards (M.Burnett).","note":null,"players":{"00-0027676":[{"sequence":7,"clubcode":"GB","playerName":"M.Burnett","statId":79,"yards":0}],"0":[{"sequence":1,"clubcode":"BUF","playerName":"","statId":4,"yards":0}],"00-0023490":[{"sequence":4,"clubcode":"BUF","playerName":"R.Parrish","statId":21,"yards":13},{"sequence":5,"clubcode":"BUF","playerName":"R.Parrish","statId":115,"yards":0},{"sequence":6,"clubcode":"BUF","playerName":"R.Parrish","statId":113,"yards":1}],"00-0025479":[{"sequence":2,"clubcode":"BUF","playerName":"T.Edwards","statId":15,"yards":13},{"sequence":3,"clubcode":"BUF","playerName":"T.Edwards","statId":111,"yards":12}]}},"1392":{"sp":0,"qtr":2,"down":1,"time":"07:34","yrdln":"BUF 44","ydstogo":10,"ydsnet":6,"posteam":"BUF","desc":"(7:34) T.Edwards pass incomplete short middle to R.Parrish [C.Matthews]. PENALTY on BUF-T.Edwards, Intentional Grounding, 10 yards, enforced at BUF 44.","note":"PENALTY","players":{"00-0027002":[{"sequence":3,"clubcode":"GB","playerName":"C.Matthews","statId":110,"yards":0}],"00-0023490":[{"sequence":2,"clubcode":"BUF","playerName":"R.Parrish","statId":115,"yards":0}],"00-0025479":[{"sequence":1,"clubcode":"BUF","playerName":"T.Edwards","statId":14,"yards":0},{"sequence":4,"clubcode":"BUF","playerName":"T.Edwards","statId":112,"yards":0},{"sequence":5,"clubcode":"BUF","playerName":"T.Edwards","statId":93,"yards":10}]}},"1425":{"sp":0,"qtr":2,"down":2,"time":"07:29","yrdln":"BUF 34","ydstogo":20,"ydsnet":13,"posteam":"BUF","desc":"(7:29) M.Lynch left end to BUF 41 for 7 yards (N.Barnett, A.Hawk).","note":null,"players":{"00-0021990":[{"sequence":2,"clubcode":"GB","playerName":"N.Barnett","statId":80,"yards":0}],"00-0025399":[{"sequence":1,"clubcode":"BUF","playerName":"M.Lynch","statId":10,"yards":7}],"00-0024220":[{"sequence":3,"clubcode":"GB","playerName":"A.Hawk","statId":82,"yards":0}]}},"1446":{"sp":0,"qtr":2,"down":3,"time":"06:49","yrdln":"BUF 41","ydstogo":13,"ydsnet":20,"posteam":"BUF","desc":"(6:49) (Shotgun) T.Edwards pass short left to C.Spiller to BUF 48 for 7 yards (N.Barnett).","note":null,"players":{"00-0021990":[{"sequence":7,"clubcode":"GB","playerName":"N.Barnett","statId":79,"yards":0}],"00-0027861":[{"sequence":4,"clubcode":"BUF","playerName":"C.Spiller","statId":21,"yards":7},{"sequence":5,"clubcode":"BUF","playerName":"C.Spiller","statId":115,"yards":0},{"sequence":6,"clubcode":"BUF","playerName":"C.Spiller","statId":113,"yards":15}],"0":[{"sequence":1,"clubcode":"BUF","playerName":"","statId":7,"yards":0}],"00-0025479":[{"sequence":2,"clubcode":"BUF","playerName":"T.Edwards","statId":15,"yards":7},{"sequence":3,"clubcode":"BUF","playerName":"T.Edwards","statId":111,"yards":-8}]}},"1470":{"sp":0,"qtr":2,"down":4,"time":"06:07","yrdln":"BUF 48","ydstogo":6,"ydsnet":20,"posteam":"BUF","desc":"(6:07) B.Moorman punts 36 yards to GB 16, Center-G.Sanborn, fair catch by T.Williams.","note":"PUNT","players":{"00-0011626":[{"sequence":1,"clubcode":"BUF","playerName":"B.Moorman","statId":29,"yards":36},{"sequence":2,"clubcode":"BUF","playerName":"B.Moorman","statId":30,"yards":0}],"00-0024061":[{"sequence":3,"clubcode":"GB","playerName":"T.Williams","statId":39,"yards":0}]}}},"fds":1,"result":"Punt","penyds":-10,"ydsgained":30,"numplays":6,"postime":"2:49","start":{"qtr":2,"time":"08:48","yrdln":"BUF 28","team":"BUF"},"end":{"qtr":2,"time":"05:59","yrdln":"BUF 48","team":"BUF"}},"9":{"posteam":"GB","qtr":2,"redzone":true,"plays":{"1490":{"sp":0,"qtr":2,"down":1,"time":"05:59","yrdln":"GB 16","ydstogo":10,"ydsnet":4,"posteam":"GB","desc":"(5:59) B.Jackson left tackle to GB 20 for 4 yards (A.Maybin).","note":null,"players":{"00-0026987":[{"sequence":2,"clubcode":"BUF","playerName":"A.Maybin","statId":79,"yards":0}],"00-0025450":[{"sequence":1,"clubcode":"GB","playerName":"B.Jackson","statId":10,"yards":4}]}},"1511":{"sp":0,"qtr":2,"down":2,"time":"05:19","yrdln":"GB 20","ydstogo":6,"ydsnet":8,"posteam":"GB","desc":"(5:19) J.Kuhn right end to GB 24 for 4 yards (C.Kelsay, A.Ayodele).","note":null,"players":{"00-0022999":[{"sequence":1,"clubcode":"GB","playerName":"J.Kuhn","statId":10,"yards":4}],"00-0021995":[{"sequence":2,"clubcode":"BUF","playerName":"C.Kelsay","statId":80,"yards":0}],"00-0021214":[{"sequence":3,"clubcode":"BUF","playerName":"A.Ayodele","statId":82,"yards":0}]}},"1532":{"sp":0,"qtr":2,"down":3,"time":"04:33","yrdln":"GB 24","ydstogo":2,"ydsnet":8,"posteam":"GB","desc":"(4:33) (Shotgun) A.Rodgers pass incomplete short right to J.Kuhn.","note":null,"players":{"00-0022999":[{"sequence":3,"clubcode":"GB","playerName":"J.Kuhn","statId":115,"yards":0}],"0":[{"sequence":1,"clubcode":"GB","playerName":"","statId":7,"yards":0}],"00-0023459":[{"sequence":2,"clubcode":"GB","playerName":"A.Rodgers","statId":14,"yards":0},{"sequence":4,"clubcode":"GB","playerName":"A.Rodgers","statId":112,"yards":1}]}},"1554":{"sp":0,"qtr":2,"down":4,"time":"04:33","yrdln":"GB 24","ydstogo":2,"ydsnet":3,"posteam":"GB","desc":"(4:33) (Punt formation) PENALTY on GB-T.Crabtree, False Start, 5 yards, enforced at GB 24 - No Play.","note":"PENALTY","players":{"00-0026878":[{"sequence":1,"clubcode":"GB","playerName":"T.Crabtree","statId":93,"yards":5}]}},"1581":{"sp":0,"qtr":2,"down":4,"time":"04:29","yrdln":"GB 19","ydstogo":7,"ydsnet":-2,"posteam":"GB","desc":"(4:29) T.Masthay punts 50 yards to BUF 31, Center-B.Goode, downed by GB-P.Lee. PENALTY on GB-P.Lee, Player Out of Bounds on Punt, 5 yards, enforced at GB 19 - No Play.","note":"PENALTY","players":{"00-0026200":[{"sequence":1,"clubcode":"GB","playerName":"P.Lee","statId":93,"yards":5}]}},"1644":{"sp":0,"qtr":2,"down":4,"time":"04:20","yrdln":"GB 14","ydstogo":12,"ydsnet":0,"posteam":"GB","desc":"(4:20) T.Masthay punts 45 yards to BUF 41, Center-B.Goode. R.Parrish to BUF 41 for no gain (B.Chillar, D.Martin). PENALTY on BUF, Offensive Holding, 10 yards, enforced at BUF 41. Penalty on BUF-G.Wilson, Illegal Block Above the Waist, declined.","note":"PUNT","players":{"00-0022711":[{"sequence":3,"clubcode":"GB","playerName":"B.Chillar","statId":80,"yards":0}],"00-0024422":[{"sequence":4,"clubcode":"GB","playerName":"D.Martin","statId":82,"yards":0}],"0":[{"sequence":5,"clubcode":"BUF","playerName":"","statId":93,"yards":10}],"00-0023490":[{"sequence":2,"clubcode":"BUF","playerName":"R.Parrish","statId":33,"yards":0}],"00-0026664":[{"sequence":1,"clubcode":"GB","playerName":"T.Masthay","statId":29,"yards":45}]}}},"fds":0,"result":"Punt","penyds":-10,"ydsgained":8,"numplays":6,"postime":"1:51","start":{"qtr":2,"time":"05:59","yrdln":"GB 16","team":"GB"},"end":{"qtr":2,"time":"04:08","yrdln":"GB 14","team":"GB"}},"10":{"posteam":"BUF","qtr":2,"redzone":true,"plays":{"1612":{"sp":0,"qtr":2,"down":1,"time":"04:08","yrdln":"BUF 31","ydstogo":10,"ydsnet":6,"posteam":"BUF","desc":"(4:08) F.Jackson up the middle to BUF 37 for 6 yards (A.Hawk, N.Collins).","note":null,"players":{"00-0024220":[{"sequence":2,"clubcode":"GB","playerName":"A.Hawk","statId":80,"yards":0}],"00-0024204":[{"sequence":1,"clubcode":"BUF","playerName":"F.Jackson","statId":10,"yards":6}],"00-0023486":[{"sequence":3,"clubcode":"GB","playerName":"N.Collins","statId":82,"yards":0}]}},"1633":{"sp":0,"qtr":2,"down":2,"time":"03:29","yrdln":"BUF 37","ydstogo":4,"ydsnet":9,"posteam":"BUF","desc":"(3:29) F.Jackson left guard to BUF 40 for 3 yards (N.Barnett, A.Hawk).","note":null,"players":{"00-0021990":[{"sequence":2,"clubcode":"GB","playerName":"N.Barnett","statId":80,"yards":0}],"00-0024220":[{"sequence":3,"clubcode":"GB","playerName":"A.Hawk","statId":82,"yards":0}],"00-0024204":[{"sequence":1,"clubcode":"BUF","playerName":"F.Jackson","statId":10,"yards":3}]}},"1665":{"sp":0,"qtr":2,"down":3,"time":"02:49","yrdln":"BUF 40","ydstogo":1,"ydsnet":13,"posteam":"BUF","desc":"(2:49) R.Parrish right end to BUF 44 for 4 yards (N.Collins).","note":null,"players":{"0":[{"sequence":1,"clubcode":"BUF","playerName":"","statId":3,"yards":0},{"sequence":2,"clubcode":"BUF","playerName":"","statId":6,"yards":0}],"00-0023490":[{"sequence":3,"clubcode":"BUF","playerName":"R.Parrish","statId":10,"yards":4}],"00-0023486":[{"sequence":4,"clubcode":"GB","playerName":"N.Collins","statId":79,"yards":0}]}},"1686":{"sp":0,"qtr":2,"down":1,"time":"02:02","yrdln":"BUF 44","ydstogo":10,"ydsnet":17,"posteam":"BUF","desc":"(2:02) Direct snap (Shotgun) F.Jackson right end to BUF 48 for 4 yards (C.Matthews, M.Burnett).","note":null,"players":{"00-0027676":[{"sequence":3,"clubcode":"GB","playerName":"M.Burnett","statId":82,"yards":0}],"00-0024204":[{"sequence":1,"clubcode":"BUF","playerName":"F.Jackson","statId":10,"yards":4}],"00-0027002":[{"sequence":2,"clubcode":"GB","playerName":"C.Matthews","statId":80,"yards":0}]}},"1723":{"sp":0,"qtr":2,"down":0,"time":"01:56","yrdln":"","ydstogo":0,"ydsnet":17,"posteam":"","desc":"Two-Minute Warning","note":null,"players":{}},"1740":{"sp":0,"qtr":2,"down":2,"time":"01:56","yrdln":"BUF 48","ydstogo":6,"ydsnet":17,"posteam":"BUF","desc":"(1:56) F.Jackson right end to BUF 48 for no gain (C.Jenkins).","note":null,"players":{"00-0021706":[{"sequence":2,"clubcode":"GB","playerName":"C.Jenkins","statId":79,"yards":0}],"00-0024204":[{"sequence":1,"clubcode":"BUF","playerName":"F.Jackson","statId":10,"yards":0}]}},"1789":{"sp":0,"qtr":2,"down":3,"time":"01:13","yrdln":"BUF 48","ydstogo":6,"ydsnet":21,"posteam":"BUF","desc":"(1:13) (Shotgun) T.Edwards pass short middle to St. Johnson to GB 48 for 4 yards (S.Shields).","note":null,"players":{"00-0027440":[{"sequence":7,"clubcode":"GB","playerName":"S.Shields","statId":79,"yards":0}],"00-0026364":[{"sequence":4,"clubcode":"BUF","playerName":"St. Johnson","statId":21,"yards":4},{"sequence":5,"clubcode":"BUF","playerName":"St. Johnson","statId":115,"yards":0},{"sequence":6,"clubcode":"BUF","playerName":"St. Johnson","statId":113,"yards":0}],"0":[{"sequence":1,"clubcode":"BUF","playerName":"","statId":7,"yards":0}],"00-0025479":[{"sequence":2,"clubcode":"BUF","playerName":"T.Edwards","statId":15,"yards":4},{"sequence":3,"clubcode":"BUF","playerName":"T.Edwards","statId":111,"yards":4}]}},"1814":{"sp":0,"qtr":2,"down":0,"time":"00:29","yrdln":"","ydstogo":0,"ydsnet":21,"posteam":"","desc":"Timeout #2 by BUF at 00:29.","note":"TIMEOUT","players":{"0":[{"sequence":1,"clubcode":"BUF","playerName":"","statId":68,"yards":0}]}},"1831":{"sp":0,"qtr":2,"down":4,"time":"00:29","yrdln":"GB 48","ydstogo":2,"ydsnet":21,"posteam":"BUF","desc":"(:29) B.Moorman punts 48 yards to end zone, Center-G.Sanborn, Touchback.","note":"PUNT","players":{"00-0011626":[{"sequence":1,"clubcode":"BUF","playerName":"B.Moorman","statId":32,"yards":48}],"0":[{"sequence":2,"clubcode":"GB","playerName":"","statId":40,"yards":0}]}}},"fds":1,"result":"Punt","penyds":0,"ydsgained":21,"numplays":9,"postime":"3:47","start":{"qtr":2,"time":"04:08","yrdln":"BUF 31","team":"BUF"},"end":{"qtr":2,"time":"00:21","yrdln":"GB 48","team":"BUF"}},"11":{"posteam":"GB","qtr":2,"redzone":true,"plays":{"1849":{"sp":0,"qtr":2,"down":1,"time":"00:21","yrdln":"GB 20","ydstogo":10,"ydsnet":3,"posteam":"GB","desc":"(:21) B.Jackson right tackle to GB 23 for 3 yards (C.Kelsay, Sp.Johnson).","note":null,"players":{"00-0025450":[{"sequence":1,"clubcode":"GB","playerName":"B.Jackson","statId":10,"yards":3}],"00-0021995":[{"sequence":2,"clubcode":"BUF","playerName":"C.Kelsay","statId":80,"yards":0}],"00-0022610":[{"sequence":3,"clubcode":"BUF","playerName":"Sp.Johnson","statId":82,"yards":0}]}},"1870":{"sp":0,"qtr":2,"down":0,"time":"","yrdln":"","ydstogo":0,"ydsnet":3,"posteam":"","desc":"END QUARTER 2","note":null,"players":{}}},"fds":0,"result":"End of Half","penyds":0,"ydsgained":3,"numplays":2,"postime":"0:21","start":{"qtr":2,"time":"00:21","yrdln":"GB 20","team":"GB"},"end":{"qtr":2,"time":"00:00","yrdln":"GB 20","team":"GB"}},"12":{"posteam":"BUF","qtr":3,"redzone":true,"plays":{"1889":{"sp":0,"qtr":3,"down":0,"time":"15:00","yrdln":"GB 30","ydstogo":0,"ydsnet":0,"posteam":"GB","desc":"M.Crosby kicks 67 yards from GB 30 to BUF 3. C.Spiller to BUF 26 for 23 yards (T.Crabtree).","note":"KICKOFF","players":{"00-0025580":[{"sequence":1,"clubcode":"GB","playerName":"M.Crosby","statId":41,"yards":67}],"00-0027861":[{"sequence":2,"clubcode":"BUF","playerName":"C.Spiller","statId":45,"yards":23}],"00-0026878":[{"sequence":3,"clubcode":"GB","playerName":"T.Crabtree","statId":79,"yards":0}]}},"1911":{"sp":0,"qtr":3,"down":1,"time":"14:55","yrdln":"BUF 26","ydstogo":10,"ydsnet":9,"posteam":"BUF","desc":"(14:55) T.Edwards pass short right to J.Stupar pushed ob at BUF 35 for 9 yards (A.Hawk).","note":null,"players":{"00-0025864":[{"sequence":3,"clubcode":"BUF","playerName":"J.Stupar","statId":21,"yards":9},{"sequence":4,"clubcode":"BUF","playerName":"J.Stupar","statId":115,"yards":0},{"sequence":5,"clubcode":"BUF","playerName":"J.Stupar","statId":113,"yards":11}],"00-0024220":[{"sequence":6,"clubcode":"GB","playerName":"A.Hawk","statId":79,"yards":0}],"00-0025479":[{"sequence":1,"clubcode":"BUF","playerName":"T.Edwards","statId":15,"yards":9},{"sequence":2,"clubcode":"BUF","playerName":"T.Edwards","statId":111,"yards":-2}]}},"1935":{"sp":0,"qtr":3,"down":2,"time":"14:26","yrdln":"BUF 35","ydstogo":1,"ydsnet":11,"posteam":"BUF","desc":"(14:26) M.Lynch right tackle to BUF 37 for 2 yards (A.Hawk; B.Jones).","note":null,"players":{"00-0025399":[{"sequence":2,"clubcode":"BUF","playerName":"M.Lynch","statId":10,"yards":2}],"00-0024220":[{"sequence":3,"clubcode":"GB","playerName":"A.Hawk","statId":82,"yards":0}],"0":[{"sequence":1,"clubcode":"BUF","playerName":"","statId":3,"yards":0}],"00-0026946":[{"sequence":4,"clubcode":"GB","playerName":"B.Jones","statId":82,"yards":0}]}},"1956":{"sp":0,"qtr":3,"down":1,"time":"13:46","yrdln":"BUF 37","ydstogo":10,"ydsnet":11,"posteam":"BUF","desc":"(13:46) T.Edwards pass incomplete short right to St. Johnson (N.Collins).","note":null,"players":{"00-0026364":[{"sequence":2,"clubcode":"BUF","playerName":"St. Johnson","statId":115,"yards":0}],"00-0025479":[{"sequence":1,"clubcode":"BUF","playerName":"T.Edwards","statId":14,"yards":0},{"sequence":4,"clubcode":"BUF","playerName":"T.Edwards","statId":112,"yards":1}],"00-0023486":[{"sequence":3,"clubcode":"GB","playerName":"N.Collins","statId":85,"yards":0}]}},"1978":{"sp":0,"qtr":3,"down":2,"time":"13:40","yrdln":"BUF 37","ydstogo":10,"ydsnet":13,"posteam":"BUF","desc":"(13:40) M.Lynch left guard to BUF 39 for 2 yards (R.Pickett).","note":null,"players":{"00-0025399":[{"sequence":1,"clubcode":"BUF","playerName":"M.Lynch","statId":10,"yards":2}],"00-0020515":[{"sequence":2,"clubcode":"GB","playerName":"R.Pickett","statId":79,"yards":0}]}},"1999":{"sp":0,"qtr":3,"down":3,"time":"12:58","yrdln":"BUF 39","ydstogo":8,"ydsnet":13,"posteam":"BUF","desc":"(12:58) (Shotgun) T.Edwards pass short middle intended for St. Johnson INTERCEPTED by B.Chillar [A.Hawk] at BUF 48. B.Chillar to BUF 39 for 9 yards (L.Evans).","note":"INT","players":{"00-0022711":[{"sequence":6,"clubcode":"GB","playerName":"B.Chillar","statId":25,"yards":9},{"sequence":7,"clubcode":"GB","playerName":"B.Chillar","statId":85,"yards":0}],"00-0022910":[{"sequence":8,"clubcode":"BUF","playerName":"L.Evans","statId":79,"yards":0}],"00-0024220":[{"sequence":4,"clubcode":"GB","playerName":"A.Hawk","statId":110,"yards":0}],"00-0026364":[{"sequence":3,"clubcode":"BUF","playerName":"St. Johnson","statId":115,"yards":0}],"0":[{"sequence":1,"clubcode":"BUF","playerName":"","statId":7,"yards":0}],"00-0025479":[{"sequence":2,"clubcode":"BUF","playerName":"T.Edwards","statId":19,"yards":0},{"sequence":5,"clubcode":"BUF","playerName":"T.Edwards","statId":112,"yards":9}]}}},"fds":1,"result":"Interception","penyds":0,"ydsgained":13,"numplays":6,"postime":"2:11","start":{"qtr":3,"time":"15:00","yrdln":"BUF 26","team":"BUF"},"end":{"qtr":3,"time":"12:49","yrdln":"BUF 39","team":"BUF"}},"13":{"posteam":"GB","qtr":3,"redzone":true,"plays":{"2025":{"sp":0,"qtr":3,"down":1,"time":"12:49","yrdln":"BUF 39","ydstogo":10,"ydsnet":1,"posteam":"GB","desc":"(12:49) (Shotgun) A.Rodgers right end to BUF 38 for 1 yard (M.Stroud, B.Scott).","note":null,"players":{"00-0021951":[{"sequence":3,"clubcode":"BUF","playerName":"B.Scott","statId":82,"yards":0}],"00-0020492":[{"sequence":2,"clubcode":"BUF","playerName":"M.Stroud","statId":80,"yards":0}],"00-0023459":[{"sequence":1,"clubcode":"GB","playerName":"A.Rodgers","statId":10,"yards":1}]}},"2046":{"sp":0,"qtr":3,"down":2,"time":"12:05","yrdln":"BUF 38","ydstogo":9,"ydsnet":3,"posteam":"GB","desc":"(12:05) J.Kuhn left end to BUF 36 for 2 yards (J.Byrd).","note":null,"players":{"00-0022999":[{"sequence":1,"clubcode":"GB","playerName":"J.Kuhn","statId":10,"yards":2}],"00-0027018":[{"sequence":2,"clubcode":"BUF","playerName":"J.Byrd","statId":79,"yards":0}]}},"2067":{"sp":0,"qtr":3,"down":3,"time":"11:22","yrdln":"BUF 36","ydstogo":7,"ydsnet":20,"posteam":"GB","desc":"(11:22) (Shotgun) A.Rodgers pass deep left to G.Jennings to BUF 19 for 17 yards (L.McKelvin).","note":null,"players":{"00-0024267":[{"sequence":5,"clubcode":"GB","playerName":"G.Jennings","statId":21,"yards":17},{"sequence":6,"clubcode":"GB","playerName":"G.Jennings","statId":115,"yards":0},{"sequence":7,"clubcode":"GB","playerName":"G.Jennings","statId":113,"yards":0}],"00-0026151":[{"sequence":8,"clubcode":"BUF","playerName":"L.McKelvin","statId":79,"yards":0}],"0":[{"sequence":1,"clubcode":"GB","playerName":"","statId":4,"yards":0},{"sequence":2,"clubcode":"GB","playerName":"","statId":6,"yards":0}],"00-0023459":[{"sequence":3,"clubcode":"GB","playerName":"A.Rodgers","statId":15,"yards":17},{"sequence":4,"clubcode":"GB","playerName":"A.Rodgers","statId":111,"yards":17}]}},"2091":{"sp":0,"qtr":3,"down":1,"time":"10:41","yrdln":"BUF 19","ydstogo":10,"ydsnet":31,"posteam":"GB","desc":"(10:41) A.Rodgers pass short middle to J.Nelson to BUF 8 for 11 yards (C.Kelsay).","note":null,"players":{"0":[{"sequence":1,"clubcode":"GB","playerName":"","statId":4,"yards":0}],"00-0026176":[{"sequence":4,"clubcode":"GB","playerName":"J.Nelson","statId":21,"yards":11},{"sequence":5,"clubcode":"GB","playerName":"J.Nelson","statId":115,"yards":0},{"sequence":6,"clubcode":"GB","playerName":"J.Nelson","statId":113,"yards":0}],"00-0023459":[{"sequence":2,"clubcode":"GB","playerName":"A.Rodgers","statId":15,"yards":11},{"sequence":3,"clubcode":"GB","playerName":"A.Rodgers","statId":111,"yards":11}],"00-0021995":[{"sequence":7,"clubcode":"BUF","playerName":"C.Kelsay","statId":79,"yards":0}]}},"2115":{"sp":0,"qtr":3,"down":1,"time":"10:01","yrdln":"BUF 8","ydstogo":8,"ydsnet":33,"posteam":"GB","desc":"(10:01) B.Jackson left tackle to BUF 6 for 2 yards (A.Davis, R.Torbor).","note":null,"players":{"00-0022810":[{"sequence":3,"clubcode":"BUF","playerName":"R.Torbor","statId":82,"yards":0}],"00-0025450":[{"sequence":1,"clubcode":"GB","playerName":"B.Jackson","statId":10,"yards":2}],"00-0021257":[{"sequence":2,"clubcode":"BUF","playerName":"A.Davis","statId":80,"yards":0}]}},"2136":{"sp":0,"qtr":3,"down":2,"time":"09:19","yrdln":"BUF 6","ydstogo":6,"ydsnet":32,"posteam":"GB","desc":"(9:19) (Shotgun) A.Rodgers pass short right to D.Lee to BUF 7 for -1 yards (K.Williams).","note":null,"players":{"00-0021929":[{"sequence":3,"clubcode":"GB","playerName":"D.Lee","statId":21,"yards":-1},{"sequence":4,"clubcode":"GB","playerName":"D.Lee","statId":115,"yards":0},{"sequence":5,"clubcode":"GB","playerName":"D.Lee","statId":113,"yards":1}],"00-0024348":[{"sequence":6,"clubcode":"BUF","playerName":"K.Williams","statId":79,"yards":0},{"sequence":7,"clubcode":"BUF","playerName":"K.Williams","statId":120,"yards":0}],"00-0023459":[{"sequence":1,"clubcode":"GB","playerName":"A.Rodgers","statId":15,"yards":-1},{"sequence":2,"clubcode":"GB","playerName":"A.Rodgers","statId":111,"yards":-2}]}},"2160":{"sp":1,"qtr":3,"down":3,"time":"08:37","yrdln":"BUF 7","ydstogo":7,"ydsnet":39,"posteam":"GB","desc":"(8:37) (Shotgun) A.Rodgers pass short left to D.Driver for 7 yards, TOUCHDOWN [C.Kelsay].","note":"TD","players":{"0":[{"sequence":1,"clubcode":"GB","playerName":"","statId":4,"yards":0},{"sequence":2,"clubcode":"GB","playerName":"","statId":6,"yards":0}],"00-0004541":[{"sequence":5,"clubcode":"GB","playerName":"D.Driver","statId":22,"yards":7},{"sequence":6,"clubcode":"GB","playerName":"D.Driver","statId":115,"yards":0},{"sequence":7,"clubcode":"GB","playerName":"D.Driver","statId":113,"yards":0}],"00-0023459":[{"sequence":3,"clubcode":"GB","playerName":"A.Rodgers","statId":16,"yards":7},{"sequence":4,"clubcode":"GB","playerName":"A.Rodgers","statId":111,"yards":7}],"00-0021995":[{"sequence":8,"clubcode":"BUF","playerName":"C.Kelsay","statId":110,"yards":0}]}},"2181":{"sp":1,"qtr":3,"down":0,"time":"08:32","yrdln":"BUF 2","ydstogo":0,"ydsnet":39,"posteam":"GB","desc":"M.Crosby extra point is GOOD, Center-B.Goode, Holder-T.Masthay.","note":"XP","players":{"00-0025580":[{"sequence":1,"clubcode":"GB","playerName":"M.Crosby","statId":72,"yards":0}]}}},"fds":3,"result":"Touchdown","penyds":0,"ydsgained":39,"numplays":8,"postime":"4:17","start":{"qtr":3,"time":"12:49","yrdln":"BUF 39","team":"GB"},"end":{"qtr":3,"time":"08:32","yrdln":"BUF 7","team":"GB"}},"14":{"posteam":"BUF","qtr":3,"redzone":true,"plays":{"2197":{"sp":0,"qtr":3,"down":0,"time":"08:32","yrdln":"GB 30","ydstogo":0,"ydsnet":0,"posteam":"GB","desc":"M.Crosby kicks 69 yards from GB 30 to BUF 1. C.Spiller to BUF 28 for 27 yards (T.Crabtree, B.Poppinga).","note":"KICKOFF","players":{"00-0025580":[{"sequence":1,"clubcode":"GB","playerName":"M.Crosby","statId":41,"yards":69}],"00-0027861":[{"sequence":2,"clubcode":"BUF","playerName":"C.Spiller","statId":45,"yards":27}],"00-0023559":[{"sequence":4,"clubcode":"GB","playerName":"B.Poppinga","statId":82,"yards":0}],"00-0026878":[{"sequence":3,"clubcode":"GB","playerName":"T.Crabtree","statId":80,"yards":0}]}},"2219":{"sp":0,"qtr":3,"down":1,"time":"08:26","yrdln":"BUF 28","ydstogo":10,"ydsnet":4,"posteam":"BUF","desc":"(8:26) M.Lynch left tackle to BUF 32 for 4 yards (R.Pickett, M.Burnett).","note":null,"players":{"00-0027676":[{"sequence":3,"clubcode":"GB","playerName":"M.Burnett","statId":82,"yards":0}],"00-0025399":[{"sequence":1,"clubcode":"BUF","playerName":"M.Lynch","statId":10,"yards":4}],"00-0020515":[{"sequence":2,"clubcode":"GB","playerName":"R.Pickett","statId":80,"yards":0}]}},"2240":{"sp":0,"qtr":3,"down":2,"time":"07:48","yrdln":"BUF 32","ydstogo":6,"ydsnet":-8,"posteam":"BUF","desc":"(7:48) T.Edwards sacked at BUF 20 for -12 yards (C.Matthews).","note":null,"players":{"00-0027002":[{"sequence":2,"clubcode":"GB","playerName":"C.Matthews","statId":83,"yards":-12},{"sequence":3,"clubcode":"GB","playerName":"C.Matthews","statId":110,"yards":0},{"sequence":4,"clubcode":"GB","playerName":"C.Matthews","statId":79,"yards":0},{"sequence":5,"clubcode":"GB","playerName":"C.Matthews","statId":120,"yards":0}],"00-0025479":[{"sequence":1,"clubcode":"BUF","playerName":"T.Edwards","statId":20,"yards":-12}]}},"2259":{"sp":0,"qtr":3,"down":0,"time":"07:12","yrdln":"","ydstogo":0,"ydsnet":-8,"posteam":"","desc":"Timeout #1 by BUF at 07:12.","note":"TIMEOUT","players":{"0":[{"sequence":1,"clubcode":"BUF","playerName":"","statId":68,"yards":0}]}},"2276":{"sp":0,"qtr":3,"down":3,"time":"07:12","yrdln":"BUF 20","ydstogo":18,"ydsnet":-5,"posteam":"BUF","desc":"(7:12) (Shotgun) T.Edwards pass short left to C.Spiller pushed ob at BUF 23 for 3 yards (S.Shields) [C.Matthews].","note":null,"players":{"00-0027440":[{"sequence":8,"clubcode":"GB","playerName":"S.Shields","statId":79,"yards":0}],"00-0027002":[{"sequence":7,"clubcode":"GB","playerName":"C.Matthews","statId":110,"yards":0}],"00-0027861":[{"sequence":4,"clubcode":"BUF","playerName":"C.Spiller","statId":21,"yards":3},{"sequence":5,"clubcode":"BUF","playerName":"C.Spiller","statId":115,"yards":0},{"sequence":6,"clubcode":"BUF","playerName":"C.Spiller","statId":113,"yards":11}],"0":[{"sequence":1,"clubcode":"BUF","playerName":"","statId":7,"yards":0}],"00-0025479":[{"sequence":2,"clubcode":"BUF","playerName":"T.Edwards","statId":15,"yards":3},{"sequence":3,"clubcode":"BUF","playerName":"T.Edwards","statId":111,"yards":-8}]}},"2300":{"sp":0,"qtr":3,"down":4,"time":"06:31","yrdln":"BUF 23","ydstogo":15,"ydsnet":-5,"posteam":"BUF","desc":"(6:31) B.Moorman punts 48 yards to GB 29, Center-G.Sanborn. T.Williams to GB 36 for 7 yards (K.Ellison).","note":"PUNT","players":{"00-0011626":[{"sequence":1,"clubcode":"BUF","playerName":"B.Moorman","statId":29,"yards":48}],"00-0024061":[{"sequence":2,"clubcode":"GB","playerName":"T.Williams","statId":33,"yards":7}],"00-0024392":[{"sequence":3,"clubcode":"BUF","playerName":"K.Ellison","statId":79,"yards":0}]}}},"fds":0,"result":"Punt","penyds":0,"ydsgained":-5,"numplays":6,"postime":"2:12","start":{"qtr":3,"time":"08:32","yrdln":"BUF 28","team":"BUF"},"end":{"qtr":3,"time":"06:20","yrdln":"BUF 23","team":"BUF"}},"15":{"posteam":"GB","qtr":3,"redzone":true,"plays":{"2326":{"sp":0,"qtr":3,"down":1,"time":"06:20","yrdln":"GB 36","ydstogo":10,"ydsnet":22,"posteam":"GB","desc":"(6:20) J.Kuhn up the middle to GB 43 for 7 yards (D.Edwards, D.Whitner).","note":null,"players":{"00-0022750":[{"sequence":2,"clubcode":"BUF","playerName":"D.Edwards","statId":80,"yards":0}],"00-0022999":[{"sequence":1,"clubcode":"GB","playerName":"J.Kuhn","statId":10,"yards":7}],"00-0024223":[{"sequence":3,"clubcode":"BUF","playerName":"D.Whitner","statId":82,"yards":0}]}},"2347":{"sp":0,"qtr":3,"down":2,"time":"05:40","yrdln":"GB 43","ydstogo":3,"ydsnet":22,"posteam":"GB","desc":"(5:40) A.Rodgers pass short left to J.Nelson pushed ob at BUF 42 for 15 yards (L.McKelvin).","note":null,"players":{"00-0026151":[{"sequence":7,"clubcode":"BUF","playerName":"L.McKelvin","statId":79,"yards":0}],"0":[{"sequence":1,"clubcode":"GB","playerName":"","statId":4,"yards":0}],"00-0026176":[{"sequence":4,"clubcode":"GB","playerName":"J.Nelson","statId":21,"yards":15},{"sequence":5,"clubcode":"GB","playerName":"J.Nelson","statId":115,"yards":0},{"sequence":6,"clubcode":"GB","playerName":"J.Nelson","statId":113,"yards":4}],"00-0023459":[{"sequence":2,"clubcode":"GB","playerName":"A.Rodgers","statId":15,"yards":15},{"sequence":3,"clubcode":"GB","playerName":"A.Rodgers","statId":111,"yards":11}]}},"2376":{"sp":0,"qtr":3,"down":1,"time":"05:06","yrdln":"BUF 42","ydstogo":10,"ydsnet":44,"posteam":"GB","desc":"(5:06) A.Rodgers pass short right to J.Finley to BUF 20 for 22 yards (F.Jackson).","note":null,"players":{"00-0026231":[{"sequence":4,"clubcode":"GB","playerName":"J.Finley","statId":21,"yards":22},{"sequence":5,"clubcode":"GB","playerName":"J.Finley","statId":115,"yards":0},{"sequence":6,"clubcode":"GB","playerName":"J.Finley","statId":113,"yards":10}],"00-0024204":[{"sequence":7,"clubcode":"BUF","playerName":"F.Jackson","statId":79,"yards":0}],"0":[{"sequence":1,"clubcode":"GB","playerName":"","statId":4,"yards":0}],"00-0023459":[{"sequence":2,"clubcode":"GB","playerName":"A.Rodgers","statId":15,"yards":22},{"sequence":3,"clubcode":"GB","playerName":"A.Rodgers","statId":111,"yards":12}]}},"2400":{"sp":0,"qtr":3,"down":1,"time":"04:22","yrdln":"BUF 20","ydstogo":10,"ydsnet":47,"posteam":"GB","desc":"(4:22) J.Kuhn right guard to BUF 17 for 3 yards (D.Edwards).","note":null,"players":{"00-0022750":[{"sequence":2,"clubcode":"BUF","playerName":"D.Edwards","statId":79,"yards":0}],"00-0022999":[{"sequence":1,"clubcode":"GB","playerName":"J.Kuhn","statId":10,"yards":3}]}},"2421":{"sp":0,"qtr":3,"down":2,"time":"03:37","yrdln":"BUF 17","ydstogo":7,"ydsnet":57,"posteam":"GB","desc":"(3:37) A.Rodgers pass short left to B.Jackson to BUF 7 for 10 yards (A.Davis, D.Whitner).","note":null,"players":{"0":[{"sequence":1,"clubcode":"GB","playerName":"","statId":4,"yards":0}],"00-0025450":[{"sequence":4,"clubcode":"GB","playerName":"B.Jackson","statId":21,"yards":10},{"sequence":5,"clubcode":"GB","playerName":"B.Jackson","statId":115,"yards":0},{"sequence":6,"clubcode":"GB","playerName":"B.Jackson","statId":113,"yards":6}],"00-0023459":[{"sequence":2,"clubcode":"GB","playerName":"A.Rodgers","statId":15,"yards":10},{"sequence":3,"clubcode":"GB","playerName":"A.Rodgers","statId":111,"yards":4}],"00-0024223":[{"sequence":8,"clubcode":"BUF","playerName":"D.Whitner","statId":82,"yards":0}],"00-0021257":[{"sequence":7,"clubcode":"BUF","playerName":"A.Davis","statId":80,"yards":0}]}},"2445":{"sp":0,"qtr":3,"down":1,"time":"02:51","yrdln":"BUF 7","ydstogo":7,"ydsnet":64,"posteam":"GB","desc":"(2:51) (Shotgun) A.Rodgers pass short left to J.Jones to BUF 5 for 2 yards (L.McKelvin). FUMBLES (L.McKelvin), recovered by GB-B.Jackson at BUF 9. B.Jackson to BUF 9 for no gain (B.Scott).","note":"FUMBLE","players":{"00-0021951":[{"sequence":10,"clubcode":"BUF","playerName":"B.Scott","statId":79,"yards":0},{"sequence":11,"clubcode":"BUF","playerName":"B.Scott","statId":120,"yards":0}],"00-0026151":[{"sequence":6,"clubcode":"BUF","playerName":"L.McKelvin","statId":79,"yards":0},{"sequence":8,"clubcode":"BUF","playerName":"L.McKelvin","statId":91,"yards":0}],"00-0025465":[{"sequence":3,"clubcode":"GB","playerName":"J.Jones","statId":21,"yards":-2},{"sequence":4,"clubcode":"GB","playerName":"J.Jones","statId":115,"yards":0},{"sequence":5,"clubcode":"GB","playerName":"J.Jones","statId":113,"yards":-4},{"sequence":7,"clubcode":"GB","playerName":"J.Jones","statId":52,"yards":0}],"00-0025450":[{"sequence":9,"clubcode":"GB","playerName":"B.Jackson","statId":55,"yards":0}],"00-0023459":[{"sequence":1,"clubcode":"GB","playerName":"A.Rodgers","statId":15,"yards":-2},{"sequence":2,"clubcode":"GB","playerName":"A.Rodgers","statId":111,"yards":2}]}},"2480":{"sp":1,"qtr":3,"down":2,"time":"02:03","yrdln":"BUF 9","ydstogo":9,"ydsnet":64,"posteam":"GB","desc":"(2:03) (Shotgun) A.Rodgers right end for 9 yards, TOUCHDOWN.","note":"TD","players":{"0":[{"sequence":1,"clubcode":"GB","playerName":"","statId":3,"yards":0}],"00-0023459":[{"sequence":2,"clubcode":"GB","playerName":"A.Rodgers","statId":11,"yards":9}]}},"2498":{"sp":1,"qtr":3,"down":0,"time":"01:56","yrdln":"BUF 2","ydstogo":0,"ydsnet":64,"posteam":"GB","desc":"M.Crosby extra point is GOOD, Center-B.Goode, Holder-T.Masthay.","note":"XP","players":{"00-0025580":[{"sequence":1,"clubcode":"GB","playerName":"M.Crosby","statId":72,"yards":0}]}}},"fds":4,"result":"Touchdown","penyds":0,"ydsgained":64,"numplays":8,"postime":"4:24","start":{"qtr":3,"time":"06:20","yrdln":"GB 36","team":"GB"},"end":{"qtr":3,"time":"01:56","yrdln":"BUF 9","team":"GB"}},"16":{"posteam":"BUF","qtr":4,"redzone":true,"plays":{"2514":{"sp":0,"qtr":3,"down":0,"time":"01:56","yrdln":"GB 30","ydstogo":0,"ydsnet":0,"posteam":"GB","desc":"M.Crosby kicks 68 yards from GB 30 to BUF 2. C.Spiller to BUF 38 for 36 yards (N.Collins).","note":"KICKOFF","players":{"00-0025580":[{"sequence":1,"clubcode":"GB","playerName":"M.Crosby","statId":41,"yards":68}],"00-0027861":[{"sequence":2,"clubcode":"BUF","playerName":"C.Spiller","statId":45,"yards":36}],"00-0023486":[{"sequence":3,"clubcode":"GB","playerName":"N.Collins","statId":79,"yards":0}]}},"2536":{"sp":0,"qtr":3,"down":1,"time":"01:47","yrdln":"BUF 38","ydstogo":10,"ydsnet":3,"posteam":"BUF","desc":"(1:47) M.Lynch left end to BUF 41 for 3 yards (B.Poppinga).","note":null,"players":{"00-0025399":[{"sequence":1,"clubcode":"BUF","playerName":"M.Lynch","statId":10,"yards":3}],"00-0023559":[{"sequence":2,"clubcode":"GB","playerName":"B.Poppinga","statId":79,"yards":0}]}},"2557":{"sp":0,"qtr":3,"down":2,"time":"01:06","yrdln":"BUF 41","ydstogo":7,"ydsnet":6,"posteam":"BUF","desc":"(1:06) M.Lynch up the middle to BUF 44 for 3 yards (C.Woodson, C.Jenkins).","note":null,"players":{"00-0021706":[{"sequence":3,"clubcode":"GB","playerName":"C.Jenkins","statId":82,"yards":0}],"00-0025399":[{"sequence":1,"clubcode":"BUF","playerName":"M.Lynch","statId":10,"yards":3}],"00-0018227":[{"sequence":2,"clubcode":"GB","playerName":"C.Woodson","statId":80,"yards":0}]}},"2578":{"sp":0,"qtr":3,"down":3,"time":"00:24","yrdln":"BUF 44","ydstogo":4,"ydsnet":21,"posteam":"BUF","desc":"(:24) (Shotgun) T.Edwards pass short middle to St. Johnson to GB 41 for 15 yards (M.Burnett).","note":null,"players":{"00-0027676":[{"sequence":8,"clubcode":"GB","playerName":"M.Burnett","statId":79,"yards":0}],"00-0026364":[{"sequence":5,"clubcode":"BUF","playerName":"St. Johnson","statId":21,"yards":15},{"sequence":6,"clubcode":"BUF","playerName":"St. Johnson","statId":115,"yards":0},{"sequence":7,"clubcode":"BUF","playerName":"St. Johnson","statId":113,"yards":11}],"0":[{"sequence":1,"clubcode":"BUF","playerName":"","statId":4,"yards":0},{"sequence":2,"clubcode":"BUF","playerName":"","statId":6,"yards":0}],"00-0025479":[{"sequence":3,"clubcode":"BUF","playerName":"T.Edwards","statId":15,"yards":15},{"sequence":4,"clubcode":"BUF","playerName":"T.Edwards","statId":111,"yards":4}]}},"2602":{"sp":0,"qtr":3,"down":0,"time":"","yrdln":"","ydstogo":0,"ydsnet":21,"posteam":"","desc":"END QUARTER 3","note":null,"players":{}},"2623":{"sp":0,"qtr":4,"down":1,"time":"15:00","yrdln":"GB 41","ydstogo":10,"ydsnet":21,"posteam":"BUF","desc":"(15:00) M.Lynch up the middle to GB 41 for no gain (M.Burnett).","note":null,"players":{"00-0027676":[{"sequence":2,"clubcode":"GB","playerName":"M.Burnett","statId":79,"yards":0}],"00-0025399":[{"sequence":1,"clubcode":"BUF","playerName":"M.Lynch","statId":10,"yards":0}]}},"2644":{"sp":0,"qtr":4,"down":2,"time":"14:22","yrdln":"GB 41","ydstogo":10,"ydsnet":21,"posteam":"BUF","desc":"(14:22) T.Edwards pass short right intended for R.Parrish INTERCEPTED by M.Burnett at GB 48. M.Burnett to GB 48 for no gain (R.Parrish).","note":"INT","players":{"00-0027676":[{"sequence":4,"clubcode":"GB","playerName":"M.Burnett","statId":25,"yards":0},{"sequence":5,"clubcode":"GB","playerName":"M.Burnett","statId":85,"yards":0}],"00-0023490":[{"sequence":2,"clubcode":"BUF","playerName":"R.Parrish","statId":115,"yards":0},{"sequence":6,"clubcode":"BUF","playerName":"R.Parrish","statId":79,"yards":0}],"00-0025479":[{"sequence":1,"clubcode":"BUF","playerName":"T.Edwards","statId":19,"yards":0},{"sequence":3,"clubcode":"BUF","playerName":"T.Edwards","statId":112,"yards":-7}]}}},"fds":1,"result":"Interception","penyds":0,"ydsgained":21,"numplays":7,"postime":"2:43","start":{"qtr":3,"time":"01:56","yrdln":"BUF 38","team":"BUF"},"end":{"qtr":3,"time":"14:13","yrdln":"GB 41","team":"BUF"}},"17":{"posteam":"GB","qtr":4,"redzone":true,"plays":{"2702":{"sp":0,"qtr":4,"down":1,"time":"14:13","yrdln":"GB 48","ydstogo":10,"ydsnet":0,"posteam":"GB","desc":"(14:13) J.Kuhn left tackle to GB 48 for no gain (A.Davis, M.Stroud).","note":null,"players":{"00-0020492":[{"sequence":3,"clubcode":"BUF","playerName":"M.Stroud","statId":82,"yards":0}],"00-0022999":[{"sequence":1,"clubcode":"GB","playerName":"J.Kuhn","statId":10,"yards":0}],"00-0021257":[{"sequence":2,"clubcode":"BUF","playerName":"A.Davis","statId":80,"yards":0}]}},"2723":{"sp":0,"qtr":4,"down":2,"time":"14:13","yrdln":"GB 48","ydstogo":10,"ydsnet":-5,"posteam":"GB","desc":"(14:13) (Shotgun) PENALTY on GB-B.Bulaga, False Start, 5 yards, enforced at GB 48 - No Play.","note":"PENALTY","players":{"00-0027875":[{"sequence":1,"clubcode":"GB","playerName":"B.Bulaga","statId":93,"yards":5}]}},"2746":{"sp":0,"qtr":4,"down":2,"time":"13:15","yrdln":"GB 43","ydstogo":15,"ydsnet":-5,"posteam":"GB","desc":"(13:15) A.Rodgers pass incomplete short right to G.Jennings.","note":null,"players":{"00-0024267":[{"sequence":2,"clubcode":"GB","playerName":"G.Jennings","statId":115,"yards":0}],"00-0023459":[{"sequence":1,"clubcode":"GB","playerName":"A.Rodgers","statId":14,"yards":0},{"sequence":3,"clubcode":"GB","playerName":"A.Rodgers","statId":112,"yards":15}]}},"2768":{"sp":0,"qtr":4,"down":3,"time":"13:10","yrdln":"GB 43","ydstogo":15,"ydsnet":10,"posteam":"GB","desc":"(13:10) (Shotgun) A.Rodgers pass short middle to J.Finley to BUF 42 for 15 yards (B.Scott).","note":null,"players":{"00-0026231":[{"sequence":5,"clubcode":"GB","playerName":"J.Finley","statId":21,"yards":15},{"sequence":6,"clubcode":"GB","playerName":"J.Finley","statId":115,"yards":0},{"sequence":7,"clubcode":"GB","playerName":"J.Finley","statId":113,"yards":0}],"00-0021951":[{"sequence":8,"clubcode":"BUF","playerName":"B.Scott","statId":79,"yards":0}],"0":[{"sequence":1,"clubcode":"GB","playerName":"","statId":4,"yards":0},{"sequence":2,"clubcode":"GB","playerName":"","statId":6,"yards":0}],"00-0023459":[{"sequence":3,"clubcode":"GB","playerName":"A.Rodgers","statId":15,"yards":15},{"sequence":4,"clubcode":"GB","playerName":"A.Rodgers","statId":111,"yards":15}]}},"2792":{"sp":0,"qtr":4,"down":1,"time":"12:24","yrdln":"BUF 42","ydstogo":10,"ydsnet":22,"posteam":"GB","desc":"(12:24) J.Kuhn up the middle to BUF 32 for 10 yards (A.Davis). FUMBLES (A.Davis), and recovers at BUF 30. J.Kuhn to BUF 30 for no gain (A.Davis).","note":"FUMBLE","players":{"00-0022999":[{"sequence":3,"clubcode":"GB","playerName":"J.Kuhn","statId":52,"yards":0},{"sequence":5,"clubcode":"GB","playerName":"J.Kuhn","statId":55,"yards":0},{"sequence":6,"clubcode":"GB","playerName":"J.Kuhn","statId":10,"yards":12}],"0":[{"sequence":1,"clubcode":"GB","playerName":"","statId":3,"yards":0}],"00-0021257":[{"sequence":2,"clubcode":"BUF","playerName":"A.Davis","statId":79,"yards":0},{"sequence":4,"clubcode":"BUF","playerName":"A.Davis","statId":91,"yards":0},{"sequence":7,"clubcode":"BUF","playerName":"A.Davis","statId":79,"yards":0}]}},"2824":{"sp":1,"qtr":4,"down":1,"time":"12:22","yrdln":"BUF 30","ydstogo":10,"ydsnet":52,"posteam":"GB","desc":"(12:22) (Shotgun) A.Rodgers pass deep right to J.Jones for 30 yards, TOUCHDOWN. Penalty on BUF, Defensive Offside, declined. Penalty on BUF, Defensive 12 On-field, declined.","note":"TD","players":{"0":[{"sequence":1,"clubcode":"GB","playerName":"","statId":4,"yards":0}],"00-0025465":[{"sequence":4,"clubcode":"GB","playerName":"J.Jones","statId":22,"yards":30},{"sequence":5,"clubcode":"GB","playerName":"J.Jones","statId":115,"yards":0},{"sequence":6,"clubcode":"GB","playerName":"J.Jones","statId":113,"yards":9}],"00-0023459":[{"sequence":2,"clubcode":"GB","playerName":"A.Rodgers","statId":16,"yards":30},{"sequence":3,"clubcode":"GB","playerName":"A.Rodgers","statId":111,"yards":21}]}},"2856":{"sp":1,"qtr":4,"down":0,"time":"11:41","yrdln":"BUF 2","ydstogo":0,"ydsnet":52,"posteam":"GB","desc":"M.Crosby extra point is GOOD, Center-B.Goode, Holder-T.Masthay.","note":"XP","players":{"00-0025580":[{"sequence":1,"clubcode":"GB","playerName":"M.Crosby","statId":72,"yards":0}]}}},"fds":3,"result":"Touchdown","penyds":-5,"ydsgained":57,"numplays":7,"postime":"2:32","start":{"qtr":4,"time":"14:13","yrdln":"GB 48","team":"GB"},"end":{"qtr":4,"time":"11:41","yrdln":"BUF 30","team":"GB"}},"18":{"posteam":"BUF","qtr":4,"redzone":true,"plays":{"2872":{"sp":0,"qtr":4,"down":0,"time":"11:41","yrdln":"GB 30","ydstogo":0,"ydsnet":0,"posteam":"GB","desc":"M.Crosby kicks 62 yards from GB 30 to BUF 8. C.Spiller ran ob at BUF 49 for 41 yards (N.Collins).","note":"KICKOFF","players":{"00-0025580":[{"sequence":1,"clubcode":"GB","playerName":"M.Crosby","statId":41,"yards":62}],"00-0027861":[{"sequence":2,"clubcode":"BUF","playerName":"C.Spiller","statId":45,"yards":41}],"00-0023486":[{"sequence":3,"clubcode":"GB","playerName":"N.Collins","statId":79,"yards":0}]}},"2899":{"sp":0,"qtr":4,"down":1,"time":"11:31","yrdln":"BUF 49","ydstogo":10,"ydsnet":21,"posteam":"BUF","desc":"(11:31) T.Edwards pass deep left to R.Parrish to GB 30 for 21 yards (B.Jones).","note":null,"players":{"0":[{"sequence":1,"clubcode":"BUF","playerName":"","statId":4,"yards":0}],"00-0026946":[{"sequence":7,"clubcode":"GB","playerName":"B.Jones","statId":79,"yards":0}],"00-0023490":[{"sequence":4,"clubcode":"BUF","playerName":"R.Parrish","statId":21,"yards":21},{"sequence":5,"clubcode":"BUF","playerName":"R.Parrish","statId":115,"yards":0},{"sequence":6,"clubcode":"BUF","playerName":"R.Parrish","statId":113,"yards":3}],"00-0025479":[{"sequence":2,"clubcode":"BUF","playerName":"T.Edwards","statId":15,"yards":21},{"sequence":3,"clubcode":"BUF","playerName":"T.Edwards","statId":111,"yards":18}]}},"2935":{"sp":0,"qtr":4,"down":1,"time":"10:53","yrdln":"GB 30","ydstogo":10,"ydsnet":21,"posteam":"BUF","desc":"(10:53) T.Edwards pass incomplete short left to St. Johnson [C.Woodson].","note":null,"players":{"00-0026364":[{"sequence":2,"clubcode":"BUF","playerName":"St. Johnson","statId":115,"yards":0}],"00-0018227":[{"sequence":3,"clubcode":"GB","playerName":"C.Woodson","statId":110,"yards":0}],"00-0025479":[{"sequence":1,"clubcode":"BUF","playerName":"T.Edwards","statId":14,"yards":0},{"sequence":4,"clubcode":"BUF","playerName":"T.Edwards","statId":112,"yards":3}]}},"2957":{"sp":0,"qtr":4,"down":2,"time":"10:48","yrdln":"GB 30","ydstogo":10,"ydsnet":19,"posteam":"BUF","desc":"(10:48) M.Lynch up the middle to GB 32 for -2 yards (N.Barnett; B.Raji).","note":null,"players":{"00-0021990":[{"sequence":3,"clubcode":"GB","playerName":"N.Barnett","statId":82,"yards":0}],"00-0026985":[{"sequence":4,"clubcode":"GB","playerName":"B.Raji","statId":82,"yards":0}],"00-0025399":[{"sequence":1,"clubcode":"BUF","playerName":"M.Lynch","statId":10,"yards":-2}],"0":[{"sequence":2,"clubcode":"BUF","playerName":"","statId":95,"yards":-2}]}},"2978":{"sp":0,"qtr":4,"down":3,"time":"10:05","yrdln":"GB 32","ydstogo":12,"ydsnet":20,"posteam":"BUF","desc":"(10:05) (Shotgun) T.Edwards right end pushed ob at GB 31 for 1 yard (N.Collins).","note":null,"players":{"0":[{"sequence":1,"clubcode":"BUF","playerName":"","statId":7,"yards":0}],"00-0025479":[{"sequence":2,"clubcode":"BUF","playerName":"T.Edwards","statId":10,"yards":1}],"00-0023486":[{"sequence":3,"clubcode":"GB","playerName":"N.Collins","statId":79,"yards":0}]}},"2999":{"sp":0,"qtr":4,"down":4,"time":"09:52","yrdln":"GB 31","ydstogo":11,"ydsnet":12,"posteam":"BUF","desc":"(9:52) (Shotgun) T.Edwards sacked at GB 39 for -8 yards (C.Matthews).","note":null,"players":{"00-0027002":[{"sequence":3,"clubcode":"GB","playerName":"C.Matthews","statId":83,"yards":-8},{"sequence":4,"clubcode":"GB","playerName":"C.Matthews","statId":110,"yards":0},{"sequence":5,"clubcode":"GB","playerName":"C.Matthews","statId":79,"yards":0},{"sequence":6,"clubcode":"GB","playerName":"C.Matthews","statId":120,"yards":0}],"0":[{"sequence":1,"clubcode":"BUF","playerName":"","statId":9,"yards":0}],"00-0025479":[{"sequence":2,"clubcode":"BUF","playerName":"T.Edwards","statId":20,"yards":-8}]}}},"fds":1,"result":"Downs","penyds":0,"ydsgained":12,"numplays":6,"postime":"1:54","start":{"qtr":4,"time":"11:41","yrdln":"BUF 49","team":"BUF"},"end":{"qtr":4,"time":"09:47","yrdln":"GB 31","team":"BUF"}},"19":{"posteam":"GB","qtr":4,"redzone":true,"plays":{"3019":{"sp":0,"qtr":4,"down":1,"time":"09:47","yrdln":"GB 39","ydstogo":10,"ydsnet":2,"posteam":"GB","desc":"(9:47) D.Nance right tackle to GB 41 for 2 yards (K.Ellison).","note":null,"players":{"00-0027201":[{"sequence":1,"clubcode":"GB","playerName":"D.Nance","statId":10,"yards":2}],"00-0024392":[{"sequence":2,"clubcode":"BUF","playerName":"K.Ellison","statId":79,"yards":0}]}},"3040":{"sp":0,"qtr":4,"down":2,"time":"09:47","yrdln":"GB 41","ydstogo":8,"ydsnet":-3,"posteam":"GB","desc":"(9:47) PENALTY on GB-D.Nance, False Start, 5 yards, enforced at GB 41 - No Play.","note":"PENALTY","players":{"00-0027201":[{"sequence":1,"clubcode":"GB","playerName":"D.Nance","statId":93,"yards":5}]}},"3063":{"sp":0,"qtr":4,"down":2,"time":"08:50","yrdln":"GB 36","ydstogo":13,"ydsnet":18,"posteam":"GB","desc":"(8:50) A.Rodgers pass short left to G.Jennings to BUF 43 for 21 yards (K.Ellison).","note":null,"players":{"00-0024267":[{"sequence":4,"clubcode":"GB","playerName":"G.Jennings","statId":21,"yards":21},{"sequence":5,"clubcode":"GB","playerName":"G.Jennings","statId":115,"yards":0},{"sequence":6,"clubcode":"GB","playerName":"G.Jennings","statId":113,"yards":6}],"0":[{"sequence":1,"clubcode":"GB","playerName":"","statId":4,"yards":0}],"00-0024392":[{"sequence":7,"clubcode":"BUF","playerName":"K.Ellison","statId":79,"yards":0}],"00-0023459":[{"sequence":2,"clubcode":"GB","playerName":"A.Rodgers","statId":15,"yards":21},{"sequence":3,"clubcode":"GB","playerName":"A.Rodgers","statId":111,"yards":15}]}},"3087":{"sp":0,"qtr":4,"down":1,"time":"08:08","yrdln":"BUF 43","ydstogo":10,"ydsnet":21,"posteam":"GB","desc":"(8:08) J.Kuhn left end to BUF 40 for 3 yards (D.Florence, A.Davis).","note":null,"players":{"00-0022999":[{"sequence":1,"clubcode":"GB","playerName":"J.Kuhn","statId":10,"yards":3}],"00-0021994":[{"sequence":2,"clubcode":"BUF","playerName":"D.Florence","statId":80,"yards":0}],"00-0021257":[{"sequence":3,"clubcode":"BUF","playerName":"A.Davis","statId":82,"yards":0}]}},"3108":{"sp":0,"qtr":4,"down":2,"time":"07:25","yrdln":"BUF 40","ydstogo":7,"ydsnet":22,"posteam":"GB","desc":"(7:25) B.Jackson up the middle to BUF 39 for 1 yard (T.Troup).","note":null,"players":{"00-0025450":[{"sequence":1,"clubcode":"GB","playerName":"B.Jackson","statId":10,"yards":1}],"00-0027655":[{"sequence":2,"clubcode":"BUF","playerName":"T.Troup","statId":79,"yards":0}]}},"3129":{"sp":0,"qtr":4,"down":3,"time":"07:25","yrdln":"BUF 39","ydstogo":6,"ydsnet":22,"posteam":"GB","desc":"(7:25) (Shotgun) A.Rodgers pass incomplete short right to D.Driver.","note":null,"players":{"0":[{"sequence":1,"clubcode":"GB","playerName":"","statId":7,"yards":0}],"00-0004541":[{"sequence":3,"clubcode":"GB","playerName":"D.Driver","statId":115,"yards":0}],"00-0023459":[{"sequence":2,"clubcode":"GB","playerName":"A.Rodgers","statId":14,"yards":0},{"sequence":4,"clubcode":"GB","playerName":"A.Rodgers","statId":112,"yards":15}]}},"3151":{"sp":0,"qtr":4,"down":4,"time":"06:36","yrdln":"BUF 39","ydstogo":6,"ydsnet":22,"posteam":"GB","desc":"(6:36) T.Masthay punts 39 yards to end zone, Center-B.Goode, Touchback.","note":"PUNT","players":{"0":[{"sequence":2,"clubcode":"BUF","playerName":"","statId":40,"yards":0}],"00-0026664":[{"sequence":1,"clubcode":"GB","playerName":"T.Masthay","statId":32,"yards":39}]}}},"fds":1,"result":"Punt","penyds":-5,"ydsgained":27,"numplays":7,"postime":"3:20","start":{"qtr":4,"time":"09:47","yrdln":"GB 39","team":"GB"},"end":{"qtr":4,"time":"06:27","yrdln":"BUF 39","team":"GB"}},"20":{"posteam":"BUF","qtr":4,"redzone":true,"plays":{"3169":{"sp":0,"qtr":4,"down":1,"time":"06:27","yrdln":"BUF 20","ydstogo":10,"ydsnet":5,"posteam":"BUF","desc":"(6:27) F.Jackson up the middle to BUF 25 for 5 yards (C.Woodson, A.Hawk).","note":null,"players":{"00-0024220":[{"sequence":3,"clubcode":"GB","playerName":"A.Hawk","statId":82,"yards":0}],"00-0024204":[{"sequence":1,"clubcode":"BUF","playerName":"F.Jackson","statId":10,"yards":5}],"00-0018227":[{"sequence":2,"clubcode":"GB","playerName":"C.Woodson","statId":80,"yards":0}]}},"3190":{"sp":0,"qtr":4,"down":2,"time":"05:50","yrdln":"BUF 25","ydstogo":5,"ydsnet":12,"posteam":"BUF","desc":"(5:50) (Shotgun) T.Edwards left end to BUF 32 for 7 yards (C.Woodson).","note":null,"players":{"00-0018227":[{"sequence":3,"clubcode":"GB","playerName":"C.Woodson","statId":79,"yards":0}],"0":[{"sequence":1,"clubcode":"BUF","playerName":"","statId":3,"yards":0}],"00-0025479":[{"sequence":2,"clubcode":"BUF","playerName":"T.Edwards","statId":10,"yards":7}]}},"3211":{"sp":0,"qtr":4,"down":1,"time":"05:10","yrdln":"BUF 32","ydstogo":10,"ydsnet":17,"posteam":"BUF","desc":"(5:10) T.Edwards pass short right to J.Stupar to BUF 37 for 5 yards (T.Williams).","note":null,"players":{"00-0025864":[{"sequence":3,"clubcode":"BUF","playerName":"J.Stupar","statId":21,"yards":5},{"sequence":4,"clubcode":"BUF","playerName":"J.Stupar","statId":115,"yards":0},{"sequence":5,"clubcode":"BUF","playerName":"J.Stupar","statId":113,"yards":5}],"00-0024061":[{"sequence":6,"clubcode":"GB","playerName":"T.Williams","statId":79,"yards":0}],"00-0025479":[{"sequence":1,"clubcode":"BUF","playerName":"T.Edwards","statId":15,"yards":5},{"sequence":2,"clubcode":"BUF","playerName":"T.Edwards","statId":111,"yards":0}]}},"3235":{"sp":0,"qtr":4,"down":2,"time":"04:31","yrdln":"BUF 37","ydstogo":5,"ydsnet":28,"posteam":"BUF","desc":"(4:31) (Shotgun) F.Jackson right end pushed ob at BUF 48 for 11 yards (N.Collins).","note":null,"players":{"00-0024204":[{"sequence":2,"clubcode":"BUF","playerName":"F.Jackson","statId":10,"yards":11}],"0":[{"sequence":1,"clubcode":"BUF","playerName":"","statId":3,"yards":0}],"00-0023486":[{"sequence":3,"clubcode":"GB","playerName":"N.Collins","statId":79,"yards":0}]}},"3261":{"sp":0,"qtr":4,"down":1,"time":"04:26","yrdln":"BUF 48","ydstogo":10,"ydsnet":25,"posteam":"BUF","desc":"(4:26) (Shotgun) F.Jackson up the middle to BUF 45 for -3 yards (C.Matthews).","note":null,"players":{"00-0024204":[{"sequence":1,"clubcode":"BUF","playerName":"F.Jackson","statId":10,"yards":-3}],"00-0027002":[{"sequence":3,"clubcode":"GB","playerName":"C.Matthews","statId":79,"yards":0},{"sequence":4,"clubcode":"GB","playerName":"C.Matthews","statId":120,"yards":0}],"0":[{"sequence":2,"clubcode":"BUF","playerName":"","statId":95,"yards":-3}]}},"3282":{"sp":0,"qtr":4,"down":2,"time":"03:43","yrdln":"BUF 45","ydstogo":13,"ydsnet":42,"posteam":"BUF","desc":"(3:43) (Shotgun) T.Edwards pass short middle to St. Johnson to GB 43 for 12 yards (T.Williams) [A.Hawk].","note":null,"players":{"00-0024220":[{"sequence":6,"clubcode":"GB","playerName":"A.Hawk","statId":110,"yards":0}],"00-0026364":[{"sequence":3,"clubcode":"BUF","playerName":"St. Johnson","statId":21,"yards":12},{"sequence":4,"clubcode":"BUF","playerName":"St. Johnson","statId":115,"yards":0},{"sequence":5,"clubcode":"BUF","playerName":"St. Johnson","statId":113,"yards":9}],"00-0024061":[{"sequence":7,"clubcode":"GB","playerName":"T.Williams","statId":79,"yards":0}],"00-0025479":[{"sequence":1,"clubcode":"BUF","playerName":"T.Edwards","statId":15,"yards":12},{"sequence":2,"clubcode":"BUF","playerName":"T.Edwards","statId":111,"yards":3}]}},"3306":{"sp":0,"qtr":4,"down":3,"time":"03:02","yrdln":"GB 43","ydstogo":1,"ydsnet":39,"posteam":"BUF","desc":"(3:02) C.McIntyre right guard to GB 41 for 2 yards (C.Wilson, N.Barnett).","note":null,"players":{"00-0021990":[{"sequence":5,"clubcode":"GB","playerName":"N.Barnett","statId":82,"yards":0}],"00-0027822":[{"sequence":4,"clubcode":"GB","playerName":"C.Wilson","statId":80,"yards":0}],"0":[{"sequence":1,"clubcode":"BUF","playerName":"","statId":3,"yards":0},{"sequence":2,"clubcode":"BUF","playerName":"","statId":6,"yards":0}],"00-0020804":[{"sequence":3,"clubcode":"BUF","playerName":"C.McIntyre","statId":10,"yards":2}]}},"3327":{"sp":0,"qtr":4,"down":1,"time":"02:25","yrdln":"GB 41","ydstogo":10,"ydsnet":42,"posteam":"BUF","desc":"(2:25) C.Spiller up the middle to GB 38 for 3 yards (R.Pickett).","note":null,"players":{"00-0020515":[{"sequence":2,"clubcode":"GB","playerName":"R.Pickett","statId":79,"yards":0}],"00-0027861":[{"sequence":1,"clubcode":"BUF","playerName":"C.Spiller","statId":10,"yards":3}]}},"3348":{"sp":0,"qtr":4,"down":0,"time":"02:00","yrdln":"","ydstogo":0,"ydsnet":42,"posteam":"","desc":"Two-Minute Warning","note":null,"players":{}},"3365":{"sp":0,"qtr":4,"down":2,"time":"02:00","yrdln":"GB 38","ydstogo":7,"ydsnet":32,"posteam":"BUF","desc":"(2:00) (Shotgun) T.Edwards pass short right to R.Parrish to GB 32 for 6 yards (N.Collins). PENALTY on BUF-E.Wood, Offensive Holding, 10 yards, enforced at GB 38 - No Play.","note":"PENALTY","players":{"00-0027004":[{"sequence":1,"clubcode":"BUF","playerName":"E.Wood","statId":93,"yards":10}]}},"3400":{"sp":0,"qtr":4,"down":2,"time":"01:51","yrdln":"GB 48","ydstogo":17,"ydsnet":38,"posteam":"BUF","desc":"(1:51) (Shotgun) T.Edwards pass short right to C.Spiller to GB 42 for 6 yards (N.Barnett, B.Chillar) [C.Wilson].","note":null,"players":{"00-0021990":[{"sequence":7,"clubcode":"GB","playerName":"N.Barnett","statId":80,"yards":0}],"00-0022711":[{"sequence":8,"clubcode":"GB","playerName":"B.Chillar","statId":82,"yards":0}],"00-0027822":[{"sequence":6,"clubcode":"GB","playerName":"C.Wilson","statId":110,"yards":0}],"00-0027861":[{"sequence":3,"clubcode":"BUF","playerName":"C.Spiller","statId":21,"yards":6},{"sequence":4,"clubcode":"BUF","playerName":"C.Spiller","statId":115,"yards":0},{"sequence":5,"clubcode":"BUF","playerName":"C.Spiller","statId":113,"yards":10}],"00-0025479":[{"sequence":1,"clubcode":"BUF","playerName":"T.Edwards","statId":15,"yards":6},{"sequence":2,"clubcode":"BUF","playerName":"T.Edwards","statId":111,"yards":-4}]}},"3424":{"sp":0,"qtr":4,"down":3,"time":"01:22","yrdln":"GB 42","ydstogo":11,"ydsnet":38,"posteam":"BUF","desc":"(1:22) (No Huddle, Shotgun) T.Edwards pass incomplete short left to D.Nelson.","note":null,"players":{"00-0027322":[{"sequence":3,"clubcode":"BUF","playerName":"D.Nelson","statId":115,"yards":0}],"0":[{"sequence":1,"clubcode":"BUF","playerName":"","statId":7,"yards":0}],"00-0025479":[{"sequence":2,"clubcode":"BUF","playerName":"T.Edwards","statId":14,"yards":0},{"sequence":4,"clubcode":"BUF","playerName":"T.Edwards","statId":112,"yards":7}]}},"3446":{"sp":0,"qtr":4,"down":4,"time":"01:19","yrdln":"GB 42","ydstogo":11,"ydsnet":42,"posteam":"BUF","desc":"(1:19) (Shotgun) T.Edwards left end ran ob at GB 38 for 4 yards (B.Chillar).","note":null,"players":{"00-0022711":[{"sequence":3,"clubcode":"GB","playerName":"B.Chillar","statId":79,"yards":0}],"0":[{"sequence":1,"clubcode":"BUF","playerName":"","statId":9,"yards":0}],"00-0025479":[{"sequence":2,"clubcode":"BUF","playerName":"T.Edwards","statId":10,"yards":4}]}}},"fds":3,"result":"Downs","penyds":-10,"ydsgained":52,"numplays":13,"postime":"5:17","start":{"qtr":4,"time":"06:27","yrdln":"BUF 20","team":"BUF"},"end":{"qtr":4,"time":"01:10","yrdln":"GB 42","team":"BUF"}},"21":{"posteam":"GB","qtr":4,"redzone":true,"plays":{"3468":{"sp":0,"qtr":4,"down":1,"time":"01:10","yrdln":"GB 38","ydstogo":10,"ydsnet":-1,"posteam":"GB","desc":"(1:10) A.Rodgers kneels to GB 37 for -1 yards.","note":null,"players":{"00-0023459":[{"sequence":1,"clubcode":"GB","playerName":"A.Rodgers","statId":10,"yards":-1}]}},"3489":{"sp":0,"qtr":4,"down":2,"time":"00:32","yrdln":"GB 37","ydstogo":11,"ydsnet":-2,"posteam":"GB","desc":"(:32) A.Rodgers kneels to GB 36 for -1 yards.","note":null,"players":{"00-0023459":[{"sequence":1,"clubcode":"GB","playerName":"A.Rodgers","statId":10,"yards":-1}]}},"3510":{"sp":0,"qtr":4,"down":0,"time":"00:00","yrdln":"","ydstogo":0,"ydsnet":-2,"posteam":"","desc":"END GAME","note":null,"players":{}}},"fds":0,"result":"End of Game","penyds":0,"ydsgained":-2,"numplays":3,"postime":"1:10","start":{"qtr":4,"time":"01:10","yrdln":"GB 38","team":"GB"},"end":{"qtr":4,"time":"00:00","yrdln":"","team":"GB"}},"crntdrv":21},"scrsummary":{"274":{"type":"FG","desc":"M.Crosby 44 yd. Field Goal Drive: 8 plays, 40 yards in 3:11","qtr":1,"team":"GB","players":{"M.Crosby":"00-0025580"}},"516":{"type":"FG","desc":"M.Crosby 24 yd. Field Goal Drive: 6 plays, 43 yards in 1:58","qtr":1,"team":"GB","players":{"M.Crosby":"00-0025580"}},"907":{"type":"TD","desc":"B.Jackson 1 yd. run (M.Crosby kick is good) Drive: 11 plays, 72 yards in 5:51","qtr":1,"team":"GB","players":{"":"0","B.Jackson":"00-0025450","M.Crosby":"00-0025580"}},"1179":{"type":"TD","desc":"F.Jackson 3 yd. run (R.Lindell kick is good) Drive: 8 plays, 80 yards in 4:22","qtr":2,"team":"BUF","players":{"":"0","F.Jackson":"00-0024204","R.Lindell":"00-0019310"}},"2160":{"type":"TD","desc":"D.Driver 7 yd. pass from A.Rodgers (M.Crosby kick is good) Drive: 7 plays, 39 yards in 4:17","qtr":3,"team":"GB","players":{"":"0","A.Rodgers":"00-0023459","D.Driver":"00-0004541","C.Kelsay":"00-0021995","M.Crosby":"00-0025580"}},"2480":{"type":"TD","desc":"A.Rodgers 9 yd. run (M.Crosby kick is good) Drive: 7 plays, 64 yards in 4:24","qtr":3,"team":"GB","players":{"":"0","A.Rodgers":"00-0023459","M.Crosby":"00-0025580"}},"2824":{"type":"TD","desc":"J.Jones 30 yd. pass from A.Rodgers (M.Crosby kick is good) Drive: 5 plays, 52 yards in 2:32","qtr":4,"team":"GB","players":{"":"0","A.Rodgers":"00-0023459","J.Jones":"00-0025465","M.Crosby":"00-0025580"}}},"weather":null,"media":null,"yl":"","qtr":"Final","note":null,"down":0,"togo":0,"redzone":true,"clock":"00:32","posteam":"GB","stadium":null},"nextupdate":215}