{"2010091908":{"home":{"score":{"1":0,"2":7,"3":0,"4":0,"5":0,"T":7},"abbr":"CAR","to":0,"stats":{"passing":{"00-0025708":{"name":"M.Moore","att":16,"cmp":6,"yds":125,"tds":1,"ints":1,"twopta":0,"twoptm":0},"00-0027659":{"name":"J.Clausen","att":13,"cmp":7,"yds":59,"tds":0,"ints":1,"twopta":0,"twoptm":0}},"rushing":{"00-0024242":{"name":"D.Williams","att":17,"yds":54,"tds":0,"lng":11,"lngtd":0,"twopta":0,"twoptm":0},"00-0026153":{"name":"J.Stewart","att":8,"yds":43,"tds":0,"lng":19,"lngtd":0,"twopta":0,"twoptm":0},"00-0027080":{"name":"M.Goodson","att":5,"yds":20,"tds":0,"lng":9,"lngtd":0,"twopta":0,"twoptm":0},"00-0025708":{"name":"M.Moore","att":1,"yds":2,"tds":0,"lng":2,"lngtd":0,"twopta":0,"twoptm":0},"00-0027093":{"name":"T.Fiammetta","att":1,"yds":0,"tds":0,"lng":0,"lngtd":0,"twopta":0,"twoptm":0},"00-0027659":{"name":"J.Clausen","att":1,"yds":0,"tds":0,"lng":0,"lngtd":0,"twopta":0,"twoptm":0}},"receiving":{"00-0020337":{"name":"S.Smith","rec":3,"yds":66,"tds":1,"lng":37,"lngtd":37,"twopta":0,"twoptm":0},"00-0025542":{"name":"D.Rosario","rec":3,"yds":47,"tds":0,"lng":26,"lngtd":0,"twopta":0,"twoptm":0},"00-0024242":{"name":"D.Williams","rec":3,"yds":20,"tds":0,"lng":11,"lngtd":0,"twopta":0,"twoptm":0},"00-0027080":{"name":"M.Goodson","rec":2,"yds":33,"tds":0,"lng":23,"lngtd":0,"twopta":0,"twoptm":0},"00-0027795":{"name":"D.Gettis","rec":2,"yds":18,"tds":0,"lng":14,"lngtd":0,"twopta":0,"twoptm":0}},"fumbles":{"00-0025708":{"name":"M.Moore","tot":1,"rcv":0,"trcv":0,"yds":0,"lost":1},"00-0027659":{"name":"J.Clausen","tot":1,"rcv":0,"trcv":0,"yds":-1,"lost":0},"00-0024369":{"name":"J.King","tot":0,"rcv":1,"trcv":1,"yds":0,"lost":0}},"kicking":{"00-0009028":{"name":"J.Kasay","fgm":0,"fga":0,"fgyds":0,"totpfg":0,"xpmade":1,"xpmissed":0,"xpa":1,"xpb":0,"xptot":1}},"punting":{"00-0019921":{"name":"J.Baker","pts":5,"yds":205,"avg":37,"i20":2,"lng":53}},"kickret":{"00-0027080":{"name":"M.Goodson","ret":4,"avg":18,"tds":0,"lng":43,"lngtd":0},"00-0027799":{"name":"J.Pugh","ret":1,"avg":17,"tds":0,"lng":17,"lngtd":0}},"puntret":{"00-0026944":{"name":"C.Munnerlyn","ret":3,"avg":2,"tds":0,"lng":4,"lngtd":0},"00-0024335":{"name":"J.Williams","ret":1,"avg":0,"tds":0,"lng":0,"lngtd":0}},"defense":{"00-0024303":{"name":"J.Anderson","tkl":8,"ast":2,"sk":0,"int":0,"ffum":0},"00-0025412":{"name":"J.Beason","tkl":6,"ast":3,"sk":0,"int":0,"ffum":0},"00-0025553":{"name":"D.Landri","tkl":7,"ast":0,"sk":0,"int":0,"ffum":0},"00-0022914":{"name":"C.Gamble","tkl":6,"ast":0,"sk":0,"int":0,"ffum":0},"00-0026214":{"name":"D.Connor","tkl":4,"ast":2,"sk":0,"int":0,"ffum":0},"00-0027019":{"name":"E.Brown","tkl":3,"ast":0,"sk":0,"int":0,"ffum":0},"00-0027774":{"name":"G.Hardy","tkl":2,"ast":0,"sk":0,"int":0,"ffum":0},"00-0024273":{"name":"R.Marshall","tkl":2,"ast":0,"sk":0,"int":0,"ffum":0},"00-0026944":{"name":"C.Munnerlyn","tkl":2,"ast":0,"sk":0,"int":0,"ffum":0},"00-0026207":{"name":"C.Godfrey","tkl":1,"ast":0,"sk":0,"int":0,"ffum":0},"00-0026321":{"name":"N.Hayden","tkl":1,"ast":0,"sk":0,"int":0,"ffum":0},"00-0025470":{"name":"C.Johnson","tkl":1,"ast":0,"sk":0,"int":0,"ffum":0}},"team":{"totfd":16,"totyds":278,"pyds":159,"ryds":119,"pen":4,"penyds":48,"trnovr":3,"pt":5,"ptyds":205,"ptavg":37,"top":"29:11"}},"players":null},"away":{"score":{"1":7,"2":7,"3":3,"4":3,"5":0,"T":20},"abbr":"TB","to":1,"stats":{"passing":{"00-0026993":{"name":"J.Freeman","att":24,"cmp":12,"yds":178,"tds":2,"ints":0,"twopta":0,"twoptm":0},"00-0023968":{"name":"M.Spurlock","att":1,"cmp":0,"yds":0,"tds":0,"ints":0,"twopta":0,"twoptm":0}},"rushing":{"00-0023440":{"name":"C.Williams","att":27,"yds":51,"tds":0,"lng":8,"lngtd":0,"twopta":0,"twoptm":0},"00-0026993":{"name":"J.Freeman","att":4,"yds":43,"tds":0,"lng":17,"lngtd":0,"twopta":0,"twoptm":0},"00-0021755":{"name":"E.Graham","att":3,"yds":1,"tds":0,"lng":2,"lngtd":0,"twopta":0,"twoptm":0}},"receiving":{"00-0021755":{"name":"E.Graham","rec":5,"yds":33,"tds":1,"lng":14,"lngtd":14,"twopta":0,"twoptm":0},"00-0022922":{"name":"K.Winslow","rec":4,"yds":83,"tds":0,"lng":40,"lngtd":0,"twopta":0,"twoptm":0},"00-0027702":{"name":"M.Williams","rec":2,"yds":54,"tds":1,"lng":35,"lngtd":35,"twopta":0,"twoptm":0},"00-0023440":{"name":"C.Williams","rec":1,"yds":8,"tds":0,"lng":8,"lngtd":0,"twopta":0,"twoptm":0}},"fumbles":{"00-0026906":{"name":"K.Moore","tot":0,"rcv":0,"trcv":1,"yds":5,"lost":0}},"kicking":{"00-0026138":{"name":"C.Barth","fgm":2,"fga":2,"fgyds":33,"totpfg":6,"xpmade":2,"xpmissed":0,"xpa":2,"xpb":0,"xptot":2}},"punting":{"00-0027189":{"name":"C.Bryan","pts":3,"yds":130,"avg":42,"i20":0,"lng":52},"00-0026138":{"name":"C.Barth","pts":3,"yds":117,"avg":31,"i20":1,"lng":48}},"kickret":{"00-0023968":{"name":"M.Spurlock","ret":1,"avg":18,"tds":0,"lng":18,"lngtd":0}},"puntret":{"00-0023968":{"name":"M.Spurlock","ret":2,"avg":10,"tds":0,"lng":23,"lngtd":0}},"defense":{"00-0023471":{"name":"B.Ruud","tkl":6,"ast":3,"sk":0,"int":0,"ffum":0},"00-0026315":{"name":"G.Hayes","tkl":6,"ast":2,"sk":0,"int":0,"ffum":0},"00-0025455":{"name":"Q.Black","tkl":6,"ast":1,"sk":1,"int":0,"ffum":0},"00-0022844":{"name":"S.Jones","tkl":5,"ast":1,"sk":0,"int":0,"ffum":0},"00-0021332":{"name":"S.White","tkl":4,"ast":1,"sk":1,"int":0,"ffum":0},"00-0000741":{"name":"R.Barber","tkl":3,"ast":2,"sk":0,"int":1,"ffum":0},"00-0027055":{"name":"R.Miller","tkl":2,"ast":2,"sk":0,"int":0,"ffum":0},"00-0025443":{"name":"T.Crowder","tkl":3,"ast":0,"sk":2,"int":0,"ffum":1},"00-0025493":{"name":"T.Jackson","tkl":3,"ast":0,"sk":0,"int":0,"ffum":0},"00-0026906":{"name":"K.Moore","tkl":2,"ast":1,"sk":0,"int":0,"ffum":0},"00-0027856":{"name":"G.McCoy","tkl":1,"ast":1,"sk":0,"int":0,"ffum":0},"00-0026160":{"name":"A.Talib","tkl":1,"ast":0,"sk":0,"int":1,"ffum":0},"00-0025902":{"name":"E.Mack","tkl":1,"ast":0,"sk":0,"int":0,"ffum":0},"00-0021382":{"name":"R.Sims","tkl":1,"ast":0,"sk":0,"int":0,"ffum":0}},"team":{"totfd":14,"totyds":273,"pyds":178,"ryds":95,"pen":4,"penyds":30,"trnovr":0,"pt":6,"ptyds":247,"ptavg":37,"top":"30:49"}},"players":null},"drives":{"1":{"posteam":"TB","qtr":1,"redzone":true,"plays":{"36":{"sp":0,"qtr":1,"down":0,"time":"15:00","yrdln":"CAR 30","ydstogo":0,"ydsnet":7,"posteam":"CAR","desc":"R.Lloyd kicks 62 yards from CAR 30 to TB 8. M.Spurlock to TB 26 for 18 yards (R.McClain).","note":"KICKOFF","players":{"00-0027840":[{"sequence":3,"clubcode":"CAR","playerName":"R.McClain","statId":79,"yards":0}],"00-0023968":[{"sequence":2,"clubcode":"TB","playerName":"M.Spurlock","statId":45,"yards":18}],"00-0023363":[{"sequence":1,"clubcode":"CAR","playerName":"R.Lloyd","statId":41,"yards":62}]}},"58":{"sp":0,"qtr":1,"down":1,"time":"14:55","yrdln":"TB 26","ydstogo":10,"ydsnet":2,"posteam":"TB","desc":"(14:55) (Shotgun) C.Williams up the middle to TB 28 for 2 yards (D.Landri, D.Connor).","note":null,"players":{"00-0025553":[{"sequence":2,"clubcode":"CAR","playerName":"D.Landri","statId":80,"yards":0}],"00-0026214":[{"sequence":3,"clubcode":"CAR","playerName":"D.Connor","statId":82,"yards":0}],"00-0023440":[{"sequence":1,"clubcode":"TB","playerName":"C.Williams","statId":10,"yards":2}]}},"79":{"sp":0,"qtr":1,"down":2,"time":"14:18","yrdln":"TB 28","ydstogo":8,"ydsnet":7,"posteam":"TB","desc":"(14:18) C.Williams up the middle to TB 33 for 5 yards (D.Landri).","note":null,"players":{"00-0025553":[{"sequence":2,"clubcode":"CAR","playerName":"D.Landri","statId":79,"yards":0}],"00-0023440":[{"sequence":1,"clubcode":"TB","playerName":"C.Williams","statId":10,"yards":5}]}},"100":{"sp":0,"qtr":1,"down":3,"time":"13:32","yrdln":"TB 33","ydstogo":3,"ydsnet":2,"posteam":"TB","desc":"(13:32) (Shotgun) PENALTY on TB-J.Trueblood, False Start, 5 yards, enforced at TB 33 - No Play.","note":"PENALTY","players":{"00-0024274":[{"sequence":1,"clubcode":"TB","playerName":"J.Trueblood","statId":93,"yards":5}]}},"123":{"sp":0,"qtr":1,"down":3,"time":"13:09","yrdln":"TB 28","ydstogo":8,"ydsnet":2,"posteam":"TB","desc":"(13:09) (Shotgun) J.Freeman pass incomplete short right to C.Williams.","note":null,"players":{"0":[{"sequence":1,"clubcode":"TB","playerName":"","statId":7,"yards":0}],"00-0023440":[{"sequence":3,"clubcode":"TB","playerName":"C.Williams","statId":115,"yards":0}],"00-0026993":[{"sequence":2,"clubcode":"TB","playerName":"J.Freeman","statId":14,"yards":0},{"sequence":4,"clubcode":"TB","playerName":"J.Freeman","statId":112,"yards":7}]}},"145":{"sp":0,"qtr":1,"down":4,"time":"13:05","yrdln":"TB 28","ydstogo":8,"ydsnet":2,"posteam":"TB","desc":"(13:05) C.Bryan punts 52 yards to CAR 20, Center-A.Economos. C.Munnerlyn to CAR 24 for 4 yards (A.Economos).","note":"PUNT","players":{"00-0022975":[{"sequence":3,"clubcode":"TB","playerName":"A.Economos","statId":79,"yards":0}],"00-0027189":[{"sequence":1,"clubcode":"TB","playerName":"C.Bryan","statId":29,"yards":52}],"00-0026944":[{"sequence":2,"clubcode":"CAR","playerName":"C.Munnerlyn","statId":33,"yards":4}]}}},"fds":0,"result":"Punt","penyds":-5,"ydsgained":7,"numplays":6,"postime":"2:07","start":{"qtr":1,"time":"15:00","yrdln":"TB 26","team":"TB"},"end":{"qtr":1,"time":"12:53","yrdln":"TB 28","team":"TB"}},"2":{"posteam":"CAR","qtr":1,"redzone":true,"plays":{"170":{"sp":0,"qtr":1,"down":1,"time":"12:53","yrdln":"CAR 24","ydstogo":10,"ydsnet":-2,"posteam":"CAR","desc":"(12:53) D.Williams up the middle to CAR 22 for -2 yards (Q.Black).","note":null,"players":{"0":[{"sequence":2,"clubcode":"CAR","playerName":"","statId":95,"yards":-2}],"00-0025455":[{"sequence":3,"clubcode":"TB","playerName":"Q.Black","statId":79,"yards":0},{"sequence":4,"clubcode":"TB","playerName":"Q.Black","statId":120,"yards":0}],"00-0024242":[{"sequence":1,"clubcode":"CAR","playerName":"D.Williams","statId":10,"yards":-2}]}},"191":{"sp":0,"qtr":1,"down":2,"time":"12:14","yrdln":"CAR 22","ydstogo":12,"ydsnet":0,"posteam":"CAR","desc":"(12:14) D.Williams right tackle to CAR 24 for 2 yards (G.Hayes).","note":null,"players":{"00-0026315":[{"sequence":2,"clubcode":"TB","playerName":"G.Hayes","statId":79,"yards":0}],"00-0024242":[{"sequence":1,"clubcode":"CAR","playerName":"D.Williams","statId":10,"yards":2}]}},"212":{"sp":0,"qtr":1,"down":3,"time":"11:32","yrdln":"CAR 24","ydstogo":10,"ydsnet":0,"posteam":"CAR","desc":"(11:32) (Shotgun) M.Moore pass incomplete short right to T.Fiammetta.","note":null,"players":{"00-0027093":[{"sequence":3,"clubcode":"CAR","playerName":"T.Fiammetta","statId":115,"yards":0}],"00-0025708":[{"sequence":2,"clubcode":"CAR","playerName":"M.Moore","statId":14,"yards":0},{"sequence":4,"clubcode":"CAR","playerName":"M.Moore","statId":112,"yards":0}],"0":[{"sequence":1,"clubcode":"CAR","playerName":"","statId":7,"yards":0}]}},"234":{"sp":0,"qtr":1,"down":4,"time":"11:24","yrdln":"CAR 24","ydstogo":10,"ydsnet":0,"posteam":"CAR","desc":"(11:24) J.Baker punts 53 yards to TB 23, Center-J.Jansen. M.Spurlock to TB 46 for 23 yards (G.Barnidge).","note":"PUNT","players":{"00-0019921":[{"sequence":1,"clubcode":"CAR","playerName":"J.Baker","statId":29,"yards":53}],"00-0026281":[{"sequence":3,"clubcode":"CAR","playerName":"G.Barnidge","statId":79,"yards":0}],"00-0023968":[{"sequence":2,"clubcode":"TB","playerName":"M.Spurlock","statId":33,"yards":23}]}}},"fds":0,"result":"Punt","penyds":0,"ydsgained":0,"numplays":4,"postime":"1:43","start":{"qtr":1,"time":"12:53","yrdln":"CAR 24","team":"CAR"},"end":{"qtr":1,"time":"11:10","yrdln":"CAR 24","team":"CAR"}},"3":{"posteam":"TB","qtr":1,"redzone":true,"plays":{"259":{"sp":0,"qtr":1,"down":1,"time":"11:10","yrdln":"TB 46","ydstogo":10,"ydsnet":2,"posteam":"TB","desc":"(11:10) C.Williams up the middle to TB 48 for 2 yards (D.Connor).","note":null,"players":{"00-0026214":[{"sequence":2,"clubcode":"CAR","playerName":"D.Connor","statId":79,"yards":0}],"00-0023440":[{"sequence":1,"clubcode":"TB","playerName":"C.Williams","statId":10,"yards":2}]}},"280":{"sp":0,"qtr":1,"down":2,"time":"10:35","yrdln":"TB 48","ydstogo":8,"ydsnet":0,"posteam":"TB","desc":"(10:35) J.Freeman pass short right to E.Graham to TB 46 for -2 yards (J.Anderson) [E.Johnson].","note":null,"players":{"00-0021755":[{"sequence":3,"clubcode":"TB","playerName":"E.Graham","statId":21,"yards":-2},{"sequence":4,"clubcode":"TB","playerName":"E.Graham","statId":115,"yards":0},{"sequence":5,"clubcode":"TB","playerName":"E.Graham","statId":113,"yards":0}],"00-0024303":[{"sequence":7,"clubcode":"CAR","playerName":"J.Anderson","statId":79,"yards":0},{"sequence":8,"clubcode":"CAR","playerName":"J.Anderson","statId":120,"yards":0}],"00-0024765":[{"sequence":6,"clubcode":"CAR","playerName":"E.Johnson","statId":110,"yards":0}],"00-0026993":[{"sequence":1,"clubcode":"TB","playerName":"J.Freeman","statId":15,"yards":-2},{"sequence":2,"clubcode":"TB","playerName":"J.Freeman","statId":111,"yards":-2}]}},"304":{"sp":0,"qtr":1,"down":3,"time":"09:49","yrdln":"TB 46","ydstogo":10,"ydsnet":24,"posteam":"TB","desc":"(9:49) (Shotgun) J.Freeman pass deep middle to K.Winslow to CAR 30 for 24 yards (J.Beason) [C.Godfrey].","note":null,"players":{"00-0025412":[{"sequence":9,"clubcode":"CAR","playerName":"J.Beason","statId":79,"yards":0}],"00-0026207":[{"sequence":8,"clubcode":"CAR","playerName":"C.Godfrey","statId":110,"yards":0}],"00-0022922":[{"sequence":5,"clubcode":"TB","playerName":"K.Winslow","statId":21,"yards":24},{"sequence":6,"clubcode":"TB","playerName":"K.Winslow","statId":115,"yards":0},{"sequence":7,"clubcode":"TB","playerName":"K.Winslow","statId":113,"yards":5}],"0":[{"sequence":1,"clubcode":"TB","playerName":"","statId":4,"yards":0},{"sequence":2,"clubcode":"TB","playerName":"","statId":6,"yards":0}],"00-0026993":[{"sequence":3,"clubcode":"TB","playerName":"J.Freeman","statId":15,"yards":24},{"sequence":4,"clubcode":"TB","playerName":"J.Freeman","statId":111,"yards":19}]}},"328":{"sp":0,"qtr":1,"down":1,"time":"09:07","yrdln":"CAR 30","ydstogo":10,"ydsnet":54,"posteam":"TB","desc":"(9:07) C.Williams left end to CAR 29 for 1 yard (C.Gamble). PENALTY on TB-J.Faine, Offensive Holding, 10 yards, enforced at CAR 29.","note":"PENALTY","players":{"00-0022914":[{"sequence":2,"clubcode":"CAR","playerName":"C.Gamble","statId":79,"yards":0}],"00-0022157":[{"sequence":3,"clubcode":"TB","playerName":"J.Faine","statId":93,"yards":10}],"00-0023440":[{"sequence":1,"clubcode":"TB","playerName":"C.Williams","statId":10,"yards":1}]}},"360":{"sp":0,"qtr":1,"down":1,"time":"08:42","yrdln":"CAR 39","ydstogo":19,"ydsnet":15,"posteam":"TB","desc":"(8:42) J.Freeman pass incomplete deep right to M.Williams (C.Gamble).","note":null,"players":{"00-0022914":[{"sequence":3,"clubcode":"CAR","playerName":"C.Gamble","statId":85,"yards":0}],"00-0027702":[{"sequence":2,"clubcode":"TB","playerName":"M.Williams","statId":115,"yards":0}],"00-0026993":[{"sequence":1,"clubcode":"TB","playerName":"J.Freeman","statId":14,"yards":0},{"sequence":4,"clubcode":"TB","playerName":"J.Freeman","statId":112,"yards":39}]}},"382":{"sp":0,"qtr":1,"down":2,"time":"08:32","yrdln":"CAR 39","ydstogo":19,"ydsnet":23,"posteam":"TB","desc":"(8:32) J.Freeman pass short left to C.Williams to CAR 31 for 8 yards (C.Munnerlyn).","note":null,"players":{"00-0026944":[{"sequence":6,"clubcode":"CAR","playerName":"C.Munnerlyn","statId":79,"yards":0}],"00-0023440":[{"sequence":3,"clubcode":"TB","playerName":"C.Williams","statId":21,"yards":8},{"sequence":4,"clubcode":"TB","playerName":"C.Williams","statId":115,"yards":0},{"sequence":5,"clubcode":"TB","playerName":"C.Williams","statId":113,"yards":3}],"00-0026993":[{"sequence":1,"clubcode":"TB","playerName":"J.Freeman","statId":15,"yards":8},{"sequence":2,"clubcode":"TB","playerName":"J.Freeman","statId":111,"yards":5}]}},"406":{"sp":0,"qtr":1,"down":3,"time":"07:47","yrdln":"CAR 31","ydstogo":11,"ydsnet":40,"posteam":"TB","desc":"(7:47) (Shotgun) J.Freeman right end to CAR 14 for 17 yards (G.Hardy). Penalty on CAR-C.Johnson, Defensive Offside, declined.","note":null,"players":{"0":[{"sequence":1,"clubcode":"TB","playerName":"","statId":3,"yards":0},{"sequence":2,"clubcode":"TB","playerName":"","statId":6,"yards":0}],"00-0027774":[{"sequence":4,"clubcode":"CAR","playerName":"G.Hardy","statId":79,"yards":0}],"00-0026993":[{"sequence":3,"clubcode":"TB","playerName":"J.Freeman","statId":10,"yards":17}]}},"438":{"sp":1,"qtr":1,"down":1,"time":"07:17","yrdln":"CAR 14","ydstogo":10,"ydsnet":54,"posteam":"TB","desc":"(7:17) (Shotgun) J.Freeman pass short right to E.Graham for 14 yards, TOUCHDOWN.","note":"TD","players":{"00-0021755":[{"sequence":4,"clubcode":"TB","playerName":"E.Graham","statId":22,"yards":14},{"sequence":5,"clubcode":"TB","playerName":"E.Graham","statId":115,"yards":0},{"sequence":6,"clubcode":"TB","playerName":"E.Graham","statId":113,"yards":12}],"0":[{"sequence":1,"clubcode":"TB","playerName":"","statId":4,"yards":0}],"00-0026993":[{"sequence":2,"clubcode":"TB","playerName":"J.Freeman","statId":16,"yards":14},{"sequence":3,"clubcode":"TB","playerName":"J.Freeman","statId":111,"yards":2}]}},"458":{"sp":1,"qtr":1,"down":0,"time":"07:11","yrdln":"CAR 2","ydstogo":0,"ydsnet":54,"posteam":"TB","desc":"C.Barth extra point is GOOD, Center-A.Economos, Holder-C.Bryan.","note":"XP","players":{"00-0026138":[{"sequence":1,"clubcode":"TB","playerName":"C.Barth","statId":72,"yards":0}]}}},"fds":3,"result":"Touchdown","penyds":-10,"ydsgained":64,"numplays":9,"postime":"3:59","start":{"qtr":1,"time":"11:10","yrdln":"TB 46","team":"TB"},"end":{"qtr":1,"time":"07:11","yrdln":"CAR 14","team":"TB"}},"4":{"posteam":"CAR","qtr":1,"redzone":true,"plays":{"474":{"sp":0,"qtr":1,"down":0,"time":"07:11","yrdln":"TB 30","ydstogo":0,"ydsnet":0,"posteam":"TB","desc":"C.Barth kicks 67 yards from TB 30 to CAR 3. M.Goodson to CAR 23 for 20 yards (C.Grimm, D.Watson).","note":"KICKOFF","players":{"00-0026138":[{"sequence":1,"clubcode":"TB","playerName":"C.Barth","statId":41,"yards":67}],"00-0027805":[{"sequence":3,"clubcode":"TB","playerName":"C.Grimm","statId":80,"yards":0}],"00-0027080":[{"sequence":2,"clubcode":"CAR","playerName":"M.Goodson","statId":45,"yards":20}],"00-0027812":[{"sequence":4,"clubcode":"TB","playerName":"D.Watson","statId":82,"yards":0}]}},"496":{"sp":0,"qtr":1,"down":1,"time":"07:05","yrdln":"CAR 23","ydstogo":10,"ydsnet":11,"posteam":"CAR","desc":"(7:05) D.Williams up the middle to CAR 34 for 11 yards (S.White).","note":null,"players":{"00-0021332":[{"sequence":3,"clubcode":"TB","playerName":"S.White","statId":79,"yards":0}],"0":[{"sequence":1,"clubcode":"CAR","playerName":"","statId":3,"yards":0}],"00-0024242":[{"sequence":2,"clubcode":"CAR","playerName":"D.Williams","statId":10,"yards":11}]}},"517":{"sp":0,"qtr":1,"down":1,"time":"06:34","yrdln":"CAR 34","ydstogo":10,"ydsnet":21,"posteam":"CAR","desc":"(6:34) D.Williams left end to CAR 44 for 10 yards (S.Jones).","note":null,"players":{"0":[{"sequence":1,"clubcode":"CAR","playerName":"","statId":3,"yards":0}],"00-0022844":[{"sequence":3,"clubcode":"TB","playerName":"S.Jones","statId":79,"yards":0}],"00-0024242":[{"sequence":2,"clubcode":"CAR","playerName":"D.Williams","statId":10,"yards":10}]}},"538":{"sp":0,"qtr":1,"down":1,"time":"06:07","yrdln":"CAR 44","ydstogo":10,"ydsnet":21,"posteam":"CAR","desc":"(6:07) M.Moore pass incomplete short left to J.Stewart.","note":null,"players":{"00-0026153":[{"sequence":2,"clubcode":"CAR","playerName":"J.Stewart","statId":115,"yards":0}],"00-0025708":[{"sequence":1,"clubcode":"CAR","playerName":"M.Moore","statId":14,"yards":0},{"sequence":3,"clubcode":"CAR","playerName":"M.Moore","statId":112,"yards":-2}]}},"560":{"sp":0,"qtr":1,"down":2,"time":"06:02","yrdln":"CAR 44","ydstogo":10,"ydsnet":26,"posteam":"CAR","desc":"(6:02) J.Stewart right tackle to CAR 49 for 5 yards (S.Jones, G.Hayes).","note":null,"players":{"00-0026153":[{"sequence":1,"clubcode":"CAR","playerName":"J.Stewart","statId":10,"yards":5}],"00-0022844":[{"sequence":2,"clubcode":"TB","playerName":"S.Jones","statId":80,"yards":0}],"00-0026315":[{"sequence":3,"clubcode":"TB","playerName":"G.Hayes","statId":82,"yards":0}]}},"581":{"sp":0,"qtr":1,"down":3,"time":"05:20","yrdln":"CAR 49","ydstogo":5,"ydsnet":34,"posteam":"CAR","desc":"(5:20) (Shotgun) M.Moore pass short left to S.Smith to TB 43 for 8 yards (B.Ruud).","note":null,"players":{"00-0023471":[{"sequence":8,"clubcode":"TB","playerName":"B.Ruud","statId":79,"yards":0}],"00-0020337":[{"sequence":5,"clubcode":"CAR","playerName":"S.Smith","statId":21,"yards":8},{"sequence":6,"clubcode":"CAR","playerName":"S.Smith","statId":115,"yards":0},{"sequence":7,"clubcode":"CAR","playerName":"S.Smith","statId":113,"yards":0}],"00-0025708":[{"sequence":3,"clubcode":"CAR","playerName":"M.Moore","statId":15,"yards":8},{"sequence":4,"clubcode":"CAR","playerName":"M.Moore","statId":111,"yards":8}],"0":[{"sequence":1,"clubcode":"CAR","playerName":"","statId":4,"yards":0},{"sequence":2,"clubcode":"CAR","playerName":"","statId":6,"yards":0}]}},"605":{"sp":0,"qtr":1,"down":1,"time":"04:40","yrdln":"TB 43","ydstogo":10,"ydsnet":33,"posteam":"CAR","desc":"(4:40) D.Williams up the middle to TB 44 for -1 yards (S.Jones; G.Hayes).","note":null,"players":{"0":[{"sequence":2,"clubcode":"CAR","playerName":"","statId":95,"yards":-1}],"00-0022844":[{"sequence":3,"clubcode":"TB","playerName":"S.Jones","statId":82,"yards":0}],"00-0026315":[{"sequence":4,"clubcode":"TB","playerName":"G.Hayes","statId":82,"yards":0}],"00-0024242":[{"sequence":1,"clubcode":"CAR","playerName":"D.Williams","statId":10,"yards":-1}]}},"626":{"sp":0,"qtr":1,"down":2,"time":"04:01","yrdln":"TB 44","ydstogo":11,"ydsnet":33,"posteam":"CAR","desc":"(4:01) M.Moore pass incomplete short right to J.King [K.Moore].","note":null,"players":{"00-0025708":[{"sequence":1,"clubcode":"CAR","playerName":"M.Moore","statId":14,"yards":0},{"sequence":4,"clubcode":"CAR","playerName":"M.Moore","statId":112,"yards":4}],"00-0026906":[{"sequence":3,"clubcode":"TB","playerName":"K.Moore","statId":110,"yards":0}],"00-0024369":[{"sequence":2,"clubcode":"CAR","playerName":"J.King","statId":115,"yards":0}]}},"648":{"sp":0,"qtr":1,"down":3,"time":"03:55","yrdln":"TB 44","ydstogo":11,"ydsnet":33,"posteam":"CAR","desc":"(3:55) (Shotgun) M.Moore pass incomplete short left to T.Fiammetta.","note":null,"players":{"00-0027093":[{"sequence":3,"clubcode":"CAR","playerName":"T.Fiammetta","statId":115,"yards":0}],"00-0025708":[{"sequence":2,"clubcode":"CAR","playerName":"M.Moore","statId":14,"yards":0},{"sequence":4,"clubcode":"CAR","playerName":"M.Moore","statId":112,"yards":-1}],"0":[{"sequence":1,"clubcode":"CAR","playerName":"","statId":7,"yards":0}]}},"670":{"sp":0,"qtr":1,"down":4,"time":"03:51","yrdln":"TB 44","ydstogo":11,"ydsnet":33,"posteam":"CAR","desc":"(3:51) J.Baker punts 31 yards to TB 13, Center-J.Jansen, fair catch by M.Spurlock.","note":"PUNT","players":{"00-0019921":[{"sequence":1,"clubcode":"CAR","playerName":"J.Baker","statId":29,"yards":31},{"sequence":2,"clubcode":"CAR","playerName":"J.Baker","statId":30,"yards":0}],"00-0023968":[{"sequence":3,"clubcode":"TB","playerName":"M.Spurlock","statId":39,"yards":0}]}}},"fds":3,"result":"Punt","penyds":0,"ydsgained":33,"numplays":10,"postime":"3:28","start":{"qtr":1,"time":"07:11","yrdln":"CAR 23","team":"CAR"},"end":{"qtr":1,"time":"03:43","yrdln":"TB 44","team":"CAR"}},"5":{"posteam":"TB","qtr":2,"redzone":true,"plays":{"689":{"sp":0,"qtr":1,"down":1,"time":"03:43","yrdln":"TB 13","ydstogo":10,"ydsnet":3,"posteam":"TB","desc":"(3:43) J.Freeman scrambles up the middle to TB 16 for 3 yards (G.Hardy).","note":null,"players":{"00-0027774":[{"sequence":2,"clubcode":"CAR","playerName":"G.Hardy","statId":79,"yards":0}],"00-0026993":[{"sequence":1,"clubcode":"TB","playerName":"J.Freeman","statId":10,"yards":3}]}},"710":{"sp":0,"qtr":1,"down":2,"time":"03:02","yrdln":"TB 16","ydstogo":7,"ydsnet":10,"posteam":"TB","desc":"(3:02) C.Williams up the middle to TB 23 for 7 yards (C.Gamble).","note":null,"players":{"00-0022914":[{"sequence":3,"clubcode":"CAR","playerName":"C.Gamble","statId":79,"yards":0}],"0":[{"sequence":1,"clubcode":"TB","playerName":"","statId":3,"yards":0}],"00-0023440":[{"sequence":2,"clubcode":"TB","playerName":"C.Williams","statId":10,"yards":7}]}},"731":{"sp":0,"qtr":1,"down":1,"time":"02:15","yrdln":"TB 23","ydstogo":10,"ydsnet":11,"posteam":"TB","desc":"(2:15) C.Williams right tackle to TB 24 for 1 yard (J.Anderson).","note":null,"players":{"00-0024303":[{"sequence":2,"clubcode":"CAR","playerName":"J.Anderson","statId":79,"yards":0}],"00-0023440":[{"sequence":1,"clubcode":"TB","playerName":"C.Williams","statId":10,"yards":1}]}},"752":{"sp":0,"qtr":1,"down":2,"time":"01:32","yrdln":"TB 24","ydstogo":9,"ydsnet":11,"posteam":"TB","desc":"(1:32) (Shotgun) J.Freeman pass incomplete short middle to C.Williams [G.Hardy].","note":null,"players":{"00-0027774":[{"sequence":3,"clubcode":"CAR","playerName":"G.Hardy","statId":110,"yards":0}],"00-0023440":[{"sequence":2,"clubcode":"TB","playerName":"C.Williams","statId":115,"yards":0}],"00-0026993":[{"sequence":1,"clubcode":"TB","playerName":"J.Freeman","statId":14,"yards":0},{"sequence":4,"clubcode":"TB","playerName":"J.Freeman","statId":112,"yards":6}]}},"774":{"sp":0,"qtr":1,"down":3,"time":"01:28","yrdln":"TB 24","ydstogo":9,"ydsnet":22,"posteam":"TB","desc":"(1:28) (Shotgun) J.Freeman scrambles up the middle to TB 35 for 11 yards (C.Munnerlyn).","note":null,"players":{"0":[{"sequence":1,"clubcode":"TB","playerName":"","statId":3,"yards":0},{"sequence":2,"clubcode":"TB","playerName":"","statId":6,"yards":0}],"00-0026944":[{"sequence":4,"clubcode":"CAR","playerName":"C.Munnerlyn","statId":79,"yards":0}],"00-0026993":[{"sequence":3,"clubcode":"TB","playerName":"J.Freeman","statId":10,"yards":11}]}},"795":{"sp":0,"qtr":1,"down":1,"time":"00:37","yrdln":"TB 35","ydstogo":10,"ydsnet":22,"posteam":"TB","desc":"(:37) M.Spurlock pass incomplete short right to J.Stevens (C.Godfrey). End around option pass","note":null,"players":{"00-0026207":[{"sequence":3,"clubcode":"CAR","playerName":"C.Godfrey","statId":85,"yards":0}],"00-0021159":[{"sequence":2,"clubcode":"TB","playerName":"J.Stevens","statId":115,"yards":0}],"00-0023968":[{"sequence":1,"clubcode":"TB","playerName":"M.Spurlock","statId":14,"yards":0},{"sequence":4,"clubcode":"TB","playerName":"M.Spurlock","statId":112,"yards":0}]}},"821":{"sp":0,"qtr":1,"down":2,"time":"00:29","yrdln":"TB 35","ydstogo":10,"ydsnet":22,"posteam":"TB","desc":"(:29) C.Williams up the middle to TB 35 for no gain (D.Landri).","note":null,"players":{"00-0025553":[{"sequence":2,"clubcode":"CAR","playerName":"D.Landri","statId":79,"yards":0}],"00-0023440":[{"sequence":1,"clubcode":"TB","playerName":"C.Williams","statId":10,"yards":0}]}},"846":{"sp":0,"qtr":1,"down":0,"time":"","yrdln":"","ydstogo":0,"ydsnet":22,"posteam":"","desc":"END QUARTER 1","note":null,"players":{}},"862":{"sp":0,"qtr":2,"down":3,"time":"15:00","yrdln":"TB 35","ydstogo":10,"ydsnet":28,"posteam":"TB","desc":"(15:00) (Shotgun) C.Williams up the middle to TB 41 for 6 yards (J.Anderson).","note":null,"players":{"00-0024303":[{"sequence":3,"clubcode":"CAR","playerName":"J.Anderson","statId":79,"yards":0}],"0":[{"sequence":1,"clubcode":"TB","playerName":"","statId":7,"yards":0}],"00-0023440":[{"sequence":2,"clubcode":"TB","playerName":"C.Williams","statId":10,"yards":6}]}},"883":{"sp":0,"qtr":2,"down":4,"time":"14:28","yrdln":"TB 41","ydstogo":4,"ydsnet":28,"posteam":"TB","desc":"(14:28) C.Bryan punts 37 yards to CAR 22, Center-A.Economos, fair catch by C.Munnerlyn. PENALTY on CAR-R.Marshall, Offensive Holding, 10 yards, enforced at CAR 22.","note":"PUNT","players":{"00-0027189":[{"sequence":1,"clubcode":"TB","playerName":"C.Bryan","statId":29,"yards":37}],"00-0026944":[{"sequence":2,"clubcode":"CAR","playerName":"C.Munnerlyn","statId":39,"yards":0}],"00-0024273":[{"sequence":3,"clubcode":"CAR","playerName":"R.Marshall","statId":93,"yards":10}]}}},"fds":2,"result":"Punt","penyds":0,"ydsgained":28,"numplays":10,"postime":"4:24","start":{"qtr":1,"time":"03:43","yrdln":"TB 13","team":"TB"},"end":{"qtr":1,"time":"14:19","yrdln":"TB 41","team":"TB"}},"6":{"posteam":"CAR","qtr":2,"redzone":true,"plays":{"913":{"sp":0,"qtr":2,"down":1,"time":"14:19","yrdln":"CAR 12","ydstogo":10,"ydsnet":19,"posteam":"CAR","desc":"(14:19) J.Stewart up the middle to CAR 31 for 19 yards (R.Barber).","note":null,"players":{"00-0026153":[{"sequence":2,"clubcode":"CAR","playerName":"J.Stewart","statId":10,"yards":19}],"0":[{"sequence":1,"clubcode":"CAR","playerName":"","statId":3,"yards":0}],"00-0000741":[{"sequence":3,"clubcode":"TB","playerName":"R.Barber","statId":79,"yards":0}]}},"934":{"sp":0,"qtr":2,"down":1,"time":"13:41","yrdln":"CAR 31","ydstogo":10,"ydsnet":88,"posteam":"CAR","desc":"(13:41) M.Moore pass deep middle to D.Rosario to TB 43 for 26 yards (Q.Black).","note":null,"players":{"00-0025542":[{"sequence":4,"clubcode":"CAR","playerName":"D.Rosario","statId":21,"yards":26},{"sequence":5,"clubcode":"CAR","playerName":"D.Rosario","statId":115,"yards":0},{"sequence":6,"clubcode":"CAR","playerName":"D.Rosario","statId":113,"yards":0}],"00-0025708":[{"sequence":2,"clubcode":"CAR","playerName":"M.Moore","statId":15,"yards":26},{"sequence":3,"clubcode":"CAR","playerName":"M.Moore","statId":111,"yards":26}],"0":[{"sequence":1,"clubcode":"CAR","playerName":"","statId":4,"yards":0}],"00-0025455":[{"sequence":7,"clubcode":"TB","playerName":"Q.Black","statId":79,"yards":0}]}},"958":{"sp":0,"qtr":2,"down":1,"time":"13:05","yrdln":"TB 43","ydstogo":10,"ydsnet":48,"posteam":"CAR","desc":"(13:05) D.Williams up the middle to TB 40 for 3 yards (R.Miller).","note":null,"players":{"00-0027055":[{"sequence":2,"clubcode":"TB","playerName":"R.Miller","statId":79,"yards":0}],"00-0024242":[{"sequence":1,"clubcode":"CAR","playerName":"D.Williams","statId":10,"yards":3}]}},"979":{"sp":0,"qtr":2,"down":2,"time":"13:05","yrdln":"TB 40","ydstogo":7,"ydsnet":51,"posteam":"CAR","desc":"(13:05) D.Williams up the middle to TB 37 for 3 yards (S.White).","note":null,"players":{"00-0021332":[{"sequence":2,"clubcode":"TB","playerName":"S.White","statId":79,"yards":0}],"00-0024242":[{"sequence":1,"clubcode":"CAR","playerName":"D.Williams","statId":10,"yards":3}]}},"1000":{"sp":0,"qtr":2,"down":3,"time":"11:57","yrdln":"TB 37","ydstogo":4,"ydsnet":51,"posteam":"CAR","desc":"(11:57) (Shotgun) M.Moore pass incomplete short left to D.Rosario.","note":null,"players":{"00-0025542":[{"sequence":3,"clubcode":"CAR","playerName":"D.Rosario","statId":115,"yards":0}],"00-0025708":[{"sequence":2,"clubcode":"CAR","playerName":"M.Moore","statId":14,"yards":0},{"sequence":4,"clubcode":"CAR","playerName":"M.Moore","statId":112,"yards":6}],"0":[{"sequence":1,"clubcode":"CAR","playerName":"","statId":7,"yards":0}]}},"1022":{"sp":1,"qtr":2,"down":4,"time":"11:52","yrdln":"TB 37","ydstogo":4,"ydsnet":88,"posteam":"CAR","desc":"(11:52) (Shotgun) M.Moore pass short middle to S.Smith for 37 yards, TOUCHDOWN.","note":"TD","players":{"00-0020337":[{"sequence":5,"clubcode":"CAR","playerName":"S.Smith","statId":22,"yards":37},{"sequence":6,"clubcode":"CAR","playerName":"S.Smith","statId":115,"yards":0},{"sequence":7,"clubcode":"CAR","playerName":"S.Smith","statId":113,"yards":30}],"00-0025708":[{"sequence":3,"clubcode":"CAR","playerName":"M.Moore","statId":16,"yards":37},{"sequence":4,"clubcode":"CAR","playerName":"M.Moore","statId":111,"yards":7}],"0":[{"sequence":1,"clubcode":"CAR","playerName":"","statId":4,"yards":0},{"sequence":2,"clubcode":"CAR","playerName":"","statId":8,"yards":0}]}},"1042":{"sp":1,"qtr":2,"down":0,"time":"11:43","yrdln":"TB 2","ydstogo":0,"ydsnet":88,"posteam":"CAR","desc":"J.Kasay extra point is GOOD, Center-J.Jansen, Holder-J.Baker.","note":"XP","players":{"00-0009028":[{"sequence":1,"clubcode":"CAR","playerName":"J.Kasay","statId":72,"yards":0}]}}},"fds":3,"result":"Touchdown","penyds":0,"ydsgained":88,"numplays":7,"postime":"2:36","start":{"qtr":2,"time":"14:19","yrdln":"CAR 12","team":"CAR"},"end":{"qtr":2,"time":"11:43","yrdln":"TB 37","team":"CAR"}},"7":{"posteam":"TB","qtr":2,"redzone":true,"plays":{"1058":{"sp":0,"qtr":2,"down":0,"time":"11:43","yrdln":"CAR 30","ydstogo":0,"ydsnet":0,"posteam":"CAR","desc":"R.Lloyd kicks 70 yards from CAR 30 to end zone, Touchback.","note":"KICKOFF","players":{"0":[{"sequence":2,"clubcode":"TB","playerName":"","statId":51,"yards":0}],"00-0023363":[{"sequence":1,"clubcode":"CAR","playerName":"R.Lloyd","statId":44,"yards":70}]}},"1072":{"sp":0,"qtr":2,"down":1,"time":"11:43","yrdln":"TB 20","ydstogo":10,"ydsnet":7,"posteam":"TB","desc":"(11:43) J.Freeman pass short middle to E.Graham to TB 34 for 14 yards (C.Gamble). PENALTY on TB-K.Winslow, Offensive Holding, 10 yards, enforced at TB 31.","note":"PENALTY","players":{"00-0021755":[{"sequence":3,"clubcode":"TB","playerName":"E.Graham","statId":21,"yards":11},{"sequence":4,"clubcode":"TB","playerName":"E.Graham","statId":115,"yards":0},{"sequence":5,"clubcode":"TB","playerName":"E.Graham","statId":113,"yards":11}],"00-0022914":[{"sequence":6,"clubcode":"CAR","playerName":"C.Gamble","statId":79,"yards":0}],"00-0022922":[{"sequence":7,"clubcode":"TB","playerName":"K.Winslow","statId":93,"yards":10}],"00-0026993":[{"sequence":1,"clubcode":"TB","playerName":"J.Freeman","statId":15,"yards":11},{"sequence":2,"clubcode":"TB","playerName":"J.Freeman","statId":111,"yards":0}]}},"1111":{"sp":0,"qtr":2,"down":1,"time":"11:16","yrdln":"TB 21","ydstogo":9,"ydsnet":4,"posteam":"TB","desc":"(11:16) C.Williams up the middle to TB 24 for 3 yards (J.Anderson).","note":null,"players":{"00-0024303":[{"sequence":2,"clubcode":"CAR","playerName":"J.Anderson","statId":79,"yards":0}],"00-0023440":[{"sequence":1,"clubcode":"TB","playerName":"C.Williams","statId":10,"yards":3}]}},"1132":{"sp":0,"qtr":2,"down":2,"time":"10:33","yrdln":"TB 24","ydstogo":6,"ydsnet":5,"posteam":"TB","desc":"(10:33) (Shotgun) J.Freeman pass incomplete short right to E.Graham.","note":null,"players":{"00-0021755":[{"sequence":2,"clubcode":"TB","playerName":"E.Graham","statId":115,"yards":0}],"00-0026993":[{"sequence":1,"clubcode":"TB","playerName":"J.Freeman","statId":14,"yards":0},{"sequence":3,"clubcode":"TB","playerName":"J.Freeman","statId":112,"yards":8}]}},"1154":{"sp":0,"qtr":2,"down":3,"time":"10:26","yrdln":"TB 24","ydstogo":6,"ydsnet":45,"posteam":"TB","desc":"(10:26) (Shotgun) J.Freeman pass short middle to K.Winslow to TB 32 for 8 yards (J.Anderson).","note":null,"players":{"00-0024303":[{"sequence":8,"clubcode":"CAR","playerName":"J.Anderson","statId":79,"yards":0}],"00-0022922":[{"sequence":5,"clubcode":"TB","playerName":"K.Winslow","statId":21,"yards":8},{"sequence":6,"clubcode":"TB","playerName":"K.Winslow","statId":115,"yards":0},{"sequence":7,"clubcode":"TB","playerName":"K.Winslow","statId":113,"yards":1}],"0":[{"sequence":1,"clubcode":"TB","playerName":"","statId":4,"yards":0},{"sequence":2,"clubcode":"TB","playerName":"","statId":6,"yards":0}],"00-0026993":[{"sequence":3,"clubcode":"TB","playerName":"J.Freeman","statId":15,"yards":8},{"sequence":4,"clubcode":"TB","playerName":"J.Freeman","statId":111,"yards":7}]}},"1178":{"sp":0,"qtr":2,"down":1,"time":"09:50","yrdln":"TB 32","ydstogo":10,"ydsnet":7,"posteam":"TB","desc":"(9:50) C.Williams left end to TB 27 for -5 yards (D.Connor).","note":null,"players":{"00-0026214":[{"sequence":3,"clubcode":"CAR","playerName":"D.Connor","statId":79,"yards":0},{"sequence":4,"clubcode":"CAR","playerName":"D.Connor","statId":120,"yards":0}],"0":[{"sequence":2,"clubcode":"TB","playerName":"","statId":95,"yards":-5}],"00-0023440":[{"sequence":1,"clubcode":"TB","playerName":"C.Williams","statId":10,"yards":-5}]}},"1199":{"sp":0,"qtr":2,"down":2,"time":"09:03","yrdln":"TB 27","ydstogo":15,"ydsnet":5,"posteam":"TB","desc":"(9:03) (Shotgun) E.Graham up the middle to TB 25 for -2 yards (N.Hayden, J.Beason).","note":null,"players":{"00-0026321":[{"sequence":3,"clubcode":"CAR","playerName":"N.Hayden","statId":80,"yards":0},{"sequence":5,"clubcode":"CAR","playerName":"N.Hayden","statId":120,"yards":0}],"00-0021755":[{"sequence":1,"clubcode":"TB","playerName":"E.Graham","statId":10,"yards":-2}],"00-0025412":[{"sequence":4,"clubcode":"CAR","playerName":"J.Beason","statId":82,"yards":0}],"0":[{"sequence":2,"clubcode":"TB","playerName":"","statId":95,"yards":-2}]}},"1220":{"sp":0,"qtr":2,"down":3,"time":"08:20","yrdln":"TB 25","ydstogo":17,"ydsnet":45,"posteam":"TB","desc":"(8:20) (Shotgun) J.Freeman pass deep right to K.Winslow to CAR 35 for 40 yards.","note":null,"players":{"00-0022922":[{"sequence":5,"clubcode":"TB","playerName":"K.Winslow","statId":21,"yards":40},{"sequence":6,"clubcode":"TB","playerName":"K.Winslow","statId":115,"yards":0},{"sequence":7,"clubcode":"TB","playerName":"K.Winslow","statId":113,"yards":5}],"0":[{"sequence":1,"clubcode":"TB","playerName":"","statId":4,"yards":0},{"sequence":2,"clubcode":"TB","playerName":"","statId":6,"yards":0}],"00-0026993":[{"sequence":3,"clubcode":"TB","playerName":"J.Freeman","statId":15,"yards":40},{"sequence":4,"clubcode":"TB","playerName":"J.Freeman","statId":111,"yards":35}]}},"1244":{"sp":1,"qtr":2,"down":1,"time":"07:51","yrdln":"CAR 35","ydstogo":10,"ydsnet":80,"posteam":"TB","desc":"(7:51) J.Freeman pass deep middle to M.Williams for 35 yards, TOUCHDOWN.","note":"TD","players":{"0":[{"sequence":1,"clubcode":"TB","playerName":"","statId":4,"yards":0}],"00-0027702":[{"sequence":4,"clubcode":"TB","playerName":"M.Williams","statId":22,"yards":35},{"sequence":5,"clubcode":"TB","playerName":"M.Williams","statId":115,"yards":0},{"sequence":6,"clubcode":"TB","playerName":"M.Williams","statId":113,"yards":18}],"00-0026993":[{"sequence":2,"clubcode":"TB","playerName":"J.Freeman","statId":16,"yards":35},{"sequence":3,"clubcode":"TB","playerName":"J.Freeman","statId":111,"yards":17}]}},"1264":{"sp":1,"qtr":2,"down":0,"time":"07:43","yrdln":"CAR 2","ydstogo":0,"ydsnet":80,"posteam":"TB","desc":"C.Barth extra point is GOOD, Center-A.Economos, Holder-C.Bryan.","note":"XP","players":{"00-0026138":[{"sequence":1,"clubcode":"TB","playerName":"C.Barth","statId":72,"yards":0}]}}},"fds":3,"result":"Touchdown","penyds":-10,"ydsgained":90,"numplays":10,"postime":"4:00","start":{"qtr":2,"time":"11:43","yrdln":"TB 20","team":"TB"},"end":{"qtr":2,"time":"07:43","yrdln":"CAR 35","team":"TB"}},"8":{"posteam":"CAR","qtr":2,"redzone":true,"plays":{"1280":{"sp":0,"qtr":2,"down":0,"time":"07:43","yrdln":"TB 30","ydstogo":0,"ydsnet":0,"posteam":"TB","desc":"C.Barth kicks 63 yards from TB 30 to CAR 7. M.Goodson to CAR 19 for 12 yards (E.Mack; C.Lynch).","note":"KICKOFF","players":{"00-0026317":[{"sequence":5,"clubcode":"TB","playerName":"C.Lynch","statId":82,"yards":0}],"00-0026138":[{"sequence":1,"clubcode":"TB","playerName":"C.Barth","statId":41,"yards":63},{"sequence":3,"clubcode":"TB","playerName":"C.Barth","statId":42,"yards":0}],"00-0027080":[{"sequence":2,"clubcode":"CAR","playerName":"M.Goodson","statId":45,"yards":12}],"00-0025902":[{"sequence":4,"clubcode":"TB","playerName":"E.Mack","statId":82,"yards":0}]}},"1302":{"sp":0,"qtr":2,"down":1,"time":"07:36","yrdln":"CAR 19","ydstogo":10,"ydsnet":16,"posteam":"CAR","desc":"(7:36) J.Stewart up the middle to CAR 35 for 16 yards (B.Ruud).","note":null,"players":{"00-0023471":[{"sequence":3,"clubcode":"TB","playerName":"B.Ruud","statId":79,"yards":0}],"00-0026153":[{"sequence":2,"clubcode":"CAR","playerName":"J.Stewart","statId":10,"yards":16}],"0":[{"sequence":1,"clubcode":"CAR","playerName":"","statId":3,"yards":0}]}},"1323":{"sp":0,"qtr":2,"down":1,"time":"06:57","yrdln":"CAR 35","ydstogo":10,"ydsnet":18,"posteam":"CAR","desc":"(6:57) J.Stewart right tackle to CAR 37 for 2 yards (B.Ruud).","note":null,"players":{"00-0023471":[{"sequence":2,"clubcode":"TB","playerName":"B.Ruud","statId":79,"yards":0}],"00-0026153":[{"sequence":1,"clubcode":"CAR","playerName":"J.Stewart","statId":10,"yards":2}]}},"1344":{"sp":0,"qtr":2,"down":2,"time":"06:21","yrdln":"CAR 37","ydstogo":8,"ydsnet":32,"posteam":"CAR","desc":"(6:21) M.Moore pass short right to D.Gettis ran ob at TB 49 for 14 yards (S.Jones).","note":null,"players":{"00-0025708":[{"sequence":2,"clubcode":"CAR","playerName":"M.Moore","statId":15,"yards":14},{"sequence":3,"clubcode":"CAR","playerName":"M.Moore","statId":111,"yards":-1}],"00-0027795":[{"sequence":4,"clubcode":"CAR","playerName":"D.Gettis","statId":21,"yards":14},{"sequence":5,"clubcode":"CAR","playerName":"D.Gettis","statId":115,"yards":0},{"sequence":6,"clubcode":"CAR","playerName":"D.Gettis","statId":113,"yards":15}],"0":[{"sequence":1,"clubcode":"CAR","playerName":"","statId":4,"yards":0}],"00-0022844":[{"sequence":7,"clubcode":"TB","playerName":"S.Jones","statId":79,"yards":0}]}},"1368":{"sp":0,"qtr":2,"down":1,"time":"05:51","yrdln":"TB 49","ydstogo":10,"ydsnet":41,"posteam":"CAR","desc":"(5:51) D.Williams up the middle to TB 40 for 9 yards (T.Jackson).","note":null,"players":{"00-0025493":[{"sequence":2,"clubcode":"TB","playerName":"T.Jackson","statId":79,"yards":0}],"00-0024242":[{"sequence":1,"clubcode":"CAR","playerName":"D.Williams","statId":10,"yards":9}]}},"1389":{"sp":0,"qtr":2,"down":2,"time":"05:08","yrdln":"TB 40","ydstogo":1,"ydsnet":41,"posteam":"CAR","desc":"(5:08) M.Moore pass incomplete deep right to D.Rosario.","note":null,"players":{"00-0025542":[{"sequence":2,"clubcode":"CAR","playerName":"D.Rosario","statId":115,"yards":0}],"00-0025708":[{"sequence":1,"clubcode":"CAR","playerName":"M.Moore","statId":14,"yards":0},{"sequence":3,"clubcode":"CAR","playerName":"M.Moore","statId":112,"yards":26}]}},"1411":{"sp":0,"qtr":2,"down":3,"time":"05:03","yrdln":"TB 40","ydstogo":1,"ydsnet":41,"posteam":"CAR","desc":"(5:03) T.Fiammetta up the middle to TB 40 for no gain (G.Hayes).","note":null,"players":{"00-0027093":[{"sequence":2,"clubcode":"CAR","playerName":"T.Fiammetta","statId":10,"yards":0}],"0":[{"sequence":1,"clubcode":"CAR","playerName":"","statId":7,"yards":0}],"00-0026315":[{"sequence":3,"clubcode":"TB","playerName":"G.Hayes","statId":79,"yards":0}]}},"1432":{"sp":0,"qtr":2,"down":4,"time":"04:25","yrdln":"TB 40","ydstogo":1,"ydsnet":43,"posteam":"CAR","desc":"(4:25) J.Stewart left tackle to TB 38 for 2 yards (S.Jones).","note":null,"players":{"00-0026153":[{"sequence":3,"clubcode":"CAR","playerName":"J.Stewart","statId":10,"yards":2}],"0":[{"sequence":1,"clubcode":"CAR","playerName":"","statId":3,"yards":0},{"sequence":2,"clubcode":"CAR","playerName":"","statId":8,"yards":0}],"00-0022844":[{"sequence":4,"clubcode":"TB","playerName":"S.Jones","statId":79,"yards":0}]}},"1453":{"sp":0,"qtr":2,"down":1,"time":"03:44","yrdln":"TB 38","ydstogo":10,"ydsnet":41,"posteam":"CAR","desc":"(3:44) D.Williams up the middle to TB 40 for -2 yards (T.Jackson).","note":null,"players":{"00-0025493":[{"sequence":3,"clubcode":"TB","playerName":"T.Jackson","statId":79,"yards":0},{"sequence":4,"clubcode":"TB","playerName":"T.Jackson","statId":120,"yards":0}],"0":[{"sequence":2,"clubcode":"CAR","playerName":"","statId":95,"yards":-2}],"00-0024242":[{"sequence":1,"clubcode":"CAR","playerName":"D.Williams","statId":10,"yards":-2}]}},"1474":{"sp":0,"qtr":2,"down":2,"time":"03:10","yrdln":"TB 40","ydstogo":12,"ydsnet":45,"posteam":"CAR","desc":"(3:10) D.Williams up the middle to TB 36 for 4 yards (R.Miller, B.Ruud).","note":null,"players":{"00-0023471":[{"sequence":3,"clubcode":"TB","playerName":"B.Ruud","statId":82,"yards":0}],"00-0027055":[{"sequence":2,"clubcode":"TB","playerName":"R.Miller","statId":80,"yards":0}],"00-0024242":[{"sequence":1,"clubcode":"CAR","playerName":"D.Williams","statId":10,"yards":4}]}},"1495":{"sp":0,"qtr":2,"down":3,"time":"02:25","yrdln":"TB 36","ydstogo":8,"ydsnet":40,"posteam":"CAR","desc":"(2:25) M.Moore sacked at TB 41 for -5 yards (S.White).","note":null,"players":{"00-0021332":[{"sequence":3,"clubcode":"TB","playerName":"S.White","statId":83,"yards":-5},{"sequence":4,"clubcode":"TB","playerName":"S.White","statId":110,"yards":0},{"sequence":5,"clubcode":"TB","playerName":"S.White","statId":79,"yards":0},{"sequence":6,"clubcode":"TB","playerName":"S.White","statId":120,"yards":0}],"00-0025708":[{"sequence":2,"clubcode":"CAR","playerName":"M.Moore","statId":20,"yards":-5}],"0":[{"sequence":1,"clubcode":"CAR","playerName":"","statId":7,"yards":0}]}},"1514":{"sp":0,"qtr":2,"down":4,"time":"02:01","yrdln":"TB 41","ydstogo":13,"ydsnet":40,"posteam":"CAR","desc":"(2:01) J.Baker punts 34 yards to TB 7, Center-J.Jansen, downed by CAR-M.Hudson.","note":"PUNT","players":{"00-0019921":[{"sequence":1,"clubcode":"CAR","playerName":"J.Baker","statId":29,"yards":34},{"sequence":2,"clubcode":"CAR","playerName":"J.Baker","statId":30,"yards":0}],"0":[{"sequence":3,"clubcode":"TB","playerName":"","statId":38,"yards":0}]}}},"fds":3,"result":"Punt","penyds":0,"ydsgained":40,"numplays":12,"postime":"5:49","start":{"qtr":2,"time":"07:43","yrdln":"CAR 19","team":"CAR"},"end":{"qtr":2,"time":"01:54","yrdln":"TB 41","team":"CAR"}},"9":{"posteam":"TB","qtr":2,"redzone":true,"plays":{"1554":{"sp":0,"qtr":2,"down":1,"time":"01:54","yrdln":"TB 7","ydstogo":10,"ydsnet":2,"posteam":"TB","desc":"(1:54) E.Graham up the middle to TB 9 for 2 yards (J.Anderson).","note":null,"players":{"00-0021755":[{"sequence":1,"clubcode":"TB","playerName":"E.Graham","statId":10,"yards":2}],"00-0024303":[{"sequence":2,"clubcode":"CAR","playerName":"J.Anderson","statId":79,"yards":0}]}},"1575":{"sp":0,"qtr":2,"down":0,"time":"01:42","yrdln":"","ydstogo":0,"ydsnet":2,"posteam":"","desc":"Timeout #1 by CAR at 01:42.","note":"TIMEOUT","players":{"0":[{"sequence":1,"clubcode":"CAR","playerName":"","statId":68,"yards":0}]}},"1592":{"sp":0,"qtr":2,"down":2,"time":"01:42","yrdln":"TB 9","ydstogo":8,"ydsnet":10,"posteam":"TB","desc":"(1:42) C.Williams up the middle to TB 17 for 8 yards (J.Beason).","note":null,"players":{"00-0025412":[{"sequence":3,"clubcode":"CAR","playerName":"J.Beason","statId":79,"yards":0}],"0":[{"sequence":1,"clubcode":"TB","playerName":"","statId":3,"yards":0}],"00-0023440":[{"sequence":2,"clubcode":"TB","playerName":"C.Williams","statId":10,"yards":8}]}},"1613":{"sp":0,"qtr":2,"down":1,"time":"00:54","yrdln":"TB 17","ydstogo":10,"ydsnet":11,"posteam":"TB","desc":"(:54) C.Williams left tackle to TB 18 for 1 yard (E.Brown).","note":null,"players":{"00-0027019":[{"sequence":2,"clubcode":"CAR","playerName":"E.Brown","statId":79,"yards":0}],"00-0023440":[{"sequence":1,"clubcode":"TB","playerName":"C.Williams","statId":10,"yards":1}]}},"1634":{"sp":0,"qtr":2,"down":2,"time":"00:09","yrdln":"TB 18","ydstogo":9,"ydsnet":12,"posteam":"TB","desc":"(:09) C.Williams up the middle to TB 19 for 1 yard (D.Connor).","note":null,"players":{"00-0026214":[{"sequence":2,"clubcode":"CAR","playerName":"D.Connor","statId":79,"yards":0}],"00-0023440":[{"sequence":1,"clubcode":"TB","playerName":"C.Williams","statId":10,"yards":1}]}},"1655":{"sp":0,"qtr":2,"down":0,"time":"","yrdln":"","ydstogo":0,"ydsnet":12,"posteam":"","desc":"END QUARTER 2","note":null,"players":{}}},"fds":1,"result":"End of Half","penyds":0,"ydsgained":12,"numplays":6,"postime":"1:54","start":{"qtr":2,"time":"01:54","yrdln":"TB 7","team":"TB"},"end":{"qtr":2,"time":"00:00","yrdln":"TB 18","team":"TB"}},"10":{"posteam":"CAR","qtr":3,"redzone":true,"plays":{"1671":{"sp":0,"qtr":3,"down":0,"time":"15:00","yrdln":"TB 30","ydstogo":0,"ydsnet":0,"posteam":"TB","desc":"C.Barth kicks 58 yards from TB 30 to CAR 12. J.Pugh to CAR 29 for 17 yards (S.Piscitelli).","note":"KICKOFF","players":{"00-0025451":[{"sequence":3,"clubcode":"TB","playerName":"S.Piscitelli","statId":79,"yards":0}],"00-0027799":[{"sequence":2,"clubcode":"CAR","playerName":"J.Pugh","statId":45,"yards":17}],"00-0026138":[{"sequence":1,"clubcode":"TB","playerName":"C.Barth","statId":41,"yards":58}]}},"1693":{"sp":0,"qtr":3,"down":1,"time":"14:55","yrdln":"CAR 29","ydstogo":10,"ydsnet":3,"posteam":"CAR","desc":"(14:55) D.Williams up the middle to CAR 32 for 3 yards (G.Hayes).","note":null,"players":{"00-0026315":[{"sequence":2,"clubcode":"TB","playerName":"G.Hayes","statId":79,"yards":0}],"00-0024242":[{"sequence":1,"clubcode":"CAR","playerName":"D.Williams","statId":10,"yards":3}]}},"1714":{"sp":0,"qtr":3,"down":2,"time":"14:24","yrdln":"CAR 32","ydstogo":7,"ydsnet":7,"posteam":"CAR","desc":"(14:24) D.Williams up the middle to CAR 36 for 4 yards (R.Miller; B.Ruud).","note":null,"players":{"00-0023471":[{"sequence":3,"clubcode":"TB","playerName":"B.Ruud","statId":82,"yards":0}],"00-0027055":[{"sequence":2,"clubcode":"TB","playerName":"R.Miller","statId":82,"yards":0}],"00-0024242":[{"sequence":1,"clubcode":"CAR","playerName":"D.Williams","statId":10,"yards":4}]}},"1735":{"sp":0,"qtr":3,"down":3,"time":"13:45","yrdln":"CAR 36","ydstogo":3,"ydsnet":4,"posteam":"CAR","desc":"(13:45) (Shotgun) M.Moore sacked at CAR 33 for -3 yards (T.Crowder).","note":null,"players":{"00-0025443":[{"sequence":3,"clubcode":"TB","playerName":"T.Crowder","statId":83,"yards":-3},{"sequence":4,"clubcode":"TB","playerName":"T.Crowder","statId":110,"yards":0},{"sequence":5,"clubcode":"TB","playerName":"T.Crowder","statId":79,"yards":0},{"sequence":6,"clubcode":"TB","playerName":"T.Crowder","statId":120,"yards":0}],"00-0025708":[{"sequence":2,"clubcode":"CAR","playerName":"M.Moore","statId":20,"yards":-3}],"0":[{"sequence":1,"clubcode":"CAR","playerName":"","statId":7,"yards":0}]}},"1758":{"sp":0,"qtr":3,"down":4,"time":"13:24","yrdln":"CAR 33","ydstogo":6,"ydsnet":4,"posteam":"CAR","desc":"(13:24) J.Baker punts 38 yards to TB 29, Center-J.Jansen, fair catch by M.Spurlock.","note":"PUNT","players":{"00-0019921":[{"sequence":1,"clubcode":"CAR","playerName":"J.Baker","statId":29,"yards":38}],"00-0023968":[{"sequence":2,"clubcode":"TB","playerName":"M.Spurlock","statId":39,"yards":0}]}}},"fds":0,"result":"Punt","penyds":0,"ydsgained":4,"numplays":5,"postime":"1:44","start":{"qtr":3,"time":"15:00","yrdln":"CAR 29","team":"CAR"},"end":{"qtr":3,"time":"13:16","yrdln":"CAR 33","team":"CAR"}},"11":{"posteam":"TB","qtr":3,"redzone":true,"plays":{"1777":{"sp":0,"qtr":3,"down":1,"time":"13:16","yrdln":"TB 29","ydstogo":10,"ydsnet":4,"posteam":"TB","desc":"(13:16) C.Williams right end to TB 33 for 4 yards (C.Johnson, J.Anderson).","note":null,"players":{"00-0024303":[{"sequence":3,"clubcode":"CAR","playerName":"J.Anderson","statId":82,"yards":0}],"00-0025470":[{"sequence":2,"clubcode":"CAR","playerName":"C.Johnson","statId":80,"yards":0}],"00-0023440":[{"sequence":1,"clubcode":"TB","playerName":"C.Williams","statId":10,"yards":4}]}},"1798":{"sp":0,"qtr":3,"down":2,"time":"12:29","yrdln":"TB 33","ydstogo":6,"ydsnet":4,"posteam":"TB","desc":"(12:29) (Shotgun) J.Freeman pass incomplete short right.","note":null,"players":{"00-0026993":[{"sequence":1,"clubcode":"TB","playerName":"J.Freeman","statId":14,"yards":0},{"sequence":2,"clubcode":"TB","playerName":"J.Freeman","statId":112,"yards":11}]}},"1820":{"sp":0,"qtr":3,"down":3,"time":"12:24","yrdln":"TB 33","ydstogo":6,"ydsnet":4,"posteam":"TB","desc":"(12:24) (Shotgun) J.Freeman pass incomplete deep left to M.Williams.","note":null,"players":{"0":[{"sequence":1,"clubcode":"TB","playerName":"","statId":7,"yards":0}],"00-0027702":[{"sequence":3,"clubcode":"TB","playerName":"M.Williams","statId":115,"yards":0}],"00-0026993":[{"sequence":2,"clubcode":"TB","playerName":"J.Freeman","statId":14,"yards":0},{"sequence":4,"clubcode":"TB","playerName":"J.Freeman","statId":112,"yards":23}]}},"1842":{"sp":0,"qtr":3,"down":4,"time":"12:19","yrdln":"TB 33","ydstogo":6,"ydsnet":4,"posteam":"TB","desc":"(12:19) C.Bryan punts 41 yards to CAR 26, Center-A.Economos. C.Munnerlyn pushed ob at TB 43 for 31 yards (C.Bryan). Penalty on CAR-N.Harris, Illegal Block Above the Waist, declined. PENALTY on CAR-R.Marshall, Offensive Holding, 10 yards, enforced at CAR 26.","note":"PUNT","players":{"00-0027189":[{"sequence":1,"clubcode":"TB","playerName":"C.Bryan","statId":29,"yards":41},{"sequence":3,"clubcode":"TB","playerName":"C.Bryan","statId":79,"yards":0}],"00-0026944":[{"sequence":2,"clubcode":"CAR","playerName":"C.Munnerlyn","statId":33,"yards":0}],"00-0024273":[{"sequence":4,"clubcode":"CAR","playerName":"R.Marshall","statId":93,"yards":10}]}}},"fds":0,"result":"Punt","penyds":0,"ydsgained":4,"numplays":4,"postime":"1:09","start":{"qtr":3,"time":"13:16","yrdln":"TB 29","team":"TB"},"end":{"qtr":3,"time":"12:07","yrdln":"TB 33","team":"TB"}},"12":{"posteam":"CAR","qtr":3,"redzone":true,"plays":{"1894":{"sp":0,"qtr":3,"down":1,"time":"12:07","yrdln":"CAR 16","ydstogo":10,"ydsnet":2,"posteam":"CAR","desc":"(12:07) D.Williams up the middle to CAR 18 for 2 yards (S.White; G.McCoy).","note":null,"players":{"00-0027856":[{"sequence":3,"clubcode":"TB","playerName":"G.McCoy","statId":82,"yards":0}],"00-0021332":[{"sequence":2,"clubcode":"TB","playerName":"S.White","statId":82,"yards":0}],"00-0024242":[{"sequence":1,"clubcode":"CAR","playerName":"D.Williams","statId":10,"yards":2}]}},"1915":{"sp":0,"qtr":3,"down":2,"time":"11:34","yrdln":"CAR 18","ydstogo":8,"ydsnet":4,"posteam":"CAR","desc":"(11:34) D.Williams up the middle to CAR 20 for 2 yards (S.White).","note":null,"players":{"00-0021332":[{"sequence":2,"clubcode":"TB","playerName":"S.White","statId":79,"yards":0}],"00-0024242":[{"sequence":1,"clubcode":"CAR","playerName":"D.Williams","statId":10,"yards":2}]}},"1936":{"sp":0,"qtr":3,"down":3,"time":"10:55","yrdln":"CAR 20","ydstogo":6,"ydsnet":4,"posteam":"CAR","desc":"(10:55) M.Moore pass short right intended for S.Smith INTERCEPTED by R.Barber at CAR 30. R.Barber to CAR 25 for 5 yards (S.Smith).","note":"INT","players":{"00-0020337":[{"sequence":3,"clubcode":"CAR","playerName":"S.Smith","statId":115,"yards":0},{"sequence":7,"clubcode":"CAR","playerName":"S.Smith","statId":79,"yards":0}],"00-0025708":[{"sequence":2,"clubcode":"CAR","playerName":"M.Moore","statId":19,"yards":0},{"sequence":4,"clubcode":"CAR","playerName":"M.Moore","statId":112,"yards":10}],"0":[{"sequence":1,"clubcode":"CAR","playerName":"","statId":7,"yards":0}],"00-0000741":[{"sequence":5,"clubcode":"TB","playerName":"R.Barber","statId":25,"yards":5},{"sequence":6,"clubcode":"TB","playerName":"R.Barber","statId":85,"yards":0}]}}},"fds":0,"result":"Interception","penyds":0,"ydsgained":4,"numplays":3,"postime":"1:18","start":{"qtr":3,"time":"12:07","yrdln":"CAR 16","team":"CAR"},"end":{"qtr":3,"time":"10:49","yrdln":"CAR 20","team":"CAR"}},"13":{"posteam":"TB","qtr":3,"redzone":true,"plays":{"1962":{"sp":0,"qtr":3,"down":1,"time":"10:49","yrdln":"CAR 25","ydstogo":10,"ydsnet":-1,"posteam":"TB","desc":"(10:49) C.Williams right end to CAR 26 for -1 yards (C.Godfrey).","note":null,"players":{"00-0026207":[{"sequence":3,"clubcode":"CAR","playerName":"C.Godfrey","statId":79,"yards":0},{"sequence":4,"clubcode":"CAR","playerName":"C.Godfrey","statId":120,"yards":0}],"0":[{"sequence":2,"clubcode":"TB","playerName":"","statId":95,"yards":-1}],"00-0023440":[{"sequence":1,"clubcode":"TB","playerName":"C.Williams","statId":10,"yards":-1}]}},"1983":{"sp":0,"qtr":3,"down":2,"time":"10:22","yrdln":"CAR 26","ydstogo":11,"ydsnet":1,"posteam":"TB","desc":"(10:22) C.Williams up the middle to CAR 24 for 2 yards (J.Beason).","note":null,"players":{"00-0025412":[{"sequence":2,"clubcode":"CAR","playerName":"J.Beason","statId":79,"yards":0}],"00-0023440":[{"sequence":1,"clubcode":"TB","playerName":"C.Williams","statId":10,"yards":2}]}},"2004":{"sp":0,"qtr":3,"down":3,"time":"09:36","yrdln":"CAR 24","ydstogo":9,"ydsnet":13,"posteam":"TB","desc":"(9:36) (Shotgun) Penalty on TB-M.Williams, False Start, declined. PENALTY on CAR-G.Hardy, Personal Foul, 12 yards, enforced at CAR 24.","note":"PENALTY","players":{"0":[{"sequence":1,"clubcode":"TB","playerName":"","statId":5,"yards":0}],"00-0027774":[{"sequence":2,"clubcode":"CAR","playerName":"G.Hardy","statId":93,"yards":12}]}},"2038":{"sp":0,"qtr":3,"down":1,"time":"09:18","yrdln":"CAR 12","ydstogo":10,"ydsnet":15,"posteam":"TB","desc":"(9:18) C.Williams left tackle to CAR 10 for 2 yards (R.Marshall).","note":null,"players":{"00-0023440":[{"sequence":1,"clubcode":"TB","playerName":"C.Williams","statId":10,"yards":2}],"00-0024273":[{"sequence":2,"clubcode":"CAR","playerName":"R.Marshall","statId":79,"yards":0}]}},"2059":{"sp":0,"qtr":3,"down":2,"time":"08:35","yrdln":"CAR 10","ydstogo":8,"ydsnet":19,"posteam":"TB","desc":"(8:35) J.Freeman pass short left to E.Graham to CAR 6 for 4 yards (R.Marshall).","note":null,"players":{"00-0021755":[{"sequence":3,"clubcode":"TB","playerName":"E.Graham","statId":21,"yards":4},{"sequence":4,"clubcode":"TB","playerName":"E.Graham","statId":115,"yards":0},{"sequence":5,"clubcode":"TB","playerName":"E.Graham","statId":113,"yards":0}],"00-0024273":[{"sequence":6,"clubcode":"CAR","playerName":"R.Marshall","statId":79,"yards":0}],"00-0026993":[{"sequence":1,"clubcode":"TB","playerName":"J.Freeman","statId":15,"yards":4},{"sequence":2,"clubcode":"TB","playerName":"J.Freeman","statId":111,"yards":4}]}},"2083":{"sp":0,"qtr":3,"down":3,"time":"07:48","yrdln":"CAR 6","ydstogo":4,"ydsnet":19,"posteam":"TB","desc":"(7:48) (Shotgun) J.Freeman pass incomplete short right to C.Williams.","note":null,"players":{"0":[{"sequence":1,"clubcode":"TB","playerName":"","statId":7,"yards":0}],"00-0023440":[{"sequence":3,"clubcode":"TB","playerName":"C.Williams","statId":115,"yards":0}],"00-0026993":[{"sequence":2,"clubcode":"TB","playerName":"J.Freeman","statId":14,"yards":0},{"sequence":4,"clubcode":"TB","playerName":"J.Freeman","statId":112,"yards":-2}]}},"2105":{"sp":1,"qtr":3,"down":4,"time":"07:48","yrdln":"CAR 6","ydstogo":4,"ydsnet":19,"posteam":"TB","desc":"(7:48) C.Barth 24 yard field goal is GOOD, Center-A.Economos, Holder-C.Bryan.","note":"FG","players":{"00-0026138":[{"sequence":1,"clubcode":"TB","playerName":"C.Barth","statId":70,"yards":24}]}}},"fds":1,"result":"Field Goal","penyds":12,"ydsgained":7,"numplays":7,"postime":"3:09","start":{"qtr":3,"time":"10:49","yrdln":"CAR 25","team":"TB"},"end":{"qtr":3,"time":"07:40","yrdln":"CAR 6","team":"TB"}},"14":{"posteam":"CAR","qtr":3,"redzone":true,"plays":{"2124":{"sp":0,"qtr":3,"down":0,"time":"07:40","yrdln":"TB 30","ydstogo":0,"ydsnet":0,"posteam":"TB","desc":"C.Barth kicks 62 yards from TB 30 to CAR 8. M.Goodson MUFFS catch, ball out of bounds at CAR 6.","note":"KICKOFF","players":{"00-0026138":[{"sequence":1,"clubcode":"TB","playerName":"C.Barth","statId":41,"yards":64},{"sequence":3,"clubcode":"TB","playerName":"C.Barth","statId":42,"yards":0}],"00-0027080":[{"sequence":2,"clubcode":"CAR","playerName":"M.Goodson","statId":45,"yards":0}]}},"2143":{"sp":0,"qtr":3,"down":1,"time":"07:38","yrdln":"CAR 6","ydstogo":10,"ydsnet":1,"posteam":"CAR","desc":"(7:38) J.Stewart left tackle to CAR 7 for 1 yard (B.Ruud).","note":null,"players":{"00-0023471":[{"sequence":2,"clubcode":"TB","playerName":"B.Ruud","statId":79,"yards":0}],"00-0026153":[{"sequence":1,"clubcode":"CAR","playerName":"J.Stewart","statId":10,"yards":1}]}},"2164":{"sp":0,"qtr":3,"down":2,"time":"07:03","yrdln":"CAR 7","ydstogo":9,"ydsnet":3,"posteam":"CAR","desc":"(7:03) M.Moore right end pushed ob at CAR 9 for 2 yards (K.Moore).","note":null,"players":{"00-0025708":[{"sequence":1,"clubcode":"CAR","playerName":"M.Moore","statId":10,"yards":2}],"00-0026906":[{"sequence":2,"clubcode":"TB","playerName":"K.Moore","statId":79,"yards":0}]}},"2185":{"sp":0,"qtr":3,"down":3,"time":"06:33","yrdln":"CAR 9","ydstogo":7,"ydsnet":20,"posteam":"CAR","desc":"(6:33) (Shotgun) M.Moore pass deep middle to D.Rosario to CAR 26 for 17 yards (Q.Black).","note":null,"players":{"00-0025542":[{"sequence":5,"clubcode":"CAR","playerName":"D.Rosario","statId":21,"yards":17},{"sequence":6,"clubcode":"CAR","playerName":"D.Rosario","statId":115,"yards":0},{"sequence":7,"clubcode":"CAR","playerName":"D.Rosario","statId":113,"yards":1}],"00-0025708":[{"sequence":3,"clubcode":"CAR","playerName":"M.Moore","statId":15,"yards":17},{"sequence":4,"clubcode":"CAR","playerName":"M.Moore","statId":111,"yards":16}],"0":[{"sequence":1,"clubcode":"CAR","playerName":"","statId":4,"yards":0},{"sequence":2,"clubcode":"CAR","playerName":"","statId":6,"yards":0}],"00-0025455":[{"sequence":8,"clubcode":"TB","playerName":"Q.Black","statId":79,"yards":0}]}},"2215":{"sp":0,"qtr":3,"down":1,"time":"05:52","yrdln":"CAR 26","ydstogo":10,"ydsnet":20,"posteam":"CAR","desc":"(5:52) M.Moore pass incomplete deep left to D.Gettis.","note":null,"players":{"00-0025708":[{"sequence":1,"clubcode":"CAR","playerName":"M.Moore","statId":14,"yards":0},{"sequence":3,"clubcode":"CAR","playerName":"M.Moore","statId":112,"yards":44}],"00-0027795":[{"sequence":2,"clubcode":"CAR","playerName":"D.Gettis","statId":115,"yards":0}]}},"2237":{"sp":0,"qtr":3,"down":2,"time":"05:46","yrdln":"CAR 26","ydstogo":10,"ydsnet":19,"posteam":"CAR","desc":"(5:46) J.Stewart up the middle to CAR 25 for -1 yards (G.McCoy, R.Miller).","note":null,"players":{"00-0026153":[{"sequence":1,"clubcode":"CAR","playerName":"J.Stewart","statId":10,"yards":-1}],"00-0027856":[{"sequence":3,"clubcode":"TB","playerName":"G.McCoy","statId":80,"yards":0},{"sequence":5,"clubcode":"TB","playerName":"G.McCoy","statId":120,"yards":0}],"00-0027055":[{"sequence":4,"clubcode":"TB","playerName":"R.Miller","statId":82,"yards":0}],"0":[{"sequence":2,"clubcode":"CAR","playerName":"","statId":95,"yards":-1}]}},"2258":{"sp":0,"qtr":3,"down":3,"time":"05:00","yrdln":"CAR 25","ydstogo":11,"ydsnet":8,"posteam":"CAR","desc":"(5:00) (Shotgun) M.Moore sacked at CAR 14 for -11 yards (Q.Black).","note":null,"players":{"00-0025708":[{"sequence":2,"clubcode":"CAR","playerName":"M.Moore","statId":20,"yards":-11}],"0":[{"sequence":1,"clubcode":"CAR","playerName":"","statId":7,"yards":0}],"00-0025455":[{"sequence":3,"clubcode":"TB","playerName":"Q.Black","statId":83,"yards":-11},{"sequence":4,"clubcode":"TB","playerName":"Q.Black","statId":110,"yards":0},{"sequence":5,"clubcode":"TB","playerName":"Q.Black","statId":79,"yards":0},{"sequence":6,"clubcode":"TB","playerName":"Q.Black","statId":120,"yards":0}]}},"2277":{"sp":0,"qtr":3,"down":4,"time":"04:46","yrdln":"CAR 14","ydstogo":22,"ydsnet":8,"posteam":"CAR","desc":"(4:46) J.Baker punts 49 yards to TB 37, Center-J.Jansen. M.Spurlock to TB 35 for -2 yards (R.McClain).","note":"PUNT","players":{"00-0019921":[{"sequence":1,"clubcode":"CAR","playerName":"J.Baker","statId":29,"yards":49}],"00-0027840":[{"sequence":3,"clubcode":"CAR","playerName":"R.McClain","statId":79,"yards":0}],"00-0023968":[{"sequence":2,"clubcode":"TB","playerName":"M.Spurlock","statId":33,"yards":-2}]}}},"fds":1,"result":"Punt","penyds":0,"ydsgained":8,"numplays":8,"postime":"3:03","start":{"qtr":3,"time":"07:40","yrdln":"CAR 6","team":"CAR"},"end":{"qtr":3,"time":"04:37","yrdln":"CAR 14","team":"CAR"}},"15":{"posteam":"TB","qtr":4,"redzone":true,"plays":{"2302":{"sp":0,"qtr":3,"down":1,"time":"04:37","yrdln":"TB 35","ydstogo":10,"ydsnet":-4,"posteam":"TB","desc":"(4:37) C.Williams up the middle to TB 31 for -4 yards (J.Beason).","note":null,"players":{"00-0025412":[{"sequence":3,"clubcode":"CAR","playerName":"J.Beason","statId":79,"yards":0},{"sequence":4,"clubcode":"CAR","playerName":"J.Beason","statId":120,"yards":0}],"0":[{"sequence":2,"clubcode":"TB","playerName":"","statId":95,"yards":-4}],"00-0023440":[{"sequence":1,"clubcode":"TB","playerName":"C.Williams","statId":10,"yards":-4}]}},"2323":{"sp":0,"qtr":3,"down":2,"time":"03:57","yrdln":"TB 31","ydstogo":14,"ydsnet":2,"posteam":"TB","desc":"(3:57) J.Freeman pass short right to E.Graham to TB 37 for 6 yards (J.Anderson, D.Connor).","note":null,"players":{"00-0021755":[{"sequence":3,"clubcode":"TB","playerName":"E.Graham","statId":21,"yards":6},{"sequence":4,"clubcode":"TB","playerName":"E.Graham","statId":115,"yards":0},{"sequence":5,"clubcode":"TB","playerName":"E.Graham","statId":113,"yards":5}],"00-0024303":[{"sequence":6,"clubcode":"CAR","playerName":"J.Anderson","statId":80,"yards":0}],"00-0026214":[{"sequence":7,"clubcode":"CAR","playerName":"D.Connor","statId":82,"yards":0}],"00-0026993":[{"sequence":1,"clubcode":"TB","playerName":"J.Freeman","statId":15,"yards":6},{"sequence":2,"clubcode":"TB","playerName":"J.Freeman","statId":111,"yards":1}]}},"2347":{"sp":0,"qtr":3,"down":3,"time":"03:12","yrdln":"TB 37","ydstogo":8,"ydsnet":13,"posteam":"TB","desc":"(3:12) (Shotgun) J.Freeman pass short right to K.Winslow to TB 48 for 11 yards (C.Gamble).","note":null,"players":{"00-0022914":[{"sequence":8,"clubcode":"CAR","playerName":"C.Gamble","statId":79,"yards":0}],"00-0022922":[{"sequence":5,"clubcode":"TB","playerName":"K.Winslow","statId":21,"yards":11},{"sequence":6,"clubcode":"TB","playerName":"K.Winslow","statId":115,"yards":0},{"sequence":7,"clubcode":"TB","playerName":"K.Winslow","statId":113,"yards":6}],"0":[{"sequence":1,"clubcode":"TB","playerName":"","statId":4,"yards":0},{"sequence":2,"clubcode":"TB","playerName":"","statId":6,"yards":0}],"00-0026993":[{"sequence":3,"clubcode":"TB","playerName":"J.Freeman","statId":15,"yards":11},{"sequence":4,"clubcode":"TB","playerName":"J.Freeman","statId":111,"yards":5}]}},"2371":{"sp":0,"qtr":3,"down":0,"time":"02:23","yrdln":"","ydstogo":0,"ydsnet":13,"posteam":"","desc":"Timeout #1 by TB at 02:23.","note":"TIMEOUT","players":{"0":[{"sequence":1,"clubcode":"TB","playerName":"","statId":68,"yards":0}]}},"2388":{"sp":0,"qtr":3,"down":1,"time":"02:23","yrdln":"TB 48","ydstogo":10,"ydsnet":25,"posteam":"TB","desc":"(2:23) (Shotgun) J.Freeman scrambles up the middle to CAR 40 for 12 yards (D.Connor).","note":null,"players":{"00-0026214":[{"sequence":3,"clubcode":"CAR","playerName":"D.Connor","statId":79,"yards":0}],"0":[{"sequence":1,"clubcode":"TB","playerName":"","statId":3,"yards":0}],"00-0026993":[{"sequence":2,"clubcode":"TB","playerName":"J.Freeman","statId":10,"yards":12}]}},"2409":{"sp":0,"qtr":3,"down":1,"time":"01:36","yrdln":"CAR 40","ydstogo":10,"ydsnet":33,"posteam":"TB","desc":"(1:36) C.Williams right tackle to CAR 32 for 8 yards (C.Gamble).","note":null,"players":{"00-0022914":[{"sequence":2,"clubcode":"CAR","playerName":"C.Gamble","statId":79,"yards":0}],"00-0023440":[{"sequence":1,"clubcode":"TB","playerName":"C.Williams","statId":10,"yards":8}]}},"2430":{"sp":0,"qtr":3,"down":2,"time":"00:57","yrdln":"CAR 32","ydstogo":2,"ydsnet":33,"posteam":"TB","desc":"(:57) C.Williams up the middle to CAR 32 for no gain (J.Anderson).","note":null,"players":{"00-0024303":[{"sequence":2,"clubcode":"CAR","playerName":"J.Anderson","statId":79,"yards":0}],"00-0023440":[{"sequence":1,"clubcode":"TB","playerName":"C.Williams","statId":10,"yards":0}]}},"2451":{"sp":0,"qtr":3,"down":3,"time":"00:12","yrdln":"CAR 32","ydstogo":2,"ydsnet":49,"posteam":"TB","desc":"(:12) J.Freeman pass incomplete deep right to M.Williams. PENALTY on CAR-C.Gamble, Defensive Pass Interference, 16 yards, enforced at CAR 32 - No Play. Play Challenged by CAR and Upheld. (Timeout #1.)","note":"PENALTY","players":{"00-0022914":[{"sequence":3,"clubcode":"CAR","playerName":"C.Gamble","statId":93,"yards":16}],"0":[{"sequence":1,"clubcode":"CAR","playerName":"","statId":68,"yards":0},{"sequence":2,"clubcode":"TB","playerName":"","statId":5,"yards":0}]}},"2489":{"sp":0,"qtr":3,"down":1,"time":"00:04","yrdln":"CAR 16","ydstogo":10,"ydsnet":50,"posteam":"TB","desc":"(:04) E.Graham right tackle to CAR 15 for 1 yard (J.Beason).","note":null,"players":{"00-0021755":[{"sequence":1,"clubcode":"TB","playerName":"E.Graham","statId":10,"yards":1}],"00-0025412":[{"sequence":2,"clubcode":"CAR","playerName":"J.Beason","statId":79,"yards":0}]}},"2510":{"sp":0,"qtr":3,"down":0,"time":"","yrdln":"","ydstogo":0,"ydsnet":50,"posteam":"","desc":"END QUARTER 3","note":null,"players":{}},"2526":{"sp":0,"qtr":4,"down":2,"time":"15:00","yrdln":"CAR 15","ydstogo":9,"ydsnet":50,"posteam":"TB","desc":"(15:00) J.Freeman pass incomplete short right to M.Williams.","note":null,"players":{"00-0027702":[{"sequence":2,"clubcode":"TB","playerName":"M.Williams","statId":115,"yards":0}],"00-0026993":[{"sequence":1,"clubcode":"TB","playerName":"J.Freeman","statId":14,"yards":0},{"sequence":3,"clubcode":"TB","playerName":"J.Freeman","statId":112,"yards":15}]}},"2548":{"sp":0,"qtr":4,"down":3,"time":"14:54","yrdln":"CAR 15","ydstogo":9,"ydsnet":50,"posteam":"TB","desc":"(14:54) (Shotgun) J.Freeman pass incomplete short left to C.Williams.","note":null,"players":{"0":[{"sequence":1,"clubcode":"TB","playerName":"","statId":7,"yards":0}],"00-0023440":[{"sequence":3,"clubcode":"TB","playerName":"C.Williams","statId":115,"yards":0}],"00-0026993":[{"sequence":2,"clubcode":"TB","playerName":"J.Freeman","statId":14,"yards":0},{"sequence":4,"clubcode":"TB","playerName":"J.Freeman","statId":112,"yards":0}]}},"2570":{"sp":1,"qtr":4,"down":4,"time":"14:49","yrdln":"CAR 15","ydstogo":9,"ydsnet":50,"posteam":"TB","desc":"(14:49) C.Barth 33 yard field goal is GOOD, Center-A.Economos, Holder-C.Bryan.","note":"FG","players":{"00-0026138":[{"sequence":1,"clubcode":"TB","playerName":"C.Barth","statId":70,"yards":33}]}}},"fds":3,"result":"Field Goal","penyds":16,"ydsgained":34,"numplays":13,"postime":"4:51","start":{"qtr":3,"time":"04:37","yrdln":"TB 35","team":"TB"},"end":{"qtr":3,"time":"14:46","yrdln":"CAR 15","team":"TB"}},"16":{"posteam":"CAR","qtr":4,"redzone":true,"plays":{"2589":{"sp":0,"qtr":4,"down":0,"time":"14:46","yrdln":"TB 30","ydstogo":0,"ydsnet":0,"posteam":"TB","desc":"C.Barth kicks 69 yards from TB 30 to CAR 1. M.Goodson to CAR 44 for 43 yards (T.Jackson).","note":"KICKOFF","players":{"00-0025493":[{"sequence":3,"clubcode":"TB","playerName":"T.Jackson","statId":79,"yards":0}],"00-0026138":[{"sequence":1,"clubcode":"TB","playerName":"C.Barth","statId":41,"yards":69}],"00-0027080":[{"sequence":2,"clubcode":"CAR","playerName":"M.Goodson","statId":45,"yards":43}]}},"2611":{"sp":0,"qtr":4,"down":1,"time":"14:38","yrdln":"CAR 44","ydstogo":10,"ydsnet":2,"posteam":"CAR","desc":"(14:38) D.Williams right tackle to CAR 46 for 2 yards (K.Moore).","note":null,"players":{"00-0026906":[{"sequence":2,"clubcode":"TB","playerName":"K.Moore","statId":79,"yards":0}],"00-0024242":[{"sequence":1,"clubcode":"CAR","playerName":"D.Williams","statId":10,"yards":2}]}},"2632":{"sp":0,"qtr":4,"down":2,"time":"14:03","yrdln":"CAR 46","ydstogo":8,"ydsnet":2,"posteam":"CAR","desc":"(14:03) M.Moore pass incomplete short right to S.Smith.","note":null,"players":{"00-0020337":[{"sequence":2,"clubcode":"CAR","playerName":"S.Smith","statId":115,"yards":0}],"00-0025708":[{"sequence":1,"clubcode":"CAR","playerName":"M.Moore","statId":14,"yards":0},{"sequence":3,"clubcode":"CAR","playerName":"M.Moore","statId":112,"yards":15}]}},"2654":{"sp":0,"qtr":4,"down":3,"time":"13:58","yrdln":"CAR 46","ydstogo":8,"ydsnet":25,"posteam":"CAR","desc":"(13:58) (Shotgun) M.Moore pass short right to M.Goodson to TB 31 for 23 yards (Q.Black).","note":null,"players":{"00-0027080":[{"sequence":5,"clubcode":"CAR","playerName":"M.Goodson","statId":21,"yards":23},{"sequence":6,"clubcode":"CAR","playerName":"M.Goodson","statId":115,"yards":0},{"sequence":7,"clubcode":"CAR","playerName":"M.Goodson","statId":113,"yards":24}],"00-0025708":[{"sequence":3,"clubcode":"CAR","playerName":"M.Moore","statId":15,"yards":23},{"sequence":4,"clubcode":"CAR","playerName":"M.Moore","statId":111,"yards":-1}],"0":[{"sequence":1,"clubcode":"CAR","playerName":"","statId":4,"yards":0},{"sequence":2,"clubcode":"CAR","playerName":"","statId":6,"yards":0}],"00-0025455":[{"sequence":8,"clubcode":"TB","playerName":"Q.Black","statId":79,"yards":0}]}},"2678":{"sp":0,"qtr":4,"down":1,"time":"13:28","yrdln":"TB 31","ydstogo":10,"ydsnet":24,"posteam":"CAR","desc":"(13:28) D.Williams left guard to TB 32 for -1 yards (G.Hayes).","note":null,"players":{"0":[{"sequence":2,"clubcode":"CAR","playerName":"","statId":95,"yards":-1}],"00-0026315":[{"sequence":3,"clubcode":"TB","playerName":"G.Hayes","statId":79,"yards":0},{"sequence":4,"clubcode":"TB","playerName":"G.Hayes","statId":120,"yards":0}],"00-0024242":[{"sequence":1,"clubcode":"CAR","playerName":"D.Williams","statId":10,"yards":-1}]}},"2699":{"sp":0,"qtr":4,"down":2,"time":"12:51","yrdln":"TB 32","ydstogo":11,"ydsnet":24,"posteam":"CAR","desc":"(12:51) M.Moore pass incomplete deep left to S.Smith.","note":null,"players":{"00-0020337":[{"sequence":2,"clubcode":"CAR","playerName":"S.Smith","statId":115,"yards":0}],"00-0025708":[{"sequence":1,"clubcode":"CAR","playerName":"M.Moore","statId":14,"yards":0},{"sequence":3,"clubcode":"CAR","playerName":"M.Moore","statId":112,"yards":22}]}},"2721":{"sp":0,"qtr":4,"down":3,"time":"12:46","yrdln":"TB 32","ydstogo":11,"ydsnet":18,"posteam":"CAR","desc":"(12:46) M.Moore sacked at TB 38 for -6 yards (T.Crowder). FUMBLES (T.Crowder), RECOVERED by TB-K.Moore at TB 38. K.Moore to TB 43 for 5 yards (T.Wharton).","note":"FUMBLE","players":{"00-0022214":[{"sequence":9,"clubcode":"CAR","playerName":"T.Wharton","statId":79,"yards":0}],"00-0025443":[{"sequence":3,"clubcode":"TB","playerName":"T.Crowder","statId":83,"yards":-6},{"sequence":4,"clubcode":"TB","playerName":"T.Crowder","statId":79,"yards":0},{"sequence":7,"clubcode":"TB","playerName":"T.Crowder","statId":91,"yards":0}],"00-0025708":[{"sequence":2,"clubcode":"CAR","playerName":"M.Moore","statId":20,"yards":-6},{"sequence":5,"clubcode":"CAR","playerName":"M.Moore","statId":52,"yards":0},{"sequence":6,"clubcode":"CAR","playerName":"M.Moore","statId":106,"yards":0}],"0":[{"sequence":1,"clubcode":"CAR","playerName":"","statId":7,"yards":0}],"00-0026906":[{"sequence":8,"clubcode":"TB","playerName":"K.Moore","statId":59,"yards":5}]}}},"fds":1,"result":"Fumble","penyds":0,"ydsgained":18,"numplays":7,"postime":"2:11","start":{"qtr":4,"time":"14:46","yrdln":"CAR 44","team":"CAR"},"end":{"qtr":4,"time":"12:35","yrdln":"TB 32","team":"CAR"}},"17":{"posteam":"TB","qtr":4,"redzone":true,"plays":{"2750":{"sp":0,"qtr":4,"down":1,"time":"12:35","yrdln":"TB 43","ydstogo":10,"ydsnet":2,"posteam":"TB","desc":"(12:35) C.Williams left end to TB 45 for 2 yards (D.Landri, J.Beason).","note":null,"players":{"00-0025412":[{"sequence":3,"clubcode":"CAR","playerName":"J.Beason","statId":82,"yards":0}],"00-0025553":[{"sequence":2,"clubcode":"CAR","playerName":"D.Landri","statId":80,"yards":0}],"00-0023440":[{"sequence":1,"clubcode":"TB","playerName":"C.Williams","statId":10,"yards":2}]}},"2771":{"sp":0,"qtr":4,"down":2,"time":"11:54","yrdln":"TB 45","ydstogo":8,"ydsnet":21,"posteam":"TB","desc":"(11:54) J.Freeman pass deep left to M.Williams to CAR 36 for 19 yards (J.Beason).","note":null,"players":{"00-0025412":[{"sequence":7,"clubcode":"CAR","playerName":"J.Beason","statId":79,"yards":0}],"0":[{"sequence":1,"clubcode":"TB","playerName":"","statId":4,"yards":0}],"00-0027702":[{"sequence":4,"clubcode":"TB","playerName":"M.Williams","statId":21,"yards":19},{"sequence":5,"clubcode":"TB","playerName":"M.Williams","statId":115,"yards":0},{"sequence":6,"clubcode":"TB","playerName":"M.Williams","statId":113,"yards":0}],"00-0026993":[{"sequence":2,"clubcode":"TB","playerName":"J.Freeman","statId":15,"yards":19},{"sequence":3,"clubcode":"TB","playerName":"J.Freeman","statId":111,"yards":19}]}},"2795":{"sp":0,"qtr":4,"down":1,"time":"11:08","yrdln":"CAR 36","ydstogo":10,"ydsnet":24,"posteam":"TB","desc":"(11:08) C.Williams up the middle to CAR 33 for 3 yards (D.Landri).","note":null,"players":{"00-0025553":[{"sequence":2,"clubcode":"CAR","playerName":"D.Landri","statId":79,"yards":0}],"00-0023440":[{"sequence":1,"clubcode":"TB","playerName":"C.Williams","statId":10,"yards":3}]}},"2816":{"sp":0,"qtr":4,"down":2,"time":"10:22","yrdln":"CAR 33","ydstogo":7,"ydsnet":24,"posteam":"TB","desc":"(10:22) J.Freeman pass incomplete deep right to S.Stroughter.","note":null,"players":{"00-0026953":[{"sequence":2,"clubcode":"TB","playerName":"S.Stroughter","statId":115,"yards":0}],"00-0026993":[{"sequence":1,"clubcode":"TB","playerName":"J.Freeman","statId":14,"yards":0},{"sequence":3,"clubcode":"TB","playerName":"J.Freeman","statId":112,"yards":33}]}},"2838":{"sp":0,"qtr":4,"down":3,"time":"10:16","yrdln":"CAR 33","ydstogo":7,"ydsnet":24,"posteam":"TB","desc":"(10:16) (Shotgun) J.Freeman pass incomplete deep left to M.Williams (R.Marshall).","note":null,"players":{"0":[{"sequence":1,"clubcode":"TB","playerName":"","statId":7,"yards":0}],"00-0027702":[{"sequence":3,"clubcode":"TB","playerName":"M.Williams","statId":115,"yards":0}],"00-0024273":[{"sequence":4,"clubcode":"CAR","playerName":"R.Marshall","statId":85,"yards":0}],"00-0026993":[{"sequence":2,"clubcode":"TB","playerName":"J.Freeman","statId":14,"yards":0},{"sequence":5,"clubcode":"TB","playerName":"J.Freeman","statId":112,"yards":28}]}},"2860":{"sp":0,"qtr":4,"down":4,"time":"10:10","yrdln":"CAR 33","ydstogo":7,"ydsnet":24,"posteam":"TB","desc":"(10:10) C.Barth punts 33 yards to end zone, Center-A.Economos, Touchback.","note":"PUNT","players":{"00-0026138":[{"sequence":1,"clubcode":"TB","playerName":"C.Barth","statId":32,"yards":33}],"0":[{"sequence":2,"clubcode":"CAR","playerName":"","statId":40,"yards":0}]}}},"fds":1,"result":"Punt","penyds":0,"ydsgained":24,"numplays":6,"postime":"2:32","start":{"qtr":4,"time":"12:35","yrdln":"TB 43","team":"TB"},"end":{"qtr":4,"time":"10:03","yrdln":"CAR 33","team":"TB"}},"18":{"posteam":"CAR","qtr":4,"redzone":true,"plays":{"2883":{"sp":0,"qtr":4,"down":1,"time":"10:03","yrdln":"CAR 20","ydstogo":10,"ydsnet":9,"posteam":"CAR","desc":"(10:03) M.Goodson up the middle to CAR 29 for 9 yards (Q.Black; K.Moore).","note":null,"players":{"00-0027080":[{"sequence":1,"clubcode":"CAR","playerName":"M.Goodson","statId":10,"yards":9}],"00-0026906":[{"sequence":3,"clubcode":"TB","playerName":"K.Moore","statId":82,"yards":0}],"00-0025455":[{"sequence":2,"clubcode":"TB","playerName":"Q.Black","statId":82,"yards":0}]}},"2904":{"sp":0,"qtr":4,"down":2,"time":"09:31","yrdln":"CAR 29","ydstogo":1,"ydsnet":9,"posteam":"CAR","desc":"(9:31) J.Clausen pass incomplete short right to S.Smith.","note":null,"players":{"00-0020337":[{"sequence":2,"clubcode":"CAR","playerName":"S.Smith","statId":115,"yards":0}],"00-0027659":[{"sequence":1,"clubcode":"CAR","playerName":"J.Clausen","statId":14,"yards":0},{"sequence":3,"clubcode":"CAR","playerName":"J.Clausen","statId":112,"yards":5}]}},"2926":{"sp":0,"qtr":4,"down":3,"time":"09:24","yrdln":"CAR 29","ydstogo":1,"ydsnet":14,"posteam":"CAR","desc":"(9:24) D.Williams up the middle to CAR 34 for 5 yards (R.Sims).","note":null,"players":{"00-0021382":[{"sequence":4,"clubcode":"TB","playerName":"R.Sims","statId":79,"yards":0}],"0":[{"sequence":1,"clubcode":"CAR","playerName":"","statId":3,"yards":0},{"sequence":2,"clubcode":"CAR","playerName":"","statId":6,"yards":0}],"00-0024242":[{"sequence":3,"clubcode":"CAR","playerName":"D.Williams","statId":10,"yards":5}]}},"2947":{"sp":0,"qtr":4,"down":1,"time":"08:54","yrdln":"CAR 34","ydstogo":10,"ydsnet":14,"posteam":"CAR","desc":"(8:54) (No Huddle, Shotgun) J.Clausen pass incomplete short left to D.Gettis.","note":null,"players":{"00-0027659":[{"sequence":1,"clubcode":"CAR","playerName":"J.Clausen","statId":14,"yards":0},{"sequence":3,"clubcode":"CAR","playerName":"J.Clausen","statId":112,"yards":5}],"00-0027795":[{"sequence":2,"clubcode":"CAR","playerName":"D.Gettis","statId":115,"yards":0}]}},"2969":{"sp":0,"qtr":4,"down":2,"time":"08:50","yrdln":"CAR 34","ydstogo":10,"ydsnet":14,"posteam":"CAR","desc":"(8:50) J.Clausen pass incomplete short left to S.Smith.","note":null,"players":{"00-0020337":[{"sequence":2,"clubcode":"CAR","playerName":"S.Smith","statId":115,"yards":0}],"00-0027659":[{"sequence":1,"clubcode":"CAR","playerName":"J.Clausen","statId":14,"yards":0},{"sequence":3,"clubcode":"CAR","playerName":"J.Clausen","statId":112,"yards":14}]}},"2991":{"sp":0,"qtr":4,"down":3,"time":"08:46","yrdln":"CAR 34","ydstogo":10,"ydsnet":24,"posteam":"CAR","desc":"(8:46) (Shotgun) J.Clausen pass short right to M.Goodson to CAR 44 for 10 yards (T.Jackson).","note":null,"players":{"00-0025493":[{"sequence":8,"clubcode":"TB","playerName":"T.Jackson","statId":79,"yards":0}],"00-0027659":[{"sequence":3,"clubcode":"CAR","playerName":"J.Clausen","statId":15,"yards":10},{"sequence":4,"clubcode":"CAR","playerName":"J.Clausen","statId":111,"yards":0}],"00-0027080":[{"sequence":5,"clubcode":"CAR","playerName":"M.Goodson","statId":21,"yards":10},{"sequence":6,"clubcode":"CAR","playerName":"M.Goodson","statId":115,"yards":0},{"sequence":7,"clubcode":"CAR","playerName":"M.Goodson","statId":113,"yards":10}],"0":[{"sequence":1,"clubcode":"CAR","playerName":"","statId":4,"yards":0},{"sequence":2,"clubcode":"CAR","playerName":"","statId":6,"yards":0}]}},"3015":{"sp":0,"qtr":4,"down":1,"time":"08:20","yrdln":"CAR 44","ydstogo":10,"ydsnet":28,"posteam":"CAR","desc":"(8:20) (No Huddle) M.Goodson up the middle to CAR 48 for 4 yards (G.Hayes, R.Barber).","note":null,"players":{"00-0027080":[{"sequence":1,"clubcode":"CAR","playerName":"M.Goodson","statId":10,"yards":4}],"00-0026315":[{"sequence":2,"clubcode":"TB","playerName":"G.Hayes","statId":80,"yards":0}],"00-0000741":[{"sequence":3,"clubcode":"TB","playerName":"R.Barber","statId":82,"yards":0}]}},"3036":{"sp":0,"qtr":4,"down":2,"time":"07:54","yrdln":"CAR 48","ydstogo":6,"ydsnet":32,"posteam":"CAR","desc":"(7:54) (No Huddle, Shotgun) J.Clausen pass short left to D.Gettis to TB 48 for 4 yards (A.Talib). TB-A.Talib was injured during the play. His return is Probable.","note":null,"players":{"00-0027659":[{"sequence":1,"clubcode":"CAR","playerName":"J.Clausen","statId":15,"yards":4},{"sequence":2,"clubcode":"CAR","playerName":"J.Clausen","statId":111,"yards":4}],"00-0027795":[{"sequence":3,"clubcode":"CAR","playerName":"D.Gettis","statId":21,"yards":4},{"sequence":4,"clubcode":"CAR","playerName":"D.Gettis","statId":115,"yards":0},{"sequence":5,"clubcode":"CAR","playerName":"D.Gettis","statId":113,"yards":0}],"00-0026160":[{"sequence":6,"clubcode":"TB","playerName":"A.Talib","statId":79,"yards":0}]}},"3064":{"sp":0,"qtr":4,"down":3,"time":"07:29","yrdln":"TB 48","ydstogo":2,"ydsnet":32,"posteam":"CAR","desc":"(7:29) (Shotgun) J.Clausen pass incomplete short right to D.Gettis (R.Barber).","note":null,"players":{"00-0027659":[{"sequence":2,"clubcode":"CAR","playerName":"J.Clausen","statId":14,"yards":0},{"sequence":5,"clubcode":"CAR","playerName":"J.Clausen","statId":112,"yards":6}],"00-0027795":[{"sequence":3,"clubcode":"CAR","playerName":"D.Gettis","statId":115,"yards":0}],"0":[{"sequence":1,"clubcode":"CAR","playerName":"","statId":7,"yards":0}],"00-0000741":[{"sequence":4,"clubcode":"TB","playerName":"R.Barber","statId":85,"yards":0}]}},"3090":{"sp":0,"qtr":4,"down":4,"time":"07:24","yrdln":"TB 48","ydstogo":2,"ydsnet":51,"posteam":"CAR","desc":"(7:24) (Shotgun) J.Clausen pass short left to S.Smith to TB 29 for 19 yards (S.Jones).","note":null,"players":{"00-0020337":[{"sequence":5,"clubcode":"CAR","playerName":"S.Smith","statId":21,"yards":19},{"sequence":6,"clubcode":"CAR","playerName":"S.Smith","statId":115,"yards":0},{"sequence":7,"clubcode":"CAR","playerName":"S.Smith","statId":113,"yards":14}],"00-0027659":[{"sequence":3,"clubcode":"CAR","playerName":"J.Clausen","statId":15,"yards":19},{"sequence":4,"clubcode":"CAR","playerName":"J.Clausen","statId":111,"yards":5}],"0":[{"sequence":1,"clubcode":"CAR","playerName":"","statId":4,"yards":0},{"sequence":2,"clubcode":"CAR","playerName":"","statId":8,"yards":0}],"00-0022844":[{"sequence":8,"clubcode":"TB","playerName":"S.Jones","statId":79,"yards":0}]}},"3114":{"sp":0,"qtr":4,"down":1,"time":"06:55","yrdln":"TB 29","ydstogo":10,"ydsnet":55,"posteam":"CAR","desc":"(6:55) M.Goodson up the middle to TB 25 for 4 yards (T.Crowder).","note":null,"players":{"00-0025443":[{"sequence":2,"clubcode":"TB","playerName":"T.Crowder","statId":79,"yards":0}],"00-0027080":[{"sequence":1,"clubcode":"CAR","playerName":"M.Goodson","statId":10,"yards":4}]}},"3135":{"sp":0,"qtr":4,"down":2,"time":"06:28","yrdln":"TB 25","ydstogo":6,"ydsnet":65,"posteam":"CAR","desc":"(6:28) (No Huddle, Shotgun) J.Clausen pass short middle to D.Williams to TB 19 for 6 yards (B.Ruud).","note":null,"players":{"00-0023471":[{"sequence":7,"clubcode":"TB","playerName":"B.Ruud","statId":79,"yards":0}],"00-0027659":[{"sequence":2,"clubcode":"CAR","playerName":"J.Clausen","statId":15,"yards":6},{"sequence":3,"clubcode":"CAR","playerName":"J.Clausen","statId":111,"yards":4}],"0":[{"sequence":1,"clubcode":"CAR","playerName":"","statId":4,"yards":0}],"00-0024242":[{"sequence":4,"clubcode":"CAR","playerName":"D.Williams","statId":21,"yards":6},{"sequence":5,"clubcode":"CAR","playerName":"D.Williams","statId":115,"yards":0},{"sequence":6,"clubcode":"CAR","playerName":"D.Williams","statId":113,"yards":2}]}},"3163":{"sp":0,"qtr":4,"down":1,"time":"05:58","yrdln":"TB 19","ydstogo":10,"ydsnet":76,"posteam":"CAR","desc":"(5:58) J.Clausen pass short right to D.Rosario to TB 15 for 4 yards (R.Barber).","note":null,"players":{"00-0027659":[{"sequence":1,"clubcode":"CAR","playerName":"J.Clausen","statId":15,"yards":4},{"sequence":2,"clubcode":"CAR","playerName":"J.Clausen","statId":111,"yards":4}],"00-0025542":[{"sequence":3,"clubcode":"CAR","playerName":"D.Rosario","statId":21,"yards":4},{"sequence":4,"clubcode":"CAR","playerName":"D.Rosario","statId":115,"yards":0},{"sequence":5,"clubcode":"CAR","playerName":"D.Rosario","statId":113,"yards":0}],"00-0000741":[{"sequence":6,"clubcode":"TB","playerName":"R.Barber","statId":79,"yards":0}]}},"3197":{"sp":0,"qtr":4,"down":2,"time":"05:33","yrdln":"TB 15","ydstogo":6,"ydsnet":77,"posteam":"CAR","desc":"(5:33) (No Huddle, Shotgun) J.Clausen pass short right to D.Williams to TB 4 for 11 yards (B.Ruud; R.Barber).","note":null,"players":{"00-0023471":[{"sequence":7,"clubcode":"TB","playerName":"B.Ruud","statId":82,"yards":0}],"00-0027659":[{"sequence":2,"clubcode":"CAR","playerName":"J.Clausen","statId":15,"yards":11},{"sequence":3,"clubcode":"CAR","playerName":"J.Clausen","statId":111,"yards":-4}],"0":[{"sequence":1,"clubcode":"CAR","playerName":"","statId":4,"yards":0}],"00-0024242":[{"sequence":4,"clubcode":"CAR","playerName":"D.Williams","statId":21,"yards":11},{"sequence":5,"clubcode":"CAR","playerName":"D.Williams","statId":115,"yards":0},{"sequence":6,"clubcode":"CAR","playerName":"D.Williams","statId":113,"yards":15}],"00-0000741":[{"sequence":8,"clubcode":"TB","playerName":"R.Barber","statId":82,"yards":0}]}},"3221":{"sp":0,"qtr":4,"down":1,"time":"04:53","yrdln":"TB 4","ydstogo":4,"ydsnet":76,"posteam":"CAR","desc":"(4:53) (No Huddle, Shotgun) J.Clausen pass incomplete short right to D.Rosario.","note":null,"players":{"00-0027659":[{"sequence":1,"clubcode":"CAR","playerName":"J.Clausen","statId":14,"yards":0},{"sequence":3,"clubcode":"CAR","playerName":"J.Clausen","statId":112,"yards":4}],"00-0025542":[{"sequence":2,"clubcode":"CAR","playerName":"D.Rosario","statId":115,"yards":0}]}},"3243":{"sp":0,"qtr":4,"down":2,"time":"04:47","yrdln":"TB 4","ydstogo":4,"ydsnet":77,"posteam":"CAR","desc":"(4:47) M.Goodson right end to TB 3 for 1 yard (B.Ruud).","note":null,"players":{"00-0023471":[{"sequence":2,"clubcode":"TB","playerName":"B.Ruud","statId":79,"yards":0}],"00-0027080":[{"sequence":1,"clubcode":"CAR","playerName":"M.Goodson","statId":10,"yards":1}]}},"3264":{"sp":0,"qtr":4,"down":3,"time":"04:17","yrdln":"TB 3","ydstogo":3,"ydsnet":79,"posteam":"CAR","desc":"(4:17) (No Huddle) M.Goodson up the middle to TB 1 for 2 yards (Q.Black).","note":null,"players":{"00-0027080":[{"sequence":2,"clubcode":"CAR","playerName":"M.Goodson","statId":10,"yards":2}],"0":[{"sequence":1,"clubcode":"CAR","playerName":"","statId":7,"yards":0}],"00-0025455":[{"sequence":3,"clubcode":"TB","playerName":"Q.Black","statId":79,"yards":0}]}},"3285":{"sp":0,"qtr":4,"down":4,"time":"03:35","yrdln":"TB 1","ydstogo":1,"ydsnet":78,"posteam":"CAR","desc":"(3:35) J.Stewart left end to TB 2 for -1 yards (G.Hayes).","note":null,"players":{"00-0026153":[{"sequence":2,"clubcode":"CAR","playerName":"J.Stewart","statId":10,"yards":-1}],"0":[{"sequence":1,"clubcode":"CAR","playerName":"","statId":9,"yards":0},{"sequence":3,"clubcode":"CAR","playerName":"","statId":95,"yards":-1}],"00-0026315":[{"sequence":4,"clubcode":"TB","playerName":"G.Hayes","statId":79,"yards":0},{"sequence":5,"clubcode":"TB","playerName":"G.Hayes","statId":120,"yards":0}]}}},"fds":5,"result":"Downs","penyds":0,"ydsgained":78,"numplays":18,"postime":"6:28","start":{"qtr":4,"time":"10:03","yrdln":"CAR 20","team":"CAR"},"end":{"qtr":4,"time":"03:35","yrdln":"TB 1","team":"CAR"}},"19":{"posteam":"TB","qtr":4,"redzone":true,"plays":{"3306":{"sp":0,"qtr":4,"down":1,"time":"03:35","yrdln":"TB 2","ydstogo":10,"ydsnet":1,"posteam":"TB","desc":"(3:35) C.Williams right guard to TB 3 for 1 yard (E.Brown).","note":null,"players":{"00-0027019":[{"sequence":2,"clubcode":"CAR","playerName":"E.Brown","statId":79,"yards":0}],"00-0023440":[{"sequence":1,"clubcode":"TB","playerName":"C.Williams","statId":10,"yards":1}]}},"3359":{"sp":0,"qtr":4,"down":0,"time":"03:31","yrdln":"","ydstogo":0,"ydsnet":1,"posteam":"","desc":"Timeout #2 by CAR at 03:31.","note":"TIMEOUT","players":{"0":[{"sequence":1,"clubcode":"CAR","playerName":"","statId":68,"yards":0}]}},"3327":{"sp":0,"qtr":4,"down":2,"time":"03:31","yrdln":"TB 3","ydstogo":9,"ydsnet":1,"posteam":"TB","desc":"(3:31) C.Williams right guard to TB 3 for no gain (D.Landri).","note":null,"players":{"00-0025553":[{"sequence":2,"clubcode":"CAR","playerName":"D.Landri","statId":79,"yards":0}],"00-0023440":[{"sequence":1,"clubcode":"TB","playerName":"C.Williams","statId":10,"yards":0}]}},"3348":{"sp":0,"qtr":4,"down":0,"time":"03:27","yrdln":"","ydstogo":0,"ydsnet":1,"posteam":"","desc":"Timeout #3 by CAR at 03:27.","note":"TIMEOUT","players":{"0":[{"sequence":1,"clubcode":"CAR","playerName":"","statId":68,"yards":0}]}},"3371":{"sp":0,"qtr":4,"down":3,"time":"03:27","yrdln":"TB 3","ydstogo":9,"ydsnet":1,"posteam":"TB","desc":"(3:27) (Shotgun) J.Freeman pass incomplete short right to M.Williams (C.Gamble).","note":null,"players":{"00-0022914":[{"sequence":4,"clubcode":"CAR","playerName":"C.Gamble","statId":85,"yards":0}],"0":[{"sequence":1,"clubcode":"TB","playerName":"","statId":7,"yards":0}],"00-0027702":[{"sequence":3,"clubcode":"TB","playerName":"M.Williams","statId":115,"yards":0}],"00-0026993":[{"sequence":2,"clubcode":"TB","playerName":"J.Freeman","statId":14,"yards":0},{"sequence":5,"clubcode":"TB","playerName":"J.Freeman","statId":112,"yards":10}]}},"3394":{"sp":0,"qtr":4,"down":4,"time":"03:23","yrdln":"TB 3","ydstogo":9,"ydsnet":1,"posteam":"TB","desc":"(3:23) C.Barth punts 48 yards to CAR 49, Center-A.Economos. C.Munnerlyn to TB 47 for 4 yards (Q.Black).","note":"PUNT","players":{"00-0026138":[{"sequence":1,"clubcode":"TB","playerName":"C.Barth","statId":29,"yards":48}],"00-0025455":[{"sequence":3,"clubcode":"TB","playerName":"Q.Black","statId":79,"yards":0}],"00-0026944":[{"sequence":2,"clubcode":"CAR","playerName":"C.Munnerlyn","statId":33,"yards":4}]}}},"fds":0,"result":"Punt","penyds":0,"ydsgained":1,"numplays":6,"postime":"0:25","start":{"qtr":4,"time":"03:35","yrdln":"TB 2","team":"TB"},"end":{"qtr":4,"time":"03:10","yrdln":"TB 3","team":"TB"}},"20":{"posteam":"CAR","qtr":4,"redzone":true,"plays":{"3419":{"sp":0,"qtr":4,"down":1,"time":"03:10","yrdln":"TB 47","ydstogo":10,"ydsnet":-1,"posteam":"CAR","desc":"(3:10) (Shotgun) J.Clausen FUMBLES (Aborted) at TB 47, recovered by CAR-J.King at TB 48. J.King to TB 48 for no gain (R.Barber).","note":"FUMBLE","players":{"00-0027659":[{"sequence":1,"clubcode":"CAR","playerName":"J.Clausen","statId":10,"yards":0},{"sequence":2,"clubcode":"CAR","playerName":"J.Clausen","statId":57,"yards":-1},{"sequence":3,"clubcode":"CAR","playerName":"J.Clausen","statId":53,"yards":0}],"00-0000741":[{"sequence":5,"clubcode":"TB","playerName":"R.Barber","statId":79,"yards":0},{"sequence":6,"clubcode":"TB","playerName":"R.Barber","statId":120,"yards":0}],"00-0024369":[{"sequence":4,"clubcode":"CAR","playerName":"J.King","statId":55,"yards":0}]}},"3455":{"sp":0,"qtr":4,"down":2,"time":"03:10","yrdln":"TB 48","ydstogo":11,"ydsnet":-1,"posteam":"CAR","desc":"(3:10) J.Clausen pass short right intended for M.Goodson INTERCEPTED by A.Talib at TB 40. A.Talib pushed ob at CAR 39 for 21 yards (M.Goodson).","note":"INT","players":{"00-0027659":[{"sequence":1,"clubcode":"CAR","playerName":"J.Clausen","statId":19,"yards":0},{"sequence":3,"clubcode":"CAR","playerName":"J.Clausen","statId":112,"yards":8}],"00-0027080":[{"sequence":2,"clubcode":"CAR","playerName":"M.Goodson","statId":115,"yards":0},{"sequence":6,"clubcode":"CAR","playerName":"M.Goodson","statId":79,"yards":0}],"00-0026160":[{"sequence":4,"clubcode":"TB","playerName":"A.Talib","statId":25,"yards":21},{"sequence":5,"clubcode":"TB","playerName":"A.Talib","statId":85,"yards":0}]}}},"fds":0,"result":"Interception","penyds":0,"ydsgained":-1,"numplays":2,"postime":"0:29","start":{"qtr":4,"time":"03:10","yrdln":"TB 47","team":"CAR"},"end":{"qtr":4,"time":"02:41","yrdln":"TB 48","team":"CAR"}},"21":{"posteam":"TB","qtr":4,"redzone":true,"plays":{"3490":{"sp":0,"qtr":4,"down":1,"time":"02:41","yrdln":"CAR 39","ydstogo":10,"ydsnet":2,"posteam":"TB","desc":"(2:41) C.Williams up the middle to CAR 39 for no gain (E.Brown).","note":null,"players":{"00-0027019":[{"sequence":2,"clubcode":"CAR","playerName":"E.Brown","statId":79,"yards":0}],"00-0023440":[{"sequence":1,"clubcode":"TB","playerName":"C.Williams","statId":10,"yards":0}]}},"3511":{"sp":0,"qtr":4,"down":0,"time":"02:00","yrdln":"","ydstogo":0,"ydsnet":0,"posteam":"","desc":"Two-Minute Warning","note":null,"players":{}},"3528":{"sp":0,"qtr":4,"down":2,"time":"02:00","yrdln":"CAR 39","ydstogo":10,"ydsnet":4,"posteam":"TB","desc":"(2:00) C.Williams up the middle to CAR 35 for 4 yards (C.Gamble, J.Beason).","note":null,"players":{"00-0025412":[{"sequence":3,"clubcode":"CAR","playerName":"J.Beason","statId":82,"yards":0}],"00-0022914":[{"sequence":2,"clubcode":"CAR","playerName":"C.Gamble","statId":80,"yards":0}],"00-0023440":[{"sequence":1,"clubcode":"TB","playerName":"C.Williams","statId":10,"yards":4}]}},"3549":{"sp":0,"qtr":4,"down":0,"time":"01:25","yrdln":"","ydstogo":0,"ydsnet":4,"posteam":"","desc":"Timeout #2 by TB at 01:25. Injury Timeout for TB 52 J. Faine","note":"TIMEOUT","players":{"0":[{"sequence":1,"clubcode":"TB","playerName":"","statId":68,"yards":0}]}},"3566":{"sp":0,"qtr":4,"down":3,"time":"01:24","yrdln":"CAR 35","ydstogo":6,"ydsnet":2,"posteam":"TB","desc":"(1:24) C.Williams left tackle to CAR 37 for -2 yards (D.Landri, J.Anderson).","note":null,"players":{"00-0025553":[{"sequence":4,"clubcode":"CAR","playerName":"D.Landri","statId":80,"yards":0},{"sequence":6,"clubcode":"CAR","playerName":"D.Landri","statId":120,"yards":0}],"00-0024303":[{"sequence":5,"clubcode":"CAR","playerName":"J.Anderson","statId":82,"yards":0}],"0":[{"sequence":1,"clubcode":"TB","playerName":"","statId":7,"yards":0},{"sequence":3,"clubcode":"TB","playerName":"","statId":95,"yards":-2}],"00-0023440":[{"sequence":2,"clubcode":"TB","playerName":"C.Williams","statId":10,"yards":-2}]}},"3591":{"sp":0,"qtr":4,"down":4,"time":"01:24","yrdln":"CAR 37","ydstogo":8,"ydsnet":-3,"posteam":"TB","desc":"(1:24) (Punt formation) PENALTY on TB, Delay of Game, 5 yards, enforced at CAR 37 - No Play.","note":"PENALTY","players":{"0":[{"sequence":1,"clubcode":"TB","playerName":"","statId":93,"yards":5}]}},"3614":{"sp":0,"qtr":4,"down":4,"time":"00:34","yrdln":"CAR 42","ydstogo":13,"ydsnet":-3,"posteam":"TB","desc":"(:34) C.Barth punts 36 yards to CAR 6, Center-A.Economos. J.Williams to CAR 6 for no gain (T.Crowder).","note":"PUNT","players":{"00-0026138":[{"sequence":1,"clubcode":"TB","playerName":"C.Barth","statId":29,"yards":36},{"sequence":3,"clubcode":"TB","playerName":"C.Barth","statId":30,"yards":0}],"00-0025443":[{"sequence":4,"clubcode":"TB","playerName":"T.Crowder","statId":79,"yards":0}],"00-0024335":[{"sequence":2,"clubcode":"CAR","playerName":"J.Williams","statId":33,"yards":0}]}}},"fds":0,"result":"Punt","penyds":-5,"ydsgained":2,"numplays":7,"postime":"2:19","start":{"qtr":4,"time":"02:41","yrdln":"CAR 39","team":"TB"},"end":{"qtr":4,"time":"00:22","yrdln":"CAR 42","team":"TB"}},"22":{"posteam":"CAR","qtr":4,"redzone":true,"plays":{"3639":{"sp":0,"qtr":4,"down":1,"time":"00:22","yrdln":"CAR 6","ydstogo":10,"ydsnet":5,"posteam":"CAR","desc":"(:22) (Shotgun) J.Clausen pass short middle to D.Williams to CAR 9 for 3 yards. Lateral to S.Smith to CAR 11 for 2 yards (E.Mack).","note":null,"players":{"00-0020337":[{"sequence":6,"clubcode":"CAR","playerName":"S.Smith","statId":23,"yards":2}],"00-0027659":[{"sequence":1,"clubcode":"CAR","playerName":"J.Clausen","statId":15,"yards":5},{"sequence":2,"clubcode":"CAR","playerName":"J.Clausen","statId":111,"yards":1}],"00-0025902":[{"sequence":7,"clubcode":"TB","playerName":"E.Mack","statId":79,"yards":0}],"00-0024242":[{"sequence":3,"clubcode":"CAR","playerName":"D.Williams","statId":21,"yards":3},{"sequence":4,"clubcode":"CAR","playerName":"D.Williams","statId":115,"yards":0},{"sequence":5,"clubcode":"CAR","playerName":"D.Williams","statId":113,"yards":2}]}},"3663":{"sp":0,"qtr":4,"down":0,"time":"","yrdln":"","ydstogo":0,"ydsnet":5,"posteam":"","desc":"END GAME","note":null,"players":{}}},"fds":0,"result":"End of Game","penyds":0,"ydsgained":5,"numplays":2,"postime":"0:22","start":{"qtr":4,"time":"00:22","yrdln":"CAR 6","team":"CAR"},"end":{"qtr":4,"time":"00:00","yrdln":"","team":"CAR"}},"crntdrv":22},"scrsummary":{"438":{"type":"TD","desc":"E.Graham 14 yd. pass from J.Freeman (C.Barth kick is good) Drive: 8 plays, 54 yards in 3:59","qtr":1,"team":"TB","players":{"":"0","J.Freeman":"00-0026993","E.Graham":"00-0021755","C.Barth":"00-0026138"}},"1022":{"type":"TD","desc":"S.Smith 37 yd. pass from M.Moore (J.Kasay kick is good) Drive: 6 plays, 88 yards in 2:36","qtr":2,"team":"CAR","players":{"":"0","M.Moore":"00-0025708","S.Smith":"00-0020337","J.Kasay":"00-0009028"}},"1244":{"type":"TD","desc":"M.Williams 35 yd. pass from J.Freeman (C.Barth kick is good) Drive: 8 plays, 80 yards in 4:00","qtr":2,"team":"TB","players":{"":"0","J.Freeman":"00-0026993","M.Williams":"00-0027702","C.Barth":"00-0026138"}},"2105":{"type":"FG","desc":"C.Barth 24 yd. Field Goal Drive: 7 plays, 19 yards in 3:09","qtr":3,"team":"TB","players":{"C.Barth":"00-0026138"}},"2570":{"type":"FG","desc":"C.Barth 33 yd. Field Goal Drive: 10 plays, 50 yards in 4:51","qtr":4,"team":"TB","players":{"C.Barth":"00-0026138"}}},"weather":null,"media":null,"yl":"","qtr":"Final","note":null,"down":0,"togo":0,"redzone":true,"clock":"00:22","posteam":"CAR","stadium":null},"nextupdate":275}