{"2010101711":{"home":{"score":{"1":7,"2":0,"3":14,"4":3,"5":0,"T":24},"abbr":"MIN","to":2,"stats":{"passing":{"00-0005106":{"name":"B.Favre","att":19,"cmp":14,"yds":118,"tds":1,"ints":0,"twopta":0,"twoptm":0}},"rushing":{"00-0025394":{"name":"A.Peterson","att":24,"yds":73,"tds":1,"lng":15,"lngtd":1,"twopta":0,"twoptm":0},"00-0026998":{"name":"P.Harvin","att":2,"yds":18,"tds":0,"lng":11,"lngtd":0,"twopta":0,"twoptm":0},"00-0027888":{"name":"T.Gerhart","att":1,"yds":4,"tds":0,"lng":4,"lngtd":0,"twopta":0,"twoptm":0},"00-0005106":{"name":"B.Favre","att":1,"yds":0,"tds":0,"lng":0,"lngtd":0,"twopta":0,"twoptm":0}},"receiving":{"00-0011754":{"name":"R.Moss","rec":5,"yds":55,"tds":0,"lng":18,"lngtd":0,"twopta":0,"twoptm":0},"00-0026998":{"name":"P.Harvin","rec":3,"yds":21,"tds":0,"lng":10,"lngtd":0,"twopta":0,"twoptm":0},"00-0009323":{"name":"J.Kleinsasser","rec":2,"yds":25,"tds":0,"lng":20,"lngtd":0,"twopta":0,"twoptm":0},"00-0023408":{"name":"G.Camarillo","rec":2,"yds":15,"tds":1,"lng":10,"lngtd":10,"twopta":0,"twoptm":0},"00-0022807":{"name":"B.Berrian","rec":1,"yds":4,"tds":0,"lng":4,"lngtd":0,"twopta":0,"twoptm":0},"00-0025394":{"name":"A.Peterson","rec":1,"yds":-2,"tds":0,"lng":-2,"lngtd":0,"twopta":0,"twoptm":0}},"fumbles":{"00-0005106":{"name":"B.Favre","tot":1,"rcv":0,"trcv":0,"yds":-3,"lost":1}},"kicking":{"00-0010072":{"name":"R.Longwell","fgm":1,"fga":1,"fgyds":38,"totpfg":3,"xpmade":3,"xpmissed":0,"xpa":3,"xpb":0,"xptot":3}},"punting":{"00-0023060":{"name":"C.Kluwe","pts":5,"yds":212,"avg":42,"i20":4,"lng":53}},"kickret":{"00-0026998":{"name":"P.Harvin","ret":3,"avg":44,"tds":1,"lng":95,"lngtd":0}},"puntret":{"00-0023408":{"name":"G.Camarillo","ret":4,"avg":6,"tds":0,"lng":10,"lngtd":0}},"defense":{"00-0024232":{"name":"C.Greenway","tkl":8,"ast":4,"sk":0,"int":0,"ffum":0},"00-0018093":{"name":"A.Winfield","tkl":8,"ast":2,"sk":0,"int":0,"ffum":0},"00-0022081":{"name":"E.Henderson","tkl":4,"ast":5,"sk":0,"int":2,"ffum":0},"00-0021197":{"name":"B.Leber","tkl":5,"ast":2,"sk":0,"int":0,"ffum":0},"00-0022842":{"name":"M.Williams","tkl":4,"ast":1,"sk":0,"int":0,"ffum":0},"00-0022073":{"name":"K.Williams","tkl":3,"ast":1,"sk":0,"int":0,"ffum":0},"00-0025940":{"name":"H.Abdullah","tkl":3,"ast":0,"sk":0,"int":0,"ffum":0},"00-0027058":{"name":"A.Allen","tkl":2,"ast":1,"sk":0,"int":0,"ffum":0},"00-0026952":{"name":"J.Sanford","tkl":2,"ast":0,"sk":0,"int":0,"ffum":0},"00-0017899":{"name":"P.Williams","tkl":1,"ast":0,"sk":0,"int":0,"ffum":0},"00-0026292":{"name":"L.Guion","tkl":1,"ast":0,"sk":0,"int":0,"ffum":0},"00-0024426":{"name":"F.Evans","tkl":1,"ast":0,"sk":0,"int":0,"ffum":0},"00-0022740":{"name":"J.Allen","tkl":0,"ast":1,"sk":0,"int":0,"ffum":0},"00-0024342":{"name":"R.Edwards","tkl":0,"ast":1,"sk":0,"int":0,"ffum":0}},"team":{"totfd":14,"totyds":188,"pyds":93,"ryds":95,"pen":5,"penyds":45,"trnovr":1,"pt":5,"ptyds":212,"ptavg":42,"top":"27:50"}},"players":null},"away":{"score":{"1":7,"2":7,"3":0,"4":7,"5":0,"T":21},"abbr":"DAL","to":0,"stats":{"passing":{"00-0021678":{"name":"T.Romo","att":32,"cmp":24,"yds":220,"tds":3,"ints":2,"twopta":0,"twoptm":0}},"rushing":{"00-0026162":{"name":"F.Jones","att":14,"yds":32,"tds":0,"lng":6,"lngtd":0,"twopta":0,"twoptm":0},"00-0023544":{"name":"M.Barber","att":10,"yds":31,"tds":0,"lng":6,"lngtd":0,"twopta":0,"twoptm":0},"00-0021678":{"name":"T.Romo","att":3,"yds":31,"tds":0,"lng":14,"lngtd":0,"twopta":0,"twoptm":0},"00-0027419":{"name":"C.Gronkowski","att":1,"yds":0,"tds":0,"lng":0,"lngtd":0,"twopta":0,"twoptm":0}},"receiving":{"00-0026162":{"name":"F.Jones","rec":10,"yds":61,"tds":0,"lng":14,"lngtd":0,"twopta":0,"twoptm":0},"00-0022127":{"name":"J.Witten","rec":3,"yds":52,"tds":0,"lng":30,"lngtd":0,"twopta":0,"twoptm":0},"00-0022909":{"name":"R.Williams","rec":3,"yds":28,"tds":2,"lng":19,"lngtd":15,"twopta":0,"twoptm":0},"00-0023544":{"name":"M.Barber","rec":3,"yds":15,"tds":0,"lng":14,"lngtd":0,"twopta":0,"twoptm":0},"00-0023921":{"name":"M.Austin","rec":2,"yds":12,"tds":0,"lng":8,"lngtd":0,"twopta":0,"twoptm":0},"00-0027419":{"name":"C.Gronkowski","rec":2,"yds":10,"tds":0,"lng":7,"lngtd":0,"twopta":0,"twoptm":0},"00-0027902":{"name":"D.Bryant","rec":1,"yds":31,"tds":1,"lng":31,"lngtd":31,"twopta":0,"twoptm":0},"00-0021678":{"name":"T.Romo","rec":0,"yds":11,"tds":0,"lng":11,"lngtd":0,"twopta":0,"twoptm":0}},"fumbles":{"00-0022137":{"name":"B.James","tot":0,"rcv":0,"trcv":1,"yds":0,"lost":0}},"kicking":{"00-0027119":{"name":"D.Buehler","fgm":0,"fga":0,"fgyds":0,"totpfg":0,"xpmade":3,"xpmissed":0,"xpa":3,"xpb":0,"xptot":3}},"punting":{"00-0021488":{"name":"M.McBriar","pts":5,"yds":244,"avg":44,"i20":0,"lng":60}},"kickret":{"00-0027726":{"name":"A.Owusu-Ansah","ret":4,"avg":17,"tds":0,"lng":24,"lngtd":0},"00-0027419":{"name":"C.Gronkowski","ret":1,"avg":10,"tds":0,"lng":10,"lngtd":0}},"puntret":{"00-0027902":{"name":"D.Bryant","ret":2,"avg":1,"tds":0,"lng":3,"lngtd":0}},"defense":{"00-0022137":{"name":"B.James","tkl":9,"ast":1,"sk":0,"int":0,"ffum":0},"00-0023590":{"name":"G.Sensabaugh","tkl":7,"ast":0,"sk":1,"int":0,"ffum":0},"00-0026165":{"name":"M.Jenkins","tkl":5,"ast":0,"sk":0,"int":0,"ffum":0},"00-0023445":{"name":"D.Ware","tkl":4,"ast":1,"sk":1,"int":0,"ffum":0},"00-0001820":{"name":"K.Brooking","tkl":3,"ast":2,"sk":0,"int":0,"ffum":0},"00-0022045":{"name":"T.Newman","tkl":3,"ast":0,"sk":0,"int":0,"ffum":0},"00-0022915":{"name":"I.Olshansky","tkl":2,"ast":1,"sk":0,"int":0,"ffum":0},"00-0026283":{"name":"O.Scandrick","tkl":2,"ast":1,"sk":0,"int":0,"ffum":0},"00-0023656":{"name":"J.Ratliff","tkl":1,"ast":2,"sk":1,"int":0,"ffum":0},"00-0025413":{"name":"A.Spencer","tkl":2,"ast":0,"sk":0,"int":0,"ffum":0},"00-0023455":{"name":"M.Spears","tkl":1,"ast":1,"sk":0,"int":0,"ffum":0},"00-0023954":{"name":"S.Bowen","tkl":1,"ast":1,"sk":0,"int":0,"ffum":0},"00-0025624":{"name":"A.Ball","tkl":1,"ast":0,"sk":0,"int":0,"ffum":0},"00-0027852":{"name":"J. Brent","tkl":0,"ast":1,"sk":0,"int":0,"ffum":0}},"team":{"totfd":16,"totyds":314,"pyds":220,"ryds":94,"pen":11,"penyds":91,"trnovr":2,"pt":5,"ptyds":244,"ptavg":44,"top":"32:10"}},"players":null},"drives":{"1":{"posteam":"DAL","qtr":1,"redzone":true,"plays":{"44":{"sp":0,"qtr":1,"down":0,"time":"15:00","yrdln":"MIN 30","ydstogo":0,"ydsnet":0,"posteam":"MIN","desc":"R.Longwell kicks 64 yards from MIN 30 to DAL 6. A.Owusu-Ansah to DAL 19 for 13 yards (J.Brinkley).","note":"KICKOFF","players":{"00-0010072":[{"sequence":3,"clubcode":"MIN","playerName":"R.Longwell","statId":42,"yards":0},{"sequence":4,"clubcode":"MIN","playerName":"R.Longwell","statId":41,"yards":64}],"00-0027108":[{"sequence":2,"clubcode":"MIN","playerName":"J.Brinkley","statId":79,"yards":0}],"00-0027726":[{"sequence":1,"clubcode":"DAL","playerName":"A.Owusu-Ansah","statId":45,"yards":13}]}},"67":{"sp":0,"qtr":1,"down":1,"time":"14:56","yrdln":"DAL 19","ydstogo":10,"ydsnet":6,"posteam":"DAL","desc":"(14:56) M.Barber left tackle to DAL 25 for 6 yards (B.Leber, E.Henderson).","note":null,"players":{"00-0021197":[{"sequence":3,"clubcode":"MIN","playerName":"B.Leber","statId":80,"yards":0}],"00-0022081":[{"sequence":2,"clubcode":"MIN","playerName":"E.Henderson","statId":82,"yards":0}],"00-0023544":[{"sequence":1,"clubcode":"DAL","playerName":"M.Barber","statId":10,"yards":6}]}},"89":{"sp":0,"qtr":1,"down":2,"time":"14:21","yrdln":"DAL 25","ydstogo":4,"ydsnet":9,"posteam":"DAL","desc":"(14:21) M.Barber left tackle to DAL 28 for 3 yards (H.Abdullah).","note":null,"players":{"00-0025940":[{"sequence":2,"clubcode":"MIN","playerName":"H.Abdullah","statId":79,"yards":0}],"00-0023544":[{"sequence":1,"clubcode":"DAL","playerName":"M.Barber","statId":10,"yards":3}]}},"111":{"sp":0,"qtr":1,"down":3,"time":"13:44","yrdln":"DAL 28","ydstogo":1,"ydsnet":11,"posteam":"DAL","desc":"(13:44) M.Barber up the middle to DAL 30 for 2 yards (B.Leber).","note":null,"players":{"00-0021197":[{"sequence":1,"clubcode":"MIN","playerName":"B.Leber","statId":79,"yards":0}],"00-0023544":[{"sequence":3,"clubcode":"DAL","playerName":"M.Barber","statId":10,"yards":2}],"0":[{"sequence":2,"clubcode":"DAL","playerName":null,"statId":6,"yards":0},{"sequence":4,"clubcode":"DAL","playerName":null,"statId":3,"yards":0}]}},"133":{"sp":0,"qtr":1,"down":1,"time":"13:12","yrdln":"DAL 30","ydstogo":10,"ydsnet":11,"posteam":"DAL","desc":"(13:12) T.Romo pass incomplete short right to M.Austin (C.Greenway).","note":null,"players":{"00-0024232":[{"sequence":3,"clubcode":"MIN","playerName":"C.Greenway","statId":85,"yards":0}],"00-0023921":[{"sequence":1,"clubcode":"DAL","playerName":"M.Austin","statId":115,"yards":0}],"00-0021678":[{"sequence":2,"clubcode":"DAL","playerName":"T.Romo","statId":112,"yards":8},{"sequence":4,"clubcode":"DAL","playerName":"T.Romo","statId":14,"yards":0}]}},"156":{"sp":0,"qtr":1,"down":2,"time":"13:08","yrdln":"DAL 30","ydstogo":10,"ydsnet":11,"posteam":"DAL","desc":"(13:08) T.Romo pass incomplete deep right to M.Austin [P.Williams].","note":null,"players":{"00-0017899":[{"sequence":3,"clubcode":"MIN","playerName":"P.Williams","statId":110,"yards":0}],"00-0023921":[{"sequence":2,"clubcode":"DAL","playerName":"M.Austin","statId":115,"yards":0}],"00-0021678":[{"sequence":1,"clubcode":"DAL","playerName":"T.Romo","statId":14,"yards":0},{"sequence":4,"clubcode":"DAL","playerName":"T.Romo","statId":112,"yards":35}]}},"179":{"sp":0,"qtr":1,"down":3,"time":"13:01","yrdln":"DAL 30","ydstogo":10,"ydsnet":15,"posteam":"DAL","desc":"(13:01) (Shotgun) T.Romo pass short left to M.Austin to DAL 34 for 4 yards (A.Winfield).","note":null,"players":{"0":[{"sequence":5,"clubcode":"DAL","playerName":null,"statId":7,"yards":0}],"00-0018093":[{"sequence":7,"clubcode":"MIN","playerName":"A.Winfield","statId":79,"yards":0}],"00-0023921":[{"sequence":1,"clubcode":"DAL","playerName":"M.Austin","statId":21,"yards":4},{"sequence":2,"clubcode":"DAL","playerName":"M.Austin","statId":113,"yards":4},{"sequence":6,"clubcode":"DAL","playerName":"M.Austin","statId":115,"yards":0}],"00-0021678":[{"sequence":3,"clubcode":"DAL","playerName":"T.Romo","statId":15,"yards":4},{"sequence":4,"clubcode":"DAL","playerName":"T.Romo","statId":111,"yards":0}]}},"204":{"sp":0,"qtr":1,"down":4,"time":"12:31","yrdln":"DAL 34","ydstogo":6,"ydsnet":15,"posteam":"DAL","desc":"(12:31) M.McBriar punts 37 yards to MIN 29, Center-L.Ladouceur, out of bounds.","note":"PUNT","players":{"00-0021488":[{"sequence":1,"clubcode":"DAL","playerName":"M.McBriar","statId":29,"yards":37}],"0":[{"sequence":2,"clubcode":"MIN","playerName":null,"statId":37,"yards":0}]}}},"fds":1,"result":"Punt","penyds":0,"ydsgained":15,"numplays":8,"postime":"2:34","start":{"qtr":1,"time":"15:00","yrdln":"DAL 19","team":"DAL"},"end":{"qtr":1,"time":"12:26","yrdln":"DAL 34","team":"DAL"}},"2":{"posteam":"MIN","qtr":1,"redzone":true,"plays":{"223":{"sp":0,"qtr":1,"down":1,"time":"12:26","yrdln":"MIN 29","ydstogo":10,"ydsnet":9,"posteam":"MIN","desc":"(12:26) B.Favre pass short left to P.Harvin to MIN 38 for 9 yards (B.James) [J.Ratliff].","note":null,"players":{"00-0005106":[{"sequence":3,"clubcode":"MIN","playerName":"B.Favre","statId":111,"yards":9},{"sequence":4,"clubcode":"MIN","playerName":"B.Favre","statId":15,"yards":9}],"00-0023656":[{"sequence":2,"clubcode":"DAL","playerName":"J.Ratliff","statId":110,"yards":0}],"00-0022137":[{"sequence":6,"clubcode":"DAL","playerName":"B.James","statId":79,"yards":0}],"00-0026998":[{"sequence":1,"clubcode":"MIN","playerName":"P.Harvin","statId":21,"yards":9},{"sequence":5,"clubcode":"MIN","playerName":"P.Harvin","statId":115,"yards":0},{"sequence":7,"clubcode":"MIN","playerName":"P.Harvin","statId":113,"yards":0}]}},"248":{"sp":0,"qtr":1,"down":2,"time":"11:52","yrdln":"MIN 38","ydstogo":1,"ydsnet":9,"posteam":"MIN","desc":"(11:52) B.Favre pass incomplete deep left to P.Harvin [K.Brooking].","note":null,"players":{"00-0005106":[{"sequence":1,"clubcode":"MIN","playerName":"B.Favre","statId":112,"yards":39},{"sequence":3,"clubcode":"MIN","playerName":"B.Favre","statId":14,"yards":0}],"00-0001820":[{"sequence":2,"clubcode":"DAL","playerName":"K.Brooking","statId":110,"yards":0}],"00-0026998":[{"sequence":4,"clubcode":"MIN","playerName":"P.Harvin","statId":115,"yards":0}]}},"271":{"sp":0,"qtr":1,"down":3,"time":"11:46","yrdln":"MIN 38","ydstogo":1,"ydsnet":11,"posteam":"MIN","desc":"(11:46) A.Peterson right guard to MIN 40 for 2 yards (G.Sensabaugh, M.Spears).","note":null,"players":{"00-0023590":[{"sequence":4,"clubcode":"DAL","playerName":"G.Sensabaugh","statId":80,"yards":0}],"00-0025394":[{"sequence":3,"clubcode":"MIN","playerName":"A.Peterson","statId":10,"yards":2}],"0":[{"sequence":1,"clubcode":"MIN","playerName":null,"statId":6,"yards":0},{"sequence":2,"clubcode":"MIN","playerName":null,"statId":3,"yards":0}],"00-0023455":[{"sequence":5,"clubcode":"DAL","playerName":"M.Spears","statId":82,"yards":0}]}},"294":{"sp":0,"qtr":1,"down":1,"time":"11:08","yrdln":"MIN 40","ydstogo":10,"ydsnet":9,"posteam":"MIN","desc":"(11:08) A.Peterson up the middle to MIN 38 for -2 yards (B.James).","note":null,"players":{"00-0025394":[{"sequence":4,"clubcode":"MIN","playerName":"A.Peterson","statId":10,"yards":-2}],"0":[{"sequence":2,"clubcode":"MIN","playerName":null,"statId":95,"yards":-2}],"00-0022137":[{"sequence":1,"clubcode":"DAL","playerName":"B.James","statId":120,"yards":0},{"sequence":3,"clubcode":"DAL","playerName":"B.James","statId":79,"yards":0}]}},"317":{"sp":0,"qtr":1,"down":2,"time":"10:24","yrdln":"MIN 38","ydstogo":12,"ydsnet":20,"posteam":"MIN","desc":"(10:24) B.Favre pass short middle to R.Moss to MIN 49 for 11 yards (M.Jenkins).","note":null,"players":{"00-0005106":[{"sequence":3,"clubcode":"MIN","playerName":"B.Favre","statId":111,"yards":11},{"sequence":6,"clubcode":"MIN","playerName":"B.Favre","statId":15,"yards":11}],"00-0026165":[{"sequence":1,"clubcode":"DAL","playerName":"M.Jenkins","statId":79,"yards":0}],"00-0011754":[{"sequence":2,"clubcode":"MIN","playerName":"R.Moss","statId":115,"yards":0},{"sequence":4,"clubcode":"MIN","playerName":"R.Moss","statId":113,"yards":0},{"sequence":5,"clubcode":"MIN","playerName":"R.Moss","statId":21,"yards":11}]}},"342":{"sp":0,"qtr":1,"down":3,"time":"09:49","yrdln":"MIN 49","ydstogo":1,"ydsnet":22,"posteam":"MIN","desc":"(9:49) A.Peterson left guard to DAL 49 for 2 yards (S.Bowen; B.James).","note":null,"players":{"00-0023954":[{"sequence":3,"clubcode":"DAL","playerName":"S.Bowen","statId":82,"yards":0}],"0":[{"sequence":2,"clubcode":"MIN","playerName":null,"statId":3,"yards":0},{"sequence":4,"clubcode":"MIN","playerName":null,"statId":6,"yards":0}],"00-0025394":[{"sequence":1,"clubcode":"MIN","playerName":"A.Peterson","statId":10,"yards":2}],"00-0022137":[{"sequence":5,"clubcode":"DAL","playerName":"B.James","statId":82,"yards":0}]}},"364":{"sp":0,"qtr":1,"down":1,"time":"09:14","yrdln":"DAL 49","ydstogo":10,"ydsnet":19,"posteam":"MIN","desc":"(9:14) B.Favre FUMBLES (Aborted) at MIN 48, RECOVERED by DAL-B.James at MIN 48. B.James to MIN 48 for no gain (A.Peterson).","note":"FUMBLE","players":{"00-0005106":[{"sequence":1,"clubcode":"MIN","playerName":"B.Favre","statId":10,"yards":0},{"sequence":2,"clubcode":"MIN","playerName":"B.Favre","statId":53,"yards":0},{"sequence":3,"clubcode":"MIN","playerName":"B.Favre","statId":57,"yards":-3},{"sequence":6,"clubcode":"MIN","playerName":"B.Favre","statId":106,"yards":0}],"00-0025394":[{"sequence":4,"clubcode":"MIN","playerName":"A.Peterson","statId":79,"yards":0}],"00-0022137":[{"sequence":5,"clubcode":"DAL","playerName":"B.James","statId":59,"yards":0}]}}},"fds":2,"result":"Fumble","penyds":0,"ydsgained":19,"numplays":7,"postime":"3:21","start":{"qtr":1,"time":"12:26","yrdln":"MIN 29","team":"MIN"},"end":{"qtr":1,"time":"09:05","yrdln":"DAL 49","team":"MIN"}},"3":{"posteam":"DAL","qtr":1,"redzone":true,"plays":{"402":{"sp":0,"qtr":1,"down":1,"time":"09:05","yrdln":"MIN 48","ydstogo":10,"ydsnet":2,"posteam":"DAL","desc":"(9:05) F.Jones up the middle to MIN 46 for 2 yards (A.Winfield).","note":null,"players":{"00-0026162":[{"sequence":2,"clubcode":"DAL","playerName":"F.Jones","statId":10,"yards":2}],"00-0018093":[{"sequence":1,"clubcode":"MIN","playerName":"A.Winfield","statId":79,"yards":0}]}},"425":{"sp":0,"qtr":1,"down":2,"time":"08:29","yrdln":"MIN 46","ydstogo":8,"ydsnet":14,"posteam":"DAL","desc":"(8:29) (Shotgun) T.Romo pass short right to F.Jones pushed ob at MIN 34 for 12 yards (H.Abdullah).","note":null,"players":{"00-0025940":[{"sequence":4,"clubcode":"MIN","playerName":"H.Abdullah","statId":79,"yards":0}],"00-0026162":[{"sequence":1,"clubcode":"DAL","playerName":"F.Jones","statId":115,"yards":0},{"sequence":2,"clubcode":"DAL","playerName":"F.Jones","statId":113,"yards":15},{"sequence":3,"clubcode":"DAL","playerName":"F.Jones","statId":21,"yards":12}],"0":[{"sequence":7,"clubcode":"DAL","playerName":null,"statId":4,"yards":0}],"00-0021678":[{"sequence":5,"clubcode":"DAL","playerName":"T.Romo","statId":15,"yards":12},{"sequence":6,"clubcode":"DAL","playerName":"T.Romo","statId":111,"yards":-3}]}},"450":{"sp":0,"qtr":1,"down":1,"time":"08:06","yrdln":"MIN 34","ydstogo":10,"ydsnet":11,"posteam":"DAL","desc":"(8:06) F.Jones left end to MIN 37 for -3 yards (C.Greenway).","note":null,"players":{"00-0026162":[{"sequence":4,"clubcode":"DAL","playerName":"F.Jones","statId":10,"yards":-3}],"0":[{"sequence":3,"clubcode":"DAL","playerName":null,"statId":95,"yards":-3}],"00-0024232":[{"sequence":1,"clubcode":"MIN","playerName":"C.Greenway","statId":79,"yards":0},{"sequence":2,"clubcode":"MIN","playerName":"C.Greenway","statId":120,"yards":0}]}},"472":{"sp":0,"qtr":1,"down":2,"time":"07:26","yrdln":"MIN 37","ydstogo":13,"ydsnet":23,"posteam":"DAL","desc":"(7:26) T.Romo scrambles up the middle to MIN 25 for 12 yards (A.Allen).","note":null,"players":{"00-0027058":[{"sequence":1,"clubcode":"MIN","playerName":"A.Allen","statId":79,"yards":0}],"00-0021678":[{"sequence":2,"clubcode":"DAL","playerName":"T.Romo","statId":10,"yards":12}]}},"494":{"sp":0,"qtr":1,"down":3,"time":"06:46","yrdln":"MIN 25","ydstogo":1,"ydsnet":29,"posteam":"DAL","desc":"(6:46) M.Barber left end to MIN 19 for 6 yards (C.Greenway).","note":null,"players":{"0":[{"sequence":2,"clubcode":"DAL","playerName":null,"statId":3,"yards":0},{"sequence":4,"clubcode":"DAL","playerName":null,"statId":6,"yards":0}],"00-0023544":[{"sequence":1,"clubcode":"DAL","playerName":"M.Barber","statId":10,"yards":6}],"00-0024232":[{"sequence":3,"clubcode":"MIN","playerName":"C.Greenway","statId":79,"yards":0}]}},"516":{"sp":0,"qtr":1,"down":1,"time":"06:15","yrdln":"MIN 19","ydstogo":10,"ydsnet":29,"posteam":"DAL","desc":"(6:15) T.Romo pass short right to M.Barber to MIN 19 for no gain (A.Winfield).","note":null,"players":{"00-0023544":[{"sequence":2,"clubcode":"DAL","playerName":"M.Barber","statId":115,"yards":0},{"sequence":4,"clubcode":"DAL","playerName":"M.Barber","statId":113,"yards":5},{"sequence":6,"clubcode":"DAL","playerName":"M.Barber","statId":21,"yards":0}],"00-0018093":[{"sequence":1,"clubcode":"MIN","playerName":"A.Winfield","statId":79,"yards":0}],"00-0021678":[{"sequence":3,"clubcode":"DAL","playerName":"T.Romo","statId":111,"yards":-5},{"sequence":5,"clubcode":"DAL","playerName":"T.Romo","statId":15,"yards":0}]}},"541":{"sp":0,"qtr":1,"down":2,"time":"05:38","yrdln":"MIN 19","ydstogo":10,"ydsnet":33,"posteam":"DAL","desc":"(5:38) F.Jones right guard to MIN 15 for 4 yards (C.Greenway).","note":null,"players":{"00-0026162":[{"sequence":2,"clubcode":"DAL","playerName":"F.Jones","statId":10,"yards":4}],"00-0024232":[{"sequence":1,"clubcode":"MIN","playerName":"C.Greenway","statId":79,"yards":0}]}},"563":{"sp":0,"qtr":1,"down":0,"time":"05:06","yrdln":"","ydstogo":0,"ydsnet":33,"posteam":"","desc":"Timeout #1 by MIN at 05:06.","note":"TIMEOUT","players":{"0":[{"sequence":1,"clubcode":"MIN","playerName":null,"statId":68,"yards":0}]}},"580":{"sp":1,"qtr":1,"down":3,"time":"05:06","yrdln":"MIN 15","ydstogo":6,"ydsnet":48,"posteam":"DAL","desc":"(5:06) (Shotgun) T.Romo pass short middle to R.Williams for 15 yards, TOUCHDOWN.","note":"TD","players":{"00-0022909":[{"sequence":1,"clubcode":"DAL","playerName":"R.Williams","statId":113,"yards":5},{"sequence":4,"clubcode":"DAL","playerName":"R.Williams","statId":22,"yards":15},{"sequence":5,"clubcode":"DAL","playerName":"R.Williams","statId":115,"yards":0}],"0":[{"sequence":6,"clubcode":"DAL","playerName":null,"statId":4,"yards":0},{"sequence":7,"clubcode":"DAL","playerName":null,"statId":6,"yards":0}],"00-0021678":[{"sequence":2,"clubcode":"DAL","playerName":"T.Romo","statId":111,"yards":10},{"sequence":3,"clubcode":"DAL","playerName":"T.Romo","statId":16,"yards":15}]}},"629":{"sp":1,"qtr":1,"down":0,"time":"05:02","yrdln":"MIN 2","ydstogo":0,"ydsnet":48,"posteam":"DAL","desc":"D.Buehler extra point is GOOD, Center-L.Ladouceur, Holder-M.McBriar. PENALTY on DAL-M.Austin, Unsportsmanlike Conduct, 15 yards, enforced between downs.","note":"XP","players":{"00-0027119":[{"sequence":1,"clubcode":"DAL","playerName":"D.Buehler","statId":72,"yards":0}],"00-0023921":[{"sequence":2,"clubcode":"DAL","playerName":"M.Austin","statId":93,"yards":15}]}}},"fds":3,"result":"Touchdown","penyds":0,"ydsgained":48,"numplays":10,"postime":"4:03","start":{"qtr":1,"time":"09:05","yrdln":"MIN 48","team":"DAL"},"end":{"qtr":1,"time":"05:02","yrdln":"MIN 15","team":"DAL"}},"4":{"posteam":"MIN","qtr":1,"redzone":true,"plays":{"657":{"sp":0,"qtr":1,"down":0,"time":"05:02","yrdln":"DAL 15","ydstogo":0,"ydsnet":-4,"posteam":"DAL","desc":"D.Buehler kicks 23 yards from DAL 15 to DAL 38, out of bounds.","note":"KICKOFF","players":{"00-0027119":[{"sequence":2,"clubcode":"DAL","playerName":"D.Buehler","statId":41,"yards":23}],"0":[{"sequence":1,"clubcode":"MIN","playerName":null,"statId":49,"yards":0}]}},"684":{"sp":0,"qtr":1,"down":1,"time":"05:02","yrdln":"DAL 45","ydstogo":10,"ydsnet":-4,"posteam":"MIN","desc":"(5:02) A.Peterson left guard to DAL 45 for no gain (B.James).","note":null,"players":{"00-0025394":[{"sequence":1,"clubcode":"MIN","playerName":"A.Peterson","statId":10,"yards":0}],"00-0022137":[{"sequence":2,"clubcode":"DAL","playerName":"B.James","statId":79,"yards":0}]}},"706":{"sp":0,"qtr":1,"down":2,"time":"04:18","yrdln":"DAL 45","ydstogo":10,"ydsnet":5,"posteam":"MIN","desc":"(4:18) (Shotgun) B.Favre pass short middle to J.Kleinsasser to DAL 40 for 5 yards (O.Scandrick).","note":null,"players":{"00-0009323":[{"sequence":2,"clubcode":"MIN","playerName":"J.Kleinsasser","statId":115,"yards":0},{"sequence":3,"clubcode":"MIN","playerName":"J.Kleinsasser","statId":21,"yards":5},{"sequence":5,"clubcode":"MIN","playerName":"J.Kleinsasser","statId":113,"yards":0}],"00-0005106":[{"sequence":1,"clubcode":"MIN","playerName":"B.Favre","statId":15,"yards":5},{"sequence":4,"clubcode":"MIN","playerName":"B.Favre","statId":111,"yards":5}],"00-0026283":[{"sequence":6,"clubcode":"DAL","playerName":"O.Scandrick","statId":79,"yards":0}]}},"731":{"sp":0,"qtr":1,"down":3,"time":"03:34","yrdln":"DAL 40","ydstogo":5,"ydsnet":-4,"posteam":"MIN","desc":"(3:34) (Shotgun) B.Favre sacked at DAL 49 for -9 yards (G.Sensabaugh).","note":null,"players":{"00-0023590":[{"sequence":1,"clubcode":"DAL","playerName":"G.Sensabaugh","statId":79,"yards":0},{"sequence":3,"clubcode":"DAL","playerName":"G.Sensabaugh","statId":110,"yards":0},{"sequence":5,"clubcode":"DAL","playerName":"G.Sensabaugh","statId":120,"yards":0},{"sequence":6,"clubcode":"DAL","playerName":"G.Sensabaugh","statId":83,"yards":-9}],"00-0005106":[{"sequence":4,"clubcode":"MIN","playerName":"B.Favre","statId":20,"yards":-9}],"0":[{"sequence":2,"clubcode":"MIN","playerName":null,"statId":7,"yards":0}]}},"751":{"sp":0,"qtr":1,"down":4,"time":"02:59","yrdln":"DAL 49","ydstogo":14,"ydsnet":-4,"posteam":"MIN","desc":"(2:59) C.Kluwe punts 33 yards to DAL 16, Center-C.Loeffler, fair catch by A.Owusu-Ansah.","note":"PUNT","players":{"00-0023060":[{"sequence":2,"clubcode":"MIN","playerName":"C.Kluwe","statId":29,"yards":33},{"sequence":3,"clubcode":"MIN","playerName":"C.Kluwe","statId":30,"yards":0}],"00-0027726":[{"sequence":1,"clubcode":"DAL","playerName":"A.Owusu-Ansah","statId":39,"yards":0}]}}},"fds":0,"result":"Punt","penyds":0,"ydsgained":-4,"numplays":5,"postime":"2:10","start":{"qtr":1,"time":"05:02","yrdln":"DAL 45","team":"MIN"},"end":{"qtr":1,"time":"02:52","yrdln":"DAL 49","team":"MIN"}},"5":{"posteam":"DAL","qtr":1,"redzone":true,"plays":{"771":{"sp":0,"qtr":1,"down":1,"time":"02:52","yrdln":"DAL 16","ydstogo":10,"ydsnet":1,"posteam":"DAL","desc":"(2:52) F.Jones left tackle to DAL 17 for 1 yard (H.Abdullah).","note":null,"players":{"00-0025940":[{"sequence":2,"clubcode":"MIN","playerName":"H.Abdullah","statId":79,"yards":0}],"00-0026162":[{"sequence":1,"clubcode":"DAL","playerName":"F.Jones","statId":10,"yards":1}]}},"794":{"sp":0,"qtr":1,"down":2,"time":"02:18","yrdln":"DAL 17","ydstogo":9,"ydsnet":7,"posteam":"DAL","desc":"(2:18) T.Romo pass short right to F.Jones to DAL 23 for 6 yards (A.Winfield, B.Leber).","note":null,"players":{"00-0021197":[{"sequence":1,"clubcode":"MIN","playerName":"B.Leber","statId":82,"yards":0}],"00-0026162":[{"sequence":5,"clubcode":"DAL","playerName":"F.Jones","statId":113,"yards":13},{"sequence":6,"clubcode":"DAL","playerName":"F.Jones","statId":115,"yards":0},{"sequence":7,"clubcode":"DAL","playerName":"F.Jones","statId":21,"yards":6}],"00-0018093":[{"sequence":3,"clubcode":"MIN","playerName":"A.Winfield","statId":80,"yards":0}],"00-0021678":[{"sequence":2,"clubcode":"DAL","playerName":"T.Romo","statId":111,"yards":-7},{"sequence":4,"clubcode":"DAL","playerName":"T.Romo","statId":15,"yards":6}]}},"819":{"sp":0,"qtr":1,"down":3,"time":"01:34","yrdln":"DAL 23","ydstogo":3,"ydsnet":7,"posteam":"DAL","desc":"(1:34) (Shotgun) T.Romo pass short middle intended for J.Witten INTERCEPTED by E.Henderson [J.Allen] at DAL 26. E.Henderson to DAL 16 for 10 yards (M.Colombo).","note":"INT","players":{"00-0022081":[{"sequence":3,"clubcode":"MIN","playerName":"E.Henderson","statId":85,"yards":0},{"sequence":7,"clubcode":"MIN","playerName":"E.Henderson","statId":25,"yards":10}],"00-0021160":[{"sequence":1,"clubcode":"DAL","playerName":"M.Colombo","statId":79,"yards":0}],"0":[{"sequence":6,"clubcode":"DAL","playerName":null,"statId":7,"yards":0}],"00-0022127":[{"sequence":5,"clubcode":"DAL","playerName":"J.Witten","statId":115,"yards":0}],"00-0022740":[{"sequence":2,"clubcode":"MIN","playerName":"J.Allen","statId":110,"yards":0}],"00-0021678":[{"sequence":4,"clubcode":"DAL","playerName":"T.Romo","statId":112,"yards":3},{"sequence":8,"clubcode":"DAL","playerName":"T.Romo","statId":19,"yards":0}]}}},"fds":0,"result":"Interception","penyds":0,"ydsgained":7,"numplays":3,"postime":"1:27","start":{"qtr":1,"time":"02:52","yrdln":"DAL 16","team":"DAL"},"end":{"qtr":1,"time":"01:25","yrdln":"DAL 23","team":"DAL"}},"6":{"posteam":"MIN","qtr":1,"redzone":true,"plays":{"846":{"sp":0,"qtr":1,"down":1,"time":"01:25","yrdln":"DAL 16","ydstogo":10,"ydsnet":-5,"posteam":"MIN","desc":"(1:25) (Shotgun) PENALTY on MIN-P.Loadholt, False Start, 5 yards, enforced at DAL 16 - No Play.","note":"PENALTY","players":{"00-0027030":[{"sequence":1,"clubcode":"MIN","playerName":"P.Loadholt","statId":93,"yards":5}]}},"870":{"sp":0,"qtr":1,"down":1,"time":"01:25","yrdln":"DAL 21","ydstogo":15,"ydsnet":-4,"posteam":"MIN","desc":"(1:25) A.Peterson up the middle to DAL 20 for 1 yard (B.James).","note":null,"players":{"00-0025394":[{"sequence":1,"clubcode":"MIN","playerName":"A.Peterson","statId":10,"yards":1}],"00-0022137":[{"sequence":2,"clubcode":"DAL","playerName":"B.James","statId":79,"yards":0}]}},"893":{"sp":0,"qtr":1,"down":2,"time":"00:45","yrdln":"DAL 20","ydstogo":14,"ydsnet":6,"posteam":"MIN","desc":"(:45) B.Favre pass short right to P.Harvin to DAL 10 for 10 yards (G.Sensabaugh).","note":null,"players":{"00-0023590":[{"sequence":6,"clubcode":"DAL","playerName":"G.Sensabaugh","statId":79,"yards":0}],"00-0005106":[{"sequence":3,"clubcode":"MIN","playerName":"B.Favre","statId":111,"yards":3},{"sequence":4,"clubcode":"MIN","playerName":"B.Favre","statId":15,"yards":10}],"00-0026998":[{"sequence":1,"clubcode":"MIN","playerName":"P.Harvin","statId":113,"yards":7},{"sequence":2,"clubcode":"MIN","playerName":"P.Harvin","statId":115,"yards":0},{"sequence":5,"clubcode":"MIN","playerName":"P.Harvin","statId":21,"yards":10}]}},"918":{"sp":1,"qtr":1,"down":3,"time":"00:02","yrdln":"DAL 10","ydstogo":4,"ydsnet":16,"posteam":"MIN","desc":"(:02) (Shotgun) B.Favre pass short right to G.Camarillo for 10 yards, TOUCHDOWN.","note":"TD","players":{"00-0005106":[{"sequence":6,"clubcode":"MIN","playerName":"B.Favre","statId":16,"yards":10},{"sequence":7,"clubcode":"MIN","playerName":"B.Favre","statId":111,"yards":7}],"0":[{"sequence":1,"clubcode":"MIN","playerName":null,"statId":6,"yards":0},{"sequence":4,"clubcode":"MIN","playerName":null,"statId":4,"yards":0}],"00-0023408":[{"sequence":2,"clubcode":"MIN","playerName":"G.Camarillo","statId":115,"yards":0},{"sequence":3,"clubcode":"MIN","playerName":"G.Camarillo","statId":22,"yards":10},{"sequence":5,"clubcode":"MIN","playerName":"G.Camarillo","statId":113,"yards":3}]}},"939":{"sp":1,"qtr":1,"down":0,"time":"00:00","yrdln":"DAL 2","ydstogo":0,"ydsnet":16,"posteam":"MIN","desc":"R.Longwell extra point is GOOD, Center-C.Loeffler, Holder-C.Kluwe.","note":"XP","players":{"00-0010072":[{"sequence":1,"clubcode":"MIN","playerName":"R.Longwell","statId":72,"yards":0}]}}},"fds":1,"result":"Touchdown","penyds":-5,"ydsgained":21,"numplays":5,"postime":"1:25","start":{"qtr":1,"time":"01:25","yrdln":"DAL 16","team":"MIN"},"end":{"qtr":1,"time":"00:00","yrdln":"DAL 10","team":"MIN"}},"7":{"posteam":"DAL","qtr":2,"redzone":true,"plays":{"971":{"sp":0,"qtr":2,"down":0,"time":"15:00","yrdln":"MIN 30","ydstogo":0,"ydsnet":0,"posteam":"MIN","desc":"R.Longwell kicks 59 yards from MIN 30 to DAL 11. C.Gronkowski to DAL 21 for 10 yards (Erin.Henderson).","note":"KICKOFF","players":{"00-0010072":[{"sequence":1,"clubcode":"MIN","playerName":"R.Longwell","statId":41,"yards":59}],"00-0027419":[{"sequence":2,"clubcode":"DAL","playerName":"C.Gronkowski","statId":45,"yards":10}],"00-0025945":[{"sequence":3,"clubcode":"MIN","playerName":"Erin.Henderson","statId":79,"yards":0}]}},"994":{"sp":0,"qtr":2,"down":1,"time":"14:56","yrdln":"DAL 21","ydstogo":10,"ydsnet":7,"posteam":"DAL","desc":"(14:56) T.Romo pass short right to F.Jones to DAL 28 for 7 yards (A.Winfield) [R.Edwards].","note":null,"players":{"00-0026162":[{"sequence":3,"clubcode":"DAL","playerName":"F.Jones","statId":113,"yards":13},{"sequence":4,"clubcode":"DAL","playerName":"F.Jones","statId":21,"yards":7},{"sequence":5,"clubcode":"DAL","playerName":"F.Jones","statId":115,"yards":0}],"00-0024342":[{"sequence":6,"clubcode":"MIN","playerName":"R.Edwards","statId":110,"yards":0}],"00-0018093":[{"sequence":2,"clubcode":"MIN","playerName":"A.Winfield","statId":79,"yards":0}],"00-0021678":[{"sequence":1,"clubcode":"DAL","playerName":"T.Romo","statId":111,"yards":-6},{"sequence":7,"clubcode":"DAL","playerName":"T.Romo","statId":15,"yards":7}]}},"1019":{"sp":0,"qtr":2,"down":2,"time":"14:20","yrdln":"DAL 28","ydstogo":3,"ydsnet":9,"posteam":"DAL","desc":"(14:20) F.Jones up the middle to DAL 30 for 2 yards (P.Williams).","note":null,"players":{"00-0026162":[{"sequence":1,"clubcode":"DAL","playerName":"F.Jones","statId":10,"yards":2}],"00-0017899":[{"sequence":2,"clubcode":"MIN","playerName":"P.Williams","statId":79,"yards":0}]}},"1041":{"sp":0,"qtr":2,"down":3,"time":"13:43","yrdln":"DAL 30","ydstogo":1,"ydsnet":11,"posteam":"DAL","desc":"(13:43) M.Barber up the middle to DAL 32 for 2 yards (C.Greenway; E.Henderson).","note":null,"players":{"00-0022081":[{"sequence":1,"clubcode":"MIN","playerName":"E.Henderson","statId":82,"yards":0}],"00-0023544":[{"sequence":3,"clubcode":"DAL","playerName":"M.Barber","statId":10,"yards":2}],"0":[{"sequence":2,"clubcode":"DAL","playerName":null,"statId":3,"yards":0},{"sequence":4,"clubcode":"DAL","playerName":null,"statId":6,"yards":0}],"00-0024232":[{"sequence":5,"clubcode":"MIN","playerName":"C.Greenway","statId":82,"yards":0}]}},"1063":{"sp":0,"qtr":2,"down":1,"time":"13:06","yrdln":"DAL 32","ydstogo":10,"ydsnet":1,"posteam":"DAL","desc":"(13:06) T.Romo pass deep middle to M.Austin for 68 yards, TOUCHDOWN NULLIFIED by Penalty. PENALTY on DAL-M.Austin, Offensive Pass Interference, 10 yards, enforced at DAL 32 - No Play.","note":"PENALTY","players":{"00-0023921":[{"sequence":1,"clubcode":"DAL","playerName":"M.Austin","statId":93,"yards":10}]}},"1096":{"sp":0,"qtr":2,"down":1,"time":"12:55","yrdln":"DAL 22","ydstogo":20,"ydsnet":3,"posteam":"DAL","desc":"(12:55) T.Romo pass short left to F.Jones to DAL 24 for 2 yards (A.Allen) [J.Allen].","note":null,"players":{"00-0026162":[{"sequence":5,"clubcode":"DAL","playerName":"F.Jones","statId":115,"yards":0},{"sequence":6,"clubcode":"DAL","playerName":"F.Jones","statId":113,"yards":7},{"sequence":7,"clubcode":"DAL","playerName":"F.Jones","statId":21,"yards":2}],"00-0027058":[{"sequence":1,"clubcode":"MIN","playerName":"A.Allen","statId":79,"yards":0}],"00-0022740":[{"sequence":4,"clubcode":"MIN","playerName":"J.Allen","statId":110,"yards":0}],"00-0021678":[{"sequence":2,"clubcode":"DAL","playerName":"T.Romo","statId":111,"yards":-5},{"sequence":3,"clubcode":"DAL","playerName":"T.Romo","statId":15,"yards":2}]}},"1121":{"sp":0,"qtr":2,"down":2,"time":"12:15","yrdln":"DAL 24","ydstogo":18,"ydsnet":9,"posteam":"DAL","desc":"(12:15) (Shotgun) F.Jones up the middle to DAL 30 for 6 yards (F.Evans, J.Allen).","note":null,"players":{"00-0026162":[{"sequence":2,"clubcode":"DAL","playerName":"F.Jones","statId":10,"yards":6}],"00-0022740":[{"sequence":3,"clubcode":"MIN","playerName":"J.Allen","statId":82,"yards":0}],"00-0024426":[{"sequence":1,"clubcode":"MIN","playerName":"F.Evans","statId":80,"yards":0}]}},"1143":{"sp":0,"qtr":2,"down":3,"time":"12:15","yrdln":"DAL 30","ydstogo":12,"ydsnet":4,"posteam":"DAL","desc":"(12:15) PENALTY on DAL, Illegal Substitution, 5 yards, enforced at DAL 30 - No Play.","note":"PENALTY","players":{"0":[{"sequence":1,"clubcode":"DAL","playerName":null,"statId":93,"yards":5}]}},"1167":{"sp":0,"qtr":2,"down":3,"time":"11:25","yrdln":"DAL 25","ydstogo":17,"ydsnet":18,"posteam":"DAL","desc":"(11:25) (Shotgun) T.Romo pass short left to M.Barber ran ob at DAL 39 for 14 yards.","note":null,"players":{"0":[{"sequence":3,"clubcode":"DAL","playerName":null,"statId":7,"yards":0}],"00-0023544":[{"sequence":2,"clubcode":"DAL","playerName":"M.Barber","statId":113,"yards":16},{"sequence":4,"clubcode":"DAL","playerName":"M.Barber","statId":21,"yards":14},{"sequence":6,"clubcode":"DAL","playerName":"M.Barber","statId":115,"yards":0}],"00-0021678":[{"sequence":1,"clubcode":"DAL","playerName":"T.Romo","statId":111,"yards":-2},{"sequence":5,"clubcode":"DAL","playerName":"T.Romo","statId":15,"yards":14}]}},"1197":{"sp":0,"qtr":2,"down":4,"time":"10:52","yrdln":"DAL 39","ydstogo":3,"ydsnet":13,"posteam":"DAL","desc":"(10:52) (Punt formation) PENALTY on DAL-M.McBriar, Delay of Game, 5 yards, enforced at DAL 39 - No Play.","note":"PENALTY","players":{"00-0021488":[{"sequence":1,"clubcode":"DAL","playerName":"M.McBriar","statId":93,"yards":5}]}},"1224":{"sp":0,"qtr":2,"down":4,"time":"10:49","yrdln":"DAL 34","ydstogo":8,"ydsnet":13,"posteam":"DAL","desc":"(10:49) M.McBriar punts 51 yards to MIN 15, Center-L.Ladouceur. G.Camarillo to MIN 22 for 7 yards (D.McCray).","note":"PUNT","players":{"00-0021488":[{"sequence":1,"clubcode":"DAL","playerName":"M.McBriar","statId":29,"yards":51}],"00-0023408":[{"sequence":2,"clubcode":"MIN","playerName":"G.Camarillo","statId":33,"yards":7}],"00-0027422":[{"sequence":3,"clubcode":"DAL","playerName":"D.McCray","statId":79,"yards":0}]}}},"fds":1,"result":"Punt","penyds":-20,"ydsgained":33,"numplays":11,"postime":"4:21","start":{"qtr":2,"time":"15:00","yrdln":"DAL 21","team":"DAL"},"end":{"qtr":2,"time":"10:39","yrdln":"DAL 34","team":"DAL"}},"8":{"posteam":"MIN","qtr":2,"redzone":true,"plays":{"1250":{"sp":0,"qtr":2,"down":1,"time":"10:39","yrdln":"MIN 22","ydstogo":10,"ydsnet":15,"posteam":"MIN","desc":"(10:39) A.Peterson left end pushed ob at MIN 37 for 15 yards (M.Jenkins). Penalty on DAL-D.Ware, Defensive Offside, declined.","note":null,"players":{"00-0025394":[{"sequence":3,"clubcode":"MIN","playerName":"A.Peterson","statId":10,"yards":15}],"0":[{"sequence":1,"clubcode":"MIN","playerName":null,"statId":3,"yards":0}],"00-0026165":[{"sequence":2,"clubcode":"DAL","playerName":"M.Jenkins","statId":79,"yards":0}]}},"1283":{"sp":0,"qtr":2,"down":1,"time":"10:22","yrdln":"MIN 37","ydstogo":10,"ydsnet":22,"posteam":"MIN","desc":"(10:22) A.Peterson up the middle to MIN 44 for 7 yards (O.Scandrick).","note":null,"players":{"00-0026283":[{"sequence":2,"clubcode":"DAL","playerName":"O.Scandrick","statId":79,"yards":0}],"00-0025394":[{"sequence":1,"clubcode":"MIN","playerName":"A.Peterson","statId":10,"yards":7}]}},"1305":{"sp":0,"qtr":2,"down":2,"time":"09:39","yrdln":"MIN 44","ydstogo":3,"ydsnet":36,"posteam":"MIN","desc":"(9:39) B.Favre pass incomplete deep middle to P.Harvin. PENALTY on DAL-M.Jenkins, Defensive Pass Interference, 23 yards, enforced at MIN 44 - No Play.","note":"PENALTY","players":{"0":[{"sequence":2,"clubcode":"MIN","playerName":null,"statId":5,"yards":0}],"00-0026165":[{"sequence":1,"clubcode":"DAL","playerName":"M.Jenkins","statId":93,"yards":23}]}},"1352":{"sp":0,"qtr":2,"down":1,"time":"09:34","yrdln":"DAL 33","ydstogo":10,"ydsnet":36,"posteam":"MIN","desc":"(9:34) A.Peterson right end to DAL 32 for 1 yard (D.Ware).","note":null,"players":{"00-0023445":[{"sequence":1,"clubcode":"DAL","playerName":"D.Ware","statId":79,"yards":0}],"00-0025394":[{"sequence":2,"clubcode":"MIN","playerName":"A.Peterson","statId":10,"yards":1}]}},"1373":{"sp":0,"qtr":2,"down":2,"time":"08:51","yrdln":"DAL 32","ydstogo":9,"ydsnet":36,"posteam":"MIN","desc":"(8:51) B.Favre pass short left to P.Harvin to DAL 30 for 2 yards (T.Newman).","note":null,"players":{"00-0022045":[{"sequence":1,"clubcode":"DAL","playerName":"T.Newman","statId":79,"yards":0}],"00-0005106":[{"sequence":4,"clubcode":"MIN","playerName":"B.Favre","statId":15,"yards":2},{"sequence":5,"clubcode":"MIN","playerName":"B.Favre","statId":111,"yards":-1}],"00-0026998":[{"sequence":2,"clubcode":"MIN","playerName":"P.Harvin","statId":113,"yards":3},{"sequence":3,"clubcode":"MIN","playerName":"P.Harvin","statId":115,"yards":0},{"sequence":6,"clubcode":"MIN","playerName":"P.Harvin","statId":21,"yards":2}]}},"1397":{"sp":0,"qtr":2,"down":3,"time":"08:05","yrdln":"DAL 30","ydstogo":7,"ydsnet":36,"posteam":"MIN","desc":"(8:05) B.Favre sacked at DAL 42 for -12 yards (D.Ware).","note":null,"players":{"00-0023445":[{"sequence":2,"clubcode":"DAL","playerName":"D.Ware","statId":120,"yards":0},{"sequence":3,"clubcode":"DAL","playerName":"D.Ware","statId":110,"yards":0},{"sequence":4,"clubcode":"DAL","playerName":"D.Ware","statId":79,"yards":0},{"sequence":5,"clubcode":"DAL","playerName":"D.Ware","statId":83,"yards":-12}],"00-0005106":[{"sequence":1,"clubcode":"MIN","playerName":"B.Favre","statId":20,"yards":-12}],"0":[{"sequence":6,"clubcode":"MIN","playerName":null,"statId":7,"yards":0}]}},"1417":{"sp":0,"qtr":2,"down":4,"time":"07:40","yrdln":"DAL 42","ydstogo":19,"ydsnet":36,"posteam":"MIN","desc":"(7:40) C.Kluwe punts 24 yards to DAL 18, Center-C.Loeffler, fair catch by A.Owusu-Ansah.","note":"PUNT","players":{"00-0023060":[{"sequence":2,"clubcode":"MIN","playerName":"C.Kluwe","statId":29,"yards":24},{"sequence":3,"clubcode":"MIN","playerName":"C.Kluwe","statId":30,"yards":0}],"00-0027726":[{"sequence":1,"clubcode":"DAL","playerName":"A.Owusu-Ansah","statId":39,"yards":0}]}}},"fds":2,"result":"Punt","penyds":23,"ydsgained":13,"numplays":7,"postime":"3:05","start":{"qtr":2,"time":"10:39","yrdln":"MIN 22","team":"MIN"},"end":{"qtr":2,"time":"07:34","yrdln":"DAL 42","team":"MIN"}},"9":{"posteam":"DAL","qtr":2,"redzone":true,"plays":{"1437":{"sp":0,"qtr":2,"down":1,"time":"07:34","yrdln":"DAL 18","ydstogo":10,"ydsnet":6,"posteam":"DAL","desc":"(7:34) F.Jones up the middle to DAL 24 for 6 yards (K.Williams, C.Greenway).","note":null,"players":{"00-0026162":[{"sequence":3,"clubcode":"DAL","playerName":"F.Jones","statId":10,"yards":6}],"00-0022073":[{"sequence":1,"clubcode":"MIN","playerName":"K.Williams","statId":80,"yards":0}],"00-0024232":[{"sequence":2,"clubcode":"MIN","playerName":"C.Greenway","statId":82,"yards":0}]}},"1461":{"sp":0,"qtr":2,"down":2,"time":"07:04","yrdln":"DAL 24","ydstogo":4,"ydsnet":9,"posteam":"DAL","desc":"(7:04) F.Jones up the middle to DAL 27 for 3 yards (E.Henderson).","note":null,"players":{"00-0026162":[{"sequence":1,"clubcode":"DAL","playerName":"F.Jones","statId":10,"yards":3}],"00-0022081":[{"sequence":2,"clubcode":"MIN","playerName":"E.Henderson","statId":79,"yards":0}]}},"1483":{"sp":0,"qtr":2,"down":3,"time":"06:33","yrdln":"DAL 27","ydstogo":1,"ydsnet":12,"posteam":"DAL","desc":"(6:33) M.Barber right tackle to DAL 30 for 3 yards (J.Sanford, M.Williams).","note":null,"players":{"00-0022842":[{"sequence":2,"clubcode":"MIN","playerName":"M.Williams","statId":82,"yards":0}],"00-0023544":[{"sequence":4,"clubcode":"DAL","playerName":"M.Barber","statId":10,"yards":3}],"0":[{"sequence":3,"clubcode":"DAL","playerName":null,"statId":6,"yards":0},{"sequence":5,"clubcode":"DAL","playerName":null,"statId":3,"yards":0}],"00-0026952":[{"sequence":1,"clubcode":"MIN","playerName":"J.Sanford","statId":80,"yards":0}]}},"1505":{"sp":0,"qtr":2,"down":1,"time":"05:57","yrdln":"DAL 30","ydstogo":10,"ydsnet":53,"posteam":"DAL","desc":"(5:57) PENALTY on DAL-J.Witten, False Start, 5 yards, enforced at DAL 30 - No Play.","note":"PENALTY","players":{"00-0022127":[{"sequence":1,"clubcode":"DAL","playerName":"J.Witten","statId":93,"yards":5}]}},"1549":{"sp":0,"qtr":2,"down":1,"time":"05:45","yrdln":"DAL 25","ydstogo":15,"ydsnet":37,"posteam":"DAL","desc":"(5:45) T.Romo pass short left to J.Witten to MIN 45 for 30 yards (B.Leber).","note":null,"players":{"00-0021197":[{"sequence":2,"clubcode":"MIN","playerName":"B.Leber","statId":79,"yards":0}],"0":[{"sequence":5,"clubcode":"DAL","playerName":null,"statId":4,"yards":0}],"00-0022127":[{"sequence":1,"clubcode":"DAL","playerName":"J.Witten","statId":21,"yards":30},{"sequence":3,"clubcode":"DAL","playerName":"J.Witten","statId":113,"yards":31},{"sequence":7,"clubcode":"DAL","playerName":"J.Witten","statId":115,"yards":0}],"00-0021678":[{"sequence":4,"clubcode":"DAL","playerName":"T.Romo","statId":15,"yards":30},{"sequence":6,"clubcode":"DAL","playerName":"T.Romo","statId":111,"yards":-1}]}},"1585":{"sp":0,"qtr":2,"down":1,"time":"05:25","yrdln":"MIN 45","ydstogo":10,"ydsnet":50,"posteam":"DAL","desc":"(5:25) T.Romo pass short right to F.Jones to MIN 32 for 13 yards (K.Williams).","note":null,"players":{"00-0026162":[{"sequence":4,"clubcode":"DAL","playerName":"F.Jones","statId":115,"yards":0},{"sequence":5,"clubcode":"DAL","playerName":"F.Jones","statId":21,"yards":13},{"sequence":7,"clubcode":"DAL","playerName":"F.Jones","statId":113,"yards":16}],"00-0022073":[{"sequence":6,"clubcode":"MIN","playerName":"K.Williams","statId":79,"yards":0}],"0":[{"sequence":1,"clubcode":"DAL","playerName":null,"statId":4,"yards":0}],"00-0021678":[{"sequence":2,"clubcode":"DAL","playerName":"T.Romo","statId":15,"yards":13},{"sequence":3,"clubcode":"DAL","playerName":"T.Romo","statId":111,"yards":-3}]}},"1610":{"sp":0,"qtr":2,"down":1,"time":"04:39","yrdln":"MIN 32","ydstogo":10,"ydsnet":50,"posteam":"DAL","desc":"(4:39) F.Jones left tackle to MIN 32 for no gain (K.Williams).","note":null,"players":{"00-0026162":[{"sequence":2,"clubcode":"DAL","playerName":"F.Jones","statId":10,"yards":0}],"00-0022073":[{"sequence":1,"clubcode":"MIN","playerName":"K.Williams","statId":79,"yards":0}]}},"1636":{"sp":0,"qtr":2,"down":2,"time":"03:59","yrdln":"MIN 32","ydstogo":10,"ydsnet":53,"posteam":"DAL","desc":"(3:59) T.Romo pass short right to C.Gronkowski to MIN 29 for 3 yards (B.Leber).","note":null,"players":{"00-0021197":[{"sequence":1,"clubcode":"MIN","playerName":"B.Leber","statId":79,"yards":0}],"00-0027419":[{"sequence":3,"clubcode":"DAL","playerName":"C.Gronkowski","statId":115,"yards":0},{"sequence":4,"clubcode":"DAL","playerName":"C.Gronkowski","statId":21,"yards":3},{"sequence":5,"clubcode":"DAL","playerName":"C.Gronkowski","statId":113,"yards":3}],"00-0021678":[{"sequence":2,"clubcode":"DAL","playerName":"T.Romo","statId":15,"yards":3},{"sequence":6,"clubcode":"DAL","playerName":"T.Romo","statId":111,"yards":0}]}},"1672":{"sp":0,"qtr":2,"down":3,"time":"03:11","yrdln":"MIN 29","ydstogo":7,"ydsnet":67,"posteam":"DAL","desc":"(3:11) (Shotgun) T.Romo scrambles up the middle to MIN 15 for 14 yards.","note":null,"players":{"0":[{"sequence":1,"clubcode":"DAL","playerName":null,"statId":3,"yards":0},{"sequence":3,"clubcode":"DAL","playerName":null,"statId":6,"yards":0}],"00-0021678":[{"sequence":2,"clubcode":"DAL","playerName":"T.Romo","statId":10,"yards":14}]}},"1695":{"sp":0,"qtr":2,"down":1,"time":"02:25","yrdln":"MIN 15","ydstogo":10,"ydsnet":74,"posteam":"DAL","desc":"(2:25) T.Romo pass short right to C.Gronkowski to MIN 8 for 7 yards (A.Winfield).","note":null,"players":{"00-0027419":[{"sequence":2,"clubcode":"DAL","playerName":"C.Gronkowski","statId":115,"yards":0},{"sequence":3,"clubcode":"DAL","playerName":"C.Gronkowski","statId":113,"yards":6},{"sequence":6,"clubcode":"DAL","playerName":"C.Gronkowski","statId":21,"yards":7}],"00-0018093":[{"sequence":4,"clubcode":"MIN","playerName":"A.Winfield","statId":79,"yards":0}],"00-0021678":[{"sequence":1,"clubcode":"DAL","playerName":"T.Romo","statId":15,"yards":7},{"sequence":5,"clubcode":"DAL","playerName":"T.Romo","statId":111,"yards":1}]}},"1738":{"sp":0,"qtr":2,"down":2,"time":"02:00","yrdln":"MIN 8","ydstogo":3,"ydsnet":75,"posteam":"DAL","desc":"(2:00) (Shotgun) M.Barber right guard to MIN 7 for 1 yard (C.Greenway).","note":null,"players":{"00-0023544":[{"sequence":2,"clubcode":"DAL","playerName":"M.Barber","statId":10,"yards":1}],"00-0024232":[{"sequence":1,"clubcode":"MIN","playerName":"C.Greenway","statId":79,"yards":0}]}},"1760":{"sp":0,"qtr":2,"down":3,"time":"01:18","yrdln":"MIN 7","ydstogo":2,"ydsnet":80,"posteam":"DAL","desc":"(1:18) (Shotgun) T.Romo up the middle to MIN 2 for 5 yards (M.Williams).","note":null,"players":{"00-0022842":[{"sequence":2,"clubcode":"MIN","playerName":"M.Williams","statId":79,"yards":0}],"0":[{"sequence":1,"clubcode":"DAL","playerName":null,"statId":3,"yards":0},{"sequence":4,"clubcode":"DAL","playerName":null,"statId":6,"yards":0}],"00-0021678":[{"sequence":3,"clubcode":"DAL","playerName":"T.Romo","statId":10,"yards":5}]}},"1782":{"sp":0,"qtr":2,"down":1,"time":"00:36","yrdln":"MIN 2","ydstogo":2,"ydsnet":80,"posteam":"DAL","desc":"(:36) T.Romo pass incomplete short left to M.Austin.","note":null,"players":{"00-0023921":[{"sequence":3,"clubcode":"DAL","playerName":"M.Austin","statId":115,"yards":0}],"00-0021678":[{"sequence":1,"clubcode":"DAL","playerName":"T.Romo","statId":14,"yards":0},{"sequence":2,"clubcode":"DAL","playerName":"T.Romo","statId":112,"yards":2}]}},"1805":{"sp":1,"qtr":2,"down":2,"time":"00:32","yrdln":"MIN 2","ydstogo":2,"ydsnet":82,"posteam":"DAL","desc":"(:32) (Shotgun) T.Romo pass short right to R.Williams for 2 yards, TOUCHDOWN.","note":"TD","players":{"00-0022909":[{"sequence":2,"clubcode":"DAL","playerName":"R.Williams","statId":22,"yards":2},{"sequence":3,"clubcode":"DAL","playerName":"R.Williams","statId":113,"yards":0},{"sequence":4,"clubcode":"DAL","playerName":"R.Williams","statId":115,"yards":0}],"0":[{"sequence":1,"clubcode":"DAL","playerName":null,"statId":4,"yards":0}],"00-0021678":[{"sequence":5,"clubcode":"DAL","playerName":"T.Romo","statId":16,"yards":2},{"sequence":6,"clubcode":"DAL","playerName":"T.Romo","statId":111,"yards":2}]}},"1825":{"sp":1,"qtr":2,"down":0,"time":"00:29","yrdln":"MIN 2","ydstogo":0,"ydsnet":82,"posteam":"DAL","desc":"D.Buehler extra point is GOOD, Center-L.Ladouceur, Holder-M.McBriar.","note":"XP","players":{"00-0027119":[{"sequence":1,"clubcode":"DAL","playerName":"D.Buehler","statId":72,"yards":0}]}}},"fds":6,"result":"Touchdown","penyds":-5,"ydsgained":87,"numplays":15,"postime":"7:05","start":{"qtr":2,"time":"07:34","yrdln":"DAL 18","team":"DAL"},"end":{"qtr":2,"time":"00:29","yrdln":"MIN 2","team":"DAL"}},"10":{"posteam":"MIN","qtr":2,"redzone":true,"plays":{"1842":{"sp":0,"qtr":2,"down":0,"time":"00:29","yrdln":"DAL 30","ydstogo":0,"ydsnet":0,"posteam":"DAL","desc":"D.Buehler kicks 65 yards from DAL 30 to MIN 5. P.Harvin to MIN 28 for 23 yards (J.Holley).","note":"KICKOFF","players":{"00-0024609":[{"sequence":3,"clubcode":"DAL","playerName":"J.Holley","statId":79,"yards":0}],"00-0027119":[{"sequence":2,"clubcode":"DAL","playerName":"D.Buehler","statId":41,"yards":65}],"00-0026998":[{"sequence":1,"clubcode":"MIN","playerName":"P.Harvin","statId":45,"yards":23}]}},"1865":{"sp":0,"qtr":2,"down":1,"time":"00:22","yrdln":"MIN 28","ydstogo":10,"ydsnet":12,"posteam":"MIN","desc":"(:22) A.Peterson left guard to MIN 40 for 12 yards (A.Spencer).","note":null,"players":{"00-0025413":[{"sequence":2,"clubcode":"DAL","playerName":"A.Spencer","statId":79,"yards":0}],"0":[{"sequence":3,"clubcode":"MIN","playerName":null,"statId":3,"yards":0}],"00-0025394":[{"sequence":1,"clubcode":"MIN","playerName":"A.Peterson","statId":10,"yards":12}]}},"1887":{"sp":0,"qtr":2,"down":0,"time":"00:14","yrdln":"","ydstogo":0,"ydsnet":12,"posteam":"","desc":"Timeout #2 by MIN at 00:14.","note":"TIMEOUT","players":{"0":[{"sequence":1,"clubcode":"MIN","playerName":null,"statId":68,"yards":0}]}},"1904":{"sp":0,"qtr":2,"down":1,"time":"00:14","yrdln":"MIN 40","ydstogo":10,"ydsnet":8,"posteam":"MIN","desc":"(:14) (Shotgun) B.Favre sacked at MIN 36 for -4 yards (J.Ratliff).","note":null,"players":{"00-0005106":[{"sequence":4,"clubcode":"MIN","playerName":"B.Favre","statId":20,"yards":-4}],"00-0023656":[{"sequence":1,"clubcode":"DAL","playerName":"J.Ratliff","statId":83,"yards":-4},{"sequence":2,"clubcode":"DAL","playerName":"J.Ratliff","statId":120,"yards":0},{"sequence":3,"clubcode":"DAL","playerName":"J.Ratliff","statId":79,"yards":0},{"sequence":5,"clubcode":"DAL","playerName":"J.Ratliff","statId":110,"yards":0}]}}},"fds":1,"result":"End of Half","penyds":0,"ydsgained":8,"numplays":4,"postime":"0:29","start":{"qtr":2,"time":"00:29","yrdln":"MIN 28","team":"MIN"},"end":{"qtr":2,"time":"00:00","yrdln":"MIN 40","team":"MIN"}},"11":{"posteam":"MIN","qtr":3,"redzone":true,"plays":{"1940":{"sp":1,"qtr":3,"down":0,"time":"15:00","yrdln":"DAL 30","ydstogo":0,"ydsnet":0,"posteam":"DAL","desc":"D.Buehler kicks 65 yards from DAL 30 to MIN 5. P.Harvin for 95 yards, TOUCHDOWN.","note":"TD","players":{"00-0027119":[{"sequence":1,"clubcode":"DAL","playerName":"D.Buehler","statId":41,"yards":65}],"00-0026998":[{"sequence":2,"clubcode":"MIN","playerName":"P.Harvin","statId":46,"yards":95}]}},"1965":{"sp":1,"qtr":3,"down":0,"time":"14:48","yrdln":"DAL 2","ydstogo":0,"ydsnet":0,"posteam":"MIN","desc":"R.Longwell extra point is GOOD, Center-C.Loeffler, Holder-C.Kluwe.","note":"XP","players":{"00-0010072":[{"sequence":1,"clubcode":"MIN","playerName":"R.Longwell","statId":72,"yards":0}]}}},"fds":0,"result":"Touchdown","penyds":0,"ydsgained":0,"numplays":2,"postime":"0:12","start":{"qtr":3,"time":"15:00","yrdln":"","team":"MIN"},"end":{"qtr":3,"time":"14:48","yrdln":"","team":"MIN"}},"12":{"posteam":"DAL","qtr":3,"redzone":true,"plays":{"1982":{"sp":0,"qtr":3,"down":0,"time":"14:48","yrdln":"MIN 30","ydstogo":0,"ydsnet":0,"posteam":"MIN","desc":"R.Longwell kicks 67 yards from MIN 30 to DAL 3. A.Owusu-Ansah to DAL 23 for 20 yards (J.Brinkley).","note":"KICKOFF","players":{"00-0010072":[{"sequence":3,"clubcode":"MIN","playerName":"R.Longwell","statId":41,"yards":67}],"00-0027108":[{"sequence":2,"clubcode":"MIN","playerName":"J.Brinkley","statId":79,"yards":0}],"00-0027726":[{"sequence":1,"clubcode":"DAL","playerName":"A.Owusu-Ansah","statId":45,"yards":20}]}},"2005":{"sp":0,"qtr":3,"down":1,"time":"14:41","yrdln":"DAL 23","ydstogo":10,"ydsnet":0,"posteam":"DAL","desc":"(14:41) T.Romo pass incomplete short left to C.Gronkowski [J.Allen].","note":null,"players":{"00-0027419":[{"sequence":2,"clubcode":"DAL","playerName":"C.Gronkowski","statId":115,"yards":0}],"00-0022740":[{"sequence":3,"clubcode":"MIN","playerName":"J.Allen","statId":110,"yards":0}],"00-0021678":[{"sequence":1,"clubcode":"DAL","playerName":"T.Romo","statId":112,"yards":-4},{"sequence":4,"clubcode":"DAL","playerName":"T.Romo","statId":14,"yards":0}]}},"2028":{"sp":0,"qtr":3,"down":2,"time":"14:38","yrdln":"DAL 23","ydstogo":10,"ydsnet":2,"posteam":"DAL","desc":"(14:38) F.Jones left end to DAL 25 for 2 yards (E.Henderson; B.Leber).","note":null,"players":{"00-0021197":[{"sequence":2,"clubcode":"MIN","playerName":"B.Leber","statId":82,"yards":0}],"00-0026162":[{"sequence":3,"clubcode":"DAL","playerName":"F.Jones","statId":10,"yards":2}],"00-0022081":[{"sequence":1,"clubcode":"MIN","playerName":"E.Henderson","statId":82,"yards":0}]}},"2050":{"sp":0,"qtr":3,"down":3,"time":"14:06","yrdln":"DAL 25","ydstogo":8,"ydsnet":3,"posteam":"DAL","desc":"(14:06) (Shotgun) T.Romo pass short right to M.Barber to DAL 26 for 1 yard (A.Winfield) [L.Guion].","note":null,"players":{"0":[{"sequence":6,"clubcode":"DAL","playerName":null,"statId":7,"yards":0}],"00-0023544":[{"sequence":1,"clubcode":"DAL","playerName":"M.Barber","statId":21,"yards":1},{"sequence":5,"clubcode":"DAL","playerName":"M.Barber","statId":113,"yards":4},{"sequence":8,"clubcode":"DAL","playerName":"M.Barber","statId":115,"yards":0}],"00-0018093":[{"sequence":7,"clubcode":"MIN","playerName":"A.Winfield","statId":79,"yards":0}],"00-0026292":[{"sequence":3,"clubcode":"MIN","playerName":"L.Guion","statId":110,"yards":0}],"00-0021678":[{"sequence":2,"clubcode":"DAL","playerName":"T.Romo","statId":111,"yards":-3},{"sequence":4,"clubcode":"DAL","playerName":"T.Romo","statId":15,"yards":1}]}},"2075":{"sp":0,"qtr":3,"down":4,"time":"13:29","yrdln":"DAL 26","ydstogo":7,"ydsnet":3,"posteam":"DAL","desc":"(13:29) M.McBriar punts 44 yards to MIN 30, Center-L.Ladouceur. G.Camarillo to MIN 30 for no gain (J.Holley). PENALTY on MIN-F.Walker, Defensive Holding, 10 yards, enforced at MIN 30.","note":"PUNT","players":{"00-0024609":[{"sequence":4,"clubcode":"DAL","playerName":"J.Holley","statId":79,"yards":0}],"00-0021488":[{"sequence":3,"clubcode":"DAL","playerName":"M.McBriar","statId":29,"yards":44}],"00-0021943":[{"sequence":2,"clubcode":"MIN","playerName":"F.Walker","statId":93,"yards":10}],"00-0023408":[{"sequence":1,"clubcode":"MIN","playerName":"G.Camarillo","statId":33,"yards":0}]}}},"fds":0,"result":"Punt","penyds":0,"ydsgained":3,"numplays":5,"postime":"1:29","start":{"qtr":3,"time":"14:48","yrdln":"DAL 23","team":"DAL"},"end":{"qtr":3,"time":"13:19","yrdln":"DAL 26","team":"DAL"}},"13":{"posteam":"MIN","qtr":3,"redzone":true,"plays":{"2112":{"sp":0,"qtr":3,"down":1,"time":"13:19","yrdln":"MIN 20","ydstogo":10,"ydsnet":9,"posteam":"MIN","desc":"(13:19) B.Favre pass short left to R.Moss to MIN 29 for 9 yards (M.Jenkins).","note":null,"players":{"00-0005106":[{"sequence":1,"clubcode":"MIN","playerName":"B.Favre","statId":15,"yards":9},{"sequence":4,"clubcode":"MIN","playerName":"B.Favre","statId":111,"yards":5}],"00-0026165":[{"sequence":5,"clubcode":"DAL","playerName":"M.Jenkins","statId":79,"yards":0}],"00-0011754":[{"sequence":2,"clubcode":"MIN","playerName":"R.Moss","statId":21,"yards":9},{"sequence":3,"clubcode":"MIN","playerName":"R.Moss","statId":115,"yards":0},{"sequence":6,"clubcode":"MIN","playerName":"R.Moss","statId":113,"yards":4}]}},"2139":{"sp":0,"qtr":3,"down":2,"time":"12:38","yrdln":"MIN 29","ydstogo":1,"ydsnet":21,"posteam":"MIN","desc":"(12:38) B.Favre pass short left to R.Moss pushed ob at MIN 41 for 12 yards (K.Brooking).","note":null,"players":{"00-0005106":[{"sequence":1,"clubcode":"MIN","playerName":"B.Favre","statId":15,"yards":12},{"sequence":2,"clubcode":"MIN","playerName":"B.Favre","statId":111,"yards":6}],"00-0001820":[{"sequence":6,"clubcode":"DAL","playerName":"K.Brooking","statId":79,"yards":0}],"0":[{"sequence":7,"clubcode":"MIN","playerName":null,"statId":4,"yards":0}],"00-0011754":[{"sequence":3,"clubcode":"MIN","playerName":"R.Moss","statId":21,"yards":12},{"sequence":4,"clubcode":"MIN","playerName":"R.Moss","statId":115,"yards":0},{"sequence":5,"clubcode":"MIN","playerName":"R.Moss","statId":113,"yards":6}]}},"2164":{"sp":0,"qtr":3,"down":1,"time":"12:11","yrdln":"MIN 41","ydstogo":10,"ydsnet":24,"posteam":"MIN","desc":"(12:11) A.Peterson left guard to MIN 44 for 3 yards (K.Brooking).","note":null,"players":{"00-0001820":[{"sequence":2,"clubcode":"DAL","playerName":"K.Brooking","statId":79,"yards":0}],"00-0025394":[{"sequence":1,"clubcode":"MIN","playerName":"A.Peterson","statId":10,"yards":3}]}},"2186":{"sp":0,"qtr":3,"down":2,"time":"11:31","yrdln":"MIN 44","ydstogo":7,"ydsnet":42,"posteam":"MIN","desc":"(11:31) B.Favre pass deep left to R.Moss to DAL 38 for 18 yards (G.Sensabaugh) [I.Olshansky].","note":null,"players":{"00-0023590":[{"sequence":7,"clubcode":"DAL","playerName":"G.Sensabaugh","statId":79,"yards":0}],"00-0005106":[{"sequence":1,"clubcode":"MIN","playerName":"B.Favre","statId":15,"yards":18},{"sequence":4,"clubcode":"MIN","playerName":"B.Favre","statId":111,"yards":18}],"0":[{"sequence":2,"clubcode":"MIN","playerName":null,"statId":4,"yards":0}],"00-0022915":[{"sequence":6,"clubcode":"DAL","playerName":"I.Olshansky","statId":110,"yards":0}],"00-0011754":[{"sequence":3,"clubcode":"MIN","playerName":"R.Moss","statId":21,"yards":18},{"sequence":5,"clubcode":"MIN","playerName":"R.Moss","statId":115,"yards":0},{"sequence":8,"clubcode":"MIN","playerName":"R.Moss","statId":113,"yards":0}]}},"2211":{"sp":0,"qtr":3,"down":1,"time":"11:01","yrdln":"DAL 38","ydstogo":10,"ydsnet":32,"posteam":"MIN","desc":"(11:01) A.Peterson right end pushed ob at DAL 27 for 11 yards (T.Newman). PENALTY on MIN-V.Shiancoe, Offensive Holding, 10 yards, enforced at DAL 38 - No Play.","note":"PENALTY","players":{"00-0022054":[{"sequence":1,"clubcode":"MIN","playerName":"V.Shiancoe","statId":93,"yards":10}]}},"2250":{"sp":0,"qtr":3,"down":1,"time":"10:30","yrdln":"DAL 48","ydstogo":20,"ydsnet":36,"posteam":"MIN","desc":"(10:30) B.Favre pass short right to B.Berrian to DAL 44 for 4 yards (T.Newman).","note":null,"players":{"00-0022045":[{"sequence":3,"clubcode":"DAL","playerName":"T.Newman","statId":79,"yards":0}],"00-0005106":[{"sequence":1,"clubcode":"MIN","playerName":"B.Favre","statId":15,"yards":4},{"sequence":5,"clubcode":"MIN","playerName":"B.Favre","statId":111,"yards":5}],"00-0022807":[{"sequence":2,"clubcode":"MIN","playerName":"B.Berrian","statId":21,"yards":4},{"sequence":4,"clubcode":"MIN","playerName":"B.Berrian","statId":115,"yards":0},{"sequence":6,"clubcode":"MIN","playerName":"B.Berrian","statId":113,"yards":-1}]}},"2275":{"sp":0,"qtr":3,"down":2,"time":"09:45","yrdln":"DAL 44","ydstogo":16,"ydsnet":19,"posteam":"MIN","desc":"(9:45) (Shotgun) B.Favre pass short right to A.Peterson to DAL 46 for -2 yards (G.Sensabaugh). PENALTY on MIN-B.Berrian, Unnecessary Roughness, 15 yards, enforced at DAL 46.","note":"PENALTY","players":{"00-0023590":[{"sequence":1,"clubcode":"DAL","playerName":"G.Sensabaugh","statId":120,"yards":0},{"sequence":8,"clubcode":"DAL","playerName":"G.Sensabaugh","statId":79,"yards":0}],"00-0005106":[{"sequence":2,"clubcode":"MIN","playerName":"B.Favre","statId":15,"yards":-2},{"sequence":5,"clubcode":"MIN","playerName":"B.Favre","statId":111,"yards":-4}],"00-0022807":[{"sequence":6,"clubcode":"MIN","playerName":"B.Berrian","statId":93,"yards":15}],"00-0025394":[{"sequence":3,"clubcode":"MIN","playerName":"A.Peterson","statId":115,"yards":0},{"sequence":4,"clubcode":"MIN","playerName":"A.Peterson","statId":21,"yards":-2},{"sequence":7,"clubcode":"MIN","playerName":"A.Peterson","statId":113,"yards":2}]}},"2310":{"sp":0,"qtr":3,"down":3,"time":"09:24","yrdln":"MIN 39","ydstogo":33,"ydsnet":23,"posteam":"MIN","desc":"(9:24) (Shotgun) A.Peterson up the middle to MIN 43 for 4 yards (B.James).","note":null,"players":{"0":[{"sequence":2,"clubcode":"MIN","playerName":null,"statId":7,"yards":0}],"00-0025394":[{"sequence":1,"clubcode":"MIN","playerName":"A.Peterson","statId":10,"yards":4}],"00-0022137":[{"sequence":3,"clubcode":"DAL","playerName":"B.James","statId":79,"yards":0}]}},"2332":{"sp":0,"qtr":3,"down":4,"time":"08:45","yrdln":"MIN 43","ydstogo":29,"ydsnet":23,"posteam":"MIN","desc":"(8:45) C.Kluwe punts 53 yards to DAL 4, Center-C.Loeffler, downed by MIN-G.Lewis.","note":"PUNT","players":{"00-0023060":[{"sequence":1,"clubcode":"MIN","playerName":"C.Kluwe","statId":29,"yards":53},{"sequence":3,"clubcode":"MIN","playerName":"C.Kluwe","statId":30,"yards":0}],"0":[{"sequence":2,"clubcode":"DAL","playerName":null,"statId":38,"yards":0}]}}},"fds":2,"result":"Punt","penyds":-25,"ydsgained":48,"numplays":9,"postime":"4:45","start":{"qtr":3,"time":"13:19","yrdln":"MIN 20","team":"MIN"},"end":{"qtr":3,"time":"08:34","yrdln":"MIN 43","team":"MIN"}},"14":{"posteam":"DAL","qtr":3,"redzone":true,"plays":{"2352":{"sp":0,"qtr":3,"down":1,"time":"08:34","yrdln":"DAL 4","ydstogo":10,"ydsnet":-1,"posteam":"DAL","desc":"(8:34) F.Jones right guard to DAL 3 for -1 yards (M.Williams).","note":null,"players":{"00-0026162":[{"sequence":2,"clubcode":"DAL","playerName":"F.Jones","statId":10,"yards":-1}],"00-0022842":[{"sequence":3,"clubcode":"MIN","playerName":"M.Williams","statId":120,"yards":0},{"sequence":4,"clubcode":"MIN","playerName":"M.Williams","statId":79,"yards":0}],"0":[{"sequence":1,"clubcode":"DAL","playerName":null,"statId":95,"yards":-1}]}},"2374":{"sp":0,"qtr":3,"down":2,"time":"07:52","yrdln":"DAL 3","ydstogo":11,"ydsnet":-3,"posteam":"DAL","desc":"(7:52) T.Romo pass short right to R.Williams pushed ob at DAL 9 for 6 yards (B.Leber). PENALTY on DAL-A.Gurode, Offensive Holding, 2 yards, enforced at DAL 3 - No Play.","note":"PENALTY","players":{"00-0021385":[{"sequence":1,"clubcode":"DAL","playerName":"A.Gurode","statId":93,"yards":2}]}},"2410":{"sp":0,"qtr":3,"down":2,"time":"07:31","yrdln":"DAL 1","ydstogo":13,"ydsnet":-3,"posteam":"DAL","desc":"(7:31) C.Gronkowski up the middle to DAL 1 for no gain (C.Greenway).","note":null,"players":{"00-0027419":[{"sequence":2,"clubcode":"DAL","playerName":"C.Gronkowski","statId":10,"yards":0}],"00-0024232":[{"sequence":1,"clubcode":"MIN","playerName":"C.Greenway","statId":79,"yards":0}]}},"2432":{"sp":0,"qtr":3,"down":3,"time":"06:46","yrdln":"DAL 1","ydstogo":13,"ydsnet":0,"posteam":"DAL","desc":"(6:46) M.Barber up the middle to DAL 4 for 3 yards (R.Edwards; C.Greenway).","note":null,"players":{"0":[{"sequence":4,"clubcode":"DAL","playerName":null,"statId":7,"yards":0}],"00-0023544":[{"sequence":1,"clubcode":"DAL","playerName":"M.Barber","statId":10,"yards":3}],"00-0024342":[{"sequence":3,"clubcode":"MIN","playerName":"R.Edwards","statId":82,"yards":0}],"00-0024232":[{"sequence":2,"clubcode":"MIN","playerName":"C.Greenway","statId":82,"yards":0}]}},"2454":{"sp":0,"qtr":3,"down":4,"time":"06:12","yrdln":"DAL 4","ydstogo":10,"ydsnet":0,"posteam":"DAL","desc":"(6:12) M.McBriar punts 52 yards to MIN 44, Center-L.Ladouceur. G.Camarillo to DAL 49 for 7 yards (J.Holley; S.Hurd).","note":"PUNT","players":{"00-0024609":[{"sequence":3,"clubcode":"DAL","playerName":"J.Holley","statId":82,"yards":0}],"00-0021488":[{"sequence":2,"clubcode":"DAL","playerName":"M.McBriar","statId":29,"yards":52}],"00-0023953":[{"sequence":4,"clubcode":"DAL","playerName":"S.Hurd","statId":82,"yards":0}],"00-0023408":[{"sequence":1,"clubcode":"MIN","playerName":"G.Camarillo","statId":33,"yards":7}]}}},"fds":0,"result":"Punt","penyds":-2,"ydsgained":2,"numplays":5,"postime":"2:32","start":{"qtr":3,"time":"08:34","yrdln":"DAL 4","team":"DAL"},"end":{"qtr":3,"time":"06:02","yrdln":"DAL 4","team":"DAL"}},"15":{"posteam":"MIN","qtr":3,"redzone":true,"plays":{"2480":{"sp":0,"qtr":3,"down":1,"time":"06:02","yrdln":"DAL 49","ydstogo":10,"ydsnet":0,"posteam":"MIN","desc":"(6:02) (Shotgun) B.Favre pass incomplete short left to P.Harvin (M.Jenkins).","note":null,"players":{"00-0005106":[{"sequence":2,"clubcode":"MIN","playerName":"B.Favre","statId":112,"yards":4},{"sequence":3,"clubcode":"MIN","playerName":"B.Favre","statId":14,"yards":0}],"00-0026165":[{"sequence":4,"clubcode":"DAL","playerName":"M.Jenkins","statId":85,"yards":0}],"00-0026998":[{"sequence":1,"clubcode":"MIN","playerName":"P.Harvin","statId":115,"yards":0}]}},"2502":{"sp":0,"qtr":3,"down":2,"time":"05:56","yrdln":"DAL 49","ydstogo":10,"ydsnet":11,"posteam":"MIN","desc":"(5:56) (Shotgun) P.Harvin right end to DAL 38 for 11 yards (B.James).","note":null,"players":{"0":[{"sequence":1,"clubcode":"MIN","playerName":null,"statId":3,"yards":0}],"00-0022137":[{"sequence":3,"clubcode":"DAL","playerName":"B.James","statId":79,"yards":0}],"00-0026998":[{"sequence":2,"clubcode":"MIN","playerName":"P.Harvin","statId":10,"yards":11}]}},"2524":{"sp":0,"qtr":3,"down":1,"time":"05:12","yrdln":"DAL 38","ydstogo":10,"ydsnet":13,"posteam":"MIN","desc":"(5:12) A.Peterson left tackle to DAL 36 for 2 yards (B.James, I.Olshansky).","note":null,"players":{"00-0025394":[{"sequence":1,"clubcode":"MIN","playerName":"A.Peterson","statId":10,"yards":2}],"00-0022915":[{"sequence":2,"clubcode":"DAL","playerName":"I.Olshansky","statId":82,"yards":0}],"00-0022137":[{"sequence":3,"clubcode":"DAL","playerName":"B.James","statId":80,"yards":0}]}},"2546":{"sp":0,"qtr":3,"down":2,"time":"04:33","yrdln":"DAL 36","ydstogo":8,"ydsnet":17,"posteam":"MIN","desc":"(4:33) A.Peterson right tackle to DAL 32 for 4 yards (D.Ware).","note":null,"players":{"00-0023445":[{"sequence":1,"clubcode":"DAL","playerName":"D.Ware","statId":79,"yards":0}],"00-0025394":[{"sequence":2,"clubcode":"MIN","playerName":"A.Peterson","statId":10,"yards":4}]}},"2568":{"sp":0,"qtr":3,"down":3,"time":"03:51","yrdln":"DAL 32","ydstogo":4,"ydsnet":37,"posteam":"MIN","desc":"(3:51) (Shotgun) B.Favre pass short right to J.Kleinsasser to DAL 12 for 20 yards (A.Ball).","note":null,"players":{"00-0009323":[{"sequence":3,"clubcode":"MIN","playerName":"J.Kleinsasser","statId":113,"yards":24},{"sequence":4,"clubcode":"MIN","playerName":"J.Kleinsasser","statId":21,"yards":20},{"sequence":6,"clubcode":"MIN","playerName":"J.Kleinsasser","statId":115,"yards":0}],"00-0025624":[{"sequence":7,"clubcode":"DAL","playerName":"A.Ball","statId":79,"yards":0}],"00-0005106":[{"sequence":2,"clubcode":"MIN","playerName":"B.Favre","statId":15,"yards":20},{"sequence":8,"clubcode":"MIN","playerName":"B.Favre","statId":111,"yards":-4}],"0":[{"sequence":1,"clubcode":"MIN","playerName":null,"statId":6,"yards":0},{"sequence":5,"clubcode":"MIN","playerName":null,"statId":4,"yards":0}]}},"2593":{"sp":0,"qtr":3,"down":1,"time":"03:03","yrdln":"DAL 12","ydstogo":10,"ydsnet":39,"posteam":"MIN","desc":"(3:03) A.Peterson up the middle to DAL 10 for 2 yards (D.Ware).","note":null,"players":{"00-0023445":[{"sequence":1,"clubcode":"DAL","playerName":"D.Ware","statId":79,"yards":0}],"00-0025394":[{"sequence":2,"clubcode":"MIN","playerName":"A.Peterson","statId":10,"yards":2}]}},"2615":{"sp":0,"qtr":3,"down":2,"time":"02:22","yrdln":"DAL 10","ydstogo":8,"ydsnet":46,"posteam":"MIN","desc":"(2:22) P.Harvin right tackle to DAL 3 for 7 yards (T.Newman).","note":null,"players":{"00-0022045":[{"sequence":2,"clubcode":"DAL","playerName":"T.Newman","statId":79,"yards":0}],"00-0026998":[{"sequence":1,"clubcode":"MIN","playerName":"P.Harvin","statId":10,"yards":7}]}},"2637":{"sp":0,"qtr":3,"down":3,"time":"01:30","yrdln":"DAL 3","ydstogo":1,"ydsnet":48,"posteam":"MIN","desc":"(1:30) A.Peterson right guard to DAL 1 for 2 yards (I.Olshansky, J.Ratliff).","note":null,"players":{"00-0023656":[{"sequence":5,"clubcode":"DAL","playerName":"J.Ratliff","statId":82,"yards":0}],"00-0025394":[{"sequence":4,"clubcode":"MIN","playerName":"A.Peterson","statId":10,"yards":2}],"0":[{"sequence":1,"clubcode":"MIN","playerName":null,"statId":6,"yards":0},{"sequence":3,"clubcode":"MIN","playerName":null,"statId":3,"yards":0}],"00-0022915":[{"sequence":2,"clubcode":"DAL","playerName":"I.Olshansky","statId":80,"yards":0}]}},"2659":{"sp":1,"qtr":3,"down":1,"time":"00:46","yrdln":"DAL 1","ydstogo":1,"ydsnet":49,"posteam":"MIN","desc":"(:46) R.Cook reported in as eligible.  A.Peterson left guard for 1 yard, TOUCHDOWN.","note":"TD","players":{"0":[{"sequence":2,"clubcode":"MIN","playerName":null,"statId":3,"yards":0}],"00-0025394":[{"sequence":1,"clubcode":"MIN","playerName":"A.Peterson","statId":11,"yards":1}]}},"2679":{"sp":1,"qtr":3,"down":0,"time":"00:43","yrdln":"DAL 2","ydstogo":0,"ydsnet":49,"posteam":"MIN","desc":"R.Longwell extra point is GOOD, Center-C.Loeffler, Holder-C.Kluwe.","note":"XP","players":{"00-0010072":[{"sequence":1,"clubcode":"MIN","playerName":"R.Longwell","statId":72,"yards":0}]}}},"fds":4,"result":"Touchdown","penyds":0,"ydsgained":49,"numplays":10,"postime":"5:19","start":{"qtr":3,"time":"06:02","yrdln":"DAL 49","team":"MIN"},"end":{"qtr":3,"time":"00:43","yrdln":"DAL 1","team":"MIN"}},"16":{"posteam":"DAL","qtr":4,"redzone":true,"plays":{"2696":{"sp":0,"qtr":3,"down":0,"time":"00:43","yrdln":"MIN 30","ydstogo":0,"ydsnet":0,"posteam":"MIN","desc":"R.Longwell kicks 59 yards from MIN 30 to DAL 11. A.Owusu-Ansah to DAL 35 for 24 yards (A.Allen).","note":"KICKOFF","players":{"00-0010072":[{"sequence":3,"clubcode":"MIN","playerName":"R.Longwell","statId":41,"yards":59}],"00-0027058":[{"sequence":2,"clubcode":"MIN","playerName":"A.Allen","statId":79,"yards":0}],"00-0027726":[{"sequence":1,"clubcode":"DAL","playerName":"A.Owusu-Ansah","statId":45,"yards":24}]}},"2719":{"sp":0,"qtr":3,"down":1,"time":"00:36","yrdln":"DAL 35","ydstogo":10,"ydsnet":4,"posteam":"DAL","desc":"(:36) F.Jones up the middle to DAL 39 for 4 yards (C.Greenway, E.Henderson).","note":null,"players":{"00-0026162":[{"sequence":2,"clubcode":"DAL","playerName":"F.Jones","statId":10,"yards":4}],"00-0022081":[{"sequence":3,"clubcode":"MIN","playerName":"E.Henderson","statId":82,"yards":0}],"00-0024232":[{"sequence":1,"clubcode":"MIN","playerName":"C.Greenway","statId":80,"yards":0}]}},"2741":{"sp":0,"qtr":3,"down":2,"time":"00:03","yrdln":"DAL 39","ydstogo":6,"ydsnet":8,"posteam":"DAL","desc":"(:03) T.Romo pass short right to F.Jones to DAL 43 for 4 yards (A.Winfield).","note":null,"players":{"00-0026162":[{"sequence":2,"clubcode":"DAL","playerName":"F.Jones","statId":21,"yards":4},{"sequence":4,"clubcode":"DAL","playerName":"F.Jones","statId":113,"yards":10},{"sequence":6,"clubcode":"DAL","playerName":"F.Jones","statId":115,"yards":0}],"00-0018093":[{"sequence":3,"clubcode":"MIN","playerName":"A.Winfield","statId":79,"yards":0}],"00-0021678":[{"sequence":1,"clubcode":"DAL","playerName":"T.Romo","statId":111,"yards":-6},{"sequence":5,"clubcode":"DAL","playerName":"T.Romo","statId":15,"yards":4}]}},"2783":{"sp":0,"qtr":4,"down":3,"time":"15:00","yrdln":"DAL 43","ydstogo":2,"ydsnet":25,"posteam":"DAL","desc":"(15:00) T.Romo pass short left to J.Witten to MIN 40 for 17 yards (C.Greenway).","note":null,"players":{"00-0022127":[{"sequence":5,"clubcode":"DAL","playerName":"J.Witten","statId":21,"yards":17},{"sequence":6,"clubcode":"DAL","playerName":"J.Witten","statId":115,"yards":0},{"sequence":7,"clubcode":"DAL","playerName":"J.Witten","statId":113,"yards":14}],"0":[{"sequence":1,"clubcode":"DAL","playerName":"","statId":4,"yards":0},{"sequence":2,"clubcode":"DAL","playerName":"","statId":6,"yards":0}],"00-0024232":[{"sequence":8,"clubcode":"MIN","playerName":"C.Greenway","statId":79,"yards":0}],"00-0021678":[{"sequence":3,"clubcode":"DAL","playerName":"T.Romo","statId":15,"yards":17},{"sequence":4,"clubcode":"DAL","playerName":"T.Romo","statId":111,"yards":3}]}},"2808":{"sp":0,"qtr":4,"down":1,"time":"14:31","yrdln":"MIN 40","ydstogo":10,"ydsnet":25,"posteam":"DAL","desc":"(14:31) T.Romo pass incomplete short left to M.Bennett.","note":null,"players":{"00-0026201":[{"sequence":2,"clubcode":"DAL","playerName":"M.Bennett","statId":115,"yards":0}],"00-0021678":[{"sequence":1,"clubcode":"DAL","playerName":"T.Romo","statId":14,"yards":0},{"sequence":3,"clubcode":"DAL","playerName":"T.Romo","statId":112,"yards":-3}]}},"2831":{"sp":0,"qtr":4,"down":2,"time":"14:26","yrdln":"MIN 40","ydstogo":10,"ydsnet":26,"posteam":"DAL","desc":"(14:26) F.Jones left tackle to MIN 39 for 1 yard (E.Henderson, C.Greenway).","note":null,"players":{"00-0026162":[{"sequence":1,"clubcode":"DAL","playerName":"F.Jones","statId":10,"yards":1}],"00-0022081":[{"sequence":2,"clubcode":"MIN","playerName":"E.Henderson","statId":80,"yards":0}],"00-0024232":[{"sequence":3,"clubcode":"MIN","playerName":"C.Greenway","statId":82,"yards":0}]}},"2853":{"sp":0,"qtr":4,"down":3,"time":"13:42","yrdln":"MIN 39","ydstogo":9,"ydsnet":34,"posteam":"DAL","desc":"(13:42) (Shotgun) T.Romo pass short middle to M.Austin to MIN 31 for 8 yards (E.Henderson; A.Winfield).","note":null,"players":{"00-0022081":[{"sequence":7,"clubcode":"MIN","playerName":"E.Henderson","statId":82,"yards":0}],"0":[{"sequence":1,"clubcode":"DAL","playerName":"","statId":7,"yards":0}],"00-0018093":[{"sequence":8,"clubcode":"MIN","playerName":"A.Winfield","statId":82,"yards":0}],"00-0023921":[{"sequence":4,"clubcode":"DAL","playerName":"M.Austin","statId":21,"yards":8},{"sequence":5,"clubcode":"DAL","playerName":"M.Austin","statId":115,"yards":0},{"sequence":6,"clubcode":"DAL","playerName":"M.Austin","statId":113,"yards":2}],"00-0021678":[{"sequence":2,"clubcode":"DAL","playerName":"T.Romo","statId":15,"yards":8},{"sequence":3,"clubcode":"DAL","playerName":"T.Romo","statId":111,"yards":6}]}},"2878":{"sp":0,"qtr":4,"down":4,"time":"13:00","yrdln":"MIN 31","ydstogo":1,"ydsnet":36,"posteam":"DAL","desc":"(13:00) M.Barber up the middle to MIN 29 for 2 yards (E.Henderson).","note":null,"players":{"00-0022081":[{"sequence":4,"clubcode":"MIN","playerName":"E.Henderson","statId":79,"yards":0}],"00-0023544":[{"sequence":3,"clubcode":"DAL","playerName":"M.Barber","statId":10,"yards":2}],"0":[{"sequence":1,"clubcode":"DAL","playerName":"","statId":3,"yards":0},{"sequence":2,"clubcode":"DAL","playerName":"","statId":8,"yards":0}]}},"2900":{"sp":0,"qtr":4,"down":1,"time":"12:21","yrdln":"MIN 29","ydstogo":10,"ydsnet":31,"posteam":"DAL","desc":"(12:21) PENALTY on DAL-D.Free, False Start, 5 yards, enforced at MIN 29 - No Play.","note":"PENALTY","players":{"00-0025509":[{"sequence":1,"clubcode":"DAL","playerName":"D.Free","statId":93,"yards":5}]}},"2923":{"sp":0,"qtr":4,"down":1,"time":"11:56","yrdln":"MIN 34","ydstogo":15,"ydsnet":34,"posteam":"DAL","desc":"(11:56) T.Romo pass short left to F.Jones to MIN 31 for 3 yards (B.Leber, A.Allen).","note":null,"players":{"00-0021197":[{"sequence":6,"clubcode":"MIN","playerName":"B.Leber","statId":80,"yards":0}],"00-0026162":[{"sequence":3,"clubcode":"DAL","playerName":"F.Jones","statId":21,"yards":3},{"sequence":4,"clubcode":"DAL","playerName":"F.Jones","statId":115,"yards":0},{"sequence":5,"clubcode":"DAL","playerName":"F.Jones","statId":113,"yards":8}],"00-0027058":[{"sequence":7,"clubcode":"MIN","playerName":"A.Allen","statId":82,"yards":0}],"00-0021678":[{"sequence":1,"clubcode":"DAL","playerName":"T.Romo","statId":15,"yards":3},{"sequence":2,"clubcode":"DAL","playerName":"T.Romo","statId":111,"yards":-5}]}},"2948":{"sp":0,"qtr":4,"down":2,"time":"11:11","yrdln":"MIN 31","ydstogo":12,"ydsnet":34,"posteam":"DAL","desc":"(11:11) (Shotgun) T.Romo pass short right to F.Jones to MIN 31 for no gain (L.Guion).","note":null,"players":{"00-0026162":[{"sequence":3,"clubcode":"DAL","playerName":"F.Jones","statId":21,"yards":0},{"sequence":4,"clubcode":"DAL","playerName":"F.Jones","statId":115,"yards":0},{"sequence":5,"clubcode":"DAL","playerName":"F.Jones","statId":113,"yards":5}],"00-0026292":[{"sequence":6,"clubcode":"MIN","playerName":"L.Guion","statId":79,"yards":0}],"00-0021678":[{"sequence":1,"clubcode":"DAL","playerName":"T.Romo","statId":15,"yards":0},{"sequence":2,"clubcode":"DAL","playerName":"T.Romo","statId":111,"yards":-5}]}},"2974":{"sp":1,"qtr":4,"down":3,"time":"10:25","yrdln":"MIN 31","ydstogo":12,"ydsnet":65,"posteam":"DAL","desc":"(10:25) (Shotgun) T.Romo pass deep right to D.Bryant for 31 yards, TOUCHDOWN.","note":"TD","players":{"00-0027902":[{"sequence":5,"clubcode":"DAL","playerName":"D.Bryant","statId":22,"yards":31},{"sequence":6,"clubcode":"DAL","playerName":"D.Bryant","statId":115,"yards":0},{"sequence":7,"clubcode":"DAL","playerName":"D.Bryant","statId":113,"yards":0}],"0":[{"sequence":1,"clubcode":"DAL","playerName":"","statId":4,"yards":0},{"sequence":2,"clubcode":"DAL","playerName":"","statId":6,"yards":0}],"00-0021678":[{"sequence":3,"clubcode":"DAL","playerName":"T.Romo","statId":16,"yards":31},{"sequence":4,"clubcode":"DAL","playerName":"T.Romo","statId":111,"yards":31}]}},"2995":{"sp":1,"qtr":4,"down":0,"time":"10:18","yrdln":"MIN 2","ydstogo":0,"ydsnet":65,"posteam":"DAL","desc":"D.Buehler extra point is GOOD, Center-L.Ladouceur, Holder-M.McBriar.","note":"XP","players":{"00-0027119":[{"sequence":1,"clubcode":"DAL","playerName":"D.Buehler","statId":72,"yards":0}]}}},"fds":3,"result":"Touchdown","penyds":-5,"ydsgained":70,"numplays":13,"postime":"5:25","start":{"qtr":3,"time":"00:43","yrdln":"DAL 35","team":"DAL"},"end":{"qtr":3,"time":"10:18","yrdln":"MIN 31","team":"DAL"}},"17":{"posteam":"MIN","qtr":4,"redzone":true,"plays":{"3012":{"sp":0,"qtr":4,"down":0,"time":"10:18","yrdln":"DAL 30","ydstogo":0,"ydsnet":0,"posteam":"DAL","desc":"D.Buehler kicks 68 yards from DAL 30 to MIN 2. P.Harvin to MIN 18 for 16 yards (B.Church).","note":"KICKOFF","players":{"00-0027416":[{"sequence":4,"clubcode":"DAL","playerName":"B.Church","statId":79,"yards":0}],"00-0027119":[{"sequence":1,"clubcode":"DAL","playerName":"D.Buehler","statId":41,"yards":68},{"sequence":3,"clubcode":"DAL","playerName":"D.Buehler","statId":42,"yards":0}],"00-0026998":[{"sequence":2,"clubcode":"MIN","playerName":"P.Harvin","statId":45,"yards":16}]}},"3035":{"sp":0,"qtr":4,"down":1,"time":"10:12","yrdln":"MIN 18","ydstogo":10,"ydsnet":0,"posteam":"MIN","desc":"(10:12) B.Favre pass incomplete short right to B.Berrian.","note":null,"players":{"00-0005106":[{"sequence":1,"clubcode":"MIN","playerName":"B.Favre","statId":14,"yards":0},{"sequence":3,"clubcode":"MIN","playerName":"B.Favre","statId":112,"yards":10}],"00-0022807":[{"sequence":2,"clubcode":"MIN","playerName":"B.Berrian","statId":115,"yards":0}]}},"3064":{"sp":0,"qtr":4,"down":2,"time":"10:04","yrdln":"MIN 18","ydstogo":10,"ydsnet":5,"posteam":"MIN","desc":"(10:04) (Shotgun) B.Favre pass short left to G.Camarillo to MIN 23 for 5 yards (M.Jenkins, O.Scandrick).","note":null,"players":{"00-0005106":[{"sequence":1,"clubcode":"MIN","playerName":"B.Favre","statId":15,"yards":5},{"sequence":2,"clubcode":"MIN","playerName":"B.Favre","statId":111,"yards":4}],"00-0026283":[{"sequence":7,"clubcode":"DAL","playerName":"O.Scandrick","statId":82,"yards":0}],"00-0026165":[{"sequence":6,"clubcode":"DAL","playerName":"M.Jenkins","statId":80,"yards":0}],"00-0023408":[{"sequence":3,"clubcode":"MIN","playerName":"G.Camarillo","statId":21,"yards":5},{"sequence":4,"clubcode":"MIN","playerName":"G.Camarillo","statId":115,"yards":0},{"sequence":5,"clubcode":"MIN","playerName":"G.Camarillo","statId":113,"yards":1}]}},"3089":{"sp":0,"qtr":4,"down":3,"time":"09:23","yrdln":"MIN 23","ydstogo":5,"ydsnet":5,"posteam":"MIN","desc":"(9:23) (Shotgun) B.Favre pass incomplete short left to P.Harvin.","note":null,"players":{"00-0005106":[{"sequence":2,"clubcode":"MIN","playerName":"B.Favre","statId":14,"yards":0},{"sequence":4,"clubcode":"MIN","playerName":"B.Favre","statId":112,"yards":-4}],"0":[{"sequence":1,"clubcode":"MIN","playerName":"","statId":7,"yards":0}],"00-0026998":[{"sequence":3,"clubcode":"MIN","playerName":"P.Harvin","statId":115,"yards":0}]}},"3112":{"sp":0,"qtr":4,"down":4,"time":"09:18","yrdln":"MIN 23","ydstogo":5,"ydsnet":5,"posteam":"MIN","desc":"(9:18) C.Kluwe punts 53 yards to DAL 24, Center-C.Loeffler. D.Bryant to MIN 42 for 34 yards (C.Loeffler). PENALTY on DAL-A.Ball, Defensive Holding, 10 yards, enforced at DAL 24.","note":"PUNT","players":{"00-0025624":[{"sequence":4,"clubcode":"DAL","playerName":"A.Ball","statId":93,"yards":10}],"00-0023060":[{"sequence":1,"clubcode":"MIN","playerName":"C.Kluwe","statId":29,"yards":53}],"00-0027902":[{"sequence":2,"clubcode":"DAL","playerName":"D.Bryant","statId":33,"yards":0}],"00-0022581":[{"sequence":3,"clubcode":"MIN","playerName":"C.Loeffler","statId":79,"yards":0}]}}},"fds":0,"result":"Punt","penyds":0,"ydsgained":5,"numplays":5,"postime":"1:15","start":{"qtr":4,"time":"10:18","yrdln":"MIN 18","team":"MIN"},"end":{"qtr":4,"time":"09:03","yrdln":"MIN 23","team":"MIN"}},"18":{"posteam":"DAL","qtr":4,"redzone":true,"plays":{"3149":{"sp":0,"qtr":4,"down":1,"time":"09:03","yrdln":"DAL 14","ydstogo":10,"ydsnet":5,"posteam":"DAL","desc":"(9:03) F.Jones up the middle to DAL 19 for 5 yards (C.Greenway, A.Winfield).","note":null,"players":{"00-0026162":[{"sequence":1,"clubcode":"DAL","playerName":"F.Jones","statId":10,"yards":5}],"00-0018093":[{"sequence":3,"clubcode":"MIN","playerName":"A.Winfield","statId":82,"yards":0}],"00-0024232":[{"sequence":2,"clubcode":"MIN","playerName":"C.Greenway","statId":80,"yards":0}]}},"3171":{"sp":0,"qtr":4,"down":2,"time":"08:25","yrdln":"DAL 19","ydstogo":5,"ydsnet":8,"posteam":"DAL","desc":"(8:25) M.Barber left tackle to DAL 22 for 3 yards (E.Henderson, K.Williams).","note":null,"players":{"00-0022073":[{"sequence":3,"clubcode":"MIN","playerName":"K.Williams","statId":82,"yards":0}],"00-0022081":[{"sequence":2,"clubcode":"MIN","playerName":"E.Henderson","statId":80,"yards":0}],"00-0023544":[{"sequence":1,"clubcode":"DAL","playerName":"M.Barber","statId":10,"yards":3}]}},"3193":{"sp":0,"qtr":4,"down":3,"time":"07:41","yrdln":"DAL 22","ydstogo":2,"ydsnet":8,"posteam":"DAL","desc":"(7:41) T.Romo pass short middle intended for J.Witten INTERCEPTED by E.Henderson at DAL 30. E.Henderson to DAL 30 for no gain (J.Witten).","note":"INT","players":{"00-0022081":[{"sequence":5,"clubcode":"MIN","playerName":"E.Henderson","statId":25,"yards":0},{"sequence":6,"clubcode":"MIN","playerName":"E.Henderson","statId":85,"yards":0}],"00-0022127":[{"sequence":3,"clubcode":"DAL","playerName":"J.Witten","statId":115,"yards":0},{"sequence":7,"clubcode":"DAL","playerName":"J.Witten","statId":79,"yards":0}],"0":[{"sequence":1,"clubcode":"DAL","playerName":"","statId":7,"yards":0}],"00-0021678":[{"sequence":2,"clubcode":"DAL","playerName":"T.Romo","statId":19,"yards":0},{"sequence":4,"clubcode":"DAL","playerName":"T.Romo","statId":112,"yards":8}]}}},"fds":0,"result":"Interception","penyds":0,"ydsgained":8,"numplays":3,"postime":"1:30","start":{"qtr":4,"time":"09:03","yrdln":"DAL 14","team":"DAL"},"end":{"qtr":4,"time":"07:33","yrdln":"DAL 22","team":"DAL"}},"19":{"posteam":"MIN","qtr":4,"redzone":true,"plays":{"3221":{"sp":0,"qtr":4,"down":1,"time":"07:33","yrdln":"DAL 30","ydstogo":10,"ydsnet":3,"posteam":"MIN","desc":"(7:33) A.Peterson up the middle to DAL 27 for 3 yards (A.Spencer, K.Brooking).","note":null,"players":{"00-0025413":[{"sequence":2,"clubcode":"DAL","playerName":"A.Spencer","statId":80,"yards":0}],"00-0001820":[{"sequence":3,"clubcode":"DAL","playerName":"K.Brooking","statId":82,"yards":0}],"00-0025394":[{"sequence":1,"clubcode":"MIN","playerName":"A.Peterson","statId":10,"yards":3}]}},"3243":{"sp":0,"qtr":4,"down":2,"time":"06:51","yrdln":"DAL 27","ydstogo":7,"ydsnet":7,"posteam":"MIN","desc":"(6:51) T.Gerhart left tackle to DAL 23 for 4 yards (B.James).","note":null,"players":{"00-0022137":[{"sequence":2,"clubcode":"DAL","playerName":"B.James","statId":79,"yards":0}],"00-0027888":[{"sequence":1,"clubcode":"MIN","playerName":"T.Gerhart","statId":10,"yards":4}]}},"3265":{"sp":0,"qtr":4,"down":0,"time":"06:12","yrdln":"","ydstogo":0,"ydsnet":7,"posteam":"","desc":"Timeout #1 by DAL at 06:12.","note":"TIMEOUT","players":{"0":[{"sequence":1,"clubcode":"DAL","playerName":"","statId":68,"yards":0}]}},"3282":{"sp":0,"qtr":4,"down":3,"time":"06:12","yrdln":"DAL 23","ydstogo":3,"ydsnet":12,"posteam":"MIN","desc":"(6:12) (Shotgun) B.Favre pass short left to R.Moss to DAL 18 for 5 yards (M.Jenkins).","note":null,"players":{"00-0005106":[{"sequence":3,"clubcode":"MIN","playerName":"B.Favre","statId":15,"yards":5},{"sequence":4,"clubcode":"MIN","playerName":"B.Favre","statId":111,"yards":5}],"0":[{"sequence":1,"clubcode":"MIN","playerName":"","statId":4,"yards":0},{"sequence":2,"clubcode":"MIN","playerName":"","statId":6,"yards":0}],"00-0026165":[{"sequence":8,"clubcode":"DAL","playerName":"M.Jenkins","statId":79,"yards":0}],"00-0011754":[{"sequence":5,"clubcode":"MIN","playerName":"R.Moss","statId":21,"yards":5},{"sequence":6,"clubcode":"MIN","playerName":"R.Moss","statId":115,"yards":0},{"sequence":7,"clubcode":"MIN","playerName":"R.Moss","statId":113,"yards":0}]}},"3306":{"sp":0,"qtr":4,"down":1,"time":"05:39","yrdln":"DAL 18","ydstogo":10,"ydsnet":14,"posteam":"MIN","desc":"(5:39) A.Peterson left guard to DAL 16 for 2 yards (K.Brooking).","note":null,"players":{"00-0001820":[{"sequence":2,"clubcode":"DAL","playerName":"K.Brooking","statId":79,"yards":0}],"00-0025394":[{"sequence":1,"clubcode":"MIN","playerName":"A.Peterson","statId":10,"yards":2}]}},"3328":{"sp":0,"qtr":4,"down":2,"time":"05:02","yrdln":"DAL 16","ydstogo":8,"ydsnet":15,"posteam":"MIN","desc":"(5:02) A.Peterson up the middle to DAL 15 for 1 yard (G.Sensabaugh).","note":null,"players":{"00-0023590":[{"sequence":2,"clubcode":"DAL","playerName":"G.Sensabaugh","statId":79,"yards":0}],"00-0025394":[{"sequence":1,"clubcode":"MIN","playerName":"A.Peterson","statId":10,"yards":1}]}},"3350":{"sp":0,"qtr":4,"down":3,"time":"04:18","yrdln":"DAL 15","ydstogo":7,"ydsnet":10,"posteam":"MIN","desc":"(4:18) (Shotgun) PENALTY on MIN-B.McKinnie, False Start, 5 yards, enforced at DAL 15 - No Play.","note":"PENALTY","players":{"00-0021383":[{"sequence":1,"clubcode":"MIN","playerName":"B.McKinnie","statId":93,"yards":5}]}},"3374":{"sp":0,"qtr":4,"down":3,"time":"04:14","yrdln":"DAL 20","ydstogo":12,"ydsnet":10,"posteam":"MIN","desc":"(4:14) (Shotgun) B.Favre pass incomplete deep right to R.Moss (A.Ball).","note":null,"players":{"00-0025624":[{"sequence":4,"clubcode":"DAL","playerName":"A.Ball","statId":85,"yards":0}],"00-0005106":[{"sequence":2,"clubcode":"MIN","playerName":"B.Favre","statId":14,"yards":0},{"sequence":5,"clubcode":"MIN","playerName":"B.Favre","statId":112,"yards":20}],"0":[{"sequence":1,"clubcode":"MIN","playerName":"","statId":7,"yards":0}],"00-0011754":[{"sequence":3,"clubcode":"MIN","playerName":"R.Moss","statId":115,"yards":0}]}},"3397":{"sp":1,"qtr":4,"down":4,"time":"04:09","yrdln":"DAL 20","ydstogo":12,"ydsnet":10,"posteam":"MIN","desc":"(4:09) R.Longwell 38 yard field goal is GOOD, Center-C.Loeffler, Holder-C.Kluwe.","note":"FG","players":{"00-0010072":[{"sequence":1,"clubcode":"MIN","playerName":"R.Longwell","statId":70,"yards":38}]}}},"fds":1,"result":"Field Goal","penyds":-5,"ydsgained":15,"numplays":9,"postime":"3:30","start":{"qtr":4,"time":"07:33","yrdln":"DAL 30","team":"MIN"},"end":{"qtr":4,"time":"04:03","yrdln":"DAL 20","team":"MIN"}},"20":{"posteam":"DAL","qtr":4,"redzone":true,"plays":{"3417":{"sp":0,"qtr":4,"down":0,"time":"04:03","yrdln":"MIN 30","ydstogo":0,"ydsnet":0,"posteam":"MIN","desc":"R.Longwell kicks 64 yards from MIN 30 to DAL 6. A.Owusu-Ansah to DAL 20 for 14 yards (J.Brinkley).","note":"KICKOFF","players":{"00-0010072":[{"sequence":1,"clubcode":"MIN","playerName":"R.Longwell","statId":41,"yards":64}],"00-0027108":[{"sequence":3,"clubcode":"MIN","playerName":"J.Brinkley","statId":79,"yards":0}],"00-0027726":[{"sequence":2,"clubcode":"DAL","playerName":"A.Owusu-Ansah","statId":45,"yards":14}]}},"3440":{"sp":0,"qtr":4,"down":1,"time":"04:01","yrdln":"DAL 20","ydstogo":10,"ydsnet":0,"posteam":"DAL","desc":"(4:01) T.Romo pass short left to F.Jones to DAL 20 for no gain (M.Williams).","note":null,"players":{"00-0026162":[{"sequence":3,"clubcode":"DAL","playerName":"F.Jones","statId":21,"yards":0},{"sequence":4,"clubcode":"DAL","playerName":"F.Jones","statId":115,"yards":0},{"sequence":5,"clubcode":"DAL","playerName":"F.Jones","statId":113,"yards":7}],"00-0022842":[{"sequence":6,"clubcode":"MIN","playerName":"M.Williams","statId":79,"yards":0}],"00-0021678":[{"sequence":1,"clubcode":"DAL","playerName":"T.Romo","statId":15,"yards":0},{"sequence":2,"clubcode":"DAL","playerName":"T.Romo","statId":111,"yards":-7}]}},"3466":{"sp":0,"qtr":4,"down":2,"time":"03:18","yrdln":"DAL 20","ydstogo":10,"ydsnet":5,"posteam":"DAL","desc":"(3:18) (Shotgun) T.Romo pass short left to J.Witten to DAL 25 for 5 yards (J.Sanford).","note":null,"players":{"00-0022127":[{"sequence":3,"clubcode":"DAL","playerName":"J.Witten","statId":21,"yards":5},{"sequence":4,"clubcode":"DAL","playerName":"J.Witten","statId":115,"yards":0},{"sequence":5,"clubcode":"DAL","playerName":"J.Witten","statId":113,"yards":0}],"00-0021678":[{"sequence":1,"clubcode":"DAL","playerName":"T.Romo","statId":15,"yards":5},{"sequence":2,"clubcode":"DAL","playerName":"T.Romo","statId":111,"yards":5}],"00-0026952":[{"sequence":6,"clubcode":"MIN","playerName":"J.Sanford","statId":79,"yards":0}]}},"3491":{"sp":0,"qtr":4,"down":3,"time":"02:46","yrdln":"DAL 25","ydstogo":5,"ydsnet":5,"posteam":"DAL","desc":"(2:46) (Shotgun) T.Romo pass incomplete short left to D.Bryant.","note":null,"players":{"00-0027902":[{"sequence":3,"clubcode":"DAL","playerName":"D.Bryant","statId":115,"yards":0}],"0":[{"sequence":1,"clubcode":"DAL","playerName":"","statId":7,"yards":0}],"00-0021678":[{"sequence":2,"clubcode":"DAL","playerName":"T.Romo","statId":14,"yards":0},{"sequence":4,"clubcode":"DAL","playerName":"T.Romo","statId":112,"yards":5}]}},"3514":{"sp":0,"qtr":4,"down":4,"time":"02:42","yrdln":"DAL 25","ydstogo":5,"ydsnet":5,"posteam":"DAL","desc":"(2:42) M.McBriar punts 60 yards to MIN 15, Center-L.Ladouceur. G.Camarillo pushed ob at MIN 25 for 10 yards (S.Hurd).","note":"PUNT","players":{"00-0021488":[{"sequence":1,"clubcode":"DAL","playerName":"M.McBriar","statId":29,"yards":60}],"00-0023953":[{"sequence":3,"clubcode":"DAL","playerName":"S.Hurd","statId":79,"yards":0}],"00-0023408":[{"sequence":2,"clubcode":"MIN","playerName":"G.Camarillo","statId":33,"yards":10}]}}},"fds":0,"result":"Punt","penyds":0,"ydsgained":5,"numplays":5,"postime":"1:31","start":{"qtr":4,"time":"04:03","yrdln":"DAL 20","team":"DAL"},"end":{"qtr":4,"time":"02:32","yrdln":"DAL 25","team":"DAL"}},"21":{"posteam":"MIN","qtr":4,"redzone":true,"plays":{"3540":{"sp":0,"qtr":4,"down":1,"time":"02:32","yrdln":"MIN 25","ydstogo":10,"ydsnet":2,"posteam":"MIN","desc":"(2:32) A.Peterson right tackle to MIN 27 for 2 yards (S.Bowen, K.Brooking).","note":null,"players":{"00-0023954":[{"sequence":2,"clubcode":"DAL","playerName":"S.Bowen","statId":80,"yards":0}],"00-0001820":[{"sequence":3,"clubcode":"DAL","playerName":"K.Brooking","statId":82,"yards":0}],"00-0025394":[{"sequence":1,"clubcode":"MIN","playerName":"A.Peterson","statId":10,"yards":2}]}},"3562":{"sp":0,"qtr":4,"down":0,"time":"02:27","yrdln":"","ydstogo":0,"ydsnet":2,"posteam":"","desc":"Timeout #2 by DAL at 02:27.","note":"TIMEOUT","players":{"0":[{"sequence":1,"clubcode":"DAL","playerName":"","statId":68,"yards":0}]}},"3579":{"sp":0,"qtr":4,"down":2,"time":"02:27","yrdln":"MIN 27","ydstogo":8,"ydsnet":4,"posteam":"MIN","desc":"(2:27) A.Peterson up the middle to MIN 29 for 2 yards (M.Spears, J. Brent).","note":null,"players":{"00-0027852":[{"sequence":3,"clubcode":"DAL","playerName":"J. Brent","statId":82,"yards":0}],"00-0025394":[{"sequence":1,"clubcode":"MIN","playerName":"A.Peterson","statId":10,"yards":2}],"00-0023455":[{"sequence":2,"clubcode":"DAL","playerName":"M.Spears","statId":80,"yards":0}]}},"3601":{"sp":0,"qtr":4,"down":0,"time":"02:22","yrdln":"","ydstogo":0,"ydsnet":4,"posteam":"","desc":"Timeout #3 by DAL at 02:22.","note":"TIMEOUT","players":{"0":[{"sequence":1,"clubcode":"DAL","playerName":"","statId":68,"yards":0}]}},"3618":{"sp":0,"qtr":4,"down":3,"time":"02:22","yrdln":"MIN 29","ydstogo":6,"ydsnet":15,"posteam":"MIN","desc":"(2:22) B.Favre pass incomplete short left to G.Lewis. PENALTY on DAL-M.Jenkins, Defensive Pass Interference, 11 yards, enforced at MIN 29 - No Play.","note":"PENALTY","players":{"0":[{"sequence":1,"clubcode":"MIN","playerName":"","statId":5,"yards":0}],"00-0026165":[{"sequence":2,"clubcode":"DAL","playerName":"M.Jenkins","statId":93,"yards":11}]}},"3652":{"sp":0,"qtr":4,"down":1,"time":"02:18","yrdln":"MIN 40","ydstogo":10,"ydsnet":14,"posteam":"MIN","desc":"(2:18) A.Peterson right tackle to MIN 39 for -1 yards (B.James).","note":null,"players":{"0":[{"sequence":2,"clubcode":"MIN","playerName":"","statId":95,"yards":-1}],"00-0025394":[{"sequence":1,"clubcode":"MIN","playerName":"A.Peterson","statId":10,"yards":-1}],"00-0022137":[{"sequence":3,"clubcode":"DAL","playerName":"B.James","statId":79,"yards":0},{"sequence":4,"clubcode":"DAL","playerName":"B.James","statId":120,"yards":0}]}},"3674":{"sp":0,"qtr":4,"down":0,"time":"02:00","yrdln":"","ydstogo":0,"ydsnet":14,"posteam":"","desc":"Two-Minute Warning","note":null,"players":{}},"3691":{"sp":0,"qtr":4,"down":2,"time":"02:00","yrdln":"MIN 39","ydstogo":11,"ydsnet":16,"posteam":"MIN","desc":"(2:00) A.Peterson up the middle to MIN 41 for 2 yards (I.Olshansky, J.Ratliff).","note":null,"players":{"00-0023656":[{"sequence":3,"clubcode":"DAL","playerName":"J.Ratliff","statId":82,"yards":0}],"00-0025394":[{"sequence":1,"clubcode":"MIN","playerName":"A.Peterson","statId":10,"yards":2}],"00-0022915":[{"sequence":2,"clubcode":"DAL","playerName":"I.Olshansky","statId":80,"yards":0}]}},"3713":{"sp":0,"qtr":4,"down":3,"time":"01:16","yrdln":"MIN 41","ydstogo":9,"ydsnet":22,"posteam":"MIN","desc":"(1:16) A.Peterson left end to MIN 47 for 6 yards (G.Sensabaugh, D.Ware).","note":null,"players":{"00-0023445":[{"sequence":4,"clubcode":"DAL","playerName":"D.Ware","statId":82,"yards":0}],"00-0023590":[{"sequence":3,"clubcode":"DAL","playerName":"G.Sensabaugh","statId":80,"yards":0}],"00-0025394":[{"sequence":2,"clubcode":"MIN","playerName":"A.Peterson","statId":10,"yards":6}],"0":[{"sequence":1,"clubcode":"MIN","playerName":"","statId":7,"yards":0}]}},"3735":{"sp":0,"qtr":4,"down":0,"time":"00:29","yrdln":"","ydstogo":0,"ydsnet":22,"posteam":"","desc":"Timeout #1 by MIN at 00:29.","note":"TIMEOUT","players":{"0":[{"sequence":1,"clubcode":"MIN","playerName":"","statId":68,"yards":0}]}},"3752":{"sp":0,"qtr":4,"down":4,"time":"00:29","yrdln":"MIN 47","ydstogo":3,"ydsnet":22,"posteam":"MIN","desc":"(:29) C.Kluwe punts 49 yards to DAL 4, Center-C.Loeffler. D.Bryant to DAL 7 for 3 yards (F.Walker).","note":"PUNT","players":{"00-0023060":[{"sequence":1,"clubcode":"MIN","playerName":"C.Kluwe","statId":29,"yards":49},{"sequence":3,"clubcode":"MIN","playerName":"C.Kluwe","statId":30,"yards":0}],"00-0027902":[{"sequence":2,"clubcode":"DAL","playerName":"D.Bryant","statId":33,"yards":3}],"00-0021943":[{"sequence":4,"clubcode":"MIN","playerName":"F.Walker","statId":79,"yards":0}]}}},"fds":1,"result":"Punt","penyds":11,"ydsgained":11,"numplays":11,"postime":"2:19","start":{"qtr":4,"time":"02:32","yrdln":"MIN 25","team":"MIN"},"end":{"qtr":4,"time":"00:13","yrdln":"MIN 47","team":"MIN"}},"22":{"posteam":"DAL","qtr":4,"redzone":true,"plays":{"3778":{"sp":0,"qtr":4,"down":1,"time":"00:13","yrdln":"DAL 7","ydstogo":10,"ydsnet":19,"posteam":"DAL","desc":"(:13) (Shotgun) T.Romo pass deep left to R.Williams to DAL 26 for 19 yards (M.Williams).","note":null,"players":{"00-0022909":[{"sequence":4,"clubcode":"DAL","playerName":"R.Williams","statId":21,"yards":19},{"sequence":5,"clubcode":"DAL","playerName":"R.Williams","statId":115,"yards":0},{"sequence":6,"clubcode":"DAL","playerName":"R.Williams","statId":113,"yards":1}],"00-0022842":[{"sequence":7,"clubcode":"MIN","playerName":"M.Williams","statId":79,"yards":0}],"0":[{"sequence":1,"clubcode":"DAL","playerName":"","statId":4,"yards":0}],"00-0021678":[{"sequence":2,"clubcode":"DAL","playerName":"T.Romo","statId":15,"yards":19},{"sequence":3,"clubcode":"DAL","playerName":"T.Romo","statId":111,"yards":18}]}},"3803":{"sp":0,"qtr":4,"down":1,"time":"00:06","yrdln":"DAL 26","ydstogo":10,"ydsnet":36,"posteam":"DAL","desc":"(:06) (Shotgun) T.Romo pass short right to F.Jones to DAL 40 for 14 yards. Lateral to R.Williams to DAL 32 for -8 yards. Lateral to T.Romo to DAL 43 for 11 yards. T.Romo pass short right to M.Austin to DAL 40 for -3 yards. Lateral to J.Witten to DAL 34 for -6 yards. Lateral to D.Bryant to 50 for 16 yards. FUMBLES, RECOVERED by MIN-C.Greenway at DAL 39. C.Greenway to DAL 39 for no gain (T.Romo). PENALTY on DAL-T.Romo, Illegal Forward Pass, 0 yards, enforced at DAL 43.","note":"PENALTY","players":{"00-0026162":[{"sequence":4,"clubcode":"DAL","playerName":"F.Jones","statId":21,"yards":14},{"sequence":5,"clubcode":"DAL","playerName":"F.Jones","statId":115,"yards":0},{"sequence":6,"clubcode":"DAL","playerName":"F.Jones","statId":113,"yards":18}],"00-0022909":[{"sequence":7,"clubcode":"DAL","playerName":"R.Williams","statId":23,"yards":-8}],"0":[{"sequence":1,"clubcode":"DAL","playerName":"","statId":4,"yards":0}],"00-0021678":[{"sequence":2,"clubcode":"DAL","playerName":"T.Romo","statId":15,"yards":17},{"sequence":3,"clubcode":"DAL","playerName":"T.Romo","statId":111,"yards":-4},{"sequence":8,"clubcode":"DAL","playerName":"T.Romo","statId":23,"yards":11},{"sequence":9,"clubcode":"DAL","playerName":"T.Romo","statId":93,"yards":0}]}},"3888":{"sp":0,"qtr":4,"down":0,"time":"00:00","yrdln":"","ydstogo":0,"ydsnet":36,"posteam":"","desc":"END GAME","note":null,"players":{}}},"fds":2,"result":"End of Game","penyds":0,"ydsgained":36,"numplays":3,"postime":"0:13","start":{"qtr":4,"time":"00:13","yrdln":"DAL 7","team":"DAL"},"end":{"qtr":4,"time":"00:00","yrdln":"","team":"DAL"}},"crntdrv":22},"scrsummary":{"580":{"type":"TD","desc":"R.Williams 15 yd. pass from T.Romo (D.Buehler kick is good) Drive: 8 plays, 48 yards in 4:03","qtr":1,"team":"DAL","players":{"R.Williams":"00-0022909","T.Romo":"00-0021678","":"0","D.Buehler":"00-0027119","M.Austin":"00-0023921"}},"918":{"type":"TD","desc":"G.Camarillo 10 yd. pass from B.Favre (R.Longwell kick is good) Drive: 3 plays, 16 yards in 1:25","qtr":1,"team":"MIN","players":{"":"0","G.Camarillo":"00-0023408","B.Favre":"00-0005106","R.Longwell":"00-0010072"}},"1805":{"type":"TD","desc":"R.Williams 2 yd. pass from T.Romo (D.Buehler kick is good) Drive: 13 plays, 82 yards in 7:05","qtr":2,"team":"DAL","players":{"":"0","R.Williams":"00-0022909","T.Romo":"00-0021678","D.Buehler":"00-0027119"}},"1940":{"type":"TD","desc":"P.Harvin 95 yd. kickoff return (R.Longwell kick is good) Drive: 0 plays, 0 yards in 0:12","qtr":3,"team":"MIN","players":{"D.Buehler":"00-0027119","P.Harvin":"00-0026998","R.Longwell":"00-0010072"}},"2659":{"type":"TD","desc":"A.Peterson 1 yd. run (R.Longwell kick is good) Drive: 9 plays, 49 yards in 5:19","qtr":3,"team":"MIN","players":{"A.Peterson":"00-0025394","":"0","R.Longwell":"00-0010072"}},"2974":{"type":"TD","desc":"D.Bryant 31 yd. pass from T.Romo (D.Buehler kick is good) Drive: 10 plays, 65 yards in 5:25","qtr":4,"team":"DAL","players":{"":"0","T.Romo":"00-0021678","D.Bryant":"00-0027902","D.Buehler":"00-0027119"}},"3397":{"type":"FG","desc":"R.Longwell 38 yd. Field Goal Drive: 7 plays, 10 yards in 3:30","qtr":4,"team":"MIN","players":{"R.Longwell":"00-0010072"}}},"weather":null,"media":null,"yl":"","qtr":"Final","note":null,"down":0,"togo":0,"redzone":true,"clock":"00:00","posteam":"DAL","stadium":null},"nextupdate":380}