{"2010091204":{"home":{"score":{"1":0,"2":7,"3":10,"4":7,"5":0,"T":24},"abbr":"JAC","to":0,"stats":{"passing":{"00-0021231":{"name":"D.Garrard","att":21,"cmp":16,"yds":170,"tds":3,"ints":0,"twopta":0,"twoptm":0}},"rushing":{"00-0024275":{"name":"M.Jones-Drew","att":23,"yds":98,"tds":0,"lng":18,"lngtd":0,"twopta":0,"twoptm":0},"00-0027155":{"name":"R.Jennings","att":4,"yds":26,"tds":0,"lng":15,"lngtd":0,"twopta":0,"twoptm":0},"00-0021231":{"name":"D.Garrard","att":7,"yds":10,"tds":0,"lng":5,"lngtd":0,"twopta":0,"twoptm":0}},"receiving":{"00-0027076":{"name":"M.Thomas","rec":6,"yds":89,"tds":0,"lng":26,"lngtd":0,"twopta":0,"twoptm":0},"00-0024275":{"name":"M.Jones-Drew","rec":3,"yds":15,"tds":0,"lng":8,"lngtd":0,"twopta":0,"twoptm":0},"00-0024243":{"name":"M.Lewis","rec":2,"yds":31,"tds":2,"lng":21,"lngtd":21,"twopta":0,"twoptm":0},"00-0027125":{"name":"Z.Miller","rec":2,"yds":8,"tds":0,"lng":6,"lngtd":0,"twopta":0,"twoptm":0},"00-0021570":{"name":"K.Osgood","rec":1,"yds":24,"tds":1,"lng":24,"lngtd":24,"twopta":0,"twoptm":0},"00-0027155":{"name":"R.Jennings","rec":1,"yds":4,"tds":0,"lng":4,"lngtd":0,"twopta":0,"twoptm":0},"00-0022897":{"name":"G.Jones","rec":1,"yds":-1,"tds":0,"lng":-1,"lngtd":0,"twopta":0,"twoptm":0}},"fumbles":{"00-0023537":{"name":"S.Considine","tot":0,"rcv":0,"trcv":1,"yds":0,"lost":0}},"kicking":{"00-0022874":{"name":"J.Scobee","fgm":1,"fga":1,"fgyds":45,"totpfg":3,"xpmade":3,"xpmissed":0,"xpa":3,"xpb":0,"xptot":3}},"punting":{"00-0025488":{"name":"A.Podlesh","pts":4,"yds":165,"avg":40,"i20":2,"lng":56}},"kickret":{"00-0027156":{"name":"T.Underwood","ret":3,"avg":38,"tds":0,"lng":53,"lngtd":0},"00-0024103":{"name":"M.Owens","ret":1,"avg":22,"tds":0,"lng":22,"lngtd":0}},"puntret":{"00-0027076":{"name":"M.Thomas","ret":3,"avg":8,"tds":0,"lng":17,"lngtd":0}},"defense":{"00-0022839":{"name":"Da.Smith","tkl":5,"ast":2,"sk":0,"int":1,"ffum":1},"00-0023537":{"name":"S.Considine","tkl":6,"ast":0,"sk":0,"int":0,"ffum":0},"00-0027047":{"name":"D.Cox","tkl":5,"ast":0,"sk":0,"int":0,"ffum":0},"00-0024298":{"name":"A.Smith","tkl":4,"ast":1,"sk":0,"int":0,"ffum":0},"00-0023513":{"name":"K.Morrison","tkl":4,"ast":1,"sk":0,"int":0,"ffum":0},"00-0025435":{"name":"J.Durant","tkl":3,"ast":1,"sk":0,"int":0,"ffum":0},"00-0027862":{"name":"T.Alualu","tkl":3,"ast":0,"sk":1,"int":0,"ffum":0},"00-0021269":{"name":"A.Kampman","tkl":2,"ast":1,"sk":1.5,"int":0,"ffum":0},"00-0026912":{"name":"W.Middleton","tkl":2,"ast":1,"sk":0.5,"int":0,"ffum":0},"00-0022080":{"name":"R.Mathis","tkl":1,"ast":2,"sk":0,"int":0,"ffum":0},"00-0026148":{"name":"D.Harvey","tkl":2,"ast":0,"sk":0,"int":0,"ffum":0},"00-0025532":{"name":"D.Jones","tkl":2,"ast":0,"sk":0,"int":0,"ffum":0},"00-0026960":{"name":"C.Greene","tkl":1,"ast":0,"sk":0,"int":0,"ffum":0},"00-0027046":{"name":"T.Knighton","tkl":1,"ast":0,"sk":0,"int":0,"ffum":0}},"team":{"totfd":18,"totyds":299,"pyds":165,"ryds":134,"pen":5,"penyds":47,"trnovr":0,"pt":4,"ptyds":165,"ptavg":40,"top":"29:30"}},"players":null},"away":{"score":{"1":0,"2":7,"3":7,"4":3,"5":0,"T":17},"abbr":"DEN","to":1,"stats":{"passing":{"00-0023541":{"name":"K.Orton","att":33,"cmp":21,"yds":295,"tds":1,"ints":1,"twopta":0,"twoptm":0}},"rushing":{"00-0026988":{"name":"K.Moreno","att":15,"yds":60,"tds":1,"lng":17,"lngtd":1,"twopta":0,"twoptm":0},"00-0020270":{"name":"C.Buckhalter","att":6,"yds":15,"tds":0,"lng":7,"lngtd":0,"twopta":0,"twoptm":0},"00-0023541":{"name":"K.Orton","att":2,"yds":12,"tds":0,"lng":7,"lngtd":0,"twopta":0,"twoptm":0},"00-0027876":{"name":"T.Tebow","att":2,"yds":2,"tds":0,"lng":1,"lngtd":0,"twopta":0,"twoptm":0}},"receiving":{"00-0026182":{"name":"E.Royal","rec":8,"yds":98,"tds":0,"lng":25,"lngtd":0,"twopta":0,"twoptm":0},"00-0022097":{"name":"B.Lloyd","rec":5,"yds":117,"tds":0,"lng":41,"lngtd":0,"twopta":0,"twoptm":0},"00-0021163":{"name":"J.Gaffney","rec":3,"yds":34,"tds":1,"lng":15,"lngtd":8,"twopta":0,"twoptm":0},"00-0021154":{"name":"D.Graham","rec":2,"yds":36,"tds":0,"lng":28,"lngtd":0,"twopta":0,"twoptm":0},"00-0026988":{"name":"K.Moreno","rec":1,"yds":4,"tds":0,"lng":4,"lngtd":0,"twopta":0,"twoptm":0},"00-0026323":{"name":"S.Larsen","rec":1,"yds":4,"tds":0,"lng":4,"lngtd":0,"twopta":0,"twoptm":0},"00-0027157":{"name":"D.Gronkowski","rec":1,"yds":2,"tds":0,"lng":2,"lngtd":0,"twopta":0,"twoptm":0}},"fumbles":{"00-0020270":{"name":"C.Buckhalter","tot":1,"rcv":0,"trcv":0,"yds":0,"lost":1}},"kicking":{"00-0023853":{"name":"M.Prater","fgm":1,"fga":1,"fgyds":54,"totpfg":3,"xpmade":2,"xpmissed":0,"xpa":2,"xpb":0,"xptot":2}},"punting":{"00-0026516":{"name":"B.Colquitt","pts":4,"yds":172,"avg":37,"i20":1,"lng":51}},"kickret":{"00-0027737":{"name":"P.Cox","ret":3,"avg":20,"tds":0,"lng":25,"lngtd":0}},"puntret":{"00-0027737":{"name":"P.Cox","ret":1,"avg":4,"tds":0,"lng":4,"lngtd":0}},"defense":{"00-0022780":{"name":"D.Williams","tkl":9,"ast":2,"sk":0,"int":0,"ffum":0},"00-0022034":{"name":"M.Haggan","tkl":5,"ast":0,"sk":0,"int":0,"ffum":0},"00-0026994":{"name":"R.Ayers","tkl":4,"ast":1,"sk":1,"int":0,"ffum":0},"00-0023890":{"name":"J.Hunter","tkl":4,"ast":1,"sk":0,"int":0,"ffum":0},"00-0022828":{"name":"N.Jones","tkl":4,"ast":0,"sk":0,"int":0,"ffum":0},"00-0004073":{"name":"B.Dawkins","tkl":3,"ast":0,"sk":0,"int":0,"ffum":0},"00-0020301":{"name":"R.Hill","tkl":3,"ast":0,"sk":0,"int":0,"ffum":0},"00-0025508":{"name":"M.Thomas","tkl":2,"ast":0,"sk":0,"int":0,"ffum":0},"00-0025519":{"name":"R.McBean","tkl":2,"ast":0,"sk":0,"int":0,"ffum":0},"00-0000585":{"name":"C.Bailey","tkl":2,"ast":0,"sk":0,"int":0,"ffum":0},"00-0017813":{"name":"Ja.Williams","tkl":2,"ast":0,"sk":0,"int":0,"ffum":0},"00-0021194":{"name":"A.Goodman","tkl":1,"ast":0,"sk":0,"int":0,"ffum":0},"00-0023648":{"name":"K.Vickerson","tkl":1,"ast":0,"sk":0,"int":0,"ffum":0}},"team":{"totfd":21,"totyds":363,"pyds":274,"ryds":89,"pen":7,"penyds":70,"trnovr":2,"pt":4,"ptyds":172,"ptavg":37,"top":"30:30"}},"players":null},"drives":{"1":{"posteam":"DEN","qtr":1,"redzone":true,"plays":{"39":{"sp":0,"qtr":1,"down":0,"time":"15:00","yrdln":"JAC 30","ydstogo":0,"ydsnet":0,"posteam":"JAC","desc":"J.Scobee kicks 67 yards from JAC 30 to DEN 3. P.Cox to DEN 21 for 18 yards (J.Cutrera).","note":"KICKOFF","players":{"00-0027501":[{"sequence":3,"clubcode":"JAC","playerName":"J.Cutrera","statId":79,"yards":0}],"00-0027737":[{"sequence":2,"clubcode":"DEN","playerName":"P.Cox","statId":45,"yards":18}],"00-0022874":[{"sequence":1,"clubcode":"JAC","playerName":"J.Scobee","statId":41,"yards":67}]}},"61":{"sp":0,"qtr":1,"down":1,"time":"14:56","yrdln":"DEN 21","ydstogo":10,"ydsnet":28,"posteam":"DEN","desc":"(14:56) K.Orton pass short left to D.Graham to DEN 49 for 28 yards (J.Durant).","note":null,"players":{"00-0023541":[{"sequence":2,"clubcode":"DEN","playerName":"K.Orton","statId":15,"yards":28},{"sequence":3,"clubcode":"DEN","playerName":"K.Orton","statId":111,"yards":4}],"00-0021154":[{"sequence":4,"clubcode":"DEN","playerName":"D.Graham","statId":21,"yards":28},{"sequence":5,"clubcode":"DEN","playerName":"D.Graham","statId":115,"yards":0},{"sequence":6,"clubcode":"DEN","playerName":"D.Graham","statId":113,"yards":24}],"0":[{"sequence":1,"clubcode":"DEN","playerName":"","statId":4,"yards":0}],"00-0025435":[{"sequence":7,"clubcode":"JAC","playerName":"J.Durant","statId":79,"yards":0}]}},"85":{"sp":0,"qtr":1,"down":1,"time":"14:28","yrdln":"DEN 49","ydstogo":10,"ydsnet":38,"posteam":"DEN","desc":"(14:28) K.Moreno left end to JAC 41 for 10 yards (S.Considine).","note":null,"players":{"00-0023537":[{"sequence":3,"clubcode":"JAC","playerName":"S.Considine","statId":79,"yards":0}],"00-0026988":[{"sequence":2,"clubcode":"DEN","playerName":"K.Moreno","statId":10,"yards":10}],"0":[{"sequence":1,"clubcode":"DEN","playerName":"","statId":3,"yards":0}]}},"106":{"sp":0,"qtr":1,"down":1,"time":"13:49","yrdln":"JAC 41","ydstogo":10,"ydsnet":39,"posteam":"DEN","desc":"(13:49) DB15 at QB (Shotgun) T.Tebow up the middle to JAC 40 for 1 yard (T.Alualu).","note":null,"players":{"00-0027876":[{"sequence":1,"clubcode":"DEN","playerName":"T.Tebow","statId":10,"yards":1}],"00-0027862":[{"sequence":2,"clubcode":"JAC","playerName":"T.Alualu","statId":79,"yards":0}]}},"131":{"sp":0,"qtr":1,"down":2,"time":"13:09","yrdln":"JAC 40","ydstogo":9,"ydsnet":52,"posteam":"DEN","desc":"(13:09) (Shotgun) K.Orton pass short middle to E.Royal to JAC 27 for 13 yards (A.Smith).","note":null,"players":{"00-0023541":[{"sequence":2,"clubcode":"DEN","playerName":"K.Orton","statId":15,"yards":13},{"sequence":3,"clubcode":"DEN","playerName":"K.Orton","statId":111,"yards":4}],"00-0026182":[{"sequence":4,"clubcode":"DEN","playerName":"E.Royal","statId":21,"yards":13},{"sequence":5,"clubcode":"DEN","playerName":"E.Royal","statId":115,"yards":0},{"sequence":6,"clubcode":"DEN","playerName":"E.Royal","statId":113,"yards":9}],"00-0024298":[{"sequence":7,"clubcode":"JAC","playerName":"A.Smith","statId":79,"yards":0}],"0":[{"sequence":1,"clubcode":"DEN","playerName":"","statId":4,"yards":0}]}},"155":{"sp":0,"qtr":1,"down":1,"time":"12:31","yrdln":"JAC 27","ydstogo":10,"ydsnet":60,"posteam":"DEN","desc":"(12:31) DB15 at WR (Shotgun) K.Orton pass short left to D.Graham to JAC 19 for 8 yards (D.Cox).","note":null,"players":{"00-0027047":[{"sequence":6,"clubcode":"JAC","playerName":"D.Cox","statId":79,"yards":0}],"00-0023541":[{"sequence":1,"clubcode":"DEN","playerName":"K.Orton","statId":15,"yards":8},{"sequence":2,"clubcode":"DEN","playerName":"K.Orton","statId":111,"yards":4}],"00-0021154":[{"sequence":3,"clubcode":"DEN","playerName":"D.Graham","statId":21,"yards":8},{"sequence":4,"clubcode":"DEN","playerName":"D.Graham","statId":115,"yards":0},{"sequence":5,"clubcode":"DEN","playerName":"D.Graham","statId":113,"yards":4}]}},"183":{"sp":0,"qtr":1,"down":2,"time":"11:57","yrdln":"JAC 19","ydstogo":2,"ydsnet":61,"posteam":"DEN","desc":"(11:57) K.Moreno up the middle to JAC 18 for 1 yard (K.Morrison).","note":null,"players":{"00-0023513":[{"sequence":2,"clubcode":"JAC","playerName":"K.Morrison","statId":79,"yards":0}],"00-0026988":[{"sequence":1,"clubcode":"DEN","playerName":"K.Moreno","statId":10,"yards":1}]}},"204":{"sp":0,"qtr":1,"down":3,"time":"11:21","yrdln":"JAC 18","ydstogo":1,"ydsnet":51,"posteam":"DEN","desc":"(11:21) K.Moreno right end to JAC 12 for 6 yards (A.Smith). PENALTY on DEN-Z.Beadles, Offensive Holding, 10 yards, enforced at JAC 18 - No Play.","note":"PENALTY","players":{"00-0027658":[{"sequence":1,"clubcode":"DEN","playerName":"Z.Beadles","statId":93,"yards":10}]}},"236":{"sp":0,"qtr":1,"down":3,"time":"10:58","yrdln":"JAC 28","ydstogo":11,"ydsnet":43,"posteam":"DEN","desc":"(10:58) (Shotgun) K.Orton sacked at JAC 36 for -8 yards (A.Kampman, Da.Smith).","note":null,"players":{"00-0023541":[{"sequence":2,"clubcode":"DEN","playerName":"K.Orton","statId":20,"yards":-8}],"00-0021269":[{"sequence":3,"clubcode":"JAC","playerName":"A.Kampman","statId":83,"yards":-8},{"sequence":4,"clubcode":"JAC","playerName":"A.Kampman","statId":110,"yards":0},{"sequence":5,"clubcode":"JAC","playerName":"A.Kampman","statId":80,"yards":0},{"sequence":7,"clubcode":"JAC","playerName":"A.Kampman","statId":120,"yards":0}],"00-0022839":[{"sequence":6,"clubcode":"JAC","playerName":"Da.Smith","statId":82,"yards":0}],"0":[{"sequence":1,"clubcode":"DEN","playerName":"","statId":7,"yards":0}]}},"255":{"sp":0,"qtr":1,"down":4,"time":"10:31","yrdln":"JAC 36","ydstogo":19,"ydsnet":43,"posteam":"DEN","desc":"(10:31) B.Colquitt punts 28 yards to JAC 8, Center-L.Paxton, fair catch by R.Mathis.","note":"PUNT","players":{"00-0022080":[{"sequence":3,"clubcode":"JAC","playerName":"R.Mathis","statId":39,"yards":0}],"00-0026516":[{"sequence":1,"clubcode":"DEN","playerName":"B.Colquitt","statId":29,"yards":28},{"sequence":2,"clubcode":"DEN","playerName":"B.Colquitt","statId":30,"yards":0}]}}},"fds":3,"result":"Punt","penyds":-10,"ydsgained":53,"numplays":10,"postime":"4:36","start":{"qtr":1,"time":"15:00","yrdln":"DEN 21","team":"DEN"},"end":{"qtr":1,"time":"10:24","yrdln":"JAC 36","team":"DEN"}},"2":{"posteam":"JAC","qtr":1,"redzone":true,"plays":{"275":{"sp":0,"qtr":1,"down":1,"time":"10:24","yrdln":"JAC 8","ydstogo":10,"ydsnet":0,"posteam":"JAC","desc":"(10:24) D.Garrard pass incomplete short middle to M.Sims-Walker.","note":null,"players":{"00-0021231":[{"sequence":1,"clubcode":"JAC","playerName":"D.Garrard","statId":14,"yards":0},{"sequence":3,"clubcode":"JAC","playerName":"D.Garrard","statId":112,"yards":15}],"00-0025466":[{"sequence":2,"clubcode":"JAC","playerName":"M.Sims-Walker","statId":115,"yards":0}]}},"297":{"sp":0,"qtr":1,"down":2,"time":"10:18","yrdln":"JAC 8","ydstogo":10,"ydsnet":5,"posteam":"JAC","desc":"(10:18) (Shotgun) M.Jones-Drew up the middle to JAC 13 for 5 yards (N.Jones).","note":null,"players":{"00-0024275":[{"sequence":1,"clubcode":"JAC","playerName":"M.Jones-Drew","statId":10,"yards":5}],"00-0022828":[{"sequence":2,"clubcode":"DEN","playerName":"N.Jones","statId":79,"yards":0}]}},"318":{"sp":0,"qtr":1,"down":3,"time":"09:35","yrdln":"JAC 13","ydstogo":5,"ydsnet":28,"posteam":"JAC","desc":"(9:35) (Shotgun) D.Garrard pass deep right to M.Thomas ran ob at JAC 36 for 23 yards.","note":null,"players":{"00-0021231":[{"sequence":3,"clubcode":"JAC","playerName":"D.Garrard","statId":15,"yards":23},{"sequence":4,"clubcode":"JAC","playerName":"D.Garrard","statId":111,"yards":17}],"0":[{"sequence":1,"clubcode":"JAC","playerName":"","statId":4,"yards":0},{"sequence":2,"clubcode":"JAC","playerName":"","statId":6,"yards":0}],"00-0027076":[{"sequence":5,"clubcode":"JAC","playerName":"M.Thomas","statId":21,"yards":23},{"sequence":6,"clubcode":"JAC","playerName":"M.Thomas","statId":115,"yards":0},{"sequence":7,"clubcode":"JAC","playerName":"M.Thomas","statId":113,"yards":6}]}},"347":{"sp":0,"qtr":1,"down":1,"time":"09:13","yrdln":"JAC 36","ydstogo":10,"ydsnet":30,"posteam":"JAC","desc":"(9:13) M.Jones-Drew up the middle to JAC 38 for 2 yards (M.Thomas).","note":null,"players":{"00-0025508":[{"sequence":2,"clubcode":"DEN","playerName":"M.Thomas","statId":79,"yards":0}],"00-0024275":[{"sequence":1,"clubcode":"JAC","playerName":"M.Jones-Drew","statId":10,"yards":2}]}},"368":{"sp":0,"qtr":1,"down":2,"time":"08:33","yrdln":"JAC 38","ydstogo":8,"ydsnet":29,"posteam":"JAC","desc":"(8:33) M.Jones-Drew up the middle to JAC 42 for 4 yards (M.Haggan). PENALTY on JAC-J.Smiley, Offensive Holding, 10 yards, enforced at JAC 42.","note":"PENALTY","players":{"00-0024275":[{"sequence":1,"clubcode":"JAC","playerName":"M.Jones-Drew","statId":10,"yards":4}],"00-0022034":[{"sequence":2,"clubcode":"DEN","playerName":"M.Haggan","statId":79,"yards":0}],"00-0022895":[{"sequence":3,"clubcode":"JAC","playerName":"J.Smiley","statId":93,"yards":10}]}},"400":{"sp":0,"qtr":1,"down":2,"time":"08:07","yrdln":"JAC 32","ydstogo":14,"ydsnet":29,"posteam":"JAC","desc":"(8:07) D.Garrard scrambles right end to JAC 37 for 5 yards (N.Jones).","note":null,"players":{"00-0021231":[{"sequence":1,"clubcode":"JAC","playerName":"D.Garrard","statId":10,"yards":5}],"00-0022828":[{"sequence":2,"clubcode":"DEN","playerName":"N.Jones","statId":79,"yards":0}]}},"421":{"sp":0,"qtr":1,"down":3,"time":"07:35","yrdln":"JAC 37","ydstogo":9,"ydsnet":29,"posteam":"JAC","desc":"(7:35) (Shotgun) D.Garrard pass incomplete short left to R.Jennings [N.Jones].","note":null,"players":{"00-0027155":[{"sequence":3,"clubcode":"JAC","playerName":"R.Jennings","statId":115,"yards":0}],"00-0021231":[{"sequence":2,"clubcode":"JAC","playerName":"D.Garrard","statId":14,"yards":0},{"sequence":5,"clubcode":"JAC","playerName":"D.Garrard","statId":112,"yards":0}],"00-0022828":[{"sequence":4,"clubcode":"DEN","playerName":"N.Jones","statId":110,"yards":0}],"0":[{"sequence":1,"clubcode":"JAC","playerName":"","statId":7,"yards":0}]}},"443":{"sp":0,"qtr":1,"down":4,"time":"07:31","yrdln":"JAC 37","ydstogo":9,"ydsnet":29,"posteam":"JAC","desc":"(7:31) A.Podlesh punts 56 yards to DEN 7, Center-J.Cain, out of bounds.","note":"PUNT","players":{"00-0025488":[{"sequence":1,"clubcode":"JAC","playerName":"A.Podlesh","statId":29,"yards":56},{"sequence":2,"clubcode":"JAC","playerName":"A.Podlesh","statId":30,"yards":0}],"0":[{"sequence":3,"clubcode":"DEN","playerName":"","statId":37,"yards":0}]}}},"fds":1,"result":"Punt","penyds":-10,"ydsgained":39,"numplays":8,"postime":"3:01","start":{"qtr":1,"time":"10:24","yrdln":"JAC 8","team":"JAC"},"end":{"qtr":1,"time":"07:23","yrdln":"JAC 37","team":"JAC"}},"3":{"posteam":"DEN","qtr":1,"redzone":true,"plays":{"461":{"sp":0,"qtr":1,"down":1,"time":"07:23","yrdln":"DEN 7","ydstogo":10,"ydsnet":0,"posteam":"DEN","desc":"(7:23) K.Orton pass incomplete short left to J.Gaffney.","note":null,"players":{"00-0023541":[{"sequence":1,"clubcode":"DEN","playerName":"K.Orton","statId":14,"yards":0},{"sequence":3,"clubcode":"DEN","playerName":"K.Orton","statId":112,"yards":13}],"00-0021163":[{"sequence":2,"clubcode":"DEN","playerName":"J.Gaffney","statId":115,"yards":0}]}},"483":{"sp":0,"qtr":1,"down":2,"time":"07:18","yrdln":"DEN 7","ydstogo":10,"ydsnet":13,"posteam":"DEN","desc":"(7:18) (Shotgun) K.Orton pass short left to B.Lloyd to DEN 20 for 13 yards (D.Cox).","note":null,"players":{"00-0027047":[{"sequence":7,"clubcode":"JAC","playerName":"D.Cox","statId":79,"yards":0}],"00-0023541":[{"sequence":2,"clubcode":"DEN","playerName":"K.Orton","statId":15,"yards":13},{"sequence":3,"clubcode":"DEN","playerName":"K.Orton","statId":111,"yards":8}],"00-0022097":[{"sequence":4,"clubcode":"DEN","playerName":"B.Lloyd","statId":21,"yards":13},{"sequence":5,"clubcode":"DEN","playerName":"B.Lloyd","statId":115,"yards":0},{"sequence":6,"clubcode":"DEN","playerName":"B.Lloyd","statId":113,"yards":5}],"0":[{"sequence":1,"clubcode":"DEN","playerName":"","statId":4,"yards":0}]}},"507":{"sp":0,"qtr":1,"down":1,"time":"06:48","yrdln":"DEN 20","ydstogo":10,"ydsnet":17,"posteam":"DEN","desc":"(6:48) K.Moreno right end to DEN 24 for 4 yards (Da.Smith).","note":null,"players":{"00-0022839":[{"sequence":2,"clubcode":"JAC","playerName":"Da.Smith","statId":79,"yards":0}],"00-0026988":[{"sequence":1,"clubcode":"DEN","playerName":"K.Moreno","statId":10,"yards":4}]}},"528":{"sp":0,"qtr":1,"down":2,"time":"06:05","yrdln":"DEN 24","ydstogo":6,"ydsnet":20,"posteam":"DEN","desc":"(6:05) C.Buckhalter right end to DEN 27 for 3 yards (K.Morrison).","note":null,"players":{"00-0023513":[{"sequence":2,"clubcode":"JAC","playerName":"K.Morrison","statId":79,"yards":0}],"00-0020270":[{"sequence":1,"clubcode":"DEN","playerName":"C.Buckhalter","statId":10,"yards":3}]}},"549":{"sp":0,"qtr":1,"down":3,"time":"05:28","yrdln":"DEN 27","ydstogo":3,"ydsnet":20,"posteam":"DEN","desc":"(5:28) (Shotgun) K.Orton pass incomplete short middle to J.Gaffney.","note":null,"players":{"00-0023541":[{"sequence":2,"clubcode":"DEN","playerName":"K.Orton","statId":14,"yards":0},{"sequence":4,"clubcode":"DEN","playerName":"K.Orton","statId":112,"yards":5}],"0":[{"sequence":1,"clubcode":"DEN","playerName":"","statId":7,"yards":0}],"00-0021163":[{"sequence":3,"clubcode":"DEN","playerName":"J.Gaffney","statId":115,"yards":0}]}},"571":{"sp":0,"qtr":1,"down":4,"time":"05:24","yrdln":"DEN 27","ydstogo":3,"ydsnet":20,"posteam":"DEN","desc":"(5:24) B.Colquitt punts 51 yards to JAC 22, Center-L.Paxton. M.Thomas to JAC 26 for 4 yards (W.Woodyard).","note":"PUNT","players":{"00-0025828":[{"sequence":3,"clubcode":"DEN","playerName":"W.Woodyard","statId":79,"yards":0}],"00-0026516":[{"sequence":1,"clubcode":"DEN","playerName":"B.Colquitt","statId":29,"yards":51}],"00-0027076":[{"sequence":2,"clubcode":"JAC","playerName":"M.Thomas","statId":33,"yards":4}]}}},"fds":1,"result":"Punt","penyds":0,"ydsgained":20,"numplays":6,"postime":"2:10","start":{"qtr":1,"time":"07:23","yrdln":"DEN 7","team":"DEN"},"end":{"qtr":1,"time":"05:13","yrdln":"DEN 27","team":"DEN"}},"4":{"posteam":"JAC","qtr":1,"redzone":true,"plays":{"597":{"sp":0,"qtr":1,"down":1,"time":"05:13","yrdln":"JAC 26","ydstogo":10,"ydsnet":1,"posteam":"JAC","desc":"(5:13) M.Jones-Drew left end to JAC 27 for 1 yard (B.Dawkins).","note":null,"players":{"00-0004073":[{"sequence":2,"clubcode":"DEN","playerName":"B.Dawkins","statId":79,"yards":0}],"00-0024275":[{"sequence":1,"clubcode":"JAC","playerName":"M.Jones-Drew","statId":10,"yards":1}]}},"618":{"sp":0,"qtr":1,"down":2,"time":"04:31","yrdln":"JAC 27","ydstogo":9,"ydsnet":16,"posteam":"JAC","desc":"(4:31) (Shotgun) D.Garrard pass incomplete short middle to M.Lewis. PENALTY on DEN-B.Dawkins, Defensive Pass Interference, 15 yards, enforced at JAC 27 - No Play.","note":"PENALTY","players":{"00-0004073":[{"sequence":2,"clubcode":"DEN","playerName":"B.Dawkins","statId":93,"yards":15}],"0":[{"sequence":1,"clubcode":"JAC","playerName":"","statId":5,"yards":0}]}},"651":{"sp":0,"qtr":1,"down":1,"time":"04:26","yrdln":"JAC 42","ydstogo":10,"ydsnet":19,"posteam":"JAC","desc":"(4:26) (Shotgun) D.Garrard pass short middle to M.Thomas to JAC 45 for 3 yards (N.Jones).","note":null,"players":{"00-0021231":[{"sequence":1,"clubcode":"JAC","playerName":"D.Garrard","statId":15,"yards":3},{"sequence":2,"clubcode":"JAC","playerName":"D.Garrard","statId":111,"yards":3}],"00-0022828":[{"sequence":6,"clubcode":"DEN","playerName":"N.Jones","statId":79,"yards":0}],"00-0027076":[{"sequence":3,"clubcode":"JAC","playerName":"M.Thomas","statId":21,"yards":3},{"sequence":4,"clubcode":"JAC","playerName":"M.Thomas","statId":115,"yards":0},{"sequence":5,"clubcode":"JAC","playerName":"M.Thomas","statId":113,"yards":0}]}},"675":{"sp":0,"qtr":1,"down":2,"time":"03:45","yrdln":"JAC 45","ydstogo":7,"ydsnet":37,"posteam":"JAC","desc":"(3:45) M.Jones-Drew right end to DEN 37 for 18 yards (B.Dawkins).","note":null,"players":{"00-0004073":[{"sequence":3,"clubcode":"DEN","playerName":"B.Dawkins","statId":79,"yards":0}],"00-0024275":[{"sequence":2,"clubcode":"JAC","playerName":"M.Jones-Drew","statId":10,"yards":18}],"0":[{"sequence":1,"clubcode":"JAC","playerName":"","statId":3,"yards":0}]}},"696":{"sp":0,"qtr":1,"down":1,"time":"03:03","yrdln":"DEN 37","ydstogo":10,"ydsnet":42,"posteam":"JAC","desc":"(3:03) R.Jennings left end to DEN 32 for 5 yards (J.Hunter).","note":null,"players":{"00-0027155":[{"sequence":1,"clubcode":"JAC","playerName":"R.Jennings","statId":10,"yards":5}],"00-0023890":[{"sequence":2,"clubcode":"DEN","playerName":"J.Hunter","statId":79,"yards":0}]}},"717":{"sp":0,"qtr":1,"down":2,"time":"02:26","yrdln":"DEN 32","ydstogo":5,"ydsnet":37,"posteam":"JAC","desc":"(2:26) D.Garrard sacked at DEN 37 for -5 yards (R.Ayers).","note":null,"players":{"00-0021231":[{"sequence":1,"clubcode":"JAC","playerName":"D.Garrard","statId":20,"yards":-5}],"00-0026994":[{"sequence":2,"clubcode":"DEN","playerName":"R.Ayers","statId":83,"yards":-5},{"sequence":3,"clubcode":"DEN","playerName":"R.Ayers","statId":110,"yards":0},{"sequence":4,"clubcode":"DEN","playerName":"R.Ayers","statId":79,"yards":0},{"sequence":5,"clubcode":"DEN","playerName":"R.Ayers","statId":120,"yards":0}]}},"736":{"sp":0,"qtr":1,"down":0,"time":"02:00","yrdln":"","ydstogo":0,"ydsnet":37,"posteam":"","desc":"Timeout #1 by JAC at 02:00.","note":"TIMEOUT","players":{"0":[{"sequence":1,"clubcode":"JAC","playerName":"","statId":68,"yards":0}]}},"753":{"sp":0,"qtr":1,"down":3,"time":"02:00","yrdln":"DEN 37","ydstogo":10,"ydsnet":37,"posteam":"JAC","desc":"(2:00) (Shotgun) D.Garrard pass incomplete deep middle to J.Matthews.","note":null,"players":{"00-0021231":[{"sequence":2,"clubcode":"JAC","playerName":"D.Garrard","statId":14,"yards":0},{"sequence":4,"clubcode":"JAC","playerName":"D.Garrard","statId":112,"yards":21}],"0":[{"sequence":1,"clubcode":"JAC","playerName":"","statId":7,"yards":0}],"00-0026665":[{"sequence":3,"clubcode":"JAC","playerName":"J.Matthews","statId":115,"yards":0}]}},"775":{"sp":0,"qtr":1,"down":4,"time":"01:55","yrdln":"DEN 37","ydstogo":10,"ydsnet":37,"posteam":"JAC","desc":"(1:55) A.Podlesh punts 33 yards to DEN 4, Center-J.Cain, downed by JAC-M.Owens.","note":"PUNT","players":{"00-0025488":[{"sequence":1,"clubcode":"JAC","playerName":"A.Podlesh","statId":29,"yards":33},{"sequence":2,"clubcode":"JAC","playerName":"A.Podlesh","statId":30,"yards":0}],"0":[{"sequence":3,"clubcode":"DEN","playerName":"","statId":38,"yards":0}]}}},"fds":2,"result":"Punt","penyds":15,"ydsgained":22,"numplays":9,"postime":"3:29","start":{"qtr":1,"time":"05:13","yrdln":"JAC 26","team":"JAC"},"end":{"qtr":1,"time":"01:44","yrdln":"DEN 37","team":"JAC"}},"5":{"posteam":"DEN","qtr":2,"redzone":true,"plays":{"795":{"sp":0,"qtr":1,"down":1,"time":"01:44","yrdln":"DEN 4","ydstogo":10,"ydsnet":3,"posteam":"DEN","desc":"(1:44) K.Moreno right end to DEN 7 for 3 yards (Da.Smith).","note":null,"players":{"00-0022839":[{"sequence":2,"clubcode":"JAC","playerName":"Da.Smith","statId":79,"yards":0}],"00-0026988":[{"sequence":1,"clubcode":"DEN","playerName":"K.Moreno","statId":10,"yards":3}]}},"816":{"sp":0,"qtr":1,"down":2,"time":"01:12","yrdln":"DEN 7","ydstogo":7,"ydsnet":14,"posteam":"DEN","desc":"(1:12) (Shotgun) K.Orton pass short left to J.Gaffney to DEN 18 for 11 yards (W.Middleton).","note":null,"players":{"00-0023541":[{"sequence":2,"clubcode":"DEN","playerName":"K.Orton","statId":15,"yards":11},{"sequence":3,"clubcode":"DEN","playerName":"K.Orton","statId":111,"yards":-3}],"0":[{"sequence":1,"clubcode":"DEN","playerName":"","statId":4,"yards":0}],"00-0021163":[{"sequence":4,"clubcode":"DEN","playerName":"J.Gaffney","statId":21,"yards":11},{"sequence":5,"clubcode":"DEN","playerName":"J.Gaffney","statId":115,"yards":0},{"sequence":6,"clubcode":"DEN","playerName":"J.Gaffney","statId":113,"yards":14}],"00-0026912":[{"sequence":7,"clubcode":"JAC","playerName":"W.Middleton","statId":79,"yards":0}]}},"840":{"sp":0,"qtr":1,"down":1,"time":"00:35","yrdln":"DEN 18","ydstogo":10,"ydsnet":13,"posteam":"DEN","desc":"(:35) K.Moreno left end to DEN 17 for -1 yards (J.Durant).","note":null,"players":{"00-0026988":[{"sequence":1,"clubcode":"DEN","playerName":"K.Moreno","statId":10,"yards":-1}],"0":[{"sequence":2,"clubcode":"DEN","playerName":"","statId":95,"yards":-1}],"00-0025435":[{"sequence":3,"clubcode":"JAC","playerName":"J.Durant","statId":79,"yards":0},{"sequence":4,"clubcode":"JAC","playerName":"J.Durant","statId":120,"yards":0}]}},"861":{"sp":0,"qtr":1,"down":0,"time":"","yrdln":"","ydstogo":0,"ydsnet":71,"posteam":"","desc":"END QUARTER 1","note":null,"players":{}},"877":{"sp":0,"qtr":2,"down":2,"time":"15:00","yrdln":"DEN 17","ydstogo":11,"ydsnet":71,"posteam":"DEN","desc":"(15:00) K.Orton pass short left to E.Royal ran ob at DEN 40 for 23 yards (A.Smith). Temp 93 deg; Heat index 104; Humidity 55%","note":null,"players":{"00-0023541":[{"sequence":2,"clubcode":"DEN","playerName":"K.Orton","statId":15,"yards":23},{"sequence":3,"clubcode":"DEN","playerName":"K.Orton","statId":111,"yards":4}],"00-0026182":[{"sequence":4,"clubcode":"DEN","playerName":"E.Royal","statId":21,"yards":23},{"sequence":5,"clubcode":"DEN","playerName":"E.Royal","statId":115,"yards":0},{"sequence":6,"clubcode":"DEN","playerName":"E.Royal","statId":113,"yards":19}],"00-0024298":[{"sequence":7,"clubcode":"JAC","playerName":"A.Smith","statId":79,"yards":0}],"0":[{"sequence":1,"clubcode":"DEN","playerName":"","statId":4,"yards":0}]}},"901":{"sp":0,"qtr":2,"down":1,"time":"14:28","yrdln":"DEN 40","ydstogo":10,"ydsnet":37,"posteam":"DEN","desc":"(14:28) (Shotgun) T.Tebow right end to DEN 41 for 1 yard (D.Harvey).","note":null,"players":{"00-0027876":[{"sequence":1,"clubcode":"DEN","playerName":"T.Tebow","statId":10,"yards":1}],"00-0026148":[{"sequence":2,"clubcode":"JAC","playerName":"D.Harvey","statId":79,"yards":0}]}},"922":{"sp":0,"qtr":2,"down":2,"time":"13:47","yrdln":"DEN 41","ydstogo":9,"ydsnet":43,"posteam":"DEN","desc":"(13:47) (Shotgun) K.Orton pass short right to E.Royal to DEN 47 for 6 yards (Da.Smith) [D.Harvey].","note":null,"players":{"00-0023541":[{"sequence":1,"clubcode":"DEN","playerName":"K.Orton","statId":15,"yards":6},{"sequence":2,"clubcode":"DEN","playerName":"K.Orton","statId":111,"yards":6}],"00-0026182":[{"sequence":3,"clubcode":"DEN","playerName":"E.Royal","statId":21,"yards":6},{"sequence":4,"clubcode":"DEN","playerName":"E.Royal","statId":115,"yards":0},{"sequence":5,"clubcode":"DEN","playerName":"E.Royal","statId":113,"yards":0}],"00-0022839":[{"sequence":7,"clubcode":"JAC","playerName":"Da.Smith","statId":79,"yards":0}],"00-0026148":[{"sequence":6,"clubcode":"JAC","playerName":"D.Harvey","statId":110,"yards":0}]}},"946":{"sp":0,"qtr":2,"down":3,"time":"12:59","yrdln":"DEN 47","ydstogo":3,"ydsnet":38,"posteam":"DEN","desc":"(12:59) (Shotgun) PENALTY on DEN-K.Orton, Delay of Game, 5 yards, enforced at DEN 47 - No Play.","note":"PENALTY","players":{"00-0023541":[{"sequence":1,"clubcode":"DEN","playerName":"K.Orton","statId":93,"yards":5}]}},"980":{"sp":0,"qtr":2,"down":3,"time":"12:36","yrdln":"DEN 42","ydstogo":8,"ydsnet":49,"posteam":"DEN","desc":"(12:36) (Shotgun) K.Orton pass short middle to E.Royal to JAC 47 for 11 yards (D.Cox) [A.Kampman].","note":null,"players":{"00-0027047":[{"sequence":9,"clubcode":"JAC","playerName":"D.Cox","statId":79,"yards":0}],"00-0023541":[{"sequence":3,"clubcode":"DEN","playerName":"K.Orton","statId":15,"yards":11},{"sequence":4,"clubcode":"DEN","playerName":"K.Orton","statId":111,"yards":0}],"00-0021269":[{"sequence":8,"clubcode":"JAC","playerName":"A.Kampman","statId":110,"yards":0}],"00-0026182":[{"sequence":5,"clubcode":"DEN","playerName":"E.Royal","statId":21,"yards":11},{"sequence":6,"clubcode":"DEN","playerName":"E.Royal","statId":115,"yards":0},{"sequence":7,"clubcode":"DEN","playerName":"E.Royal","statId":113,"yards":11}],"0":[{"sequence":1,"clubcode":"DEN","playerName":"","statId":4,"yards":0},{"sequence":2,"clubcode":"DEN","playerName":"","statId":6,"yards":0}]}},"1004":{"sp":0,"qtr":2,"down":1,"time":"11:52","yrdln":"JAC 47","ydstogo":10,"ydsnet":52,"posteam":"DEN","desc":"(11:52) K.Moreno right end to JAC 44 for 3 yards (R.Mathis; A.Smith).","note":null,"players":{"00-0022080":[{"sequence":2,"clubcode":"JAC","playerName":"R.Mathis","statId":82,"yards":0}],"00-0024298":[{"sequence":3,"clubcode":"JAC","playerName":"A.Smith","statId":82,"yards":0}],"00-0026988":[{"sequence":1,"clubcode":"DEN","playerName":"K.Moreno","statId":10,"yards":3}]}},"1025":{"sp":0,"qtr":2,"down":2,"time":"11:12","yrdln":"JAC 44","ydstogo":7,"ydsnet":56,"posteam":"DEN","desc":"(11:12) K.Orton pass short middle to K.Moreno to JAC 40 for 4 yards (Da.Smith; K.Morrison) [A.Kampman].","note":null,"players":{"00-0023513":[{"sequence":8,"clubcode":"JAC","playerName":"K.Morrison","statId":82,"yards":0}],"00-0023541":[{"sequence":1,"clubcode":"DEN","playerName":"K.Orton","statId":15,"yards":4},{"sequence":2,"clubcode":"DEN","playerName":"K.Orton","statId":111,"yards":3}],"00-0021269":[{"sequence":6,"clubcode":"JAC","playerName":"A.Kampman","statId":110,"yards":0}],"00-0022839":[{"sequence":7,"clubcode":"JAC","playerName":"Da.Smith","statId":82,"yards":0}],"00-0026988":[{"sequence":3,"clubcode":"DEN","playerName":"K.Moreno","statId":21,"yards":4},{"sequence":4,"clubcode":"DEN","playerName":"K.Moreno","statId":115,"yards":0},{"sequence":5,"clubcode":"DEN","playerName":"K.Moreno","statId":113,"yards":1}]}},"1049":{"sp":0,"qtr":2,"down":3,"time":"10:29","yrdln":"JAC 40","ydstogo":3,"ydsnet":58,"posteam":"DEN","desc":"(10:29) (Shotgun) C.Buckhalter right end to JAC 38 for 2 yards (Da.Smith).","note":null,"players":{"00-0022839":[{"sequence":3,"clubcode":"JAC","playerName":"Da.Smith","statId":79,"yards":0}],"00-0020270":[{"sequence":2,"clubcode":"DEN","playerName":"C.Buckhalter","statId":10,"yards":2}],"0":[{"sequence":1,"clubcode":"DEN","playerName":"","statId":7,"yards":0}]}},"1070":{"sp":0,"qtr":2,"down":0,"time":"09:45","yrdln":"","ydstogo":0,"ydsnet":58,"posteam":"","desc":"Timeout #2 by JAC at 09:45.","note":"TIMEOUT","players":{"0":[{"sequence":1,"clubcode":"JAC","playerName":"","statId":68,"yards":0}]}},"1087":{"sp":0,"qtr":2,"down":4,"time":"09:45","yrdln":"JAC 38","ydstogo":1,"ydsnet":60,"posteam":"DEN","desc":"(9:45) C.Buckhalter right end to JAC 36 for 2 yards (D.Harvey).","note":null,"players":{"00-0020270":[{"sequence":3,"clubcode":"DEN","playerName":"C.Buckhalter","statId":10,"yards":2}],"0":[{"sequence":1,"clubcode":"DEN","playerName":"","statId":3,"yards":0},{"sequence":2,"clubcode":"DEN","playerName":"","statId":8,"yards":0}],"00-0026148":[{"sequence":4,"clubcode":"JAC","playerName":"D.Harvey","statId":79,"yards":0}]}},"1108":{"sp":0,"qtr":2,"down":1,"time":"09:05","yrdln":"JAC 36","ydstogo":10,"ydsnet":64,"posteam":"DEN","desc":"(9:05) K.Orton pass short right to S.Larsen to JAC 32 for 4 yards (J.Durant) [Da.Smith].","note":null,"players":{"00-0026323":[{"sequence":3,"clubcode":"DEN","playerName":"S.Larsen","statId":21,"yards":4},{"sequence":4,"clubcode":"DEN","playerName":"S.Larsen","statId":115,"yards":0},{"sequence":5,"clubcode":"DEN","playerName":"S.Larsen","statId":113,"yards":4}],"00-0023541":[{"sequence":1,"clubcode":"DEN","playerName":"K.Orton","statId":15,"yards":4},{"sequence":2,"clubcode":"DEN","playerName":"K.Orton","statId":111,"yards":0}],"00-0022839":[{"sequence":6,"clubcode":"JAC","playerName":"Da.Smith","statId":110,"yards":0}],"00-0025435":[{"sequence":7,"clubcode":"JAC","playerName":"J.Durant","statId":79,"yards":0}]}},"1132":{"sp":0,"qtr":2,"down":2,"time":"08:25","yrdln":"JAC 32","ydstogo":6,"ydsnet":71,"posteam":"DEN","desc":"(8:25) C.Buckhalter right end to JAC 25 for 7 yards (Da.Smith). FUMBLES (Da.Smith), RECOVERED by JAC-S.Considine at JAC 24. S.Considine to JAC 24 for no gain (D.Batiste).","note":"FUMBLE","players":{"00-0024483":[{"sequence":7,"clubcode":"DEN","playerName":"D.Batiste","statId":79,"yards":0}],"00-0023537":[{"sequence":6,"clubcode":"JAC","playerName":"S.Considine","statId":59,"yards":0}],"00-0022839":[{"sequence":2,"clubcode":"JAC","playerName":"Da.Smith","statId":79,"yards":0},{"sequence":5,"clubcode":"JAC","playerName":"Da.Smith","statId":91,"yards":0}],"00-0020270":[{"sequence":1,"clubcode":"DEN","playerName":"C.Buckhalter","statId":10,"yards":7},{"sequence":3,"clubcode":"DEN","playerName":"C.Buckhalter","statId":52,"yards":0},{"sequence":4,"clubcode":"DEN","playerName":"C.Buckhalter","statId":106,"yards":0}]}}},"fds":4,"result":"Fumble","penyds":-5,"ydsgained":76,"numplays":16,"postime":"8:28","start":{"qtr":1,"time":"01:44","yrdln":"DEN 4","team":"DEN"},"end":{"qtr":1,"time":"08:16","yrdln":"JAC 32","team":"DEN"}},"6":{"posteam":"JAC","qtr":2,"redzone":true,"plays":{"1164":{"sp":0,"qtr":2,"down":1,"time":"08:16","yrdln":"JAC 24","ydstogo":10,"ydsnet":8,"posteam":"JAC","desc":"(8:16) D.Garrard pass short left to M.Jones-Drew to JAC 32 for 8 yards (D.Williams).","note":null,"players":{"00-0024275":[{"sequence":3,"clubcode":"JAC","playerName":"M.Jones-Drew","statId":21,"yards":8},{"sequence":4,"clubcode":"JAC","playerName":"M.Jones-Drew","statId":115,"yards":0},{"sequence":5,"clubcode":"JAC","playerName":"M.Jones-Drew","statId":113,"yards":6}],"00-0021231":[{"sequence":1,"clubcode":"JAC","playerName":"D.Garrard","statId":15,"yards":8},{"sequence":2,"clubcode":"JAC","playerName":"D.Garrard","statId":111,"yards":2}],"00-0022780":[{"sequence":6,"clubcode":"DEN","playerName":"D.Williams","statId":79,"yards":0}]}},"1188":{"sp":0,"qtr":2,"down":2,"time":"07:40","yrdln":"JAC 32","ydstogo":2,"ydsnet":10,"posteam":"JAC","desc":"(7:40) M.Jones-Drew up the middle to JAC 34 for 2 yards (R.McBean).","note":null,"players":{"00-0024275":[{"sequence":2,"clubcode":"JAC","playerName":"M.Jones-Drew","statId":10,"yards":2}],"0":[{"sequence":1,"clubcode":"JAC","playerName":"","statId":3,"yards":0}],"00-0025519":[{"sequence":3,"clubcode":"DEN","playerName":"R.McBean","statId":79,"yards":0}]}},"1209":{"sp":0,"qtr":2,"down":1,"time":"07:02","yrdln":"JAC 34","ydstogo":10,"ydsnet":9,"posteam":"JAC","desc":"(7:02) M.Jones-Drew right end to JAC 33 for -1 yards (J.Hunter).","note":null,"players":{"00-0023890":[{"sequence":3,"clubcode":"DEN","playerName":"J.Hunter","statId":79,"yards":0},{"sequence":4,"clubcode":"DEN","playerName":"J.Hunter","statId":120,"yards":0}],"00-0024275":[{"sequence":1,"clubcode":"JAC","playerName":"M.Jones-Drew","statId":10,"yards":-1}],"0":[{"sequence":2,"clubcode":"JAC","playerName":"","statId":95,"yards":-1}]}},"1230":{"sp":0,"qtr":2,"down":2,"time":"06:20","yrdln":"JAC 33","ydstogo":11,"ydsnet":13,"posteam":"JAC","desc":"(6:20) (Shotgun) D.Garrard pass short left to R.Jennings to JAC 37 for 4 yards (D.Williams).","note":null,"players":{"00-0027155":[{"sequence":3,"clubcode":"JAC","playerName":"R.Jennings","statId":21,"yards":4},{"sequence":4,"clubcode":"JAC","playerName":"R.Jennings","statId":115,"yards":0},{"sequence":5,"clubcode":"JAC","playerName":"R.Jennings","statId":113,"yards":2}],"00-0021231":[{"sequence":1,"clubcode":"JAC","playerName":"D.Garrard","statId":15,"yards":4},{"sequence":2,"clubcode":"JAC","playerName":"D.Garrard","statId":111,"yards":2}],"00-0022780":[{"sequence":6,"clubcode":"DEN","playerName":"D.Williams","statId":79,"yards":0}]}},"1254":{"sp":0,"qtr":2,"down":3,"time":"05:41","yrdln":"JAC 37","ydstogo":7,"ydsnet":19,"posteam":"JAC","desc":"(5:41) (Shotgun) D.Garrard pass short middle to Z.Miller to JAC 43 for 6 yards (N.Jones).","note":null,"players":{"00-0027125":[{"sequence":4,"clubcode":"JAC","playerName":"Z.Miller","statId":21,"yards":6},{"sequence":5,"clubcode":"JAC","playerName":"Z.Miller","statId":115,"yards":0},{"sequence":6,"clubcode":"JAC","playerName":"Z.Miller","statId":113,"yards":0}],"00-0021231":[{"sequence":2,"clubcode":"JAC","playerName":"D.Garrard","statId":15,"yards":6},{"sequence":3,"clubcode":"JAC","playerName":"D.Garrard","statId":111,"yards":6}],"00-0022828":[{"sequence":7,"clubcode":"DEN","playerName":"N.Jones","statId":79,"yards":0}],"0":[{"sequence":1,"clubcode":"JAC","playerName":"","statId":7,"yards":0}]}},"1278":{"sp":0,"qtr":2,"down":4,"time":"04:59","yrdln":"JAC 43","ydstogo":1,"ydsnet":19,"posteam":"JAC","desc":"(4:59) A.Podlesh punts 30 yards to DEN 27, Center-J.Cain, fair catch by P.Cox.","note":"PUNT","players":{"00-0025488":[{"sequence":1,"clubcode":"JAC","playerName":"A.Podlesh","statId":29,"yards":30}],"00-0027737":[{"sequence":2,"clubcode":"DEN","playerName":"P.Cox","statId":39,"yards":0}]}}},"fds":1,"result":"Punt","penyds":0,"ydsgained":19,"numplays":6,"postime":"3:26","start":{"qtr":2,"time":"08:16","yrdln":"JAC 24","team":"JAC"},"end":{"qtr":2,"time":"04:50","yrdln":"JAC 43","team":"JAC"}},"7":{"posteam":"DEN","qtr":2,"redzone":true,"plays":{"1298":{"sp":0,"qtr":2,"down":1,"time":"04:50","yrdln":"DEN 27","ydstogo":10,"ydsnet":0,"posteam":"DEN","desc":"(4:50) K.Orton pass incomplete short middle to K.Moreno.","note":null,"players":{"00-0023541":[{"sequence":1,"clubcode":"DEN","playerName":"K.Orton","statId":14,"yards":0},{"sequence":3,"clubcode":"DEN","playerName":"K.Orton","statId":112,"yards":-2}],"00-0026988":[{"sequence":2,"clubcode":"DEN","playerName":"K.Moreno","statId":115,"yards":0}]}},"1320":{"sp":0,"qtr":2,"down":2,"time":"04:45","yrdln":"DEN 27","ydstogo":10,"ydsnet":0,"posteam":"DEN","desc":"(4:45) (Shotgun) K.Orton pass incomplete deep right to J.Gaffney.","note":null,"players":{"00-0023541":[{"sequence":1,"clubcode":"DEN","playerName":"K.Orton","statId":14,"yards":0},{"sequence":3,"clubcode":"DEN","playerName":"K.Orton","statId":112,"yards":17}],"00-0021163":[{"sequence":2,"clubcode":"DEN","playerName":"J.Gaffney","statId":115,"yards":0}]}},"1342":{"sp":0,"qtr":2,"down":3,"time":"04:40","yrdln":"DEN 27","ydstogo":10,"ydsnet":-6,"posteam":"DEN","desc":"(4:40) (Shotgun) K.Orton sacked at DEN 21 for -6 yards (T.Alualu).","note":null,"players":{"00-0023541":[{"sequence":2,"clubcode":"DEN","playerName":"K.Orton","statId":20,"yards":-6}],"00-0027862":[{"sequence":3,"clubcode":"JAC","playerName":"T.Alualu","statId":83,"yards":-6},{"sequence":4,"clubcode":"JAC","playerName":"T.Alualu","statId":110,"yards":0},{"sequence":5,"clubcode":"JAC","playerName":"T.Alualu","statId":79,"yards":0},{"sequence":6,"clubcode":"JAC","playerName":"T.Alualu","statId":120,"yards":0}],"0":[{"sequence":1,"clubcode":"DEN","playerName":"","statId":7,"yards":0}]}},"1361":{"sp":0,"qtr":2,"down":4,"time":"04:16","yrdln":"DEN 21","ydstogo":16,"ydsnet":-6,"posteam":"DEN","desc":"(4:16) B.Colquitt punts 46 yards to JAC 33, Center-L.Paxton. M.Thomas to DEN 34 for 33 yards (L.Paxton). PENALTY on JAC-R.Allen, Illegal Block Above the Waist, 10 yards, enforced at 50.","note":"PUNT","players":{"00-0019213":[{"sequence":3,"clubcode":"DEN","playerName":"L.Paxton","statId":79,"yards":0}],"00-0026605":[{"sequence":4,"clubcode":"JAC","playerName":"R.Allen","statId":93,"yards":10}],"00-0026516":[{"sequence":1,"clubcode":"DEN","playerName":"B.Colquitt","statId":29,"yards":46}],"00-0027076":[{"sequence":2,"clubcode":"JAC","playerName":"M.Thomas","statId":33,"yards":17}]}}},"fds":0,"result":"Punt","penyds":0,"ydsgained":-6,"numplays":4,"postime":"0:51","start":{"qtr":2,"time":"04:50","yrdln":"DEN 27","team":"DEN"},"end":{"qtr":2,"time":"03:59","yrdln":"DEN 21","team":"DEN"}},"8":{"posteam":"JAC","qtr":2,"redzone":true,"plays":{"1398":{"sp":0,"qtr":2,"down":1,"time":"03:59","yrdln":"JAC 40","ydstogo":10,"ydsnet":1,"posteam":"JAC","desc":"(3:59) D.Garrard left end to JAC 41 for 1 yard (R.Ayers).","note":null,"players":{"00-0021231":[{"sequence":1,"clubcode":"JAC","playerName":"D.Garrard","statId":10,"yards":1}],"00-0026994":[{"sequence":2,"clubcode":"DEN","playerName":"R.Ayers","statId":79,"yards":0}]}},"1419":{"sp":0,"qtr":2,"down":2,"time":"03:19","yrdln":"JAC 41","ydstogo":9,"ydsnet":8,"posteam":"JAC","desc":"(3:19) (Shotgun) M.Jones-Drew right end to JAC 48 for 7 yards (D.Williams).","note":null,"players":{"00-0024275":[{"sequence":1,"clubcode":"JAC","playerName":"M.Jones-Drew","statId":10,"yards":7}],"00-0022780":[{"sequence":2,"clubcode":"DEN","playerName":"D.Williams","statId":79,"yards":0}]}},"1444":{"sp":0,"qtr":2,"down":3,"time":"02:44","yrdln":"JAC 48","ydstogo":2,"ydsnet":9,"posteam":"JAC","desc":"(2:44) (Shotgun) M.Jones-Drew up the middle to JAC 49 for 1 yard (R.Ayers).","note":null,"players":{"00-0024275":[{"sequence":2,"clubcode":"JAC","playerName":"M.Jones-Drew","statId":10,"yards":1}],"0":[{"sequence":1,"clubcode":"JAC","playerName":"","statId":7,"yards":0}],"00-0026994":[{"sequence":3,"clubcode":"DEN","playerName":"R.Ayers","statId":79,"yards":0}]}},"1465":{"sp":0,"qtr":2,"down":0,"time":"02:00","yrdln":"","ydstogo":0,"ydsnet":9,"posteam":"","desc":"Two-Minute Warning","note":null,"players":{}},"1482":{"sp":0,"qtr":2,"down":4,"time":"02:00","yrdln":"JAC 49","ydstogo":1,"ydsnet":13,"posteam":"JAC","desc":"(2:00) M.Jones-Drew up the middle to DEN 47 for 4 yards (D.Williams).","note":null,"players":{"00-0024275":[{"sequence":3,"clubcode":"JAC","playerName":"M.Jones-Drew","statId":10,"yards":4}],"0":[{"sequence":1,"clubcode":"JAC","playerName":"","statId":3,"yards":0},{"sequence":2,"clubcode":"JAC","playerName":"","statId":8,"yards":0}],"00-0022780":[{"sequence":4,"clubcode":"DEN","playerName":"D.Williams","statId":79,"yards":0}]}},"1507":{"sp":0,"qtr":2,"down":1,"time":"01:26","yrdln":"DEN 47","ydstogo":10,"ydsnet":39,"posteam":"JAC","desc":"(1:26) (Shotgun) D.Garrard pass deep middle to M.Thomas to DEN 21 for 26 yards (C.Bailey).","note":null,"players":{"00-0021231":[{"sequence":2,"clubcode":"JAC","playerName":"D.Garrard","statId":15,"yards":26},{"sequence":3,"clubcode":"JAC","playerName":"D.Garrard","statId":111,"yards":24}],"0":[{"sequence":1,"clubcode":"JAC","playerName":"","statId":4,"yards":0}],"00-0027076":[{"sequence":4,"clubcode":"JAC","playerName":"M.Thomas","statId":21,"yards":26},{"sequence":5,"clubcode":"JAC","playerName":"M.Thomas","statId":115,"yards":0},{"sequence":6,"clubcode":"JAC","playerName":"M.Thomas","statId":113,"yards":2}],"00-0000585":[{"sequence":7,"clubcode":"DEN","playerName":"C.Bailey","statId":79,"yards":0}]}},"1531":{"sp":1,"qtr":2,"down":1,"time":"00:58","yrdln":"DEN 21","ydstogo":10,"ydsnet":60,"posteam":"JAC","desc":"(:58) (Shotgun) D.Garrard pass short left to M.Lewis for 21 yards, TOUCHDOWN. DEN-J.Bannan was injured during the play. His return is Probable.","note":"TD","players":{"00-0024243":[{"sequence":4,"clubcode":"JAC","playerName":"M.Lewis","statId":22,"yards":21},{"sequence":5,"clubcode":"JAC","playerName":"M.Lewis","statId":115,"yards":0},{"sequence":6,"clubcode":"JAC","playerName":"M.Lewis","statId":113,"yards":16}],"00-0021231":[{"sequence":2,"clubcode":"JAC","playerName":"D.Garrard","statId":16,"yards":21},{"sequence":3,"clubcode":"JAC","playerName":"D.Garrard","statId":111,"yards":5}],"0":[{"sequence":1,"clubcode":"JAC","playerName":"","statId":4,"yards":0}]}},"1552":{"sp":1,"qtr":2,"down":0,"time":"00:50","yrdln":"DEN 2","ydstogo":0,"ydsnet":60,"posteam":"JAC","desc":"J.Scobee extra point is GOOD, Center-J.Cain, Holder-A.Podlesh.","note":"XP","players":{"00-0022874":[{"sequence":1,"clubcode":"JAC","playerName":"J.Scobee","statId":72,"yards":0}]}}},"fds":3,"result":"Touchdown","penyds":0,"ydsgained":60,"numplays":8,"postime":"3:09","start":{"qtr":2,"time":"03:59","yrdln":"JAC 40","team":"JAC"},"end":{"qtr":2,"time":"00:50","yrdln":"DEN 21","team":"JAC"}},"9":{"posteam":"DEN","qtr":2,"redzone":true,"plays":{"1572":{"sp":0,"qtr":2,"down":0,"time":"00:50","yrdln":"JAC 30","ydstogo":0,"ydsnet":0,"posteam":"JAC","desc":"J.Scobee kicks 63 yards from JAC 30 to DEN 7. P.Cox to DEN 26 for 19 yards (M.Owens).","note":"KICKOFF","players":{"00-0024103":[{"sequence":3,"clubcode":"JAC","playerName":"M.Owens","statId":79,"yards":0}],"00-0027737":[{"sequence":2,"clubcode":"DEN","playerName":"P.Cox","statId":45,"yards":19}],"00-0022874":[{"sequence":1,"clubcode":"JAC","playerName":"J.Scobee","statId":41,"yards":63}]}},"1594":{"sp":0,"qtr":2,"down":1,"time":"00:40","yrdln":"DEN 26","ydstogo":10,"ydsnet":41,"posteam":"DEN","desc":"(:40) (Shotgun) K.Orton pass deep left to B.Lloyd to JAC 33 for 41 yards (S.Considine).","note":null,"players":{"00-0023537":[{"sequence":7,"clubcode":"JAC","playerName":"S.Considine","statId":79,"yards":0}],"00-0023541":[{"sequence":2,"clubcode":"DEN","playerName":"K.Orton","statId":15,"yards":41},{"sequence":3,"clubcode":"DEN","playerName":"K.Orton","statId":111,"yards":36}],"00-0022097":[{"sequence":4,"clubcode":"DEN","playerName":"B.Lloyd","statId":21,"yards":41},{"sequence":5,"clubcode":"DEN","playerName":"B.Lloyd","statId":115,"yards":0},{"sequence":6,"clubcode":"DEN","playerName":"B.Lloyd","statId":113,"yards":5}],"0":[{"sequence":1,"clubcode":"DEN","playerName":"","statId":4,"yards":0}]}},"1659":{"sp":0,"qtr":2,"down":0,"time":"00:32","yrdln":"","ydstogo":0,"ydsnet":66,"posteam":"","desc":"Timeout #1 by DEN at 00:32.","note":"TIMEOUT","players":{"0":[{"sequence":1,"clubcode":"DEN","playerName":"","statId":68,"yards":0}]}},"1618":{"sp":0,"qtr":2,"down":1,"time":"00:32","yrdln":"JAC 33","ydstogo":10,"ydsnet":66,"posteam":"DEN","desc":"(:32) (Shotgun) K.Orton pass deep middle to E.Royal to JAC 8 for 25 yards (C.Greene).","note":null,"players":{"00-0026960":[{"sequence":7,"clubcode":"JAC","playerName":"C.Greene","statId":79,"yards":0}],"00-0023541":[{"sequence":2,"clubcode":"DEN","playerName":"K.Orton","statId":15,"yards":25},{"sequence":3,"clubcode":"DEN","playerName":"K.Orton","statId":111,"yards":17}],"00-0026182":[{"sequence":4,"clubcode":"DEN","playerName":"E.Royal","statId":21,"yards":25},{"sequence":5,"clubcode":"DEN","playerName":"E.Royal","statId":115,"yards":0},{"sequence":6,"clubcode":"DEN","playerName":"E.Royal","statId":113,"yards":8}],"0":[{"sequence":1,"clubcode":"DEN","playerName":"","statId":4,"yards":0}]}},"1642":{"sp":0,"qtr":2,"down":0,"time":"00:25","yrdln":"","ydstogo":0,"ydsnet":66,"posteam":"","desc":"Timeout #1 by DEN at 00:25.","note":"TIMEOUT","players":{"0":[{"sequence":1,"clubcode":"DEN","playerName":"","statId":68,"yards":0}]}},"1665":{"sp":0,"qtr":2,"down":1,"time":"00:25","yrdln":"JAC 8","ydstogo":8,"ydsnet":66,"posteam":"DEN","desc":"(:25) (Shotgun) K.Orton pass incomplete short middle to D.Graham (S.Considine).","note":null,"players":{"00-0023537":[{"sequence":3,"clubcode":"JAC","playerName":"S.Considine","statId":85,"yards":0}],"00-0023541":[{"sequence":1,"clubcode":"DEN","playerName":"K.Orton","statId":14,"yards":0},{"sequence":4,"clubcode":"DEN","playerName":"K.Orton","statId":112,"yards":8}],"00-0021154":[{"sequence":2,"clubcode":"DEN","playerName":"D.Graham","statId":115,"yards":0}]}},"1688":{"sp":1,"qtr":2,"down":2,"time":"00:20","yrdln":"JAC 8","ydstogo":8,"ydsnet":74,"posteam":"DEN","desc":"(:20) (Shotgun) K.Orton pass short middle to J.Gaffney for 8 yards, TOUCHDOWN.","note":"TD","players":{"00-0023541":[{"sequence":2,"clubcode":"DEN","playerName":"K.Orton","statId":16,"yards":8},{"sequence":3,"clubcode":"DEN","playerName":"K.Orton","statId":111,"yards":8}],"0":[{"sequence":1,"clubcode":"DEN","playerName":"","statId":4,"yards":0}],"00-0021163":[{"sequence":4,"clubcode":"DEN","playerName":"J.Gaffney","statId":22,"yards":8},{"sequence":5,"clubcode":"DEN","playerName":"J.Gaffney","statId":115,"yards":0},{"sequence":6,"clubcode":"DEN","playerName":"J.Gaffney","statId":113,"yards":0}]}},"1709":{"sp":1,"qtr":2,"down":0,"time":"00:16","yrdln":"JAC 2","ydstogo":0,"ydsnet":74,"posteam":"DEN","desc":"M.Prater extra point is GOOD, Center-L.Paxton, Holder-B.Colquitt.","note":"XP","players":{"00-0023853":[{"sequence":1,"clubcode":"DEN","playerName":"M.Prater","statId":72,"yards":0}]}}},"fds":3,"result":"Touchdown","penyds":0,"ydsgained":74,"numplays":8,"postime":"0:34","start":{"qtr":2,"time":"00:50","yrdln":"DEN 26","team":"DEN"},"end":{"qtr":2,"time":"00:16","yrdln":"JAC 8","team":"DEN"}},"10":{"posteam":"JAC","qtr":2,"redzone":true,"plays":{"1725":{"sp":0,"qtr":2,"down":0,"time":"00:16","yrdln":"DEN 30","ydstogo":0,"ydsnet":0,"posteam":"DEN","desc":"M.Prater kicks 60 yards from DEN 30 to JAC 10. M.Owens to JAC 32 for 22 yards (C.Vaughn).","note":"KICKOFF","players":{"00-0024103":[{"sequence":2,"clubcode":"JAC","playerName":"M.Owens","statId":45,"yards":22}],"00-0027290":[{"sequence":3,"clubcode":"DEN","playerName":"C.Vaughn","statId":79,"yards":0}],"00-0023853":[{"sequence":1,"clubcode":"DEN","playerName":"M.Prater","statId":41,"yards":60}]}},"1747":{"sp":0,"qtr":2,"down":1,"time":"00:10","yrdln":"JAC 32","ydstogo":10,"ydsnet":-1,"posteam":"JAC","desc":"(:10) D.Garrard kneels to JAC 31 for -1 yards.","note":null,"players":{"00-0021231":[{"sequence":1,"clubcode":"JAC","playerName":"D.Garrard","statId":10,"yards":-1}]}},"1768":{"sp":0,"qtr":2,"down":0,"time":"","yrdln":"","ydstogo":0,"ydsnet":-1,"posteam":"","desc":"END QUARTER 2","note":null,"players":{}}},"fds":0,"result":"End of Half","penyds":0,"ydsgained":-1,"numplays":3,"postime":"0:16","start":{"qtr":2,"time":"00:16","yrdln":"JAC 32","team":"JAC"},"end":{"qtr":2,"time":"00:00","yrdln":"JAC 32","team":"JAC"}},"11":{"posteam":"JAC","qtr":3,"redzone":true,"plays":{"1784":{"sp":0,"qtr":3,"down":0,"time":"15:00","yrdln":"DEN 30","ydstogo":0,"ydsnet":53,"posteam":"DEN","desc":"M.Prater kicks 69 yards from DEN 30 to JAC 1. T.Underwood pushed ob at JAC 47 for 46 yards (P.Cox). Temp 93 deg; Heat index 105; Humidity 59%","note":"KICKOFF","players":{"00-0027737":[{"sequence":3,"clubcode":"DEN","playerName":"P.Cox","statId":79,"yards":0}],"00-0027156":[{"sequence":2,"clubcode":"JAC","playerName":"T.Underwood","statId":45,"yards":46}],"00-0023853":[{"sequence":1,"clubcode":"DEN","playerName":"M.Prater","statId":41,"yards":69}]}},"1811":{"sp":0,"qtr":3,"down":1,"time":"14:52","yrdln":"JAC 47","ydstogo":10,"ydsnet":4,"posteam":"JAC","desc":"(14:52) M.Jones-Drew up the middle to DEN 49 for 4 yards (Ja.Williams).","note":null,"players":{"00-0024275":[{"sequence":1,"clubcode":"JAC","playerName":"M.Jones-Drew","statId":10,"yards":4}],"00-0017813":[{"sequence":2,"clubcode":"DEN","playerName":"Ja.Williams","statId":79,"yards":0}]}},"1832":{"sp":0,"qtr":3,"down":2,"time":"14:09","yrdln":"DEN 49","ydstogo":6,"ydsnet":14,"posteam":"JAC","desc":"(14:09) M.Jones-Drew up the middle to DEN 39 for 10 yards (M.Haggan).","note":null,"players":{"00-0024275":[{"sequence":2,"clubcode":"JAC","playerName":"M.Jones-Drew","statId":10,"yards":10}],"00-0022034":[{"sequence":3,"clubcode":"DEN","playerName":"M.Haggan","statId":79,"yards":0}],"0":[{"sequence":1,"clubcode":"JAC","playerName":"","statId":3,"yards":0}]}},"1853":{"sp":0,"qtr":3,"down":1,"time":"13:32","yrdln":"DEN 39","ydstogo":10,"ydsnet":16,"posteam":"JAC","desc":"(13:32) M.Jones-Drew up the middle to DEN 37 for 2 yards (D.Williams; J.Hunter).","note":null,"players":{"00-0023890":[{"sequence":3,"clubcode":"DEN","playerName":"J.Hunter","statId":82,"yards":0}],"00-0024275":[{"sequence":1,"clubcode":"JAC","playerName":"M.Jones-Drew","statId":10,"yards":2}],"00-0022780":[{"sequence":2,"clubcode":"DEN","playerName":"D.Williams","statId":82,"yards":0}]}},"1874":{"sp":0,"qtr":3,"down":2,"time":"12:55","yrdln":"DEN 37","ydstogo":8,"ydsnet":21,"posteam":"JAC","desc":"(12:55) R.Jennings left end to DEN 35 for 2 yards (R.Ayers; J.Bannan). PENALTY on DEN-J.Bannan, Defensive Offside, 5 yards, enforced at DEN 37 - No Play.","note":"PENALTY","players":{"00-0021092":[{"sequence":1,"clubcode":"DEN","playerName":"J.Bannan","statId":93,"yards":5}]}},"1906":{"sp":0,"qtr":3,"down":2,"time":"12:32","yrdln":"DEN 32","ydstogo":3,"ydsnet":27,"posteam":"JAC","desc":"(12:32) R.Jennings up the middle to DEN 26 for 6 yards (R.Ayers; D.Williams).","note":null,"players":{"00-0027155":[{"sequence":2,"clubcode":"JAC","playerName":"R.Jennings","statId":10,"yards":6}],"0":[{"sequence":1,"clubcode":"JAC","playerName":"","statId":3,"yards":0}],"00-0026994":[{"sequence":3,"clubcode":"DEN","playerName":"R.Ayers","statId":82,"yards":0}],"00-0022780":[{"sequence":4,"clubcode":"DEN","playerName":"D.Williams","statId":82,"yards":0}]}},"1927":{"sp":0,"qtr":3,"down":1,"time":"12:01","yrdln":"DEN 26","ydstogo":10,"ydsnet":42,"posteam":"JAC","desc":"(12:01) R.Jennings left end to DEN 11 for 15 yards (R.Hill).","note":null,"players":{"00-0027155":[{"sequence":2,"clubcode":"JAC","playerName":"R.Jennings","statId":10,"yards":15}],"0":[{"sequence":1,"clubcode":"JAC","playerName":"","statId":3,"yards":0}],"00-0020301":[{"sequence":3,"clubcode":"DEN","playerName":"R.Hill","statId":79,"yards":0}]}},"1948":{"sp":0,"qtr":3,"down":1,"time":"11:19","yrdln":"DEN 11","ydstogo":10,"ydsnet":43,"posteam":"JAC","desc":"(11:19) M.Jones-Drew left end to DEN 10 for 1 yard (A.Goodman).","note":null,"players":{"00-0021194":[{"sequence":2,"clubcode":"DEN","playerName":"A.Goodman","statId":79,"yards":0}],"00-0024275":[{"sequence":1,"clubcode":"JAC","playerName":"M.Jones-Drew","statId":10,"yards":1}]}},"1969":{"sp":1,"qtr":3,"down":2,"time":"10:49","yrdln":"DEN 10","ydstogo":9,"ydsnet":53,"posteam":"JAC","desc":"(10:49) (Shotgun) D.Garrard pass short left to M.Lewis for 10 yards, TOUCHDOWN.","note":"TD","players":{"00-0024243":[{"sequence":4,"clubcode":"JAC","playerName":"M.Lewis","statId":22,"yards":10},{"sequence":5,"clubcode":"JAC","playerName":"M.Lewis","statId":115,"yards":0},{"sequence":6,"clubcode":"JAC","playerName":"M.Lewis","statId":113,"yards":0}],"00-0021231":[{"sequence":2,"clubcode":"JAC","playerName":"D.Garrard","statId":16,"yards":10},{"sequence":3,"clubcode":"JAC","playerName":"D.Garrard","statId":111,"yards":10}],"0":[{"sequence":1,"clubcode":"JAC","playerName":"","statId":4,"yards":0}]}},"1990":{"sp":1,"qtr":3,"down":0,"time":"10:43","yrdln":"DEN 2","ydstogo":0,"ydsnet":53,"posteam":"JAC","desc":"J.Scobee extra point is GOOD, Center-J.Cain, Holder-A.Podlesh.","note":"XP","players":{"00-0022874":[{"sequence":1,"clubcode":"JAC","playerName":"J.Scobee","statId":72,"yards":0}]}}},"fds":4,"result":"Touchdown","penyds":5,"ydsgained":48,"numplays":10,"postime":"4:17","start":{"qtr":3,"time":"15:00","yrdln":"JAC 47","team":"JAC"},"end":{"qtr":3,"time":"10:43","yrdln":"DEN 10","team":"JAC"}},"12":{"posteam":"DEN","qtr":3,"redzone":true,"plays":{"2006":{"sp":0,"qtr":3,"down":0,"time":"10:43","yrdln":"JAC 30","ydstogo":0,"ydsnet":0,"posteam":"JAC","desc":"J.Scobee kicks 70 yards from JAC 30 to end zone, Touchback.","note":"KICKOFF","players":{"0":[{"sequence":2,"clubcode":"DEN","playerName":"","statId":51,"yards":0}],"00-0022874":[{"sequence":1,"clubcode":"JAC","playerName":"J.Scobee","statId":44,"yards":70}]}},"2028":{"sp":0,"qtr":3,"down":1,"time":"10:42","yrdln":"DEN 20","ydstogo":10,"ydsnet":1,"posteam":"DEN","desc":"(10:42) K.Moreno left end to DEN 21 for 1 yard (T.Alualu).","note":null,"players":{"00-0026988":[{"sequence":1,"clubcode":"DEN","playerName":"K.Moreno","statId":10,"yards":1}],"00-0027862":[{"sequence":2,"clubcode":"JAC","playerName":"T.Alualu","statId":79,"yards":0}]}},"2049":{"sp":0,"qtr":3,"down":2,"time":"10:09","yrdln":"DEN 21","ydstogo":9,"ydsnet":3,"posteam":"DEN","desc":"(10:09) K.Orton pass short right to D.Gronkowski to DEN 23 for 2 yards (R.Mathis; J.Durant).","note":null,"players":{"00-0022080":[{"sequence":6,"clubcode":"JAC","playerName":"R.Mathis","statId":82,"yards":0}],"00-0023541":[{"sequence":1,"clubcode":"DEN","playerName":"K.Orton","statId":15,"yards":2},{"sequence":2,"clubcode":"DEN","playerName":"K.Orton","statId":111,"yards":2}],"00-0027157":[{"sequence":3,"clubcode":"DEN","playerName":"D.Gronkowski","statId":21,"yards":2},{"sequence":4,"clubcode":"DEN","playerName":"D.Gronkowski","statId":115,"yards":0},{"sequence":5,"clubcode":"DEN","playerName":"D.Gronkowski","statId":113,"yards":0}],"00-0025435":[{"sequence":7,"clubcode":"JAC","playerName":"J.Durant","statId":82,"yards":0}]}},"2073":{"sp":0,"qtr":3,"down":3,"time":"09:29","yrdln":"DEN 23","ydstogo":7,"ydsnet":12,"posteam":"DEN","desc":"(9:29) (Shotgun) K.Orton pass short right to E.Royal to DEN 32 for 9 yards (D.Cox).","note":null,"players":{"00-0027047":[{"sequence":8,"clubcode":"JAC","playerName":"D.Cox","statId":79,"yards":0}],"00-0023541":[{"sequence":3,"clubcode":"DEN","playerName":"K.Orton","statId":15,"yards":9},{"sequence":4,"clubcode":"DEN","playerName":"K.Orton","statId":111,"yards":3}],"00-0026182":[{"sequence":5,"clubcode":"DEN","playerName":"E.Royal","statId":21,"yards":9},{"sequence":6,"clubcode":"DEN","playerName":"E.Royal","statId":115,"yards":0},{"sequence":7,"clubcode":"DEN","playerName":"E.Royal","statId":113,"yards":6}],"0":[{"sequence":1,"clubcode":"DEN","playerName":"","statId":4,"yards":0},{"sequence":2,"clubcode":"DEN","playerName":"","statId":6,"yards":0}]}},"2097":{"sp":0,"qtr":3,"down":1,"time":"08:54","yrdln":"DEN 32","ydstogo":10,"ydsnet":15,"posteam":"DEN","desc":"(8:54) K.Moreno up the middle to DEN 35 for 3 yards (D.Cox).","note":null,"players":{"00-0027047":[{"sequence":2,"clubcode":"JAC","playerName":"D.Cox","statId":79,"yards":0}],"00-0026988":[{"sequence":1,"clubcode":"DEN","playerName":"K.Moreno","statId":10,"yards":3}]}},"2118":{"sp":0,"qtr":3,"down":2,"time":"08:15","yrdln":"DEN 35","ydstogo":7,"ydsnet":15,"posteam":"DEN","desc":"(8:15) K.Orton pass incomplete short right to E.Royal (J.Mincey).","note":null,"players":{"00-0023541":[{"sequence":1,"clubcode":"DEN","playerName":"K.Orton","statId":14,"yards":0},{"sequence":4,"clubcode":"DEN","playerName":"K.Orton","statId":112,"yards":-5}],"00-0026182":[{"sequence":2,"clubcode":"DEN","playerName":"E.Royal","statId":115,"yards":0}],"00-0024405":[{"sequence":3,"clubcode":"JAC","playerName":"J.Mincey","statId":85,"yards":0}]}},"2140":{"sp":0,"qtr":3,"down":3,"time":"08:11","yrdln":"DEN 35","ydstogo":7,"ydsnet":8,"posteam":"DEN","desc":"(8:11) (Shotgun) K.Orton sacked at DEN 28 for -7 yards (sack split by A.Kampman and W.Middleton).","note":null,"players":{"00-0023541":[{"sequence":2,"clubcode":"DEN","playerName":"K.Orton","statId":20,"yards":-7}],"00-0021269":[{"sequence":3,"clubcode":"JAC","playerName":"A.Kampman","statId":84,"yards":-7},{"sequence":5,"clubcode":"JAC","playerName":"A.Kampman","statId":110,"yards":0},{"sequence":7,"clubcode":"JAC","playerName":"A.Kampman","statId":82,"yards":0}],"0":[{"sequence":1,"clubcode":"DEN","playerName":"","statId":7,"yards":0}],"00-0026912":[{"sequence":4,"clubcode":"JAC","playerName":"W.Middleton","statId":84,"yards":-7},{"sequence":6,"clubcode":"JAC","playerName":"W.Middleton","statId":110,"yards":0},{"sequence":8,"clubcode":"JAC","playerName":"W.Middleton","statId":82,"yards":0}]}},"2159":{"sp":0,"qtr":3,"down":4,"time":"07:49","yrdln":"DEN 28","ydstogo":14,"ydsnet":8,"posteam":"DEN","desc":"(7:49) B.Colquitt punts 47 yards to JAC 25, Center-L.Paxton. M.Thomas to JAC 30 for 5 yards (L.Ball).","note":"PUNT","players":{"00-0026432":[{"sequence":3,"clubcode":"DEN","playerName":"L.Ball","statId":79,"yards":0}],"00-0026516":[{"sequence":1,"clubcode":"DEN","playerName":"B.Colquitt","statId":29,"yards":47}],"00-0027076":[{"sequence":2,"clubcode":"JAC","playerName":"M.Thomas","statId":33,"yards":5}]}}},"fds":1,"result":"Punt","penyds":0,"ydsgained":8,"numplays":8,"postime":"3:05","start":{"qtr":3,"time":"10:43","yrdln":"DEN 20","team":"DEN"},"end":{"qtr":3,"time":"07:38","yrdln":"DEN 28","team":"DEN"}},"13":{"posteam":"JAC","qtr":3,"redzone":true,"plays":{"2185":{"sp":0,"qtr":3,"down":1,"time":"07:38","yrdln":"JAC 30","ydstogo":10,"ydsnet":-1,"posteam":"JAC","desc":"(7:38) D.Garrard pass short right to G.Jones to JAC 29 for -1 yards (C.Bailey).","note":null,"players":{"00-0022897":[{"sequence":3,"clubcode":"JAC","playerName":"G.Jones","statId":21,"yards":-1},{"sequence":4,"clubcode":"JAC","playerName":"G.Jones","statId":115,"yards":0},{"sequence":5,"clubcode":"JAC","playerName":"G.Jones","statId":113,"yards":0}],"00-0021231":[{"sequence":1,"clubcode":"JAC","playerName":"D.Garrard","statId":15,"yards":-1},{"sequence":2,"clubcode":"JAC","playerName":"D.Garrard","statId":111,"yards":-1}],"00-0000585":[{"sequence":6,"clubcode":"DEN","playerName":"C.Bailey","statId":79,"yards":0},{"sequence":7,"clubcode":"DEN","playerName":"C.Bailey","statId":120,"yards":0}]}},"2209":{"sp":0,"qtr":3,"down":2,"time":"07:01","yrdln":"JAC 29","ydstogo":11,"ydsnet":-1,"posteam":"JAC","desc":"(7:01) (Shotgun) D.Garrard pass incomplete short middle to M.Sims-Walker.","note":null,"players":{"00-0021231":[{"sequence":1,"clubcode":"JAC","playerName":"D.Garrard","statId":14,"yards":0},{"sequence":3,"clubcode":"JAC","playerName":"D.Garrard","statId":112,"yards":3}],"00-0025466":[{"sequence":2,"clubcode":"JAC","playerName":"M.Sims-Walker","statId":115,"yards":0}]}},"2231":{"sp":0,"qtr":3,"down":3,"time":"06:55","yrdln":"JAC 29","ydstogo":11,"ydsnet":9,"posteam":"JAC","desc":"(6:55) (Shotgun) D.Garrard pass short left to M.Thomas to JAC 39 for 10 yards (D.Williams).","note":null,"players":{"00-0021231":[{"sequence":2,"clubcode":"JAC","playerName":"D.Garrard","statId":15,"yards":10},{"sequence":3,"clubcode":"JAC","playerName":"D.Garrard","statId":111,"yards":10}],"0":[{"sequence":1,"clubcode":"JAC","playerName":"","statId":7,"yards":0}],"00-0027076":[{"sequence":4,"clubcode":"JAC","playerName":"M.Thomas","statId":21,"yards":10},{"sequence":5,"clubcode":"JAC","playerName":"M.Thomas","statId":115,"yards":0},{"sequence":6,"clubcode":"JAC","playerName":"M.Thomas","statId":113,"yards":0}],"00-0022780":[{"sequence":7,"clubcode":"DEN","playerName":"D.Williams","statId":79,"yards":0}]}},"2294":{"sp":0,"qtr":3,"down":4,"time":"06:16","yrdln":"JAC 39","ydstogo":1,"ydsnet":9,"posteam":"JAC","desc":"(6:16) M.Jones-Drew up the middle to JAC 39 for no gain (D.Williams).","note":null,"players":{"00-0024275":[{"sequence":2,"clubcode":"JAC","playerName":"M.Jones-Drew","statId":10,"yards":0}],"0":[{"sequence":1,"clubcode":"JAC","playerName":"","statId":9,"yards":0}],"00-0022780":[{"sequence":3,"clubcode":"DEN","playerName":"D.Williams","statId":79,"yards":0}]}}},"fds":0,"result":"Downs","penyds":0,"ydsgained":9,"numplays":4,"postime":"1:32","start":{"qtr":3,"time":"07:38","yrdln":"JAC 30","team":"JAC"},"end":{"qtr":3,"time":"06:06","yrdln":"JAC 39","team":"JAC"}},"14":{"posteam":"DEN","qtr":3,"redzone":true,"plays":{"2316":{"sp":0,"qtr":3,"down":1,"time":"06:06","yrdln":"JAC 40","ydstogo":10,"ydsnet":15,"posteam":"DEN","desc":"(6:06) K.Orton pass short middle to J.Gaffney to JAC 25 for 15 yards (S.Considine).","note":null,"players":{"00-0023537":[{"sequence":7,"clubcode":"JAC","playerName":"S.Considine","statId":79,"yards":0}],"00-0023541":[{"sequence":2,"clubcode":"DEN","playerName":"K.Orton","statId":15,"yards":15},{"sequence":3,"clubcode":"DEN","playerName":"K.Orton","statId":111,"yards":15}],"0":[{"sequence":1,"clubcode":"DEN","playerName":"","statId":4,"yards":0}],"00-0021163":[{"sequence":4,"clubcode":"DEN","playerName":"J.Gaffney","statId":21,"yards":15},{"sequence":5,"clubcode":"DEN","playerName":"J.Gaffney","statId":115,"yards":0},{"sequence":6,"clubcode":"DEN","playerName":"J.Gaffney","statId":113,"yards":0}]}},"2340":{"sp":0,"qtr":3,"down":1,"time":"05:37","yrdln":"JAC 25","ydstogo":10,"ydsnet":32,"posteam":"DEN","desc":"(5:37) K.Moreno right end to JAC 8 for 17 yards (K.Morrison).","note":null,"players":{"00-0023513":[{"sequence":3,"clubcode":"JAC","playerName":"K.Morrison","statId":79,"yards":0}],"00-0026988":[{"sequence":2,"clubcode":"DEN","playerName":"K.Moreno","statId":10,"yards":17}],"0":[{"sequence":1,"clubcode":"DEN","playerName":"","statId":3,"yards":0}]}},"2361":{"sp":0,"qtr":3,"down":1,"time":"04:49","yrdln":"JAC 8","ydstogo":8,"ydsnet":39,"posteam":"DEN","desc":"(4:49) K.Orton pass incomplete short left to B.Lloyd. PENALTY on JAC-D.Cox, Defensive Pass Interference, 7 yards, enforced at JAC 8 - No Play. Play Challenged by JAC and Upheld. (Timeout #1.)","note":"PENALTY","players":{"00-0027047":[{"sequence":3,"clubcode":"JAC","playerName":"D.Cox","statId":93,"yards":7}],"0":[{"sequence":1,"clubcode":"JAC","playerName":"","statId":68,"yards":0},{"sequence":2,"clubcode":"DEN","playerName":"","statId":5,"yards":0}]}},"2430":{"sp":0,"qtr":3,"down":1,"time":"04:44","yrdln":"JAC 1","ydstogo":1,"ydsnet":39,"posteam":"DEN","desc":"(4:44) K.Moreno left end to JAC 1 for no gain (A.Smith).","note":null,"players":{"00-0024298":[{"sequence":2,"clubcode":"JAC","playerName":"A.Smith","statId":79,"yards":0}],"00-0026988":[{"sequence":1,"clubcode":"DEN","playerName":"K.Moreno","statId":10,"yards":0}]}},"2451":{"sp":1,"qtr":3,"down":2,"time":"04:12","yrdln":"JAC 1","ydstogo":1,"ydsnet":40,"posteam":"DEN","desc":"(4:12) K.Moreno left end for 1 yard, TOUCHDOWN.","note":"TD","players":{"00-0026988":[{"sequence":2,"clubcode":"DEN","playerName":"K.Moreno","statId":11,"yards":1}],"0":[{"sequence":1,"clubcode":"DEN","playerName":"","statId":3,"yards":0}]}},"2469":{"sp":1,"qtr":3,"down":0,"time":"04:07","yrdln":"JAC 2","ydstogo":0,"ydsnet":40,"posteam":"DEN","desc":"M.Prater extra point is GOOD, Center-L.Paxton, Holder-B.Colquitt.","note":"XP","players":{"00-0023853":[{"sequence":1,"clubcode":"DEN","playerName":"M.Prater","statId":72,"yards":0}]}}},"fds":4,"result":"Touchdown","penyds":7,"ydsgained":33,"numplays":6,"postime":"1:59","start":{"qtr":3,"time":"06:06","yrdln":"JAC 40","team":"DEN"},"end":{"qtr":3,"time":"04:07","yrdln":"JAC 1","team":"DEN"}},"15":{"posteam":"JAC","qtr":3,"redzone":true,"plays":{"2485":{"sp":0,"qtr":3,"down":0,"time":"04:07","yrdln":"DEN 30","ydstogo":0,"ydsnet":0,"posteam":"DEN","desc":"M.Prater kicks 76 yards from DEN 30 to JAC -6. T.Underwood to JAC 47 for 53 yards (P.Cox).","note":"KICKOFF","players":{"00-0027737":[{"sequence":3,"clubcode":"DEN","playerName":"P.Cox","statId":79,"yards":0}],"00-0027156":[{"sequence":2,"clubcode":"JAC","playerName":"T.Underwood","statId":45,"yards":53}],"00-0023853":[{"sequence":1,"clubcode":"DEN","playerName":"M.Prater","statId":43,"yards":76}]}},"2507":{"sp":0,"qtr":3,"down":1,"time":"03:59","yrdln":"JAC 47","ydstogo":10,"ydsnet":-5,"posteam":"JAC","desc":"(3:59) PENALTY on JAC-J.Smiley, False Start, 5 yards, enforced at JAC 47 - No Play.","note":"PENALTY","players":{"00-0022895":[{"sequence":1,"clubcode":"JAC","playerName":"J.Smiley","statId":93,"yards":5}]}},"2530":{"sp":0,"qtr":3,"down":1,"time":"03:59","yrdln":"JAC 42","ydstogo":15,"ydsnet":-5,"posteam":"JAC","desc":"(3:59) D.Garrard pass incomplete short middle to M.Thomas (B.Dawkins).","note":null,"players":{"00-0004073":[{"sequence":3,"clubcode":"DEN","playerName":"B.Dawkins","statId":85,"yards":0}],"00-0021231":[{"sequence":1,"clubcode":"JAC","playerName":"D.Garrard","statId":14,"yards":0},{"sequence":4,"clubcode":"JAC","playerName":"D.Garrard","statId":112,"yards":4}],"00-0027076":[{"sequence":2,"clubcode":"JAC","playerName":"M.Thomas","statId":115,"yards":0}]}},"2552":{"sp":0,"qtr":3,"down":2,"time":"03:54","yrdln":"JAC 42","ydstogo":15,"ydsnet":-1,"posteam":"JAC","desc":"(3:54) (Shotgun) M.Jones-Drew up the middle to JAC 46 for 4 yards (R.Hill).","note":null,"players":{"00-0024275":[{"sequence":1,"clubcode":"JAC","playerName":"M.Jones-Drew","statId":10,"yards":4}],"00-0020301":[{"sequence":2,"clubcode":"DEN","playerName":"R.Hill","statId":79,"yards":0}]}},"2573":{"sp":0,"qtr":3,"down":3,"time":"03:13","yrdln":"JAC 46","ydstogo":11,"ydsnet":19,"posteam":"JAC","desc":"(3:13) (Shotgun) D.Garrard pass deep middle to M.Thomas to DEN 34 for 20 yards (R.Hill) [R.Ayers]. Penalty on DEN-A.Goodman, Illegal Use of Hands, declined.","note":null,"players":{"00-0021231":[{"sequence":3,"clubcode":"JAC","playerName":"D.Garrard","statId":15,"yards":20},{"sequence":4,"clubcode":"JAC","playerName":"D.Garrard","statId":111,"yards":16}],"0":[{"sequence":1,"clubcode":"JAC","playerName":"","statId":4,"yards":0},{"sequence":2,"clubcode":"JAC","playerName":"","statId":6,"yards":0}],"00-0026994":[{"sequence":8,"clubcode":"DEN","playerName":"R.Ayers","statId":110,"yards":0}],"00-0027076":[{"sequence":5,"clubcode":"JAC","playerName":"M.Thomas","statId":21,"yards":20},{"sequence":6,"clubcode":"JAC","playerName":"M.Thomas","statId":115,"yards":0},{"sequence":7,"clubcode":"JAC","playerName":"M.Thomas","statId":113,"yards":4}],"00-0020301":[{"sequence":9,"clubcode":"DEN","playerName":"R.Hill","statId":79,"yards":0}]}},"2608":{"sp":0,"qtr":3,"down":1,"time":"02:52","yrdln":"DEN 34","ydstogo":10,"ydsnet":19,"posteam":"JAC","desc":"(2:52) M.Jones-Drew right end to DEN 34 for no gain (K.Vickerson).","note":null,"players":{"00-0023648":[{"sequence":2,"clubcode":"DEN","playerName":"K.Vickerson","statId":79,"yards":0}],"00-0024275":[{"sequence":1,"clubcode":"JAC","playerName":"M.Jones-Drew","statId":10,"yards":0}]}},"2629":{"sp":0,"qtr":3,"down":2,"time":"02:13","yrdln":"DEN 34","ydstogo":10,"ydsnet":21,"posteam":"JAC","desc":"(2:13) (Shotgun) D.Garrard pass short left to Z.Miller to DEN 32 for 2 yards (D.Williams) [R.Ayers].","note":null,"players":{"00-0027125":[{"sequence":3,"clubcode":"JAC","playerName":"Z.Miller","statId":21,"yards":2},{"sequence":4,"clubcode":"JAC","playerName":"Z.Miller","statId":115,"yards":0},{"sequence":5,"clubcode":"JAC","playerName":"Z.Miller","statId":113,"yards":0}],"00-0021231":[{"sequence":1,"clubcode":"JAC","playerName":"D.Garrard","statId":15,"yards":2},{"sequence":2,"clubcode":"JAC","playerName":"D.Garrard","statId":111,"yards":2}],"00-0026994":[{"sequence":6,"clubcode":"DEN","playerName":"R.Ayers","statId":110,"yards":0}],"00-0022780":[{"sequence":7,"clubcode":"DEN","playerName":"D.Williams","statId":79,"yards":0}]}},"2653":{"sp":0,"qtr":3,"down":3,"time":"01:30","yrdln":"DEN 32","ydstogo":8,"ydsnet":26,"posteam":"JAC","desc":"(1:30) (Shotgun) D.Garrard pass short right to M.Jones-Drew to DEN 27 for 5 yards (D.Williams).","note":null,"players":{"00-0024275":[{"sequence":4,"clubcode":"JAC","playerName":"M.Jones-Drew","statId":21,"yards":5},{"sequence":5,"clubcode":"JAC","playerName":"M.Jones-Drew","statId":115,"yards":0},{"sequence":6,"clubcode":"JAC","playerName":"M.Jones-Drew","statId":113,"yards":3}],"00-0021231":[{"sequence":2,"clubcode":"JAC","playerName":"D.Garrard","statId":15,"yards":5},{"sequence":3,"clubcode":"JAC","playerName":"D.Garrard","statId":111,"yards":2}],"0":[{"sequence":1,"clubcode":"JAC","playerName":"","statId":7,"yards":0}],"00-0022780":[{"sequence":7,"clubcode":"DEN","playerName":"D.Williams","statId":79,"yards":0}]}},"2677":{"sp":1,"qtr":3,"down":4,"time":"00:50","yrdln":"DEN 27","ydstogo":3,"ydsnet":26,"posteam":"JAC","desc":"(:50) J.Scobee 45 yard field goal is GOOD, Center-J.Cain, Holder-A.Podlesh.","note":"FG","players":{"00-0022874":[{"sequence":1,"clubcode":"JAC","playerName":"J.Scobee","statId":70,"yards":45}]}}},"fds":1,"result":"Field Goal","penyds":-5,"ydsgained":31,"numplays":9,"postime":"3:22","start":{"qtr":3,"time":"04:07","yrdln":"JAC 47","team":"JAC"},"end":{"qtr":3,"time":"00:45","yrdln":"DEN 27","team":"JAC"}},"16":{"posteam":"DEN","qtr":4,"redzone":true,"plays":{"2697":{"sp":0,"qtr":3,"down":0,"time":"00:45","yrdln":"JAC 30","ydstogo":0,"ydsnet":0,"posteam":"JAC","desc":"J.Scobee kicks 70 yards from JAC 30 to end zone, Touchback.","note":"KICKOFF","players":{"0":[{"sequence":2,"clubcode":"DEN","playerName":"","statId":51,"yards":0}],"00-0022874":[{"sequence":1,"clubcode":"JAC","playerName":"J.Scobee","statId":44,"yards":70}]}},"2711":{"sp":0,"qtr":3,"down":1,"time":"00:45","yrdln":"DEN 20","ydstogo":10,"ydsnet":2,"posteam":"DEN","desc":"(:45) K.Moreno left end to DEN 22 for 2 yards (S.Considine).","note":null,"players":{"00-0023537":[{"sequence":2,"clubcode":"JAC","playerName":"S.Considine","statId":79,"yards":0}],"00-0026988":[{"sequence":1,"clubcode":"DEN","playerName":"K.Moreno","statId":10,"yards":2}]}},"2732":{"sp":0,"qtr":3,"down":0,"time":"","yrdln":"","ydstogo":0,"ydsnet":2,"posteam":"","desc":"END QUARTER 3","note":null,"players":{}},"2754":{"sp":0,"qtr":4,"down":2,"time":"15:00","yrdln":"DEN 22","ydstogo":8,"ydsnet":29,"posteam":"DEN","desc":"(15:00) Game temporarily suspended due to lightning @ 15:17, 33 min delay. Temp 78 deg; Heat index 80; Humidity 87% (Shotgun) K.Orton pass deep left to B.Lloyd ran ob at DEN 49 for 27 yards. Play Challenged by JAC and Upheld. (Timeout #2.)","note":"TIMEOUT","players":{"00-0023541":[{"sequence":3,"clubcode":"DEN","playerName":"K.Orton","statId":15,"yards":27},{"sequence":4,"clubcode":"DEN","playerName":"K.Orton","statId":111,"yards":27}],"00-0022097":[{"sequence":5,"clubcode":"DEN","playerName":"B.Lloyd","statId":21,"yards":27},{"sequence":6,"clubcode":"DEN","playerName":"B.Lloyd","statId":115,"yards":0},{"sequence":7,"clubcode":"DEN","playerName":"B.Lloyd","statId":113,"yards":0}],"0":[{"sequence":1,"clubcode":"JAC","playerName":"","statId":68,"yards":0},{"sequence":2,"clubcode":"DEN","playerName":"","statId":4,"yards":0}]}},"2842":{"sp":0,"qtr":4,"down":1,"time":"14:33","yrdln":"DEN 49","ydstogo":10,"ydsnet":34,"posteam":"DEN","desc":"(14:33) K.Moreno right end to JAC 46 for 5 yards (K.Morrison).","note":null,"players":{"00-0023513":[{"sequence":2,"clubcode":"JAC","playerName":"K.Morrison","statId":79,"yards":0}],"00-0026988":[{"sequence":1,"clubcode":"DEN","playerName":"K.Moreno","statId":10,"yards":5}]}},"2863":{"sp":0,"qtr":4,"down":2,"time":"14:27","yrdln":"JAC 46","ydstogo":5,"ydsnet":35,"posteam":"DEN","desc":"(14:27) C.Buckhalter right end to JAC 45 for 1 yard (T.Knighton).","note":null,"players":{"00-0027046":[{"sequence":2,"clubcode":"JAC","playerName":"T.Knighton","statId":79,"yards":0}],"00-0020270":[{"sequence":1,"clubcode":"DEN","playerName":"C.Buckhalter","statId":10,"yards":1}]}},"2884":{"sp":0,"qtr":4,"down":3,"time":"13:44","yrdln":"JAC 45","ydstogo":4,"ydsnet":40,"posteam":"DEN","desc":"(13:44) (Shotgun) K.Orton scrambles up the middle to JAC 40 for 5 yards (S.Considine).","note":null,"players":{"00-0023537":[{"sequence":4,"clubcode":"JAC","playerName":"S.Considine","statId":79,"yards":0}],"00-0023541":[{"sequence":3,"clubcode":"DEN","playerName":"K.Orton","statId":10,"yards":5}],"0":[{"sequence":1,"clubcode":"DEN","playerName":"","statId":3,"yards":0},{"sequence":2,"clubcode":"DEN","playerName":"","statId":6,"yards":0}]}},"2905":{"sp":0,"qtr":4,"down":0,"time":"12:58","yrdln":"","ydstogo":0,"ydsnet":40,"posteam":"","desc":"Timeout #1 by DEN at 12:58.","note":"TIMEOUT","players":{"0":[{"sequence":1,"clubcode":"DEN","playerName":"","statId":68,"yards":0}]}},"2922":{"sp":0,"qtr":4,"down":1,"time":"12:58","yrdln":"JAC 40","ydstogo":10,"ydsnet":40,"posteam":"DEN","desc":"(12:58) C.Buckhalter left end to JAC 40 for no gain (D.Jones).","note":null,"players":{"00-0025532":[{"sequence":2,"clubcode":"JAC","playerName":"D.Jones","statId":79,"yards":0}],"00-0020270":[{"sequence":1,"clubcode":"DEN","playerName":"C.Buckhalter","statId":10,"yards":0}]}},"2943":{"sp":0,"qtr":4,"down":2,"time":"12:15","yrdln":"JAC 40","ydstogo":10,"ydsnet":40,"posteam":"DEN","desc":"(12:15) (Shotgun) K.Orton pass incomplete short right to C.Buckhalter (D.Harvey).","note":null,"players":{"00-0023541":[{"sequence":1,"clubcode":"DEN","playerName":"K.Orton","statId":14,"yards":0},{"sequence":4,"clubcode":"DEN","playerName":"K.Orton","statId":112,"yards":3}],"00-0020270":[{"sequence":2,"clubcode":"DEN","playerName":"C.Buckhalter","statId":115,"yards":0}],"00-0026148":[{"sequence":3,"clubcode":"JAC","playerName":"D.Harvey","statId":85,"yards":0}]}},"2965":{"sp":0,"qtr":4,"down":3,"time":"12:15","yrdln":"JAC 40","ydstogo":10,"ydsnet":35,"posteam":"DEN","desc":"(12:15) (Shotgun) PENALTY on DEN-K.Orton, Delay of Game, 5 yards, enforced at JAC 40 - No Play.","note":"PENALTY","players":{"00-0023541":[{"sequence":1,"clubcode":"DEN","playerName":"K.Orton","statId":93,"yards":5}]}},"2988":{"sp":0,"qtr":4,"down":3,"time":"12:10","yrdln":"JAC 45","ydstogo":15,"ydsnet":44,"posteam":"DEN","desc":"(12:10) (Shotgun) K.Orton pass short left to E.Royal to JAC 36 for 9 yards (S.Considine).","note":null,"players":{"00-0023537":[{"sequence":7,"clubcode":"JAC","playerName":"S.Considine","statId":79,"yards":0}],"00-0023541":[{"sequence":2,"clubcode":"DEN","playerName":"K.Orton","statId":15,"yards":9},{"sequence":3,"clubcode":"DEN","playerName":"K.Orton","statId":111,"yards":-4}],"00-0026182":[{"sequence":4,"clubcode":"DEN","playerName":"E.Royal","statId":21,"yards":9},{"sequence":5,"clubcode":"DEN","playerName":"E.Royal","statId":115,"yards":0},{"sequence":6,"clubcode":"DEN","playerName":"E.Royal","statId":113,"yards":13}],"0":[{"sequence":1,"clubcode":"DEN","playerName":"","statId":7,"yards":0}]}},"3012":{"sp":1,"qtr":4,"down":4,"time":"11:26","yrdln":"JAC 36","ydstogo":6,"ydsnet":44,"posteam":"DEN","desc":"(11:26) M.Prater 54 yard field goal is GOOD, Center-L.Paxton, Holder-B.Colquitt.","note":"FG","players":{"00-0023853":[{"sequence":1,"clubcode":"DEN","playerName":"M.Prater","statId":70,"yards":54}]}}},"fds":2,"result":"Field Goal","penyds":-5,"ydsgained":49,"numplays":13,"postime":"4:25","start":{"qtr":3,"time":"00:45","yrdln":"DEN 20","team":"DEN"},"end":{"qtr":3,"time":"11:20","yrdln":"JAC 36","team":"DEN"}},"17":{"posteam":"JAC","qtr":4,"redzone":true,"plays":{"3032":{"sp":0,"qtr":4,"down":0,"time":"11:20","yrdln":"DEN 30","ydstogo":0,"ydsnet":0,"posteam":"DEN","desc":"M.Prater kicks 69 yards from DEN 30 to JAC 1. T.Underwood to JAC 17 for 16 yards (S.Larsen; M.Willis).","note":"KICKOFF","players":{"00-0026323":[{"sequence":4,"clubcode":"DEN","playerName":"S.Larsen","statId":82,"yards":0}],"00-0024756":[{"sequence":5,"clubcode":"DEN","playerName":"M.Willis","statId":82,"yards":0}],"00-0027156":[{"sequence":2,"clubcode":"JAC","playerName":"T.Underwood","statId":45,"yards":16}],"00-0023853":[{"sequence":1,"clubcode":"DEN","playerName":"M.Prater","statId":41,"yards":69},{"sequence":3,"clubcode":"DEN","playerName":"M.Prater","statId":42,"yards":0}]}},"3054":{"sp":0,"qtr":4,"down":1,"time":"11:13","yrdln":"JAC 17","ydstogo":10,"ydsnet":25,"posteam":"JAC","desc":"(11:13) D.Garrard pass short right to M.Jones-Drew to JAC 19 for 2 yards (R.McBean). PENALTY on DEN-R.McBean, Face Mask (15 Yards), 15 yards, enforced at JAC 19.","note":"PENALTY","players":{"00-0024275":[{"sequence":4,"clubcode":"JAC","playerName":"M.Jones-Drew","statId":21,"yards":2},{"sequence":5,"clubcode":"JAC","playerName":"M.Jones-Drew","statId":115,"yards":0},{"sequence":6,"clubcode":"JAC","playerName":"M.Jones-Drew","statId":113,"yards":6}],"00-0021231":[{"sequence":2,"clubcode":"JAC","playerName":"D.Garrard","statId":15,"yards":2},{"sequence":3,"clubcode":"JAC","playerName":"D.Garrard","statId":111,"yards":-4}],"0":[{"sequence":1,"clubcode":"JAC","playerName":"","statId":5,"yards":0}],"00-0025519":[{"sequence":7,"clubcode":"DEN","playerName":"R.McBean","statId":79,"yards":0},{"sequence":8,"clubcode":"DEN","playerName":"R.McBean","statId":93,"yards":15}]}},"3089":{"sp":0,"qtr":4,"down":1,"time":"10:48","yrdln":"JAC 34","ydstogo":10,"ydsnet":25,"posteam":"JAC","desc":"(10:48) M.Jones-Drew right end to JAC 42 for 8 yards (D.Williams).","note":null,"players":{"00-0024275":[{"sequence":1,"clubcode":"JAC","playerName":"M.Jones-Drew","statId":10,"yards":8}],"00-0022780":[{"sequence":2,"clubcode":"DEN","playerName":"D.Williams","statId":79,"yards":0}]}},"3110":{"sp":0,"qtr":4,"down":2,"time":"10:21","yrdln":"JAC 42","ydstogo":2,"ydsnet":48,"posteam":"JAC","desc":"(10:21) M.Jones-Drew up the middle to 50 for 8 yards (M.Haggan). PENALTY on DEN-R.McBean, Face Mask (15 Yards), 15 yards, enforced at 50.","note":"PENALTY","players":{"00-0024275":[{"sequence":3,"clubcode":"JAC","playerName":"M.Jones-Drew","statId":10,"yards":8}],"00-0022034":[{"sequence":4,"clubcode":"DEN","playerName":"M.Haggan","statId":79,"yards":0}],"0":[{"sequence":1,"clubcode":"JAC","playerName":"","statId":3,"yards":0},{"sequence":2,"clubcode":"JAC","playerName":"","statId":5,"yards":0}],"00-0025519":[{"sequence":5,"clubcode":"DEN","playerName":"R.McBean","statId":93,"yards":15}]}},"3154":{"sp":0,"qtr":4,"down":1,"time":"10:04","yrdln":"DEN 35","ydstogo":10,"ydsnet":48,"posteam":"JAC","desc":"(10:04) R.Jennings up the middle to DEN 35 for no gain (J.Hunter).","note":null,"players":{"00-0027155":[{"sequence":1,"clubcode":"JAC","playerName":"R.Jennings","statId":10,"yards":0}],"00-0023890":[{"sequence":2,"clubcode":"DEN","playerName":"J.Hunter","statId":79,"yards":0}]}},"3175":{"sp":0,"qtr":4,"down":2,"time":"09:27","yrdln":"DEN 35","ydstogo":10,"ydsnet":55,"posteam":"JAC","desc":"(9:27) D.Garrard pass short left to M.Thomas to DEN 28 for 7 yards (R.Ayers).","note":null,"players":{"00-0021231":[{"sequence":1,"clubcode":"JAC","playerName":"D.Garrard","statId":15,"yards":7},{"sequence":2,"clubcode":"JAC","playerName":"D.Garrard","statId":111,"yards":1}],"00-0026994":[{"sequence":6,"clubcode":"DEN","playerName":"R.Ayers","statId":79,"yards":0}],"00-0027076":[{"sequence":3,"clubcode":"JAC","playerName":"M.Thomas","statId":21,"yards":7},{"sequence":4,"clubcode":"JAC","playerName":"M.Thomas","statId":115,"yards":0},{"sequence":5,"clubcode":"JAC","playerName":"M.Thomas","statId":113,"yards":6}]}},"3199":{"sp":0,"qtr":4,"down":3,"time":"08:46","yrdln":"DEN 28","ydstogo":3,"ydsnet":59,"posteam":"JAC","desc":"(8:46) (Shotgun) D.Garrard up the middle to DEN 24 for 4 yards (B.Dawkins).","note":null,"players":{"00-0004073":[{"sequence":4,"clubcode":"DEN","playerName":"B.Dawkins","statId":79,"yards":0}],"00-0021231":[{"sequence":3,"clubcode":"JAC","playerName":"D.Garrard","statId":10,"yards":4}],"0":[{"sequence":1,"clubcode":"JAC","playerName":"","statId":3,"yards":0},{"sequence":2,"clubcode":"JAC","playerName":"","statId":6,"yards":0}]}},"3220":{"sp":1,"qtr":4,"down":1,"time":"08:06","yrdln":"DEN 24","ydstogo":10,"ydsnet":83,"posteam":"JAC","desc":"(8:06) D.Garrard pass deep middle to K.Osgood for 24 yards, TOUCHDOWN [R.Ayers]. PENALTY on JAC-K.Osgood, Unsportsmanlike Conduct, 15 yards, enforced between downs.","note":"TD","players":{"00-0021570":[{"sequence":4,"clubcode":"JAC","playerName":"K.Osgood","statId":22,"yards":24},{"sequence":5,"clubcode":"JAC","playerName":"K.Osgood","statId":115,"yards":0},{"sequence":6,"clubcode":"JAC","playerName":"K.Osgood","statId":113,"yards":1},{"sequence":8,"clubcode":"JAC","playerName":"K.Osgood","statId":93,"yards":15}],"00-0021231":[{"sequence":2,"clubcode":"JAC","playerName":"D.Garrard","statId":16,"yards":24},{"sequence":3,"clubcode":"JAC","playerName":"D.Garrard","statId":111,"yards":23}],"0":[{"sequence":1,"clubcode":"JAC","playerName":"","statId":4,"yards":0}],"00-0026994":[{"sequence":7,"clubcode":"DEN","playerName":"R.Ayers","statId":110,"yards":0}]}},"3252":{"sp":1,"qtr":4,"down":0,"time":"07:59","yrdln":"DEN 2","ydstogo":0,"ydsnet":83,"posteam":"JAC","desc":"J.Scobee extra point is GOOD, Center-J.Cain, Holder-A.Podlesh.","note":"XP","players":{"00-0022874":[{"sequence":1,"clubcode":"JAC","playerName":"J.Scobee","statId":72,"yards":0}]}}},"fds":5,"result":"Touchdown","penyds":30,"ydsgained":53,"numplays":9,"postime":"3:21","start":{"qtr":4,"time":"11:20","yrdln":"JAC 17","team":"JAC"},"end":{"qtr":4,"time":"07:59","yrdln":"DEN 24","team":"JAC"}},"18":{"posteam":"DEN","qtr":4,"redzone":true,"plays":{"3268":{"sp":0,"qtr":4,"down":0,"time":"07:59","yrdln":"JAC 15","ydstogo":0,"ydsnet":0,"posteam":"JAC","desc":"J.Scobee kicks 67 yards from JAC 15 to DEN 18. P.Cox to DEN 43 for 25 yards (K.Osgood).","note":"KICKOFF","players":{"00-0021570":[{"sequence":3,"clubcode":"JAC","playerName":"K.Osgood","statId":79,"yards":0}],"00-0027737":[{"sequence":2,"clubcode":"DEN","playerName":"P.Cox","statId":45,"yards":25}],"00-0022874":[{"sequence":1,"clubcode":"JAC","playerName":"J.Scobee","statId":41,"yards":67}]}},"3290":{"sp":0,"qtr":4,"down":1,"time":"07:49","yrdln":"DEN 43","ydstogo":10,"ydsnet":0,"posteam":"DEN","desc":"(7:49) K.Orton pass incomplete deep left to B.Lloyd.","note":null,"players":{"00-0023541":[{"sequence":1,"clubcode":"DEN","playerName":"K.Orton","statId":14,"yards":0},{"sequence":3,"clubcode":"DEN","playerName":"K.Orton","statId":112,"yards":34}],"00-0022097":[{"sequence":2,"clubcode":"DEN","playerName":"B.Lloyd","statId":115,"yards":0}]}},"3312":{"sp":0,"qtr":4,"down":2,"time":"07:42","yrdln":"DEN 43","ydstogo":10,"ydsnet":25,"posteam":"DEN","desc":"(7:42) (Shotgun) K.Orton pass deep right to B.Lloyd to JAC 32 for 25 yards (R.Mathis) [Da.Smith].","note":null,"players":{"00-0022080":[{"sequence":8,"clubcode":"JAC","playerName":"R.Mathis","statId":79,"yards":0}],"00-0023541":[{"sequence":2,"clubcode":"DEN","playerName":"K.Orton","statId":15,"yards":25},{"sequence":3,"clubcode":"DEN","playerName":"K.Orton","statId":111,"yards":27}],"00-0022839":[{"sequence":7,"clubcode":"JAC","playerName":"Da.Smith","statId":110,"yards":0}],"00-0022097":[{"sequence":4,"clubcode":"DEN","playerName":"B.Lloyd","statId":21,"yards":25},{"sequence":5,"clubcode":"DEN","playerName":"B.Lloyd","statId":115,"yards":0},{"sequence":6,"clubcode":"DEN","playerName":"B.Lloyd","statId":113,"yards":-2}],"0":[{"sequence":1,"clubcode":"DEN","playerName":"","statId":4,"yards":0}]}},"3336":{"sp":0,"qtr":4,"down":1,"time":"06:56","yrdln":"JAC 32","ydstogo":10,"ydsnet":36,"posteam":"DEN","desc":"(6:56) K.Moreno up the middle to JAC 21 for 11 yards (A.Smith).","note":null,"players":{"00-0024298":[{"sequence":3,"clubcode":"JAC","playerName":"A.Smith","statId":79,"yards":0}],"00-0026988":[{"sequence":2,"clubcode":"DEN","playerName":"K.Moreno","statId":10,"yards":11}],"0":[{"sequence":1,"clubcode":"DEN","playerName":"","statId":3,"yards":0}]}},"3357":{"sp":0,"qtr":4,"down":1,"time":"06:21","yrdln":"JAC 21","ydstogo":10,"ydsnet":36,"posteam":"DEN","desc":"(6:21) K.Moreno left end to JAC 21 for no gain (A.Kampman).","note":null,"players":{"00-0021269":[{"sequence":2,"clubcode":"JAC","playerName":"A.Kampman","statId":79,"yards":0}],"00-0026988":[{"sequence":1,"clubcode":"DEN","playerName":"K.Moreno","statId":10,"yards":0}]}},"3378":{"sp":0,"qtr":4,"down":2,"time":"05:37","yrdln":"JAC 21","ydstogo":10,"ydsnet":43,"posteam":"DEN","desc":"(5:37) (Shotgun) K.Orton scrambles up the middle to JAC 14 for 7 yards.","note":null,"players":{"00-0023541":[{"sequence":1,"clubcode":"DEN","playerName":"K.Orton","statId":10,"yards":7}]}},"3399":{"sp":0,"qtr":4,"down":3,"time":"04:51","yrdln":"JAC 14","ydstogo":3,"ydsnet":43,"posteam":"DEN","desc":"(4:51) (Shotgun) K.Orton pass incomplete short right to B.Lloyd (S.Considine).","note":null,"players":{"00-0023537":[{"sequence":4,"clubcode":"JAC","playerName":"S.Considine","statId":85,"yards":0}],"00-0023541":[{"sequence":2,"clubcode":"DEN","playerName":"K.Orton","statId":14,"yards":0},{"sequence":5,"clubcode":"DEN","playerName":"K.Orton","statId":112,"yards":6}],"00-0022097":[{"sequence":3,"clubcode":"DEN","playerName":"B.Lloyd","statId":115,"yards":0}],"0":[{"sequence":1,"clubcode":"DEN","playerName":"","statId":7,"yards":0}]}},"3421":{"sp":0,"qtr":4,"down":0,"time":"04:47","yrdln":"","ydstogo":0,"ydsnet":43,"posteam":"","desc":"Timeout #3 by JAC at 04:47.","note":"TIMEOUT","players":{"0":[{"sequence":1,"clubcode":"JAC","playerName":"","statId":68,"yards":0}]}},"3438":{"sp":0,"qtr":4,"down":4,"time":"04:47","yrdln":"JAC 14","ydstogo":3,"ydsnet":43,"posteam":"DEN","desc":"(4:47) (Shotgun) K.Orton pass incomplete short right to B.Lloyd.","note":null,"players":{"00-0023541":[{"sequence":2,"clubcode":"DEN","playerName":"K.Orton","statId":14,"yards":0},{"sequence":4,"clubcode":"DEN","playerName":"K.Orton","statId":112,"yards":14}],"00-0022097":[{"sequence":3,"clubcode":"DEN","playerName":"B.Lloyd","statId":115,"yards":0}],"0":[{"sequence":1,"clubcode":"DEN","playerName":"","statId":9,"yards":0}]}}},"fds":2,"result":"Downs","penyds":0,"ydsgained":43,"numplays":9,"postime":"3:18","start":{"qtr":4,"time":"07:59","yrdln":"DEN 43","team":"DEN"},"end":{"qtr":4,"time":"04:41","yrdln":"JAC 14","team":"DEN"}},"19":{"posteam":"JAC","qtr":4,"redzone":true,"plays":{"3461":{"sp":0,"qtr":4,"down":1,"time":"04:41","yrdln":"JAC 14","ydstogo":10,"ydsnet":6,"posteam":"JAC","desc":"(4:41) M.Jones-Drew right end to JAC 20 for 6 yards (J.Hunter).","note":null,"players":{"00-0023890":[{"sequence":2,"clubcode":"DEN","playerName":"J.Hunter","statId":79,"yards":0}],"00-0024275":[{"sequence":1,"clubcode":"JAC","playerName":"M.Jones-Drew","statId":10,"yards":6}]}},"3482":{"sp":0,"qtr":4,"down":2,"time":"03:57","yrdln":"JAC 20","ydstogo":4,"ydsnet":14,"posteam":"JAC","desc":"(3:57) M.Jones-Drew up the middle to JAC 28 for 8 yards (Ja.Williams).","note":null,"players":{"00-0024275":[{"sequence":2,"clubcode":"JAC","playerName":"M.Jones-Drew","statId":10,"yards":8}],"0":[{"sequence":1,"clubcode":"JAC","playerName":"","statId":3,"yards":0}],"00-0017813":[{"sequence":3,"clubcode":"DEN","playerName":"Ja.Williams","statId":79,"yards":0}]}},"3503":{"sp":0,"qtr":4,"down":1,"time":"03:14","yrdln":"JAC 28","ydstogo":10,"ydsnet":21,"posteam":"JAC","desc":"(3:14) M.Jones-Drew up the middle to JAC 31 for 3 yards (M.Haggan).","note":null,"players":{"00-0024275":[{"sequence":1,"clubcode":"JAC","playerName":"M.Jones-Drew","statId":10,"yards":3}],"00-0022034":[{"sequence":2,"clubcode":"DEN","playerName":"M.Haggan","statId":79,"yards":0}]}},"3589":{"sp":0,"qtr":4,"down":2,"time":"03:14","yrdln":"JAC 31","ydstogo":7,"ydsnet":21,"posteam":"JAC","desc":"(3:14) M.Jones-Drew up the middle to JAC 32 for 1 yard (M.Haggan).","note":null,"players":{"00-0024275":[{"sequence":1,"clubcode":"JAC","playerName":"M.Jones-Drew","statId":10,"yards":1}],"00-0022034":[{"sequence":2,"clubcode":"DEN","playerName":"M.Haggan","statId":79,"yards":0}]}},"3524":{"sp":0,"qtr":4,"down":0,"time":"02:23","yrdln":"","ydstogo":0,"ydsnet":21,"posteam":"","desc":"Timeout #2 by DEN at 02:23.","note":"TIMEOUT","players":{"0":[{"sequence":1,"clubcode":"DEN","playerName":"","statId":68,"yards":0}]}},"3551":{"sp":0,"qtr":4,"down":3,"time":"02:22","yrdln":"JAC 32","ydstogo":6,"ydsnet":21,"posteam":"JAC","desc":"(2:22) D.Garrard scrambles up the middle to JAC 35 for 3 yards (M.Thomas).","note":null,"players":{"00-0025508":[{"sequence":3,"clubcode":"DEN","playerName":"M.Thomas","statId":79,"yards":0}],"00-0021231":[{"sequence":2,"clubcode":"JAC","playerName":"D.Garrard","statId":10,"yards":3}],"0":[{"sequence":1,"clubcode":"JAC","playerName":"","statId":7,"yards":0}]}},"3572":{"sp":0,"qtr":4,"down":0,"time":"02:00","yrdln":"","ydstogo":0,"ydsnet":21,"posteam":"","desc":"Two-Minute Warning","note":null,"players":{}},"3610":{"sp":0,"qtr":4,"down":4,"time":"02:00","yrdln":"JAC 35","ydstogo":3,"ydsnet":21,"posteam":"JAC","desc":"(2:00) A.Podlesh punts 46 yards to DEN 19, Center-J.Cain. P.Cox to DEN 23 for 4 yards (S.Considine).","note":"PUNT","players":{"00-0025488":[{"sequence":1,"clubcode":"JAC","playerName":"A.Podlesh","statId":29,"yards":46}],"00-0023537":[{"sequence":3,"clubcode":"JAC","playerName":"S.Considine","statId":79,"yards":0}],"00-0027737":[{"sequence":2,"clubcode":"DEN","playerName":"P.Cox","statId":33,"yards":4}]}}},"fds":1,"result":"Punt","penyds":0,"ydsgained":21,"numplays":8,"postime":"2:51","start":{"qtr":4,"time":"04:41","yrdln":"JAC 14","team":"JAC"},"end":{"qtr":4,"time":"01:50","yrdln":"JAC 35","team":"JAC"}},"20":{"posteam":"DEN","qtr":4,"redzone":true,"plays":{"3636":{"sp":0,"qtr":4,"down":1,"time":"01:50","yrdln":"DEN 23","ydstogo":10,"ydsnet":2,"posteam":"DEN","desc":"(1:50) (Shotgun) K.Orton pass short left to E.Royal to DEN 25 for 2 yards (W.Middleton).","note":null,"players":{"00-0023541":[{"sequence":1,"clubcode":"DEN","playerName":"K.Orton","statId":15,"yards":2},{"sequence":2,"clubcode":"DEN","playerName":"K.Orton","statId":111,"yards":-4}],"00-0026182":[{"sequence":3,"clubcode":"DEN","playerName":"E.Royal","statId":21,"yards":2},{"sequence":4,"clubcode":"DEN","playerName":"E.Royal","statId":115,"yards":0},{"sequence":5,"clubcode":"DEN","playerName":"E.Royal","statId":113,"yards":6}],"00-0026912":[{"sequence":6,"clubcode":"JAC","playerName":"W.Middleton","statId":79,"yards":0}]}},"3660":{"sp":0,"qtr":4,"down":2,"time":"01:26","yrdln":"DEN 25","ydstogo":8,"ydsnet":13,"posteam":"DEN","desc":"(1:26) (Shotgun) K.Orton pass short middle to B.Lloyd to DEN 36 for 11 yards (D.Jones) [A.Kampman].","note":null,"players":{"00-0023541":[{"sequence":2,"clubcode":"DEN","playerName":"K.Orton","statId":15,"yards":11},{"sequence":3,"clubcode":"DEN","playerName":"K.Orton","statId":111,"yards":11}],"00-0021269":[{"sequence":7,"clubcode":"JAC","playerName":"A.Kampman","statId":110,"yards":0}],"00-0025532":[{"sequence":8,"clubcode":"JAC","playerName":"D.Jones","statId":79,"yards":0}],"00-0022097":[{"sequence":4,"clubcode":"DEN","playerName":"B.Lloyd","statId":21,"yards":11},{"sequence":5,"clubcode":"DEN","playerName":"B.Lloyd","statId":115,"yards":0},{"sequence":6,"clubcode":"DEN","playerName":"B.Lloyd","statId":113,"yards":0}],"0":[{"sequence":1,"clubcode":"DEN","playerName":"","statId":4,"yards":0}]}},"3684":{"sp":0,"qtr":4,"down":1,"time":"01:00","yrdln":"DEN 36","ydstogo":10,"ydsnet":13,"posteam":"DEN","desc":"(1:00) (Shotgun) K.Orton pass incomplete deep right to J.Gaffney (R.Mathis).","note":null,"players":{"00-0022080":[{"sequence":3,"clubcode":"JAC","playerName":"R.Mathis","statId":85,"yards":0}],"00-0023541":[{"sequence":1,"clubcode":"DEN","playerName":"K.Orton","statId":14,"yards":0},{"sequence":4,"clubcode":"DEN","playerName":"K.Orton","statId":112,"yards":32}],"00-0021163":[{"sequence":2,"clubcode":"DEN","playerName":"J.Gaffney","statId":115,"yards":0}]}},"3706":{"sp":0,"qtr":4,"down":2,"time":"00:53","yrdln":"DEN 36","ydstogo":10,"ydsnet":13,"posteam":"DEN","desc":"(:53) (Shotgun) K.Orton pass deep middle intended for E.Royal INTERCEPTED by Da.Smith [A.Kampman] at JAC 42. Da.Smith to 50 for 8 yards.","note":"INT","players":{"00-0023541":[{"sequence":1,"clubcode":"DEN","playerName":"K.Orton","statId":19,"yards":0},{"sequence":4,"clubcode":"DEN","playerName":"K.Orton","statId":112,"yards":22}],"00-0021269":[{"sequence":3,"clubcode":"JAC","playerName":"A.Kampman","statId":110,"yards":0}],"00-0026182":[{"sequence":2,"clubcode":"DEN","playerName":"E.Royal","statId":115,"yards":0}],"00-0022839":[{"sequence":5,"clubcode":"JAC","playerName":"Da.Smith","statId":25,"yards":8},{"sequence":6,"clubcode":"JAC","playerName":"Da.Smith","statId":85,"yards":0}]}}},"fds":1,"result":"Interception","penyds":0,"ydsgained":13,"numplays":4,"postime":"1:04","start":{"qtr":4,"time":"01:50","yrdln":"DEN 23","team":"DEN"},"end":{"qtr":4,"time":"00:46","yrdln":"DEN 36","team":"DEN"}},"21":{"posteam":"JAC","qtr":4,"redzone":true,"plays":{"3733":{"sp":0,"qtr":4,"down":1,"time":"00:46","yrdln":"50","ydstogo":10,"ydsnet":-1,"posteam":"JAC","desc":"(:46) D.Garrard kneels to JAC 49 for -1 yards.","note":null,"players":{"00-0021231":[{"sequence":1,"clubcode":"JAC","playerName":"D.Garrard","statId":10,"yards":-1}]}},"3765":{"sp":0,"qtr":4,"down":2,"time":"00:15","yrdln":"JAC 49","ydstogo":11,"ydsnet":-2,"posteam":"JAC","desc":"(:15) D.Garrard kneels to JAC 48 for -1 yards.","note":null,"players":{"00-0021231":[{"sequence":1,"clubcode":"JAC","playerName":"D.Garrard","statId":10,"yards":-1}]}},"3786":{"sp":0,"qtr":4,"down":0,"time":"00:00","yrdln":"","ydstogo":0,"ydsnet":-2,"posteam":"","desc":"END GAME","note":null,"players":{}}},"fds":0,"result":"End of Game","penyds":0,"ydsgained":-2,"numplays":3,"postime":"0:46","start":{"qtr":4,"time":"00:46","yrdln":"50","team":"JAC"},"end":{"qtr":4,"time":"00:00","yrdln":"","team":"JAC"}},"crntdrv":21},"scrsummary":{"1531":{"type":"TD","desc":"M.Lewis 21 yd. pass from D.Garrard (J.Scobee kick is good) Drive: 6 plays, 60 yards in 3:09","qtr":2,"team":"JAC","players":{"":"0","D.Garrard":"00-0021231","M.Lewis":"00-0024243","J.Scobee":"00-0022874"}},"1688":{"type":"TD","desc":"J.Gaffney 8 yd. pass from K.Orton (M.Prater kick is good) Drive: 4 plays, 74 yards in 0:34","qtr":2,"team":"DEN","players":{"":"0","K.Orton":"00-0023541","J.Gaffney":"00-0021163","M.Prater":"00-0023853"}},"1969":{"type":"TD","desc":"M.Lewis 10 yd. pass from D.Garrard (J.Scobee kick is good) Drive: 7 plays, 53 yards in 4:17","qtr":3,"team":"JAC","players":{"":"0","D.Garrard":"00-0021231","M.Lewis":"00-0024243","J.Scobee":"00-0022874"}},"2451":{"type":"TD","desc":"K.Moreno 1 yd. run (M.Prater kick is good) Drive: 4 plays, 40 yards in 1:59","qtr":3,"team":"DEN","players":{"":"0","K.Moreno":"00-0026988","M.Prater":"00-0023853"}},"2677":{"type":"FG","desc":"J.Scobee 45 yd. Field Goal Drive: 7 plays, 26 yards in 3:22","qtr":3,"team":"JAC","players":{"J.Scobee":"00-0022874"}},"3012":{"type":"FG","desc":"M.Prater 54 yd. Field Goal Drive: 9 plays, 44 yards in 4:25","qtr":4,"team":"DEN","players":{"M.Prater":"00-0023853"}},"3220":{"type":"TD","desc":"K.Osgood 24 yd. pass from D.Garrard (J.Scobee kick is good) Drive: 7 plays, 83 yards in 3:21","qtr":4,"team":"JAC","players":{"":"0","D.Garrard":"00-0021231","K.Osgood":"00-0021570","R.Ayers":"00-0026994","J.Scobee":"00-0022874"}}},"weather":null,"media":null,"yl":"","qtr":"Final","note":null,"down":0,"togo":0,"redzone":true,"clock":"00:15","posteam":"JAC","stadium":null},"nextupdate":294}