{"2010091902":{"home":{"score":{"1":0,"2":0,"3":7,"4":3,"5":0,"T":10},"abbr":"MIN","to":1,"stats":{"passing":{"00-0005106":{"name":"B.Favre","att":36,"cmp":22,"yds":225,"tds":0,"ints":3,"twopta":0,"twoptm":0}},"rushing":{"00-0025394":{"name":"A.Peterson","att":28,"yds":145,"tds":1,"lng":23,"lngtd":1,"twopta":0,"twoptm":0},"00-0027888":{"name":"T.Gerhart","att":4,"yds":10,"tds":0,"lng":6,"lngtd":0,"twopta":0,"twoptm":0},"00-0023774":{"name":"N.Tahi","att":1,"yds":1,"tds":0,"lng":1,"lngtd":0,"twopta":0,"twoptm":0}},"receiving":{"00-0022054":{"name":"V.Shiancoe","rec":6,"yds":86,"tds":0,"lng":33,"lngtd":0,"twopta":0,"twoptm":0},"00-0025394":{"name":"A.Peterson","rec":5,"yds":41,"tds":0,"lng":16,"lngtd":0,"twopta":0,"twoptm":0},"00-0026998":{"name":"P.Harvin","rec":5,"yds":32,"tds":0,"lng":13,"lngtd":0,"twopta":0,"twoptm":0},"00-0022807":{"name":"B.Berrian","rec":2,"yds":24,"tds":0,"lng":20,"lngtd":0,"twopta":0,"twoptm":0},"00-0009323":{"name":"J.Kleinsasser","rec":1,"yds":20,"tds":0,"lng":20,"lngtd":0,"twopta":0,"twoptm":0},"00-0021508":{"name":"G.Lewis","rec":1,"yds":14,"tds":0,"lng":14,"lngtd":0,"twopta":0,"twoptm":0},"00-0027888":{"name":"T.Gerhart","rec":1,"yds":5,"tds":0,"lng":5,"lngtd":0,"twopta":0,"twoptm":0},"00-0023408":{"name":"G.Camarillo","rec":1,"yds":3,"tds":0,"lng":3,"lngtd":0,"twopta":0,"twoptm":0}},"fumbles":{"00-0022807":{"name":"B.Berrian","tot":1,"rcv":1,"trcv":1,"yds":0,"lost":0},"00-0005106":{"name":"B.Favre","tot":1,"rcv":0,"trcv":0,"yds":0,"lost":1},"00-0022081":{"name":"E.Henderson","tot":0,"rcv":0,"trcv":1,"yds":0,"lost":0},"00-0025945":{"name":"Erin.Henderson","tot":0,"rcv":0,"trcv":1,"yds":3,"lost":0}},"kicking":{"00-0010072":{"name":"R.Longwell","fgm":1,"fga":1,"fgyds":28,"totpfg":3,"xpmade":1,"xpmissed":0,"xpa":1,"xpb":0,"xptot":1}},"punting":{"00-0023060":{"name":"C.Kluwe","pts":2,"yds":88,"avg":34,"i20":0,"lng":50}},"kickret":{"00-0026998":{"name":"P.Harvin","ret":2,"avg":22,"tds":0,"lng":22,"lngtd":0}},"puntret":{"00-0023408":{"name":"G.Camarillo","ret":2,"avg":7,"tds":0,"lng":14,"lngtd":0},"00-0022807":{"name":"B.Berrian","ret":1,"avg":0,"tds":0,"lng":0,"lngtd":0}},"defense":{"00-0024232":{"name":"C.Greenway","tkl":4,"ast":4,"sk":0,"int":0,"ffum":0},"00-0022081":{"name":"E.Henderson","tkl":5,"ast":2,"sk":0,"int":0,"ffum":1},"00-0022842":{"name":"M.Williams","tkl":5,"ast":0,"sk":0,"int":0,"ffum":0},"00-0022073":{"name":"K.Williams","tkl":3,"ast":2,"sk":1,"int":0,"ffum":0},"00-0018093":{"name":"A.Winfield","tkl":3,"ast":1,"sk":0,"int":0,"ffum":0},"00-0022740":{"name":"J.Allen","tkl":3,"ast":0,"sk":1,"int":0,"ffum":0},"00-0024342":{"name":"R.Edwards","tkl":3,"ast":0,"sk":0,"int":0,"ffum":0},"00-0017899":{"name":"P.Williams","tkl":2,"ast":1,"sk":0,"int":0,"ffum":1},"00-0021197":{"name":"B.Leber","tkl":2,"ast":1,"sk":0,"int":0,"ffum":0},"00-0025940":{"name":"H.Abdullah","tkl":2,"ast":1,"sk":0,"int":0,"ffum":0},"00-0021157":{"name":"L.Sheppard","tkl":2,"ast":0,"sk":0,"int":0,"ffum":0},"00-0025945":{"name":"Erin.Henderson","tkl":1,"ast":0,"sk":0,"int":0,"ffum":0},"00-0026292":{"name":"L.Guion","tkl":1,"ast":0,"sk":0,"int":0,"ffum":0},"00-0027058":{"name":"A.Allen","tkl":1,"ast":0,"sk":0,"int":0,"ffum":0}},"team":{"totfd":22,"totyds":364,"pyds":208,"ryds":156,"pen":7,"penyds":44,"trnovr":4,"pt":2,"ptyds":88,"ptavg":34,"top":"35:48"}},"players":null},"away":{"score":{"1":7,"2":0,"3":7,"4":0,"5":0,"T":14},"abbr":"MIA","to":1,"stats":{"passing":{"00-0026197":{"name":"C.Henne","att":15,"cmp":9,"yds":114,"tds":1,"ints":0,"twopta":0,"twoptm":0}},"rushing":{"00-0023437":{"name":"R.Brown","att":13,"yds":80,"tds":0,"lng":51,"lngtd":0,"twopta":0,"twoptm":0},"00-0017915":{"name":"R.Williams","att":10,"yds":30,"tds":0,"lng":8,"lngtd":0,"twopta":0,"twoptm":0},"00-0022405":{"name":"L.Polite","att":4,"yds":10,"tds":0,"lng":4,"lngtd":0,"twopta":0,"twoptm":0},"00-0026197":{"name":"C.Henne","att":2,"yds":0,"tds":0,"lng":1,"lngtd":0,"twopta":0,"twoptm":0}},"receiving":{"00-0024334":{"name":"B.Marshall","rec":4,"yds":71,"tds":0,"lng":46,"lngtd":0,"twopta":0,"twoptm":0},"00-0027077":{"name":"B.Hartline","rec":3,"yds":28,"tds":1,"lng":19,"lngtd":5,"twopta":0,"twoptm":0},"00-0026000":{"name":"D.Bess","rec":1,"yds":12,"tds":0,"lng":12,"lngtd":0,"twopta":0,"twoptm":0},"00-0023437":{"name":"R.Brown","rec":1,"yds":3,"tds":0,"lng":3,"lngtd":0,"twopta":0,"twoptm":0}},"fumbles":{"00-0017915":{"name":"R.Williams","tot":1,"rcv":0,"trcv":0,"yds":0,"lost":1},"00-0023437":{"name":"R.Brown","tot":1,"rcv":0,"trcv":0,"yds":0,"lost":1},"00-0027883":{"name":"K.Misi","tot":0,"rcv":0,"trcv":1,"yds":0,"lost":0}},"kicking":{"00-0026003":{"name":"D.Carpenter","fgm":0,"fga":0,"fgyds":0,"totpfg":0,"xpmade":2,"xpmissed":0,"xpa":2,"xpb":0,"xptot":2}},"punting":{"00-0025612":{"name":"B.Fields","pts":6,"yds":242,"avg":38,"i20":4,"lng":59}},"kickret":{"00-0026113":{"name":"C.Smith","ret":2,"avg":18,"tds":0,"lng":19,"lngtd":0}},"puntret":{},"defense":{"00-0022067":{"name":"Y.Bell","tkl":9,"ast":3,"sk":0,"int":0,"ffum":0},"00-0024231":{"name":"J.Allen","tkl":7,"ast":4,"sk":0,"int":2,"ffum":0},"00-0022927":{"name":"K.Dansby","tkl":6,"ast":3,"sk":0,"int":0,"ffum":0},"00-0027001":{"name":"V.Davis","tkl":6,"ast":0,"sk":0,"int":1,"ffum":0},"00-0025452":{"name":"Q.Moses","tkl":4,"ast":1,"sk":0,"int":0,"ffum":0},"00-0023368":{"name":"C.Wake","tkl":2,"ast":3,"sk":1.5,"int":0,"ffum":1},"00-0026206":{"name":"K.Langford","tkl":2,"ast":3,"sk":1,"int":0,"ffum":0},"00-0027115":{"name":"C.Clemons","tkl":4,"ast":0,"sk":0,"int":0,"ffum":0},"00-0024365":{"name":"T.Dobbins","tkl":2,"ast":1,"sk":0,"int":0,"ffum":0},"00-0027037":{"name":"S.Smith","tkl":2,"ast":0,"sk":0,"int":0,"ffum":0},"00-0022352":{"name":"B.Sapp","tkl":2,"ast":0,"sk":0,"int":0,"ffum":0},"00-0022805":{"name":"R.Starks","tkl":1,"ast":1,"sk":0.5,"int":0,"ffum":0},"00-0027883":{"name":"K.Misi","tkl":1,"ast":1,"sk":0,"int":0,"ffum":0},"00-0024102":{"name":"T.McDaniel","tkl":1,"ast":1,"sk":0,"int":0,"ffum":0},"00-0025495":{"name":"P.Soliai","tkl":1,"ast":1,"sk":0,"int":0,"ffum":0},"00-0024233":{"name":"B.Carpenter","tkl":0,"ast":1,"sk":0,"int":0,"ffum":0},"00-0026683":{"name":"R.Baker","tkl":0,"ast":1,"sk":0,"int":0,"ffum":0}},"team":{"totfd":12,"totyds":226,"pyds":106,"ryds":120,"pen":2,"penyds":15,"trnovr":2,"pt":6,"ptyds":242,"ptavg":38,"top":"24:12"}},"players":null},"drives":{"1":{"posteam":"MIN","qtr":1,"redzone":true,"plays":{"44":{"sp":0,"qtr":1,"down":0,"time":"15:00","yrdln":"MIA 30","ydstogo":0,"ydsnet":0,"posteam":"MIA","desc":"D.Carpenter kicks 63 yards from MIA 30 to MIN 7. P.Harvin to MIN 29 for 22 yards (S.Smith).","note":"KICKOFF","players":{"00-0027037":[{"sequence":3,"clubcode":"MIA","playerName":"S.Smith","statId":79,"yards":0}],"00-0026003":[{"sequence":1,"clubcode":"MIA","playerName":"D.Carpenter","statId":41,"yards":63}],"00-0026998":[{"sequence":2,"clubcode":"MIN","playerName":"P.Harvin","statId":45,"yards":22}]}},"67":{"sp":0,"qtr":1,"down":1,"time":"14:56","yrdln":"MIN 29","ydstogo":10,"ydsnet":-1,"posteam":"MIN","desc":"(14:56) B.Favre pass short right to P.Harvin to MIN 28 for -1 yards (B.Sapp).","note":null,"players":{"00-0005106":[{"sequence":1,"clubcode":"MIN","playerName":"B.Favre","statId":15,"yards":-1},{"sequence":2,"clubcode":"MIN","playerName":"B.Favre","statId":111,"yards":-4}],"00-0022352":[{"sequence":6,"clubcode":"MIA","playerName":"B.Sapp","statId":79,"yards":0},{"sequence":7,"clubcode":"MIA","playerName":"B.Sapp","statId":120,"yards":0}],"00-0026998":[{"sequence":3,"clubcode":"MIN","playerName":"P.Harvin","statId":21,"yards":-1},{"sequence":4,"clubcode":"MIN","playerName":"P.Harvin","statId":115,"yards":0},{"sequence":5,"clubcode":"MIN","playerName":"P.Harvin","statId":113,"yards":3}]}},"92":{"sp":0,"qtr":1,"down":2,"time":"14:18","yrdln":"MIN 28","ydstogo":11,"ydsnet":1,"posteam":"MIN","desc":"(14:18) A.Peterson left end to MIN 30 for 2 yards (K.Misi, Y.Bell).","note":null,"players":{"00-0022067":[{"sequence":3,"clubcode":"MIA","playerName":"Y.Bell","statId":82,"yards":0}],"00-0027883":[{"sequence":2,"clubcode":"MIA","playerName":"K.Misi","statId":80,"yards":0}],"00-0025394":[{"sequence":1,"clubcode":"MIN","playerName":"A.Peterson","statId":10,"yards":2}]}},"113":{"sp":0,"qtr":1,"down":3,"time":"13:38","yrdln":"MIN 30","ydstogo":9,"ydsnet":14,"posteam":"MIN","desc":"(13:38) (Shotgun) B.Favre pass short left to P.Harvin to MIN 43 for 13 yards (J.Allen). Penalty on MIA-K.Misi, Defensive Offside, declined.","note":null,"players":{"00-0024231":[{"sequence":8,"clubcode":"MIA","playerName":"J.Allen","statId":79,"yards":0}],"00-0005106":[{"sequence":3,"clubcode":"MIN","playerName":"B.Favre","statId":15,"yards":13},{"sequence":4,"clubcode":"MIN","playerName":"B.Favre","statId":111,"yards":2}],"0":[{"sequence":1,"clubcode":"MIN","playerName":"","statId":4,"yards":0},{"sequence":2,"clubcode":"MIN","playerName":"","statId":6,"yards":0}],"00-0026998":[{"sequence":5,"clubcode":"MIN","playerName":"P.Harvin","statId":21,"yards":13},{"sequence":6,"clubcode":"MIN","playerName":"P.Harvin","statId":115,"yards":0},{"sequence":7,"clubcode":"MIN","playerName":"P.Harvin","statId":113,"yards":11}]}},"149":{"sp":0,"qtr":1,"down":1,"time":"13:16","yrdln":"MIN 43","ydstogo":10,"ydsnet":16,"posteam":"MIN","desc":"(13:16) A.Peterson left guard to MIN 45 for 2 yards (J.Allen).","note":null,"players":{"00-0024231":[{"sequence":2,"clubcode":"MIA","playerName":"J.Allen","statId":79,"yards":0}],"00-0025394":[{"sequence":1,"clubcode":"MIN","playerName":"A.Peterson","statId":10,"yards":2}]}},"171":{"sp":0,"qtr":1,"down":2,"time":"12:40","yrdln":"MIN 45","ydstogo":8,"ydsnet":22,"posteam":"MIN","desc":"(12:40) B.Favre pass short right to P.Harvin to MIA 49 for 6 yards (V.Davis).","note":null,"players":{"00-0005106":[{"sequence":1,"clubcode":"MIN","playerName":"B.Favre","statId":15,"yards":6},{"sequence":2,"clubcode":"MIN","playerName":"B.Favre","statId":111,"yards":5}],"00-0027001":[{"sequence":6,"clubcode":"MIA","playerName":"V.Davis","statId":79,"yards":0}],"00-0026998":[{"sequence":3,"clubcode":"MIN","playerName":"P.Harvin","statId":21,"yards":6},{"sequence":4,"clubcode":"MIN","playerName":"P.Harvin","statId":115,"yards":0},{"sequence":5,"clubcode":"MIN","playerName":"P.Harvin","statId":113,"yards":1}]}},"196":{"sp":0,"qtr":1,"down":3,"time":"11:55","yrdln":"MIA 49","ydstogo":2,"ydsnet":37,"posteam":"MIN","desc":"(11:55) (Shotgun) A.Peterson right guard to MIA 34 for 15 yards (K.Dansby, J.Allen).","note":null,"players":{"00-0024231":[{"sequence":5,"clubcode":"MIA","playerName":"J.Allen","statId":82,"yards":0}],"00-0022927":[{"sequence":4,"clubcode":"MIA","playerName":"K.Dansby","statId":80,"yards":0}],"00-0025394":[{"sequence":3,"clubcode":"MIN","playerName":"A.Peterson","statId":10,"yards":15}],"0":[{"sequence":1,"clubcode":"MIN","playerName":"","statId":3,"yards":0},{"sequence":2,"clubcode":"MIN","playerName":"","statId":6,"yards":0}]}},"218":{"sp":0,"qtr":1,"down":1,"time":"11:13","yrdln":"MIA 34","ydstogo":10,"ydsnet":44,"posteam":"MIN","desc":"(11:13) A.Peterson right tackle to MIA 27 for 7 yards (J.Allen, K.Langford).","note":null,"players":{"00-0024231":[{"sequence":2,"clubcode":"MIA","playerName":"J.Allen","statId":80,"yards":0}],"00-0025394":[{"sequence":1,"clubcode":"MIN","playerName":"A.Peterson","statId":10,"yards":7}],"00-0026206":[{"sequence":3,"clubcode":"MIA","playerName":"K.Langford","statId":82,"yards":0}]}},"239":{"sp":0,"qtr":1,"down":2,"time":"10:27","yrdln":"MIA 27","ydstogo":3,"ydsnet":44,"posteam":"MIN","desc":"(10:27) (Shotgun) B.Favre pass incomplete short middle to B.Berrian (J.Allen).","note":null,"players":{"00-0024231":[{"sequence":3,"clubcode":"MIA","playerName":"J.Allen","statId":85,"yards":0}],"00-0005106":[{"sequence":1,"clubcode":"MIN","playerName":"B.Favre","statId":14,"yards":0},{"sequence":4,"clubcode":"MIN","playerName":"B.Favre","statId":112,"yards":9}],"00-0022807":[{"sequence":2,"clubcode":"MIN","playerName":"B.Berrian","statId":115,"yards":0}]}},"261":{"sp":0,"qtr":1,"down":3,"time":"10:27","yrdln":"MIA 27","ydstogo":3,"ydsnet":39,"posteam":"MIN","desc":"(10:27) (Shotgun) PENALTY on MIN-P.Harvin, False Start, 5 yards, enforced at MIA 27 - No Play.","note":"PENALTY","players":{"00-0026998":[{"sequence":1,"clubcode":"MIN","playerName":"P.Harvin","statId":93,"yards":5}]}},"284":{"sp":0,"qtr":1,"down":3,"time":"10:14","yrdln":"MIA 32","ydstogo":8,"ydsnet":45,"posteam":"MIN","desc":"(10:14) (Shotgun) B.Favre pass short middle to P.Harvin to MIA 26 for 6 yards (S.Smith).","note":null,"players":{"00-0027037":[{"sequence":7,"clubcode":"MIA","playerName":"S.Smith","statId":79,"yards":0}],"00-0005106":[{"sequence":2,"clubcode":"MIN","playerName":"B.Favre","statId":15,"yards":6},{"sequence":3,"clubcode":"MIN","playerName":"B.Favre","statId":111,"yards":-1}],"0":[{"sequence":1,"clubcode":"MIN","playerName":"","statId":7,"yards":0}],"00-0026998":[{"sequence":4,"clubcode":"MIN","playerName":"P.Harvin","statId":21,"yards":6},{"sequence":5,"clubcode":"MIN","playerName":"P.Harvin","statId":115,"yards":0},{"sequence":6,"clubcode":"MIN","playerName":"P.Harvin","statId":113,"yards":7}]}},"308":{"sp":0,"qtr":1,"down":4,"time":"09:30","yrdln":"MIA 26","ydstogo":2,"ydsnet":45,"posteam":"MIN","desc":"(9:30) B.Favre pass incomplete short middle to G.Lewis (R.Starks).","note":null,"players":{"00-0005106":[{"sequence":2,"clubcode":"MIN","playerName":"B.Favre","statId":14,"yards":0},{"sequence":5,"clubcode":"MIN","playerName":"B.Favre","statId":112,"yards":0}],"00-0022805":[{"sequence":4,"clubcode":"MIA","playerName":"R.Starks","statId":85,"yards":0}],"0":[{"sequence":1,"clubcode":"MIN","playerName":"","statId":9,"yards":0}],"00-0021508":[{"sequence":3,"clubcode":"MIN","playerName":"G.Lewis","statId":115,"yards":0}]}}},"fds":2,"result":"Downs","penyds":-5,"ydsgained":50,"numplays":12,"postime":"5:33","start":{"qtr":1,"time":"15:00","yrdln":"MIN 29","team":"MIN"},"end":{"qtr":1,"time":"09:27","yrdln":"MIA 26","team":"MIN"}},"2":{"posteam":"MIA","qtr":1,"redzone":true,"plays":{"331":{"sp":0,"qtr":1,"down":1,"time":"09:27","yrdln":"MIA 27","ydstogo":10,"ydsnet":50,"posteam":"MIA","desc":"(9:27) Change of yard line due to change of possession. C.Henne pass deep right to B.Marshall to MIN 27 for 46 yards (L.Sheppard).","note":null,"players":{"00-0024334":[{"sequence":4,"clubcode":"MIA","playerName":"B.Marshall","statId":21,"yards":46},{"sequence":5,"clubcode":"MIA","playerName":"B.Marshall","statId":115,"yards":0},{"sequence":6,"clubcode":"MIA","playerName":"B.Marshall","statId":113,"yards":8}],"00-0021157":[{"sequence":7,"clubcode":"MIN","playerName":"L.Sheppard","statId":79,"yards":0}],"0":[{"sequence":1,"clubcode":"MIA","playerName":"","statId":4,"yards":0}],"00-0026197":[{"sequence":2,"clubcode":"MIA","playerName":"C.Henne","statId":15,"yards":46},{"sequence":3,"clubcode":"MIA","playerName":"C.Henne","statId":111,"yards":38}]}},"360":{"sp":0,"qtr":1,"down":1,"time":"08:48","yrdln":"MIN 27","ydstogo":10,"ydsnet":50,"posteam":"MIA","desc":"(8:48) R.Brown right guard to MIN 23 for 4 yards (B.Leber, C.Greenway).","note":null,"players":{"00-0021197":[{"sequence":2,"clubcode":"MIN","playerName":"B.Leber","statId":80,"yards":0}],"00-0023437":[{"sequence":1,"clubcode":"MIA","playerName":"R.Brown","statId":10,"yards":4}],"00-0024232":[{"sequence":3,"clubcode":"MIN","playerName":"C.Greenway","statId":82,"yards":0}]}},"382":{"sp":0,"qtr":1,"down":2,"time":"08:10","yrdln":"MIN 23","ydstogo":6,"ydsnet":55,"posteam":"MIA","desc":"(8:10) (Shotgun) Direct snap to R.Brown.  R.Brown right end to MIN 18 for 5 yards (E.Henderson).","note":null,"players":{"00-0023437":[{"sequence":1,"clubcode":"MIA","playerName":"R.Brown","statId":10,"yards":5}],"00-0022081":[{"sequence":2,"clubcode":"MIN","playerName":"E.Henderson","statId":79,"yards":0}]}},"404":{"sp":0,"qtr":1,"down":3,"time":"07:32","yrdln":"MIN 18","ydstogo":1,"ydsnet":57,"posteam":"MIA","desc":"(7:32) L.Polite up the middle to MIN 16 for 2 yards (R.Edwards, K.Williams).","note":null,"players":{"00-0022405":[{"sequence":3,"clubcode":"MIA","playerName":"L.Polite","statId":10,"yards":2}],"00-0022073":[{"sequence":5,"clubcode":"MIN","playerName":"K.Williams","statId":82,"yards":0}],"0":[{"sequence":1,"clubcode":"MIA","playerName":"","statId":3,"yards":0},{"sequence":2,"clubcode":"MIA","playerName":"","statId":6,"yards":0}],"00-0024342":[{"sequence":4,"clubcode":"MIN","playerName":"R.Edwards","statId":80,"yards":0}]}},"429":{"sp":0,"qtr":1,"down":1,"time":"06:49","yrdln":"MIN 16","ydstogo":10,"ydsnet":70,"posteam":"MIA","desc":"(6:49) (Shotgun) Direct snap to R.Brown.  R.Williams left end to MIN 10 for 6 yards (M.Williams).","note":null,"players":{"00-0017915":[{"sequence":1,"clubcode":"MIA","playerName":"R.Williams","statId":10,"yards":6}],"00-0022842":[{"sequence":2,"clubcode":"MIN","playerName":"M.Williams","statId":79,"yards":0}]}},"451":{"sp":0,"qtr":1,"down":2,"time":"06:09","yrdln":"MIN 10","ydstogo":4,"ydsnet":70,"posteam":"MIA","desc":"(6:09) (Shotgun) R.Williams left end to MIN 3 for 7 yards (B.Leber).","note":null,"players":{"00-0021197":[{"sequence":3,"clubcode":"MIN","playerName":"B.Leber","statId":79,"yards":0}],"00-0017915":[{"sequence":2,"clubcode":"MIA","playerName":"R.Williams","statId":10,"yards":7}],"0":[{"sequence":1,"clubcode":"MIA","playerName":"","statId":3,"yards":0}]}},"473":{"sp":0,"qtr":1,"down":1,"time":"05:30","yrdln":"MIN 3","ydstogo":3,"ydsnet":70,"posteam":"MIA","desc":"(5:30) C.Henne pass incomplete short right to B.Marshall.","note":null,"players":{"00-0024334":[{"sequence":2,"clubcode":"MIA","playerName":"B.Marshall","statId":115,"yards":0}],"00-0026197":[{"sequence":1,"clubcode":"MIA","playerName":"C.Henne","statId":14,"yards":0},{"sequence":3,"clubcode":"MIA","playerName":"C.Henne","statId":112,"yards":2}]}},"499":{"sp":0,"qtr":1,"down":2,"time":"05:27","yrdln":"MIN 3","ydstogo":3,"ydsnet":73,"posteam":"MIA","desc":"(5:27) (Shotgun) C.Procter reported in as eligible. Direct snap to R.Brown.  R.Brown right guard to MIN 5 for -2 yards (L.Guion).","note":null,"players":{"00-0023437":[{"sequence":1,"clubcode":"MIA","playerName":"R.Brown","statId":10,"yards":-2}],"0":[{"sequence":2,"clubcode":"MIA","playerName":"","statId":95,"yards":-2}],"00-0026292":[{"sequence":3,"clubcode":"MIN","playerName":"L.Guion","statId":79,"yards":0},{"sequence":4,"clubcode":"MIN","playerName":"L.Guion","statId":120,"yards":0}]}},"527":{"sp":1,"qtr":1,"down":3,"time":"04:45","yrdln":"MIN 5","ydstogo":5,"ydsnet":73,"posteam":"MIA","desc":"(4:45) C.Henne pass short right to B.Hartline for 5 yards, TOUCHDOWN. PENALTY on MIN-K.Williams, Roughing the Passer, 15 yards, enforced between downs.","note":"TD","players":{"00-0022073":[{"sequence":8,"clubcode":"MIN","playerName":"K.Williams","statId":93,"yards":15}],"00-0027077":[{"sequence":5,"clubcode":"MIA","playerName":"B.Hartline","statId":22,"yards":5},{"sequence":6,"clubcode":"MIA","playerName":"B.Hartline","statId":115,"yards":0},{"sequence":7,"clubcode":"MIA","playerName":"B.Hartline","statId":113,"yards":0}],"0":[{"sequence":1,"clubcode":"MIA","playerName":"","statId":4,"yards":0},{"sequence":2,"clubcode":"MIA","playerName":"","statId":6,"yards":0}],"00-0026197":[{"sequence":3,"clubcode":"MIA","playerName":"C.Henne","statId":16,"yards":5},{"sequence":4,"clubcode":"MIA","playerName":"C.Henne","statId":111,"yards":5}]}},"559":{"sp":1,"qtr":1,"down":0,"time":"04:40","yrdln":"MIN 2","ydstogo":0,"ydsnet":73,"posteam":"MIA","desc":"D.Carpenter extra point is GOOD, Center-J.Denney, Holder-B.Fields.","note":"XP","players":{"00-0026003":[{"sequence":1,"clubcode":"MIA","playerName":"D.Carpenter","statId":72,"yards":0}]}}},"fds":4,"result":"Touchdown","penyds":0,"ydsgained":73,"numplays":10,"postime":"4:47","start":{"qtr":1,"time":"09:27","yrdln":"MIA 27","team":"MIA"},"end":{"qtr":1,"time":"04:40","yrdln":"MIN 5","team":"MIA"}},"3":{"posteam":"MIN","qtr":1,"redzone":true,"plays":{"576":{"sp":0,"qtr":1,"down":0,"time":"04:40","yrdln":"MIA 45","ydstogo":0,"ydsnet":9,"posteam":"MIA","desc":"D.Carpenter kicks 55 yards from MIA 45 to end zone, Touchback.","note":"KICKOFF","players":{"0":[{"sequence":2,"clubcode":"MIN","playerName":"","statId":51,"yards":0}],"00-0026003":[{"sequence":1,"clubcode":"MIA","playerName":"D.Carpenter","statId":44,"yards":55}]}},"595":{"sp":0,"qtr":1,"down":1,"time":"04:40","yrdln":"MIN 20","ydstogo":10,"ydsnet":13,"posteam":"MIN","desc":"(4:40) A.Peterson left end ran ob at MIN 33 for 13 yards (C.Clemons, J.Allen).","note":null,"players":{"00-0024231":[{"sequence":4,"clubcode":"MIA","playerName":"J.Allen","statId":82,"yards":0}],"00-0027115":[{"sequence":3,"clubcode":"MIA","playerName":"C.Clemons","statId":80,"yards":0}],"00-0025394":[{"sequence":2,"clubcode":"MIN","playerName":"A.Peterson","statId":10,"yards":13}],"0":[{"sequence":1,"clubcode":"MIN","playerName":"","statId":3,"yards":0}]}},"622":{"sp":0,"qtr":1,"down":1,"time":"04:07","yrdln":"MIN 33","ydstogo":10,"ydsnet":10,"posteam":"MIN","desc":"(4:07) A.Peterson right tackle to MIN 30 for -3 yards (Y.Bell).","note":null,"players":{"00-0022067":[{"sequence":3,"clubcode":"MIA","playerName":"Y.Bell","statId":79,"yards":0},{"sequence":4,"clubcode":"MIA","playerName":"Y.Bell","statId":120,"yards":0}],"0":[{"sequence":2,"clubcode":"MIN","playerName":"","statId":95,"yards":-3}],"00-0025394":[{"sequence":1,"clubcode":"MIN","playerName":"A.Peterson","statId":10,"yards":-3}]}},"644":{"sp":0,"qtr":1,"down":2,"time":"03:27","yrdln":"MIN 30","ydstogo":13,"ydsnet":18,"posteam":"MIN","desc":"(3:27) B.Favre pass short right to P.Harvin to MIN 38 for 8 yards (V.Davis).","note":null,"players":{"00-0005106":[{"sequence":1,"clubcode":"MIN","playerName":"B.Favre","statId":15,"yards":8},{"sequence":2,"clubcode":"MIN","playerName":"B.Favre","statId":111,"yards":5}],"00-0027001":[{"sequence":6,"clubcode":"MIA","playerName":"V.Davis","statId":79,"yards":0}],"00-0026998":[{"sequence":3,"clubcode":"MIN","playerName":"P.Harvin","statId":21,"yards":8},{"sequence":4,"clubcode":"MIN","playerName":"P.Harvin","statId":115,"yards":0},{"sequence":5,"clubcode":"MIN","playerName":"P.Harvin","statId":113,"yards":3}]}},"669":{"sp":0,"qtr":1,"down":3,"time":"02:41","yrdln":"MIN 38","ydstogo":5,"ydsnet":9,"posteam":"MIN","desc":"(2:41) (Shotgun) B.Favre sacked at MIN 29 for -9 yards (sack split by R.Starks and C.Wake).","note":null,"players":{"00-0005106":[{"sequence":2,"clubcode":"MIN","playerName":"B.Favre","statId":20,"yards":-9}],"00-0023368":[{"sequence":4,"clubcode":"MIA","playerName":"C.Wake","statId":84,"yards":-9},{"sequence":6,"clubcode":"MIA","playerName":"C.Wake","statId":110,"yards":0},{"sequence":8,"clubcode":"MIA","playerName":"C.Wake","statId":82,"yards":0}],"00-0022805":[{"sequence":3,"clubcode":"MIA","playerName":"R.Starks","statId":84,"yards":-9},{"sequence":5,"clubcode":"MIA","playerName":"R.Starks","statId":110,"yards":0},{"sequence":7,"clubcode":"MIA","playerName":"R.Starks","statId":82,"yards":0}],"0":[{"sequence":1,"clubcode":"MIN","playerName":"","statId":7,"yards":0}]}},"689":{"sp":0,"qtr":1,"down":4,"time":"02:10","yrdln":"MIN 29","ydstogo":14,"ydsnet":9,"posteam":"MIN","desc":"(2:10) C.Kluwe punts 38 yards to MIA 33, Center-C.Loeffler, downed by MIN-Erin.Henderson.","note":"PUNT","players":{"00-0023060":[{"sequence":1,"clubcode":"MIN","playerName":"C.Kluwe","statId":29,"yards":38}],"0":[{"sequence":2,"clubcode":"MIA","playerName":"","statId":38,"yards":0}]}}},"fds":1,"result":"Punt","penyds":0,"ydsgained":9,"numplays":6,"postime":"2:41","start":{"qtr":1,"time":"04:40","yrdln":"MIN 20","team":"MIN"},"end":{"qtr":1,"time":"01:59","yrdln":"MIN 29","team":"MIN"}},"4":{"posteam":"MIA","qtr":2,"redzone":true,"plays":{"713":{"sp":0,"qtr":1,"down":1,"time":"01:59","yrdln":"MIA 33","ydstogo":10,"ydsnet":19,"posteam":"MIA","desc":"(1:59) C.Henne pass deep right to B.Hartline to MIN 48 for 19 yards (H.Abdullah).","note":null,"players":{"00-0025940":[{"sequence":7,"clubcode":"MIN","playerName":"H.Abdullah","statId":79,"yards":0}],"00-0027077":[{"sequence":4,"clubcode":"MIA","playerName":"B.Hartline","statId":21,"yards":19},{"sequence":5,"clubcode":"MIA","playerName":"B.Hartline","statId":115,"yards":0},{"sequence":6,"clubcode":"MIA","playerName":"B.Hartline","statId":113,"yards":3}],"0":[{"sequence":1,"clubcode":"MIA","playerName":"","statId":4,"yards":0}],"00-0026197":[{"sequence":2,"clubcode":"MIA","playerName":"C.Henne","statId":15,"yards":19},{"sequence":3,"clubcode":"MIA","playerName":"C.Henne","statId":111,"yards":16}]}},"738":{"sp":0,"qtr":1,"down":1,"time":"01:23","yrdln":"MIN 48","ydstogo":10,"ydsnet":21,"posteam":"MIA","desc":"(1:23) R.Williams up the middle to MIN 46 for 2 yards (R.Edwards, B.Leber).","note":null,"players":{"00-0021197":[{"sequence":3,"clubcode":"MIN","playerName":"B.Leber","statId":82,"yards":0}],"00-0017915":[{"sequence":1,"clubcode":"MIA","playerName":"R.Williams","statId":10,"yards":2}],"00-0024342":[{"sequence":2,"clubcode":"MIN","playerName":"R.Edwards","statId":80,"yards":0}]}},"760":{"sp":0,"qtr":1,"down":2,"time":"00:46","yrdln":"MIN 46","ydstogo":8,"ydsnet":26,"posteam":"MIA","desc":"(:46) PENALTY on MIN-F.Evans, Encroachment, 5 yards, enforced at MIN 46 - No Play.","note":"PENALTY","players":{"00-0024426":[{"sequence":1,"clubcode":"MIN","playerName":"F.Evans","statId":93,"yards":5}]}},"784":{"sp":0,"qtr":1,"down":2,"time":"00:29","yrdln":"MIN 41","ydstogo":3,"ydsnet":28,"posteam":"MIA","desc":"(:29) R.Williams left guard to MIN 39 for 2 yards (M.Williams).","note":null,"players":{"00-0017915":[{"sequence":1,"clubcode":"MIA","playerName":"R.Williams","statId":10,"yards":2}],"00-0022842":[{"sequence":2,"clubcode":"MIN","playerName":"M.Williams","statId":79,"yards":0}]}},"806":{"sp":0,"qtr":1,"down":0,"time":"","yrdln":"","ydstogo":0,"ydsnet":28,"posteam":"","desc":"END QUARTER 1","note":null,"players":{}},"822":{"sp":0,"qtr":2,"down":3,"time":"15:00","yrdln":"MIN 39","ydstogo":1,"ydsnet":31,"posteam":"MIA","desc":"(15:00) L.Polite up the middle to MIN 36 for 3 yards (K.Williams).","note":null,"players":{"00-0022405":[{"sequence":3,"clubcode":"MIA","playerName":"L.Polite","statId":10,"yards":3}],"00-0022073":[{"sequence":4,"clubcode":"MIN","playerName":"K.Williams","statId":79,"yards":0}],"0":[{"sequence":1,"clubcode":"MIA","playerName":"","statId":3,"yards":0},{"sequence":2,"clubcode":"MIA","playerName":"","statId":6,"yards":0}]}},"845":{"sp":0,"qtr":2,"down":1,"time":"14:26","yrdln":"MIN 36","ydstogo":10,"ydsnet":23,"posteam":"MIA","desc":"(14:26) C.Henne sacked at MIN 44 for -8 yards (K.Williams).","note":null,"players":{"00-0022073":[{"sequence":2,"clubcode":"MIN","playerName":"K.Williams","statId":83,"yards":-8},{"sequence":3,"clubcode":"MIN","playerName":"K.Williams","statId":110,"yards":0},{"sequence":4,"clubcode":"MIN","playerName":"K.Williams","statId":79,"yards":0},{"sequence":5,"clubcode":"MIN","playerName":"K.Williams","statId":120,"yards":0}],"00-0026197":[{"sequence":1,"clubcode":"MIA","playerName":"C.Henne","statId":20,"yards":-8}]}},"865":{"sp":0,"qtr":2,"down":2,"time":"13:50","yrdln":"MIN 44","ydstogo":18,"ydsnet":21,"posteam":"MIA","desc":"(13:50) R.Brown up the middle to MIN 46 for -2 yards (C.Greenway).","note":null,"players":{"00-0023437":[{"sequence":1,"clubcode":"MIA","playerName":"R.Brown","statId":10,"yards":-2}],"0":[{"sequence":2,"clubcode":"MIA","playerName":"","statId":95,"yards":-2}],"00-0024232":[{"sequence":3,"clubcode":"MIN","playerName":"C.Greenway","statId":79,"yards":0},{"sequence":4,"clubcode":"MIN","playerName":"C.Greenway","statId":120,"yards":0}]}},"887":{"sp":0,"qtr":2,"down":3,"time":"13:11","yrdln":"MIN 46","ydstogo":20,"ydsnet":25,"posteam":"MIA","desc":"(13:11) L.Polite up the middle to MIN 42 for 4 yards (C.Greenway; K.Williams).","note":null,"players":{"00-0022405":[{"sequence":2,"clubcode":"MIA","playerName":"L.Polite","statId":10,"yards":4}],"00-0022073":[{"sequence":4,"clubcode":"MIN","playerName":"K.Williams","statId":82,"yards":0}],"0":[{"sequence":1,"clubcode":"MIA","playerName":"","statId":7,"yards":0}],"00-0024232":[{"sequence":3,"clubcode":"MIN","playerName":"C.Greenway","statId":82,"yards":0}]}},"909":{"sp":0,"qtr":2,"down":4,"time":"12:40","yrdln":"MIN 42","ydstogo":16,"ydsnet":25,"posteam":"MIA","desc":"(12:40) B.Fields punts 29 yards to MIN 13, Center-J.Denney. B.Berrian MUFFS catch, and recovers at MIN 14. B.Berrian to MIN 14 for no gain (B.Carpenter).","note":"FUMBLE","players":{"00-0025612":[{"sequence":1,"clubcode":"MIA","playerName":"B.Fields","statId":29,"yards":29},{"sequence":5,"clubcode":"MIA","playerName":"B.Fields","statId":30,"yards":0}],"00-0024233":[{"sequence":6,"clubcode":"MIA","playerName":"B.Carpenter","statId":79,"yards":0}],"00-0022807":[{"sequence":2,"clubcode":"MIN","playerName":"B.Berrian","statId":53,"yards":0},{"sequence":3,"clubcode":"MIN","playerName":"B.Berrian","statId":55,"yards":0},{"sequence":4,"clubcode":"MIN","playerName":"B.Berrian","statId":33,"yards":0}]}}},"fds":2,"result":"Punt","penyds":5,"ydsgained":20,"numplays":10,"postime":"4:28","start":{"qtr":1,"time":"01:59","yrdln":"MIA 33","team":"MIA"},"end":{"qtr":1,"time":"12:31","yrdln":"MIN 42","team":"MIA"}},"5":{"posteam":"MIN","qtr":2,"redzone":true,"plays":{"942":{"sp":0,"qtr":2,"down":1,"time":"12:31","yrdln":"MIN 14","ydstogo":10,"ydsnet":4,"posteam":"MIN","desc":"(12:31) B.Favre pass short right to V.Shiancoe to MIN 18 for 4 yards (Y.Bell).","note":null,"players":{"00-0022054":[{"sequence":3,"clubcode":"MIN","playerName":"V.Shiancoe","statId":21,"yards":4},{"sequence":4,"clubcode":"MIN","playerName":"V.Shiancoe","statId":115,"yards":0},{"sequence":5,"clubcode":"MIN","playerName":"V.Shiancoe","statId":113,"yards":4}],"00-0005106":[{"sequence":1,"clubcode":"MIN","playerName":"B.Favre","statId":15,"yards":4},{"sequence":2,"clubcode":"MIN","playerName":"B.Favre","statId":111,"yards":0}],"00-0022067":[{"sequence":6,"clubcode":"MIA","playerName":"Y.Bell","statId":79,"yards":0}]}},"968":{"sp":0,"qtr":2,"down":2,"time":"11:56","yrdln":"MIN 18","ydstogo":6,"ydsnet":5,"posteam":"MIN","desc":"(11:56) A.Peterson left tackle to MIN 19 for 1 yard (R.Starks).","note":null,"players":{"00-0022805":[{"sequence":2,"clubcode":"MIA","playerName":"R.Starks","statId":79,"yards":0}],"00-0025394":[{"sequence":1,"clubcode":"MIN","playerName":"A.Peterson","statId":10,"yards":1}]}},"990":{"sp":0,"qtr":2,"down":3,"time":"11:12","yrdln":"MIN 19","ydstogo":5,"ydsnet":12,"posteam":"MIN","desc":"(11:12) (Shotgun) B.Favre pass short left to A.Peterson to MIN 26 for 7 yards (J.Allen).","note":null,"players":{"00-0024231":[{"sequence":8,"clubcode":"MIA","playerName":"J.Allen","statId":79,"yards":0}],"00-0005106":[{"sequence":3,"clubcode":"MIN","playerName":"B.Favre","statId":15,"yards":7},{"sequence":4,"clubcode":"MIN","playerName":"B.Favre","statId":111,"yards":-3}],"00-0025394":[{"sequence":5,"clubcode":"MIN","playerName":"A.Peterson","statId":21,"yards":7},{"sequence":6,"clubcode":"MIN","playerName":"A.Peterson","statId":115,"yards":0},{"sequence":7,"clubcode":"MIN","playerName":"A.Peterson","statId":113,"yards":10}],"0":[{"sequence":1,"clubcode":"MIN","playerName":"","statId":4,"yards":0},{"sequence":2,"clubcode":"MIN","playerName":"","statId":6,"yards":0}]}},"1014":{"sp":0,"qtr":2,"down":1,"time":"10:39","yrdln":"MIN 26","ydstogo":10,"ydsnet":14,"posteam":"MIN","desc":"(10:39) A.Peterson right guard to MIN 28 for 2 yards (Q.Moses, K.Dansby).","note":null,"players":{"00-0025452":[{"sequence":2,"clubcode":"MIA","playerName":"Q.Moses","statId":80,"yards":0}],"00-0022927":[{"sequence":3,"clubcode":"MIA","playerName":"K.Dansby","statId":82,"yards":0}],"00-0025394":[{"sequence":1,"clubcode":"MIN","playerName":"A.Peterson","statId":10,"yards":2}]}},"1036":{"sp":0,"qtr":2,"down":2,"time":"09:57","yrdln":"MIN 28","ydstogo":8,"ydsnet":32,"posteam":"MIN","desc":"(9:57) B.Favre pass short middle to V.Shiancoe to MIN 46 for 18 yards (Y.Bell).","note":null,"players":{"00-0022054":[{"sequence":4,"clubcode":"MIN","playerName":"V.Shiancoe","statId":21,"yards":18},{"sequence":5,"clubcode":"MIN","playerName":"V.Shiancoe","statId":115,"yards":0},{"sequence":6,"clubcode":"MIN","playerName":"V.Shiancoe","statId":113,"yards":4}],"00-0005106":[{"sequence":2,"clubcode":"MIN","playerName":"B.Favre","statId":15,"yards":18},{"sequence":3,"clubcode":"MIN","playerName":"B.Favre","statId":111,"yards":14}],"00-0022067":[{"sequence":7,"clubcode":"MIA","playerName":"Y.Bell","statId":79,"yards":0}],"0":[{"sequence":1,"clubcode":"MIN","playerName":"","statId":4,"yards":0}]}},"1061":{"sp":0,"qtr":2,"down":1,"time":"09:12","yrdln":"MIN 46","ydstogo":10,"ydsnet":65,"posteam":"MIN","desc":"(9:12) B.Favre pass deep middle to V.Shiancoe to MIA 21 for 33 yards (Y.Bell). Penalty on MIA-K.Langford, Defensive Offside, declined.","note":null,"players":{"00-0022054":[{"sequence":4,"clubcode":"MIN","playerName":"V.Shiancoe","statId":21,"yards":33},{"sequence":5,"clubcode":"MIN","playerName":"V.Shiancoe","statId":115,"yards":0},{"sequence":6,"clubcode":"MIN","playerName":"V.Shiancoe","statId":113,"yards":11}],"00-0005106":[{"sequence":2,"clubcode":"MIN","playerName":"B.Favre","statId":15,"yards":33},{"sequence":3,"clubcode":"MIN","playerName":"B.Favre","statId":111,"yards":22}],"00-0022067":[{"sequence":7,"clubcode":"MIA","playerName":"Y.Bell","statId":79,"yards":0}],"0":[{"sequence":1,"clubcode":"MIN","playerName":"","statId":4,"yards":0}]}},"1097":{"sp":0,"qtr":2,"down":1,"time":"08:49","yrdln":"MIA 21","ydstogo":10,"ydsnet":74,"posteam":"MIN","desc":"(8:49) A.Peterson up the middle to MIA 12 for 9 yards (Q.Moses).","note":null,"players":{"00-0025452":[{"sequence":2,"clubcode":"MIA","playerName":"Q.Moses","statId":79,"yards":0}],"00-0025394":[{"sequence":1,"clubcode":"MIN","playerName":"A.Peterson","statId":10,"yards":9}]}},"1119":{"sp":0,"qtr":2,"down":2,"time":"08:07","yrdln":"MIA 12","ydstogo":1,"ydsnet":75,"posteam":"MIN","desc":"(8:07) T.Gerhart left guard to MIA 11 for 1 yard (P.Soliai).","note":null,"players":{"0":[{"sequence":1,"clubcode":"MIN","playerName":"","statId":3,"yards":0}],"00-0025495":[{"sequence":3,"clubcode":"MIA","playerName":"P.Soliai","statId":79,"yards":0}],"00-0027888":[{"sequence":2,"clubcode":"MIN","playerName":"T.Gerhart","statId":10,"yards":1}]}},"1140":{"sp":0,"qtr":2,"down":1,"time":"07:18","yrdln":"MIA 11","ydstogo":10,"ydsnet":76,"posteam":"MIN","desc":"(7:18) T.Gerhart left guard to MIA 10 for 1 yard (C.Wake; P.Soliai).","note":null,"players":{"00-0023368":[{"sequence":2,"clubcode":"MIA","playerName":"C.Wake","statId":82,"yards":0}],"00-0025495":[{"sequence":3,"clubcode":"MIA","playerName":"P.Soliai","statId":82,"yards":0}],"00-0027888":[{"sequence":1,"clubcode":"MIN","playerName":"T.Gerhart","statId":10,"yards":1}]}},"1163":{"sp":0,"qtr":2,"down":2,"time":"07:02","yrdln":"MIA 10","ydstogo":9,"ydsnet":71,"posteam":"MIN","desc":"(7:02) (Shotgun) PENALTY on MIN-S.Hutchinson, False Start, 5 yards, enforced at MIA 10 - No Play.","note":"PENALTY","players":{"00-0020466":[{"sequence":1,"clubcode":"MIN","playerName":"S.Hutchinson","statId":93,"yards":5}]}},"1187":{"sp":0,"qtr":2,"down":2,"time":"06:35","yrdln":"MIA 15","ydstogo":14,"ydsnet":73,"posteam":"MIN","desc":"(6:35) (Shotgun) A.Peterson left end to MIA 13 for 2 yards (J.Allen).","note":null,"players":{"00-0024231":[{"sequence":2,"clubcode":"MIA","playerName":"J.Allen","statId":79,"yards":0}],"00-0025394":[{"sequence":1,"clubcode":"MIN","playerName":"A.Peterson","statId":10,"yards":2}]}},"1209":{"sp":0,"qtr":2,"down":3,"time":"05:49","yrdln":"MIA 13","ydstogo":12,"ydsnet":73,"posteam":"MIN","desc":"(5:49) B.Favre pass short right intended for P.Harvin INTERCEPTED by V.Davis at MIA 1. V.Davis pushed ob at MIA 15 for 14 yards (A.Herrera). Minnesota challenged the pass completion ruling, and the play was REVERSED. B.Favre pass short right intended for P.Harvin INTERCEPTED by V.Davis at MIA 1. V.Davis to MIA 1 for no gain (P.Harvin).","note":"INT","players":{"00-0005106":[{"sequence":2,"clubcode":"MIN","playerName":"B.Favre","statId":19,"yards":0},{"sequence":4,"clubcode":"MIN","playerName":"B.Favre","statId":112,"yards":12}],"0":[{"sequence":1,"clubcode":"MIN","playerName":"","statId":7,"yards":0}],"00-0027001":[{"sequence":5,"clubcode":"MIA","playerName":"V.Davis","statId":25,"yards":0},{"sequence":6,"clubcode":"MIA","playerName":"V.Davis","statId":85,"yards":0}],"00-0026998":[{"sequence":3,"clubcode":"MIN","playerName":"P.Harvin","statId":115,"yards":0},{"sequence":7,"clubcode":"MIN","playerName":"P.Harvin","statId":79,"yards":0}]}}},"fds":4,"result":"Interception","penyds":-5,"ydsgained":78,"numplays":12,"postime":"6:47","start":{"qtr":2,"time":"12:31","yrdln":"MIN 14","team":"MIN"},"end":{"qtr":2,"time":"05:44","yrdln":"MIA 13","team":"MIN"}},"6":{"posteam":"MIA","qtr":2,"redzone":true,"plays":{"1292":{"sp":0,"qtr":2,"down":1,"time":"05:44","yrdln":"MIA 1","ydstogo":10,"ydsnet":51,"posteam":"MIA","desc":"(5:44) R.Brown left tackle pushed ob at MIN 48 for 51 yards (M.Williams).","note":null,"players":{"00-0023437":[{"sequence":2,"clubcode":"MIA","playerName":"R.Brown","statId":10,"yards":51}],"00-0022842":[{"sequence":3,"clubcode":"MIN","playerName":"M.Williams","statId":79,"yards":0}],"0":[{"sequence":1,"clubcode":"MIA","playerName":"","statId":3,"yards":0}]}},"1313":{"sp":0,"qtr":2,"down":1,"time":"05:36","yrdln":"MIN 48","ydstogo":10,"ydsnet":51,"posteam":"MIA","desc":"(5:36) R.Williams right end to MIN 48 for no gain (E.Henderson, C.Greenway).","note":null,"players":{"00-0017915":[{"sequence":1,"clubcode":"MIA","playerName":"R.Williams","statId":10,"yards":0}],"00-0022081":[{"sequence":2,"clubcode":"MIN","playerName":"E.Henderson","statId":80,"yards":0}],"00-0024232":[{"sequence":3,"clubcode":"MIN","playerName":"C.Greenway","statId":82,"yards":0}]}},"1335":{"sp":0,"qtr":2,"down":2,"time":"05:00","yrdln":"MIN 48","ydstogo":10,"ydsnet":51,"posteam":"MIA","desc":"(5:00) C.Henne pass incomplete short left to L.Polite.","note":null,"players":{"00-0022405":[{"sequence":2,"clubcode":"MIA","playerName":"L.Polite","statId":115,"yards":0}],"00-0026197":[{"sequence":1,"clubcode":"MIA","playerName":"C.Henne","statId":14,"yards":0},{"sequence":3,"clubcode":"MIA","playerName":"C.Henne","statId":112,"yards":3}]}},"1358":{"sp":0,"qtr":2,"down":3,"time":"04:56","yrdln":"MIN 48","ydstogo":10,"ydsnet":51,"posteam":"MIA","desc":"(4:56) (Shotgun) C.Henne sacked at MIN 48 for 0 yards (J.Allen).","note":null,"players":{"00-0022740":[{"sequence":3,"clubcode":"MIN","playerName":"J.Allen","statId":83,"yards":0},{"sequence":4,"clubcode":"MIN","playerName":"J.Allen","statId":110,"yards":0},{"sequence":5,"clubcode":"MIN","playerName":"J.Allen","statId":79,"yards":0}],"0":[{"sequence":1,"clubcode":"MIA","playerName":"","statId":7,"yards":0}],"00-0026197":[{"sequence":2,"clubcode":"MIA","playerName":"C.Henne","statId":20,"yards":0}]}},"1378":{"sp":0,"qtr":2,"down":4,"time":"04:26","yrdln":"MIN 48","ydstogo":10,"ydsnet":51,"posteam":"MIA","desc":"(4:26) B.Fields punts 40 yards to MIN 8, Center-J.Denney, fair catch by G.Camarillo.","note":"PUNT","players":{"00-0025612":[{"sequence":1,"clubcode":"MIA","playerName":"B.Fields","statId":29,"yards":40},{"sequence":2,"clubcode":"MIA","playerName":"B.Fields","statId":30,"yards":0}],"00-0023408":[{"sequence":3,"clubcode":"MIN","playerName":"G.Camarillo","statId":39,"yards":0}]}}},"fds":1,"result":"Punt","penyds":0,"ydsgained":51,"numplays":5,"postime":"1:26","start":{"qtr":2,"time":"05:44","yrdln":"MIA 1","team":"MIA"},"end":{"qtr":2,"time":"04:18","yrdln":"MIN 48","team":"MIA"}},"7":{"posteam":"MIN","qtr":2,"redzone":true,"plays":{"1398":{"sp":0,"qtr":2,"down":1,"time":"04:18","yrdln":"MIN 8","ydstogo":10,"ydsnet":5,"posteam":"MIN","desc":"(4:18) A.Peterson up the middle to MIN 13 for 5 yards (K.Dansby, K.Langford).","note":null,"players":{"00-0022927":[{"sequence":2,"clubcode":"MIA","playerName":"K.Dansby","statId":80,"yards":0}],"00-0025394":[{"sequence":1,"clubcode":"MIN","playerName":"A.Peterson","statId":10,"yards":5}],"00-0026206":[{"sequence":3,"clubcode":"MIA","playerName":"K.Langford","statId":82,"yards":0}]}},"1420":{"sp":0,"qtr":2,"down":2,"time":"03:40","yrdln":"MIN 13","ydstogo":5,"ydsnet":11,"posteam":"MIN","desc":"(3:40) A.Peterson right guard to MIN 19 for 6 yards (R.Baker; T.Dobbins).","note":null,"players":{"00-0026683":[{"sequence":3,"clubcode":"MIA","playerName":"R.Baker","statId":82,"yards":0}],"00-0025394":[{"sequence":2,"clubcode":"MIN","playerName":"A.Peterson","statId":10,"yards":6}],"0":[{"sequence":1,"clubcode":"MIN","playerName":"","statId":3,"yards":0}],"00-0024365":[{"sequence":4,"clubcode":"MIA","playerName":"T.Dobbins","statId":82,"yards":0}]}},"1442":{"sp":0,"qtr":2,"down":1,"time":"03:01","yrdln":"MIN 19","ydstogo":10,"ydsnet":14,"posteam":"MIN","desc":"(3:01) B.Favre pass short left to A.Peterson to MIN 22 for 3 yards (C.Clemons).","note":null,"players":{"00-0005106":[{"sequence":1,"clubcode":"MIN","playerName":"B.Favre","statId":15,"yards":3},{"sequence":2,"clubcode":"MIN","playerName":"B.Favre","statId":111,"yards":-4}],"00-0027115":[{"sequence":6,"clubcode":"MIA","playerName":"C.Clemons","statId":79,"yards":0}],"00-0025394":[{"sequence":3,"clubcode":"MIN","playerName":"A.Peterson","statId":21,"yards":3},{"sequence":4,"clubcode":"MIN","playerName":"A.Peterson","statId":115,"yards":0},{"sequence":5,"clubcode":"MIN","playerName":"A.Peterson","statId":113,"yards":7}]}},"1468":{"sp":0,"qtr":2,"down":2,"time":"02:30","yrdln":"MIN 22","ydstogo":7,"ydsnet":14,"posteam":"MIN","desc":"(2:30) B.Favre pass incomplete deep right to P.Harvin [K.Misi].","note":null,"players":{"00-0005106":[{"sequence":1,"clubcode":"MIN","playerName":"B.Favre","statId":14,"yards":0},{"sequence":4,"clubcode":"MIN","playerName":"B.Favre","statId":112,"yards":43}],"00-0027883":[{"sequence":3,"clubcode":"MIA","playerName":"K.Misi","statId":110,"yards":0}],"00-0026998":[{"sequence":2,"clubcode":"MIN","playerName":"P.Harvin","statId":115,"yards":0}]}},"1491":{"sp":0,"qtr":2,"down":3,"time":"02:23","yrdln":"MIN 22","ydstogo":7,"ydsnet":23,"posteam":"MIN","desc":"(2:23) (Shotgun) B.Favre pass short right to V.Shiancoe to MIN 31 for 9 yards (S.Smith).","note":null,"players":{"00-0027037":[{"sequence":8,"clubcode":"MIA","playerName":"S.Smith","statId":79,"yards":0}],"00-0022054":[{"sequence":5,"clubcode":"MIN","playerName":"V.Shiancoe","statId":21,"yards":9},{"sequence":6,"clubcode":"MIN","playerName":"V.Shiancoe","statId":115,"yards":0},{"sequence":7,"clubcode":"MIN","playerName":"V.Shiancoe","statId":113,"yards":0}],"00-0005106":[{"sequence":3,"clubcode":"MIN","playerName":"B.Favre","statId":15,"yards":9},{"sequence":4,"clubcode":"MIN","playerName":"B.Favre","statId":111,"yards":9}],"0":[{"sequence":1,"clubcode":"MIN","playerName":"","statId":4,"yards":0},{"sequence":2,"clubcode":"MIN","playerName":"","statId":6,"yards":0}]}},"1516":{"sp":0,"qtr":2,"down":0,"time":"02:00","yrdln":"","ydstogo":0,"ydsnet":23,"posteam":"","desc":"Two-Minute Warning","note":null,"players":{}},"1533":{"sp":0,"qtr":2,"down":1,"time":"02:00","yrdln":"MIN 31","ydstogo":10,"ydsnet":39,"posteam":"MIN","desc":"(2:00) B.Favre pass short middle to A.Peterson to MIN 47 for 16 yards (B.Carpenter; J.Allen).","note":null,"players":{"00-0024231":[{"sequence":8,"clubcode":"MIA","playerName":"J.Allen","statId":82,"yards":0}],"00-0024233":[{"sequence":7,"clubcode":"MIA","playerName":"B.Carpenter","statId":82,"yards":0}],"00-0005106":[{"sequence":2,"clubcode":"MIN","playerName":"B.Favre","statId":15,"yards":16},{"sequence":3,"clubcode":"MIN","playerName":"B.Favre","statId":111,"yards":3}],"00-0025394":[{"sequence":4,"clubcode":"MIN","playerName":"A.Peterson","statId":21,"yards":16},{"sequence":5,"clubcode":"MIN","playerName":"A.Peterson","statId":115,"yards":0},{"sequence":6,"clubcode":"MIN","playerName":"A.Peterson","statId":113,"yards":13}],"0":[{"sequence":1,"clubcode":"MIN","playerName":"","statId":4,"yards":0}]}},"1558":{"sp":0,"qtr":2,"down":1,"time":"01:24","yrdln":"MIN 47","ydstogo":10,"ydsnet":39,"posteam":"MIN","desc":"(1:24) (Shotgun) B.Favre pass incomplete short middle to A.Peterson (T.McDaniel).","note":null,"players":{"00-0005106":[{"sequence":1,"clubcode":"MIN","playerName":"B.Favre","statId":14,"yards":0},{"sequence":4,"clubcode":"MIN","playerName":"B.Favre","statId":112,"yards":0}],"00-0025394":[{"sequence":2,"clubcode":"MIN","playerName":"A.Peterson","statId":115,"yards":0}],"00-0024102":[{"sequence":3,"clubcode":"MIA","playerName":"T.McDaniel","statId":85,"yards":0}]}},"1581":{"sp":0,"qtr":2,"down":2,"time":"01:20","yrdln":"MIN 47","ydstogo":10,"ydsnet":42,"posteam":"MIN","desc":"(1:20) (Shotgun) B.Favre pass short left to G.Camarillo to 50 for 3 yards (V.Davis).","note":null,"players":{"00-0005106":[{"sequence":1,"clubcode":"MIN","playerName":"B.Favre","statId":15,"yards":3},{"sequence":2,"clubcode":"MIN","playerName":"B.Favre","statId":111,"yards":3}],"00-0027001":[{"sequence":6,"clubcode":"MIA","playerName":"V.Davis","statId":79,"yards":0}],"00-0023408":[{"sequence":3,"clubcode":"MIN","playerName":"G.Camarillo","statId":21,"yards":3},{"sequence":4,"clubcode":"MIN","playerName":"G.Camarillo","statId":115,"yards":0},{"sequence":5,"clubcode":"MIN","playerName":"G.Camarillo","statId":113,"yards":0}]}},"1606":{"sp":0,"qtr":2,"down":3,"time":"01:00","yrdln":"50","ydstogo":7,"ydsnet":42,"posteam":"MIN","desc":"(1:00) (Shotgun) B.Favre pass incomplete short right to A.Peterson [K.Misi].","note":null,"players":{"00-0005106":[{"sequence":2,"clubcode":"MIN","playerName":"B.Favre","statId":14,"yards":0},{"sequence":5,"clubcode":"MIN","playerName":"B.Favre","statId":112,"yards":2}],"00-0027883":[{"sequence":4,"clubcode":"MIA","playerName":"K.Misi","statId":110,"yards":0}],"00-0025394":[{"sequence":3,"clubcode":"MIN","playerName":"A.Peterson","statId":115,"yards":0}],"0":[{"sequence":1,"clubcode":"MIN","playerName":"","statId":7,"yards":0}]}},"1629":{"sp":0,"qtr":2,"down":4,"time":"00:54","yrdln":"50","ydstogo":7,"ydsnet":42,"posteam":"MIN","desc":"(:54) C.Kluwe punts 50 yards to end zone, Center-C.Loeffler, Touchback.","note":"PUNT","players":{"00-0023060":[{"sequence":1,"clubcode":"MIN","playerName":"C.Kluwe","statId":32,"yards":50}],"0":[{"sequence":2,"clubcode":"MIA","playerName":"","statId":40,"yards":0}]}}},"fds":3,"result":"Punt","penyds":0,"ydsgained":42,"numplays":11,"postime":"3:33","start":{"qtr":2,"time":"04:18","yrdln":"MIN 8","team":"MIN"},"end":{"qtr":2,"time":"00:45","yrdln":"50","team":"MIN"}},"8":{"posteam":"MIA","qtr":2,"redzone":true,"plays":{"1647":{"sp":0,"qtr":2,"down":1,"time":"00:45","yrdln":"MIA 20","ydstogo":10,"ydsnet":8,"posteam":"MIA","desc":"(:45) R.Williams right tackle to MIA 28 for 8 yards (H.Abdullah).","note":null,"players":{"00-0025940":[{"sequence":2,"clubcode":"MIN","playerName":"H.Abdullah","statId":79,"yards":0}],"00-0017915":[{"sequence":1,"clubcode":"MIA","playerName":"R.Williams","statId":10,"yards":8}]}},"1669":{"sp":0,"qtr":2,"down":0,"time":"","yrdln":"","ydstogo":0,"ydsnet":8,"posteam":"","desc":"END QUARTER 2","note":null,"players":{}}},"fds":0,"result":"End of Half","penyds":0,"ydsgained":8,"numplays":2,"postime":"0:45","start":{"qtr":2,"time":"00:45","yrdln":"MIA 20","team":"MIA"},"end":{"qtr":2,"time":"00:00","yrdln":"MIA 20","team":"MIA"}},"9":{"posteam":"MIA","qtr":3,"redzone":true,"plays":{"1685":{"sp":0,"qtr":3,"down":0,"time":"15:00","yrdln":"MIN 30","ydstogo":0,"ydsnet":0,"posteam":"MIN","desc":"R.Longwell kicks 68 yards from MIN 30 to MIA 2. C.Smith to MIA 20 for 18 yards (K.Onatolu).","note":"KICKOFF","players":{"00-0010072":[{"sequence":1,"clubcode":"MIN","playerName":"R.Longwell","statId":41,"yards":68}],"00-0026486":[{"sequence":3,"clubcode":"MIN","playerName":"K.Onatolu","statId":79,"yards":0}],"00-0026113":[{"sequence":2,"clubcode":"MIA","playerName":"C.Smith","statId":45,"yards":18}]}},"1709":{"sp":0,"qtr":3,"down":1,"time":"14:56","yrdln":"MIA 20","ydstogo":10,"ydsnet":3,"posteam":"MIA","desc":"(14:56) C.Henne pass short middle to R.Brown to MIA 23 for 3 yards (E.Henderson).","note":null,"players":{"00-0023437":[{"sequence":3,"clubcode":"MIA","playerName":"R.Brown","statId":21,"yards":3},{"sequence":4,"clubcode":"MIA","playerName":"R.Brown","statId":115,"yards":0},{"sequence":5,"clubcode":"MIA","playerName":"R.Brown","statId":113,"yards":2}],"00-0022081":[{"sequence":6,"clubcode":"MIN","playerName":"E.Henderson","statId":79,"yards":0}],"00-0026197":[{"sequence":1,"clubcode":"MIA","playerName":"C.Henne","statId":15,"yards":3},{"sequence":2,"clubcode":"MIA","playerName":"C.Henne","statId":111,"yards":1}]}},"1734":{"sp":0,"qtr":3,"down":2,"time":"14:19","yrdln":"MIA 23","ydstogo":7,"ydsnet":6,"posteam":"MIA","desc":"(14:19) R.Brown left tackle to MIA 26 for 3 yards (C.Greenway, E.Henderson).","note":null,"players":{"00-0023437":[{"sequence":1,"clubcode":"MIA","playerName":"R.Brown","statId":10,"yards":3}],"00-0022081":[{"sequence":3,"clubcode":"MIN","playerName":"E.Henderson","statId":82,"yards":0}],"00-0024232":[{"sequence":2,"clubcode":"MIN","playerName":"C.Greenway","statId":80,"yards":0}]}},"1756":{"sp":0,"qtr":3,"down":3,"time":"13:35","yrdln":"MIA 26","ydstogo":4,"ydsnet":12,"posteam":"MIA","desc":"(13:35) C.Henne pass short left to B.Marshall to MIA 32 for 6 yards (A.Allen).","note":null,"players":{"00-0027058":[{"sequence":8,"clubcode":"MIN","playerName":"A.Allen","statId":79,"yards":0}],"00-0024334":[{"sequence":5,"clubcode":"MIA","playerName":"B.Marshall","statId":21,"yards":6},{"sequence":6,"clubcode":"MIA","playerName":"B.Marshall","statId":115,"yards":0},{"sequence":7,"clubcode":"MIA","playerName":"B.Marshall","statId":113,"yards":1}],"0":[{"sequence":1,"clubcode":"MIA","playerName":"","statId":4,"yards":0},{"sequence":2,"clubcode":"MIA","playerName":"","statId":6,"yards":0}],"00-0026197":[{"sequence":3,"clubcode":"MIA","playerName":"C.Henne","statId":15,"yards":6},{"sequence":4,"clubcode":"MIA","playerName":"C.Henne","statId":111,"yards":5}]}},"1781":{"sp":0,"qtr":3,"down":1,"time":"12:57","yrdln":"MIA 32","ydstogo":10,"ydsnet":12,"posteam":"MIA","desc":"(12:57) C.Henne pass incomplete deep right to B.Hartline. Penalty on MIA-A.Fasano, Offensive Pass Interference, offsetting, enforced at MIA 32 - No Play. Penalty on MIN-M.Williams, Unnecessary Roughness, offsetting.","note":null,"players":{}},"1815":{"sp":0,"qtr":3,"down":1,"time":"12:49","yrdln":"MIA 32","ydstogo":10,"ydsnet":19,"posteam":"MIA","desc":"(12:49) R.Brown right end to MIA 39 for 7 yards (A.Winfield, H.Abdullah).","note":null,"players":{"00-0025940":[{"sequence":3,"clubcode":"MIN","playerName":"H.Abdullah","statId":82,"yards":0}],"00-0023437":[{"sequence":1,"clubcode":"MIA","playerName":"R.Brown","statId":10,"yards":7}],"00-0018093":[{"sequence":2,"clubcode":"MIN","playerName":"A.Winfield","statId":80,"yards":0}]}},"1837":{"sp":0,"qtr":3,"down":2,"time":"12:18","yrdln":"MIA 39","ydstogo":3,"ydsnet":24,"posteam":"MIA","desc":"(12:18) R.Brown left guard to MIA 44 for 5 yards (E.Henderson, A.Winfield).","note":null,"players":{"00-0023437":[{"sequence":2,"clubcode":"MIA","playerName":"R.Brown","statId":10,"yards":5}],"00-0022081":[{"sequence":3,"clubcode":"MIN","playerName":"E.Henderson","statId":80,"yards":0}],"0":[{"sequence":1,"clubcode":"MIA","playerName":"","statId":3,"yards":0}],"00-0018093":[{"sequence":4,"clubcode":"MIN","playerName":"A.Winfield","statId":82,"yards":0}]}},"1859":{"sp":0,"qtr":3,"down":1,"time":"11:43","yrdln":"MIA 44","ydstogo":10,"ydsnet":32,"posteam":"MIA","desc":"(11:43) R.Williams up the middle to MIN 48 for 8 yards (M.Williams, E.Henderson).","note":null,"players":{"00-0017915":[{"sequence":1,"clubcode":"MIA","playerName":"R.Williams","statId":10,"yards":8}],"00-0022081":[{"sequence":3,"clubcode":"MIN","playerName":"E.Henderson","statId":82,"yards":0}],"00-0022842":[{"sequence":2,"clubcode":"MIN","playerName":"M.Williams","statId":80,"yards":0}]}},"1881":{"sp":0,"qtr":3,"down":2,"time":"11:03","yrdln":"MIN 48","ydstogo":2,"ydsnet":32,"posteam":"MIA","desc":"(11:03) R.Williams up the middle to MIN 48 for no gain (P.Williams).","note":null,"players":{"00-0017899":[{"sequence":2,"clubcode":"MIN","playerName":"P.Williams","statId":79,"yards":0}],"00-0017915":[{"sequence":1,"clubcode":"MIA","playerName":"R.Williams","statId":10,"yards":0}]}},"1903":{"sp":0,"qtr":3,"down":3,"time":"10:23","yrdln":"MIN 48","ydstogo":2,"ydsnet":37,"posteam":"MIA","desc":"(10:23) R.Brown right end to MIN 43 for 5 yards (L.Sheppard).","note":null,"players":{"00-0023437":[{"sequence":3,"clubcode":"MIA","playerName":"R.Brown","statId":10,"yards":5}],"00-0021157":[{"sequence":4,"clubcode":"MIN","playerName":"L.Sheppard","statId":79,"yards":0}],"0":[{"sequence":1,"clubcode":"MIA","playerName":"","statId":3,"yards":0},{"sequence":2,"clubcode":"MIA","playerName":"","statId":6,"yards":0}]}},"1925":{"sp":0,"qtr":3,"down":1,"time":"10:00","yrdln":"MIN 43","ydstogo":10,"ydsnet":43,"posteam":"MIA","desc":"(10:00) C.Henne pass short right to B.Marshall to MIN 37 for 6 yards (M.Williams).","note":null,"players":{"00-0024334":[{"sequence":3,"clubcode":"MIA","playerName":"B.Marshall","statId":21,"yards":6},{"sequence":4,"clubcode":"MIA","playerName":"B.Marshall","statId":115,"yards":0},{"sequence":5,"clubcode":"MIA","playerName":"B.Marshall","statId":113,"yards":0}],"00-0022842":[{"sequence":6,"clubcode":"MIN","playerName":"M.Williams","statId":79,"yards":0}],"00-0026197":[{"sequence":1,"clubcode":"MIA","playerName":"C.Henne","statId":15,"yards":6},{"sequence":2,"clubcode":"MIA","playerName":"C.Henne","statId":111,"yards":6}]}},"1950":{"sp":0,"qtr":3,"down":2,"time":"09:16","yrdln":"MIN 37","ydstogo":4,"ydsnet":41,"posteam":"MIA","desc":"(9:16) (Shotgun) R.Brown up the middle to MIN 39 for -2 yards (R.Edwards, P.Williams).","note":null,"players":{"00-0017899":[{"sequence":4,"clubcode":"MIN","playerName":"P.Williams","statId":82,"yards":0}],"00-0023437":[{"sequence":1,"clubcode":"MIA","playerName":"R.Brown","statId":10,"yards":-2}],"0":[{"sequence":2,"clubcode":"MIA","playerName":"","statId":95,"yards":-2}],"00-0024342":[{"sequence":3,"clubcode":"MIN","playerName":"R.Edwards","statId":80,"yards":0},{"sequence":5,"clubcode":"MIN","playerName":"R.Edwards","statId":120,"yards":0}]}},"1972":{"sp":0,"qtr":3,"down":3,"time":"08:34","yrdln":"MIN 39","ydstogo":6,"ydsnet":41,"posteam":"MIA","desc":"(8:34) C.Henne pass incomplete deep left to B.Marshall.","note":null,"players":{"00-0024334":[{"sequence":3,"clubcode":"MIA","playerName":"B.Marshall","statId":115,"yards":0}],"0":[{"sequence":1,"clubcode":"MIA","playerName":"","statId":7,"yards":0}],"00-0026197":[{"sequence":2,"clubcode":"MIA","playerName":"C.Henne","statId":14,"yards":0},{"sequence":4,"clubcode":"MIA","playerName":"C.Henne","statId":112,"yards":19}]}},"1995":{"sp":0,"qtr":3,"down":4,"time":"08:29","yrdln":"MIN 39","ydstogo":6,"ydsnet":41,"posteam":"MIA","desc":"(8:29) B.Fields punts 34 yards to MIN 5, Center-J.Denney, downed by MIA-B.Carpenter.","note":"PUNT","players":{"00-0025612":[{"sequence":1,"clubcode":"MIA","playerName":"B.Fields","statId":29,"yards":34},{"sequence":2,"clubcode":"MIA","playerName":"B.Fields","statId":30,"yards":0}],"0":[{"sequence":3,"clubcode":"MIN","playerName":"","statId":38,"yards":0}]}}},"fds":3,"result":"Punt","penyds":0,"ydsgained":41,"numplays":14,"postime":"6:40","start":{"qtr":3,"time":"15:00","yrdln":"MIA 20","team":"MIA"},"end":{"qtr":3,"time":"08:20","yrdln":"MIN 39","team":"MIA"}},"10":{"posteam":"MIN","qtr":3,"redzone":true,"plays":{"2015":{"sp":0,"qtr":3,"down":1,"time":"08:20","yrdln":"MIN 5","ydstogo":10,"ydsnet":1,"posteam":"MIN","desc":"(8:20) A.Peterson right tackle to MIN 6 for 1 yard (K.Dansby, K.Misi).","note":null,"players":{"00-0027883":[{"sequence":3,"clubcode":"MIA","playerName":"K.Misi","statId":82,"yards":0}],"00-0022927":[{"sequence":2,"clubcode":"MIA","playerName":"K.Dansby","statId":80,"yards":0}],"00-0025394":[{"sequence":1,"clubcode":"MIN","playerName":"A.Peterson","statId":10,"yards":1}]}},"2037":{"sp":0,"qtr":3,"down":2,"time":"07:38","yrdln":"MIN 6","ydstogo":9,"ydsnet":4,"posteam":"MIN","desc":"(7:38) B.Favre pass short left to V.Shiancoe to MIN 9 for 3 yards (V.Davis). MIA-V.Davis was injured during the play. His return is Probable.","note":null,"players":{"00-0022054":[{"sequence":3,"clubcode":"MIN","playerName":"V.Shiancoe","statId":21,"yards":3},{"sequence":4,"clubcode":"MIN","playerName":"V.Shiancoe","statId":115,"yards":0},{"sequence":5,"clubcode":"MIN","playerName":"V.Shiancoe","statId":113,"yards":0}],"00-0005106":[{"sequence":1,"clubcode":"MIN","playerName":"B.Favre","statId":15,"yards":3},{"sequence":2,"clubcode":"MIN","playerName":"B.Favre","statId":111,"yards":3}],"00-0027001":[{"sequence":6,"clubcode":"MIA","playerName":"V.Davis","statId":79,"yards":0}]}},"2062":{"sp":0,"qtr":3,"down":3,"time":"07:38","yrdln":"MIN 9","ydstogo":6,"ydsnet":0,"posteam":"MIN","desc":"(7:38) (Shotgun) PENALTY on MIN-G.Lewis, False Start, 4 yards, enforced at MIN 9 - No Play.","note":"PENALTY","players":{"00-0021508":[{"sequence":1,"clubcode":"MIN","playerName":"G.Lewis","statId":93,"yards":4}]}},"2091":{"sp":1,"qtr":3,"down":3,"time":"06:37","yrdln":"MIN 5","ydstogo":10,"ydsnet":-5,"posteam":"MIN","desc":"(6:37) (Shotgun) B.Favre sacked at MIN 0 for -5 yards (C.Wake). FUMBLES (C.Wake), RECOVERED by MIA-K.Misi at MIN 0. TOUCHDOWN.","note":"TD","players":{"00-0005106":[{"sequence":2,"clubcode":"MIN","playerName":"B.Favre","statId":20,"yards":-5},{"sequence":5,"clubcode":"MIN","playerName":"B.Favre","statId":52,"yards":0},{"sequence":6,"clubcode":"MIN","playerName":"B.Favre","statId":106,"yards":0}],"00-0023368":[{"sequence":3,"clubcode":"MIA","playerName":"C.Wake","statId":83,"yards":-5},{"sequence":4,"clubcode":"MIA","playerName":"C.Wake","statId":79,"yards":0},{"sequence":7,"clubcode":"MIA","playerName":"C.Wake","statId":91,"yards":0}],"00-0027883":[{"sequence":8,"clubcode":"MIA","playerName":"K.Misi","statId":60,"yards":0}],"0":[{"sequence":1,"clubcode":"MIN","playerName":"","statId":7,"yards":0}]}}},"fds":0,"result":"Fumble","penyds":-4,"ydsgained":-1,"numplays":4,"postime":"1:51","start":{"qtr":3,"time":"08:20","yrdln":"MIN 5","team":"MIN"},"end":{"qtr":3,"time":"06:29","yrdln":"MIN 5","team":"MIN"}},"11":{"posteam":"MIN","qtr":3,"redzone":true,"plays":{"2133":{"sp":0,"qtr":3,"down":0,"time":"06:29","yrdln":"MIA 30","ydstogo":0,"ydsnet":0,"posteam":"MIA","desc":"D.Carpenter kicks 66 yards from MIA 30 to MIN 4. P.Harvin to MIN 26 for 22 yards (R.Jones).","note":"KICKOFF","players":{"00-0027762":[{"sequence":3,"clubcode":"MIA","playerName":"R.Jones","statId":79,"yards":0}],"00-0026003":[{"sequence":1,"clubcode":"MIA","playerName":"D.Carpenter","statId":41,"yards":66}],"00-0026998":[{"sequence":2,"clubcode":"MIN","playerName":"P.Harvin","statId":45,"yards":22}]}},"2156":{"sp":0,"qtr":3,"down":1,"time":"06:25","yrdln":"MIN 26","ydstogo":10,"ydsnet":0,"posteam":"MIN","desc":"(6:25) (Shotgun) B.Favre pass deep left intended for B.Berrian INTERCEPTED by J.Allen at 50. J.Allen to MIA 48 for -2 yards (G.Lewis). Penalty on MIA-B.Sapp, Defensive Offside, offsetting, enforced at MIN 26 - No Play. Penalty on MIN-P.Loadholt, Offensive Holding, offsetting.","note":null,"players":{}},"2194":{"sp":0,"qtr":3,"down":1,"time":"06:19","yrdln":"MIN 26","ydstogo":10,"ydsnet":0,"posteam":"MIN","desc":"(6:19) A.Peterson right end to MIN 26 for no gain (Y.Bell, K.Langford).","note":null,"players":{"00-0022067":[{"sequence":2,"clubcode":"MIA","playerName":"Y.Bell","statId":80,"yards":0}],"00-0025394":[{"sequence":1,"clubcode":"MIN","playerName":"A.Peterson","statId":10,"yards":0}],"00-0026206":[{"sequence":3,"clubcode":"MIA","playerName":"K.Langford","statId":82,"yards":0}]}},"2216":{"sp":0,"qtr":3,"down":2,"time":"05:38","yrdln":"MIN 26","ydstogo":10,"ydsnet":19,"posteam":"MIN","desc":"(5:38) B.Favre pass short middle to V.Shiancoe to MIN 45 for 19 yards (Y.Bell).","note":null,"players":{"00-0022054":[{"sequence":4,"clubcode":"MIN","playerName":"V.Shiancoe","statId":21,"yards":19},{"sequence":5,"clubcode":"MIN","playerName":"V.Shiancoe","statId":115,"yards":0},{"sequence":6,"clubcode":"MIN","playerName":"V.Shiancoe","statId":113,"yards":7}],"00-0005106":[{"sequence":2,"clubcode":"MIN","playerName":"B.Favre","statId":15,"yards":19},{"sequence":3,"clubcode":"MIN","playerName":"B.Favre","statId":111,"yards":12}],"00-0022067":[{"sequence":7,"clubcode":"MIA","playerName":"Y.Bell","statId":79,"yards":0}],"0":[{"sequence":1,"clubcode":"MIN","playerName":"","statId":4,"yards":0}]}},"2241":{"sp":0,"qtr":3,"down":1,"time":"04:54","yrdln":"MIN 45","ydstogo":10,"ydsnet":39,"posteam":"MIN","desc":"(4:54) B.Favre pass deep left to B.Berrian pushed ob at MIA 35 for 20 yards (J.Allen).","note":null,"players":{"00-0024231":[{"sequence":7,"clubcode":"MIA","playerName":"J.Allen","statId":79,"yards":0}],"00-0005106":[{"sequence":2,"clubcode":"MIN","playerName":"B.Favre","statId":15,"yards":20},{"sequence":3,"clubcode":"MIN","playerName":"B.Favre","statId":111,"yards":20}],"00-0022807":[{"sequence":4,"clubcode":"MIN","playerName":"B.Berrian","statId":21,"yards":20},{"sequence":5,"clubcode":"MIN","playerName":"B.Berrian","statId":115,"yards":0},{"sequence":6,"clubcode":"MIN","playerName":"B.Berrian","statId":113,"yards":0}],"0":[{"sequence":1,"clubcode":"MIN","playerName":"","statId":4,"yards":0}]}},"2271":{"sp":0,"qtr":3,"down":1,"time":"04:26","yrdln":"MIA 35","ydstogo":10,"ydsnet":59,"posteam":"MIN","desc":"(4:26) (Shotgun) B.Favre pass deep right to J.Kleinsasser to MIA 15 for 20 yards (C.Clemons).","note":null,"players":{"00-0009323":[{"sequence":4,"clubcode":"MIN","playerName":"J.Kleinsasser","statId":21,"yards":20},{"sequence":5,"clubcode":"MIN","playerName":"J.Kleinsasser","statId":115,"yards":0},{"sequence":6,"clubcode":"MIN","playerName":"J.Kleinsasser","statId":113,"yards":3}],"00-0005106":[{"sequence":2,"clubcode":"MIN","playerName":"B.Favre","statId":15,"yards":20},{"sequence":3,"clubcode":"MIN","playerName":"B.Favre","statId":111,"yards":17}],"00-0027115":[{"sequence":7,"clubcode":"MIA","playerName":"C.Clemons","statId":79,"yards":0}],"0":[{"sequence":1,"clubcode":"MIN","playerName":"","statId":4,"yards":0}]}},"2295":{"sp":0,"qtr":3,"down":1,"time":"03:44","yrdln":"MIA 15","ydstogo":10,"ydsnet":61,"posteam":"MIN","desc":"(3:44) A.Peterson left end to MIA 13 for 2 yards (T.Dobbins, Y.Bell).","note":null,"players":{"00-0022067":[{"sequence":3,"clubcode":"MIA","playerName":"Y.Bell","statId":82,"yards":0}],"00-0025394":[{"sequence":1,"clubcode":"MIN","playerName":"A.Peterson","statId":10,"yards":2}],"00-0024365":[{"sequence":2,"clubcode":"MIA","playerName":"T.Dobbins","statId":80,"yards":0}]}},"2317":{"sp":0,"qtr":3,"down":2,"time":"03:01","yrdln":"MIA 13","ydstogo":8,"ydsnet":61,"posteam":"MIN","desc":"(3:01) B.Favre pass short left intended for B.Berrian INTERCEPTED by J.Allen at MIA 2. J.Allen to MIA 2 for no gain (B.Berrian).","note":"INT","players":{"00-0024231":[{"sequence":4,"clubcode":"MIA","playerName":"J.Allen","statId":25,"yards":0},{"sequence":5,"clubcode":"MIA","playerName":"J.Allen","statId":85,"yards":0}],"00-0005106":[{"sequence":1,"clubcode":"MIN","playerName":"B.Favre","statId":19,"yards":0},{"sequence":3,"clubcode":"MIN","playerName":"B.Favre","statId":112,"yards":11}],"00-0022807":[{"sequence":2,"clubcode":"MIN","playerName":"B.Berrian","statId":115,"yards":0},{"sequence":6,"clubcode":"MIN","playerName":"B.Berrian","statId":79,"yards":0}]}}},"fds":3,"result":"Interception","penyds":0,"ydsgained":61,"numplays":8,"postime":"3:33","start":{"qtr":3,"time":"06:29","yrdln":"MIN 26","team":"MIN"},"end":{"qtr":3,"time":"02:56","yrdln":"MIA 13","team":"MIN"}},"12":{"posteam":"MIA","qtr":3,"redzone":true,"plays":{"2343":{"sp":0,"qtr":3,"down":1,"time":"02:56","yrdln":"MIA 2","ydstogo":10,"ydsnet":0,"posteam":"MIA","desc":"(2:56) R.Williams up the middle to MIA 2 for no gain (E.Henderson). FUMBLES (E.Henderson), RECOVERED by MIN-Erin.Henderson at MIA 4. Erin.Henderson to MIA 1 for 3 yards (R.Incognito).","note":"FUMBLE","players":{"00-0017915":[{"sequence":1,"clubcode":"MIA","playerName":"R.Williams","statId":10,"yards":0},{"sequence":3,"clubcode":"MIA","playerName":"R.Williams","statId":52,"yards":0},{"sequence":4,"clubcode":"MIA","playerName":"R.Williams","statId":106,"yards":0}],"00-0022081":[{"sequence":2,"clubcode":"MIN","playerName":"E.Henderson","statId":79,"yards":0},{"sequence":5,"clubcode":"MIN","playerName":"E.Henderson","statId":91,"yards":0}],"00-0023516":[{"sequence":7,"clubcode":"MIA","playerName":"R.Incognito","statId":79,"yards":0}],"00-0025945":[{"sequence":6,"clubcode":"MIN","playerName":"Erin.Henderson","statId":59,"yards":3}]}}},"fds":0,"result":"Fumble","penyds":0,"ydsgained":0,"numplays":1,"postime":"0:08","start":{"qtr":3,"time":"02:56","yrdln":"MIA 2","team":"MIA"},"end":{"qtr":3,"time":"02:48","yrdln":"MIA 2","team":"MIA"}},"13":{"posteam":"MIN","qtr":3,"redzone":true,"plays":{"2390":{"sp":0,"qtr":3,"down":1,"time":"02:48","yrdln":"MIA 1","ydstogo":1,"ydsnet":1,"posteam":"MIN","desc":"(2:48) B.Favre pass incomplete short left to V.Shiancoe (K.Dansby).","note":null,"players":{"00-0022054":[{"sequence":2,"clubcode":"MIN","playerName":"V.Shiancoe","statId":115,"yards":0}],"00-0005106":[{"sequence":1,"clubcode":"MIN","playerName":"B.Favre","statId":14,"yards":0},{"sequence":4,"clubcode":"MIN","playerName":"B.Favre","statId":112,"yards":1}],"00-0022927":[{"sequence":3,"clubcode":"MIA","playerName":"K.Dansby","statId":85,"yards":0}]}},"2412":{"sp":1,"qtr":3,"down":2,"time":"02:43","yrdln":"MIA 1","ydstogo":1,"ydsnet":1,"posteam":"MIN","desc":"(2:43) A.Peterson left guard for 1 yard, TOUCHDOWN.","note":"TD","players":{"00-0025394":[{"sequence":2,"clubcode":"MIN","playerName":"A.Peterson","statId":11,"yards":1}],"0":[{"sequence":1,"clubcode":"MIN","playerName":"","statId":3,"yards":0}]}},"2435":{"sp":1,"qtr":3,"down":0,"time":"02:38","yrdln":"MIA 2","ydstogo":0,"ydsnet":1,"posteam":"MIN","desc":"R.Longwell extra point is GOOD, Center-C.Loeffler, Holder-C.Kluwe.","note":"XP","players":{"00-0010072":[{"sequence":1,"clubcode":"MIN","playerName":"R.Longwell","statId":72,"yards":0}]}}},"fds":1,"result":"Touchdown","penyds":0,"ydsgained":1,"numplays":3,"postime":"0:10","start":{"qtr":3,"time":"02:48","yrdln":"MIA 1","team":"MIN"},"end":{"qtr":3,"time":"02:38","yrdln":"MIA 1","team":"MIN"}},"14":{"posteam":"MIA","qtr":4,"redzone":true,"plays":{"2451":{"sp":0,"qtr":3,"down":0,"time":"02:38","yrdln":"MIN 30","ydstogo":0,"ydsnet":0,"posteam":"MIN","desc":"R.Longwell kicks 60 yards from MIN 30 to MIA 10. C.Smith to MIA 29 for 19 yards (H.Farwell).","note":"KICKOFF","players":{"00-0010072":[{"sequence":1,"clubcode":"MIN","playerName":"R.Longwell","statId":41,"yards":60}],"00-0026113":[{"sequence":2,"clubcode":"MIA","playerName":"C.Smith","statId":45,"yards":19}],"00-0023215":[{"sequence":3,"clubcode":"MIN","playerName":"H.Farwell","statId":79,"yards":0}]}},"2475":{"sp":0,"qtr":3,"down":1,"time":"02:33","yrdln":"MIA 29","ydstogo":10,"ydsnet":13,"posteam":"MIA","desc":"(2:33) C.Henne pass short middle to B.Marshall to MIA 42 for 13 yards (A.Winfield).","note":null,"players":{"00-0024334":[{"sequence":4,"clubcode":"MIA","playerName":"B.Marshall","statId":21,"yards":13},{"sequence":5,"clubcode":"MIA","playerName":"B.Marshall","statId":115,"yards":0},{"sequence":6,"clubcode":"MIA","playerName":"B.Marshall","statId":113,"yards":6}],"0":[{"sequence":1,"clubcode":"MIA","playerName":"","statId":4,"yards":0}],"00-0018093":[{"sequence":7,"clubcode":"MIN","playerName":"A.Winfield","statId":79,"yards":0}],"00-0026197":[{"sequence":2,"clubcode":"MIA","playerName":"C.Henne","statId":15,"yards":13},{"sequence":3,"clubcode":"MIA","playerName":"C.Henne","statId":111,"yards":7}]}},"2504":{"sp":0,"qtr":3,"down":1,"time":"01:54","yrdln":"MIA 42","ydstogo":10,"ydsnet":3,"posteam":"MIA","desc":"(1:54) R.Brown right end pushed ob at MIA 45 for 3 yards (A.Allen). PENALTY on MIA-J.Jerry, Offensive Holding, 10 yards, enforced at MIA 42 - No Play.","note":"PENALTY","players":{"00-0027678":[{"sequence":1,"clubcode":"MIA","playerName":"J.Jerry","statId":93,"yards":10}]}},"2542":{"sp":0,"qtr":3,"down":1,"time":"01:29","yrdln":"MIA 32","ydstogo":20,"ydsnet":3,"posteam":"MIA","desc":"(1:29) C.Henne pass incomplete short right to A.Fasano (R.Edwards).","note":null,"players":{"00-0024268":[{"sequence":2,"clubcode":"MIA","playerName":"A.Fasano","statId":115,"yards":0}],"00-0024342":[{"sequence":3,"clubcode":"MIN","playerName":"R.Edwards","statId":85,"yards":0}],"00-0026197":[{"sequence":1,"clubcode":"MIA","playerName":"C.Henne","statId":14,"yards":0},{"sequence":4,"clubcode":"MIA","playerName":"C.Henne","statId":112,"yards":0}]}},"2565":{"sp":0,"qtr":3,"down":2,"time":"01:25","yrdln":"MIA 32","ydstogo":20,"ydsnet":4,"posteam":"MIA","desc":"(1:25) C.Henne scrambles up the middle to MIA 33 for 1 yard (J.Allen).","note":null,"players":{"00-0022740":[{"sequence":2,"clubcode":"MIN","playerName":"J.Allen","statId":79,"yards":0}],"00-0026197":[{"sequence":1,"clubcode":"MIA","playerName":"C.Henne","statId":10,"yards":1}]}},"2587":{"sp":0,"qtr":3,"down":0,"time":"00:41","yrdln":"","ydstogo":0,"ydsnet":4,"posteam":"","desc":"Timeout #1 by MIA at 00:41.","note":"TIMEOUT","players":{"0":[{"sequence":1,"clubcode":"MIA","playerName":"","statId":68,"yards":0}]}},"2605":{"sp":0,"qtr":3,"down":3,"time":"00:41","yrdln":"MIA 33","ydstogo":19,"ydsnet":16,"posteam":"MIA","desc":"(:41) (Shotgun) C.Henne pass short left to D.Bess to MIA 45 for 12 yards (C.Greenway).","note":null,"players":{"0":[{"sequence":1,"clubcode":"MIA","playerName":"","statId":7,"yards":0}],"00-0024232":[{"sequence":7,"clubcode":"MIN","playerName":"C.Greenway","statId":79,"yards":0}],"00-0026000":[{"sequence":4,"clubcode":"MIA","playerName":"D.Bess","statId":21,"yards":12},{"sequence":5,"clubcode":"MIA","playerName":"D.Bess","statId":115,"yards":0},{"sequence":6,"clubcode":"MIA","playerName":"D.Bess","statId":113,"yards":9}],"00-0026197":[{"sequence":2,"clubcode":"MIA","playerName":"C.Henne","statId":15,"yards":12},{"sequence":3,"clubcode":"MIA","playerName":"C.Henne","statId":111,"yards":3}]}},"2630":{"sp":0,"qtr":3,"down":0,"time":"","yrdln":"","ydstogo":0,"ydsnet":16,"posteam":"","desc":"END QUARTER 3","note":null,"players":{}},"2647":{"sp":0,"qtr":4,"down":4,"time":"15:00","yrdln":"MIA 45","ydstogo":7,"ydsnet":21,"posteam":"MIA","desc":"(15:00) B.Fields punts 41 yards to MIN 14, Center-J.Denney. G.Camarillo to MIN 30 for 16 yards. FUMBLES, and recovers at MIN 32. PENALTY on MIN-B.Robison, Running Into the Kicker, 5 yards, enforced at MIA 45 - No Play.","note":"PENALTY","players":{"00-0025489":[{"sequence":1,"clubcode":"MIN","playerName":"B.Robison","statId":93,"yards":5}]}},"2695":{"sp":0,"qtr":4,"down":4,"time":"14:48","yrdln":"50","ydstogo":2,"ydsnet":21,"posteam":"MIA","desc":"(14:48) B.Fields punts 39 yards to MIN 11, Center-J.Denney, fair catch by G.Camarillo.","note":"PUNT","players":{"00-0025612":[{"sequence":1,"clubcode":"MIA","playerName":"B.Fields","statId":29,"yards":39},{"sequence":2,"clubcode":"MIA","playerName":"B.Fields","statId":30,"yards":0}],"00-0023408":[{"sequence":3,"clubcode":"MIN","playerName":"G.Camarillo","statId":39,"yards":0}]}}},"fds":1,"result":"Punt","penyds":-5,"ydsgained":26,"numplays":10,"postime":"2:57","start":{"qtr":3,"time":"02:38","yrdln":"MIA 29","team":"MIA"},"end":{"qtr":3,"time":"14:41","yrdln":"50","team":"MIA"}},"15":{"posteam":"MIN","qtr":4,"redzone":true,"plays":{"2715":{"sp":0,"qtr":4,"down":1,"time":"14:41","yrdln":"MIN 11","ydstogo":10,"ydsnet":3,"posteam":"MIN","desc":"(14:41) A.Peterson up the middle to MIN 14 for 3 yards (T.McDaniel).","note":null,"players":{"00-0025394":[{"sequence":1,"clubcode":"MIN","playerName":"A.Peterson","statId":10,"yards":3}],"00-0024102":[{"sequence":2,"clubcode":"MIA","playerName":"T.McDaniel","statId":79,"yards":0}]}},"2737":{"sp":0,"qtr":4,"down":2,"time":"14:08","yrdln":"MIN 14","ydstogo":7,"ydsnet":26,"posteam":"MIN","desc":"(14:08) A.Peterson left tackle to MIN 37 for 23 yards (C.Wake).","note":null,"players":{"00-0023368":[{"sequence":3,"clubcode":"MIA","playerName":"C.Wake","statId":79,"yards":0}],"00-0025394":[{"sequence":2,"clubcode":"MIN","playerName":"A.Peterson","statId":10,"yards":23}],"0":[{"sequence":1,"clubcode":"MIN","playerName":"","statId":3,"yards":0}]}},"2759":{"sp":0,"qtr":4,"down":1,"time":"13:23","yrdln":"MIN 37","ydstogo":10,"ydsnet":31,"posteam":"MIN","desc":"(13:23) T.Gerhart right tackle to MIN 44 for 7 yards (B.Carpenter). PENALTY on MIA, Defensive 12 On-field, 5 yards, enforced at MIN 37 - No Play.","note":"PENALTY","players":{"0":[{"sequence":1,"clubcode":"MIA","playerName":"","statId":93,"yards":5}]}},"2793":{"sp":0,"qtr":4,"down":1,"time":"12:59","yrdln":"MIN 42","ydstogo":5,"ydsnet":37,"posteam":"MIN","desc":"(12:59) T.Gerhart up the middle to MIN 48 for 6 yards (K.Dansby).","note":null,"players":{"00-0022927":[{"sequence":3,"clubcode":"MIA","playerName":"K.Dansby","statId":79,"yards":0}],"0":[{"sequence":1,"clubcode":"MIN","playerName":"","statId":3,"yards":0}],"00-0027888":[{"sequence":2,"clubcode":"MIN","playerName":"T.Gerhart","statId":10,"yards":6}]}},"2815":{"sp":0,"qtr":4,"down":1,"time":"12:28","yrdln":"MIN 48","ydstogo":10,"ydsnet":49,"posteam":"MIN","desc":"(12:28) A.Peterson right tackle to MIA 40 for 12 yards (C.Clemons, J.Allen). Penalty on MIA, Defensive 12 On-field, declined.","note":null,"players":{"00-0024231":[{"sequence":4,"clubcode":"MIA","playerName":"J.Allen","statId":82,"yards":0}],"00-0027115":[{"sequence":3,"clubcode":"MIA","playerName":"C.Clemons","statId":80,"yards":0}],"00-0025394":[{"sequence":2,"clubcode":"MIN","playerName":"A.Peterson","statId":10,"yards":12}],"0":[{"sequence":1,"clubcode":"MIN","playerName":"","statId":3,"yards":0}]}},"2848":{"sp":0,"qtr":4,"down":1,"time":"12:11","yrdln":"MIA 40","ydstogo":10,"ydsnet":54,"posteam":"MIN","desc":"(12:11) B.Favre pass short middle to T.Gerhart to MIA 35 for 5 yards (K.Dansby).","note":null,"players":{"00-0005106":[{"sequence":1,"clubcode":"MIN","playerName":"B.Favre","statId":15,"yards":5},{"sequence":2,"clubcode":"MIN","playerName":"B.Favre","statId":111,"yards":5}],"00-0022927":[{"sequence":6,"clubcode":"MIA","playerName":"K.Dansby","statId":79,"yards":0}],"00-0027888":[{"sequence":3,"clubcode":"MIN","playerName":"T.Gerhart","statId":21,"yards":5},{"sequence":4,"clubcode":"MIN","playerName":"T.Gerhart","statId":115,"yards":0},{"sequence":5,"clubcode":"MIN","playerName":"T.Gerhart","statId":113,"yards":0}]}},"2873":{"sp":0,"qtr":4,"down":2,"time":"11:42","yrdln":"MIA 35","ydstogo":5,"ydsnet":53,"posteam":"MIN","desc":"(11:42) A.Peterson left end to MIA 36 for -1 yards (K.Langford).","note":null,"players":{"0":[{"sequence":2,"clubcode":"MIN","playerName":"","statId":95,"yards":-1}],"00-0025394":[{"sequence":1,"clubcode":"MIN","playerName":"A.Peterson","statId":10,"yards":-1}],"00-0026206":[{"sequence":3,"clubcode":"MIA","playerName":"K.Langford","statId":79,"yards":0},{"sequence":4,"clubcode":"MIA","playerName":"K.Langford","statId":120,"yards":0}]}},"2894":{"sp":0,"qtr":4,"down":3,"time":"10:56","yrdln":"MIA 36","ydstogo":6,"ydsnet":58,"posteam":"MIN","desc":"(10:56) (Shotgun) B.Favre pass short left to A.Peterson to MIA 31 for 5 yards (Y.Bell).","note":null,"players":{"00-0005106":[{"sequence":2,"clubcode":"MIN","playerName":"B.Favre","statId":15,"yards":5},{"sequence":3,"clubcode":"MIN","playerName":"B.Favre","statId":111,"yards":6}],"00-0022067":[{"sequence":7,"clubcode":"MIA","playerName":"Y.Bell","statId":79,"yards":0}],"00-0025394":[{"sequence":4,"clubcode":"MIN","playerName":"A.Peterson","statId":21,"yards":5},{"sequence":5,"clubcode":"MIN","playerName":"A.Peterson","statId":115,"yards":0},{"sequence":6,"clubcode":"MIN","playerName":"A.Peterson","statId":113,"yards":-1}],"0":[{"sequence":1,"clubcode":"MIN","playerName":"","statId":7,"yards":0}]}},"2919":{"sp":0,"qtr":4,"down":4,"time":"10:16","yrdln":"MIA 31","ydstogo":1,"ydsnet":59,"posteam":"MIN","desc":"(10:16) N.Tahi up the middle to MIA 30 for 1 yard (T.Dobbins).","note":null,"players":{"00-0023774":[{"sequence":3,"clubcode":"MIN","playerName":"N.Tahi","statId":10,"yards":1}],"0":[{"sequence":1,"clubcode":"MIN","playerName":"","statId":3,"yards":0},{"sequence":2,"clubcode":"MIN","playerName":"","statId":8,"yards":0}],"00-0024365":[{"sequence":4,"clubcode":"MIA","playerName":"T.Dobbins","statId":79,"yards":0}]}},"2941":{"sp":0,"qtr":4,"down":1,"time":"09:43","yrdln":"MIA 30","ydstogo":10,"ydsnet":77,"posteam":"MIN","desc":"(9:43) A.Peterson up the middle to MIA 12 for 18 yards (Q.Moses).","note":null,"players":{"00-0025452":[{"sequence":3,"clubcode":"MIA","playerName":"Q.Moses","statId":79,"yards":0}],"00-0025394":[{"sequence":2,"clubcode":"MIN","playerName":"A.Peterson","statId":10,"yards":18}],"0":[{"sequence":1,"clubcode":"MIN","playerName":"","statId":3,"yards":0}]}},"2963":{"sp":0,"qtr":4,"down":1,"time":"09:21","yrdln":"MIA 12","ydstogo":10,"ydsnet":79,"posteam":"MIN","desc":"(9:21) A.Peterson right tackle to MIA 10 for 2 yards (C.Wake; Q.Moses).","note":null,"players":{"00-0025452":[{"sequence":3,"clubcode":"MIA","playerName":"Q.Moses","statId":82,"yards":0}],"00-0023368":[{"sequence":2,"clubcode":"MIA","playerName":"C.Wake","statId":82,"yards":0}],"00-0025394":[{"sequence":1,"clubcode":"MIN","playerName":"A.Peterson","statId":10,"yards":2}]}},"2985":{"sp":0,"qtr":4,"down":2,"time":"08:49","yrdln":"MIA 10","ydstogo":8,"ydsnet":81,"posteam":"MIN","desc":"(8:49) T.Gerhart right end to MIA 8 for 2 yards (T.McDaniel; K.Dansby).","note":null,"players":{"00-0022927":[{"sequence":3,"clubcode":"MIA","playerName":"K.Dansby","statId":82,"yards":0}],"00-0024102":[{"sequence":2,"clubcode":"MIA","playerName":"T.McDaniel","statId":82,"yards":0}],"00-0027888":[{"sequence":1,"clubcode":"MIN","playerName":"T.Gerhart","statId":10,"yards":2}]}},"3007":{"sp":0,"qtr":4,"down":3,"time":"08:02","yrdln":"MIA 8","ydstogo":6,"ydsnet":78,"posteam":"MIN","desc":"(8:02) (Shotgun) B.Favre sacked at MIA 11 for -3 yards (K.Langford).","note":null,"players":{"00-0005106":[{"sequence":2,"clubcode":"MIN","playerName":"B.Favre","statId":20,"yards":-3}],"0":[{"sequence":1,"clubcode":"MIN","playerName":"","statId":7,"yards":0}],"00-0026206":[{"sequence":3,"clubcode":"MIA","playerName":"K.Langford","statId":83,"yards":-3},{"sequence":4,"clubcode":"MIA","playerName":"K.Langford","statId":110,"yards":0},{"sequence":5,"clubcode":"MIA","playerName":"K.Langford","statId":79,"yards":0},{"sequence":6,"clubcode":"MIA","playerName":"K.Langford","statId":120,"yards":0}]}},"3027":{"sp":1,"qtr":4,"down":4,"time":"07:56","yrdln":"MIA 11","ydstogo":9,"ydsnet":78,"posteam":"MIN","desc":"(7:56) R.Longwell 28 yard field goal is GOOD, Center-C.Loeffler, Holder-C.Kluwe.","note":"FG","players":{"00-0010072":[{"sequence":1,"clubcode":"MIN","playerName":"R.Longwell","statId":70,"yards":28}]}}},"fds":5,"result":"Field Goal","penyds":5,"ydsgained":73,"numplays":14,"postime":"6:49","start":{"qtr":4,"time":"14:41","yrdln":"MIN 11","team":"MIN"},"end":{"qtr":4,"time":"07:52","yrdln":"MIA 11","team":"MIN"}},"16":{"posteam":"MIA","qtr":4,"redzone":true,"plays":{"3047":{"sp":0,"qtr":4,"down":0,"time":"07:52","yrdln":"MIN 30","ydstogo":0,"ydsnet":0,"posteam":"MIN","desc":"R.Longwell kicks 73 yards from MIN 30 to MIA -3. C.Smith, Touchback.","note":"KICKOFF","players":{"00-0010072":[{"sequence":1,"clubcode":"MIN","playerName":"R.Longwell","statId":44,"yards":70}],"0":[{"sequence":2,"clubcode":"MIA","playerName":"","statId":51,"yards":0}]}},"3066":{"sp":0,"qtr":4,"down":1,"time":"07:52","yrdln":"MIA 20","ydstogo":10,"ydsnet":-3,"posteam":"MIA","desc":"(7:52) R.Williams right tackle to MIA 17 for -3 yards (C.Greenway).","note":null,"players":{"00-0017915":[{"sequence":1,"clubcode":"MIA","playerName":"R.Williams","statId":10,"yards":-3}],"0":[{"sequence":2,"clubcode":"MIA","playerName":"","statId":95,"yards":-3}],"00-0024232":[{"sequence":3,"clubcode":"MIN","playerName":"C.Greenway","statId":79,"yards":0},{"sequence":4,"clubcode":"MIN","playerName":"C.Greenway","statId":120,"yards":0}]}},"3088":{"sp":0,"qtr":4,"down":2,"time":"07:14","yrdln":"MIA 17","ydstogo":13,"ydsnet":1,"posteam":"MIA","desc":"(7:14) C.Henne pass short right to B.Hartline to MIA 21 for 4 yards (A.Winfield).","note":null,"players":{"00-0027077":[{"sequence":3,"clubcode":"MIA","playerName":"B.Hartline","statId":21,"yards":4},{"sequence":4,"clubcode":"MIA","playerName":"B.Hartline","statId":115,"yards":0},{"sequence":5,"clubcode":"MIA","playerName":"B.Hartline","statId":113,"yards":0}],"00-0018093":[{"sequence":6,"clubcode":"MIN","playerName":"A.Winfield","statId":79,"yards":0}],"00-0026197":[{"sequence":1,"clubcode":"MIA","playerName":"C.Henne","statId":15,"yards":4},{"sequence":2,"clubcode":"MIA","playerName":"C.Henne","statId":111,"yards":4}]}},"3113":{"sp":0,"qtr":4,"down":0,"time":"06:28","yrdln":"","ydstogo":0,"ydsnet":1,"posteam":"","desc":"Timeout #2 by MIA at 06:28.","note":"TIMEOUT","players":{"0":[{"sequence":1,"clubcode":"MIA","playerName":"","statId":68,"yards":0}]}},"3131":{"sp":0,"qtr":4,"down":3,"time":"06:28","yrdln":"MIA 21","ydstogo":9,"ydsnet":1,"posteam":"MIA","desc":"(6:28) (Shotgun) C.Henne pass incomplete deep right to B.Marshall [J.Allen].","note":null,"players":{"00-0024334":[{"sequence":3,"clubcode":"MIA","playerName":"B.Marshall","statId":115,"yards":0}],"00-0022740":[{"sequence":4,"clubcode":"MIN","playerName":"J.Allen","statId":110,"yards":0}],"0":[{"sequence":1,"clubcode":"MIA","playerName":"","statId":7,"yards":0}],"00-0026197":[{"sequence":2,"clubcode":"MIA","playerName":"C.Henne","statId":14,"yards":0},{"sequence":5,"clubcode":"MIA","playerName":"C.Henne","statId":112,"yards":16}]}},"3154":{"sp":0,"qtr":4,"down":4,"time":"06:21","yrdln":"MIA 21","ydstogo":9,"ydsnet":1,"posteam":"MIA","desc":"(6:21) B.Fields punts 59 yards to MIN 20, Center-J.Denney. G.Camarillo ran ob at MIN 34 for 14 yards (T.Culver).","note":"PUNT","players":{"00-0025612":[{"sequence":1,"clubcode":"MIA","playerName":"B.Fields","statId":29,"yards":59}],"00-0024399":[{"sequence":3,"clubcode":"MIA","playerName":"T.Culver","statId":79,"yards":0}],"00-0023408":[{"sequence":2,"clubcode":"MIN","playerName":"G.Camarillo","statId":33,"yards":14}]}}},"fds":0,"result":"Punt","penyds":0,"ydsgained":1,"numplays":6,"postime":"1:42","start":{"qtr":4,"time":"07:52","yrdln":"MIA 20","team":"MIA"},"end":{"qtr":4,"time":"06:10","yrdln":"MIA 21","team":"MIA"}},"17":{"posteam":"MIN","qtr":4,"redzone":true,"plays":{"3186":{"sp":0,"qtr":4,"down":1,"time":"06:10","yrdln":"MIN 34","ydstogo":10,"ydsnet":0,"posteam":"MIN","desc":"(6:10) B.Favre pass deep middle intended for B.Berrian INTERCEPTED by J.Allen at MIA 8. J.Allen to MIA 25 for 17 yards (Team).","note":"INT","players":{"00-0024231":[{"sequence":4,"clubcode":"MIA","playerName":"J.Allen","statId":25,"yards":17},{"sequence":5,"clubcode":"MIA","playerName":"J.Allen","statId":85,"yards":0}],"00-0005106":[{"sequence":1,"clubcode":"MIN","playerName":"B.Favre","statId":19,"yards":0},{"sequence":3,"clubcode":"MIN","playerName":"B.Favre","statId":112,"yards":58}],"00-0022807":[{"sequence":2,"clubcode":"MIN","playerName":"B.Berrian","statId":115,"yards":0}],"0":[{"sequence":6,"clubcode":"MIN","playerName":"Team","statId":79,"yards":0}]}}},"fds":0,"result":"Interception","penyds":0,"ydsgained":0,"numplays":1,"postime":"0:12","start":{"qtr":4,"time":"06:10","yrdln":"MIN 34","team":"MIN"},"end":{"qtr":4,"time":"05:58","yrdln":"MIN 34","team":"MIN"}},"18":{"posteam":"MIA","qtr":4,"redzone":true,"plays":{"3212":{"sp":0,"qtr":4,"down":1,"time":"05:58","yrdln":"MIA 25","ydstogo":10,"ydsnet":-1,"posteam":"MIA","desc":"(5:58) R.Brown right tackle to MIA 24 for -1 yards (P.Williams). FUMBLES (P.Williams), RECOVERED by MIN-E.Henderson at MIA 24. E.Henderson to MIA 24 for no gain (L.Polite).","note":"FUMBLE","players":{"00-0022405":[{"sequence":8,"clubcode":"MIA","playerName":"L.Polite","statId":79,"yards":0}],"00-0017899":[{"sequence":3,"clubcode":"MIN","playerName":"P.Williams","statId":79,"yards":0},{"sequence":6,"clubcode":"MIN","playerName":"P.Williams","statId":91,"yards":0}],"00-0023437":[{"sequence":1,"clubcode":"MIA","playerName":"R.Brown","statId":10,"yards":-1},{"sequence":4,"clubcode":"MIA","playerName":"R.Brown","statId":52,"yards":0},{"sequence":5,"clubcode":"MIA","playerName":"R.Brown","statId":106,"yards":0}],"00-0022081":[{"sequence":7,"clubcode":"MIN","playerName":"E.Henderson","statId":59,"yards":0}],"0":[{"sequence":2,"clubcode":"MIA","playerName":"","statId":95,"yards":-1}]}}},"fds":0,"result":"Fumble","penyds":0,"ydsgained":-1,"numplays":1,"postime":"0:12","start":{"qtr":4,"time":"05:58","yrdln":"MIA 25","team":"MIA"},"end":{"qtr":4,"time":"05:46","yrdln":"MIA 25","team":"MIA"}},"19":{"posteam":"MIN","qtr":4,"redzone":true,"plays":{"3245":{"sp":0,"qtr":4,"down":1,"time":"05:46","yrdln":"MIA 24","ydstogo":10,"ydsnet":8,"posteam":"MIN","desc":"(5:46) A.Peterson right end pushed ob at MIA 16 for 8 yards (V.Davis).","note":null,"players":{"00-0025394":[{"sequence":1,"clubcode":"MIN","playerName":"A.Peterson","statId":10,"yards":8}],"00-0027001":[{"sequence":2,"clubcode":"MIA","playerName":"V.Davis","statId":79,"yards":0}]}},"3267":{"sp":0,"qtr":4,"down":2,"time":"05:13","yrdln":"MIA 16","ydstogo":2,"ydsnet":14,"posteam":"MIN","desc":"(5:13) A.Peterson left guard to MIA 10 for 6 yards (Y.Bell).","note":null,"players":{"00-0022067":[{"sequence":3,"clubcode":"MIA","playerName":"Y.Bell","statId":79,"yards":0}],"00-0025394":[{"sequence":2,"clubcode":"MIN","playerName":"A.Peterson","statId":10,"yards":6}],"0":[{"sequence":1,"clubcode":"MIN","playerName":"","statId":3,"yards":0}]}},"3289":{"sp":0,"qtr":4,"down":1,"time":"04:32","yrdln":"MIA 10","ydstogo":10,"ydsnet":20,"posteam":"MIN","desc":"(4:32) A.Peterson left tackle to MIA 4 for 6 yards (V.Davis, Y.Bell).","note":null,"players":{"00-0022067":[{"sequence":3,"clubcode":"MIA","playerName":"Y.Bell","statId":82,"yards":0}],"00-0025394":[{"sequence":1,"clubcode":"MIN","playerName":"A.Peterson","statId":10,"yards":6}],"00-0027001":[{"sequence":2,"clubcode":"MIA","playerName":"V.Davis","statId":80,"yards":0}]}},"3311":{"sp":0,"qtr":4,"down":2,"time":"03:45","yrdln":"MIA 4","ydstogo":4,"ydsnet":20,"posteam":"MIN","desc":"(3:45) A.Peterson right tackle to MIA 4 for no gain (Q.Moses, K.Dansby).","note":null,"players":{"00-0025452":[{"sequence":2,"clubcode":"MIA","playerName":"Q.Moses","statId":80,"yards":0}],"00-0022927":[{"sequence":3,"clubcode":"MIA","playerName":"K.Dansby","statId":82,"yards":0}],"00-0025394":[{"sequence":1,"clubcode":"MIN","playerName":"A.Peterson","statId":10,"yards":0}]}},"3333":{"sp":0,"qtr":4,"down":3,"time":"03:08","yrdln":"MIA 4","ydstogo":4,"ydsnet":23,"posteam":"MIN","desc":"(3:08) A.Peterson up the middle to MIA 1 for 3 yards (Team).","note":null,"players":{"00-0025394":[{"sequence":2,"clubcode":"MIN","playerName":"A.Peterson","statId":10,"yards":3}],"0":[{"sequence":1,"clubcode":"MIN","playerName":"","statId":7,"yards":0},{"sequence":3,"clubcode":"MIA","playerName":"Team","statId":79,"yards":0}]}},"3355":{"sp":0,"qtr":4,"down":4,"time":"02:21","yrdln":"MIA 1","ydstogo":1,"ydsnet":23,"posteam":"MIN","desc":"(2:21) R.Cook reported in as eligible.  A.Peterson right tackle to MIA 1 for no gain (K.Dansby).","note":null,"players":{"00-0022927":[{"sequence":3,"clubcode":"MIA","playerName":"K.Dansby","statId":79,"yards":0}],"00-0025394":[{"sequence":2,"clubcode":"MIN","playerName":"A.Peterson","statId":10,"yards":0}],"0":[{"sequence":1,"clubcode":"MIN","playerName":"","statId":9,"yards":0}]}}},"fds":1,"result":"Downs","penyds":0,"ydsgained":23,"numplays":6,"postime":"3:30","start":{"qtr":4,"time":"05:46","yrdln":"MIA 24","team":"MIN"},"end":{"qtr":4,"time":"02:16","yrdln":"MIA 1","team":"MIN"}},"20":{"posteam":"MIA","qtr":4,"redzone":true,"plays":{"3379":{"sp":0,"qtr":4,"down":1,"time":"02:16","yrdln":"MIA 1","ydstogo":10,"ydsnet":1,"posteam":"MIA","desc":"(2:16) L.Polite up the middle to MIA 2 for 1 yard (J.Allen).","note":null,"players":{"00-0022405":[{"sequence":1,"clubcode":"MIA","playerName":"L.Polite","statId":10,"yards":1}],"00-0022740":[{"sequence":2,"clubcode":"MIN","playerName":"J.Allen","statId":79,"yards":0}]}},"3401":{"sp":0,"qtr":4,"down":0,"time":"02:13","yrdln":"","ydstogo":0,"ydsnet":1,"posteam":"","desc":"Timeout #1 by MIN at 02:13.","note":"TIMEOUT","players":{"0":[{"sequence":1,"clubcode":"MIN","playerName":"","statId":68,"yards":0}]}},"3418":{"sp":0,"qtr":4,"down":2,"time":"02:13","yrdln":"MIA 2","ydstogo":9,"ydsnet":6,"posteam":"MIA","desc":"(2:13) C.Henne sacked at MIA 2 for 0 yards (A.Winfield). PENALTY on MIN-R.Cook, Defensive Holding, 5 yards, enforced at MIA 2 - No Play.","note":"PENALTY","players":{"00-0024266":[{"sequence":2,"clubcode":"MIN","playerName":"R.Cook","statId":93,"yards":5}],"0":[{"sequence":1,"clubcode":"MIA","playerName":"","statId":5,"yards":0}]}},"3453":{"sp":0,"qtr":4,"down":1,"time":"02:06","yrdln":"MIA 7","ydstogo":10,"ydsnet":6,"posteam":"MIA","desc":"(2:06) R.Brown left end to MIA 7 for no gain (Erin.Henderson).","note":null,"players":{"00-0023437":[{"sequence":1,"clubcode":"MIA","playerName":"R.Brown","statId":10,"yards":0}],"00-0025945":[{"sequence":2,"clubcode":"MIN","playerName":"Erin.Henderson","statId":79,"yards":0}]}},"3475":{"sp":0,"qtr":4,"down":0,"time":"02:00","yrdln":"","ydstogo":0,"ydsnet":6,"posteam":"","desc":"Two-Minute Warning","note":null,"players":{}},"3492":{"sp":0,"qtr":4,"down":2,"time":"02:00","yrdln":"MIA 7","ydstogo":10,"ydsnet":13,"posteam":"MIA","desc":"(2:00) R.Brown right end to MIA 14 for 7 yards (K.Williams, C.Greenway).","note":null,"players":{"00-0023437":[{"sequence":1,"clubcode":"MIA","playerName":"R.Brown","statId":10,"yards":7}],"00-0022073":[{"sequence":2,"clubcode":"MIN","playerName":"K.Williams","statId":80,"yards":0}],"00-0024232":[{"sequence":3,"clubcode":"MIN","playerName":"C.Greenway","statId":82,"yards":0}]}},"3514":{"sp":0,"qtr":4,"down":0,"time":"01:54","yrdln":"","ydstogo":0,"ydsnet":13,"posteam":"","desc":"Timeout #2 by MIN at 01:54.","note":"TIMEOUT","players":{"0":[{"sequence":1,"clubcode":"MIN","playerName":"","statId":68,"yards":0}]}},"3531":{"sp":0,"qtr":4,"down":3,"time":"01:54","yrdln":"MIA 14","ydstogo":3,"ydsnet":13,"posteam":"MIA","desc":"(1:54) C.Henne pass incomplete short left to B.Marshall (K.Williams).","note":null,"players":{"00-0022073":[{"sequence":4,"clubcode":"MIN","playerName":"K.Williams","statId":85,"yards":0}],"00-0024334":[{"sequence":3,"clubcode":"MIA","playerName":"B.Marshall","statId":115,"yards":0}],"0":[{"sequence":1,"clubcode":"MIA","playerName":"","statId":7,"yards":0}],"00-0026197":[{"sequence":2,"clubcode":"MIA","playerName":"C.Henne","statId":14,"yards":0},{"sequence":5,"clubcode":"MIA","playerName":"C.Henne","statId":112,"yards":-2}]}},"3554":{"sp":0,"qtr":4,"down":4,"time":"01:51","yrdln":"MIA 14","ydstogo":3,"ydsnet":13,"posteam":"MIA","desc":"(1:51) B.Fields punts 41 yards to MIN 45, Center-J.Denney. G.Camarillo to MIN 45 for no gain (B.Hartline).","note":"PUNT","players":{"00-0025612":[{"sequence":1,"clubcode":"MIA","playerName":"B.Fields","statId":29,"yards":41}],"00-0027077":[{"sequence":3,"clubcode":"MIA","playerName":"B.Hartline","statId":79,"yards":0}],"00-0023408":[{"sequence":2,"clubcode":"MIN","playerName":"G.Camarillo","statId":33,"yards":0}]}}},"fds":1,"result":"Punt","penyds":5,"ydsgained":8,"numplays":9,"postime":"0:34","start":{"qtr":4,"time":"02:16","yrdln":"MIA 1","team":"MIA"},"end":{"qtr":4,"time":"01:42","yrdln":"MIA 14","team":"MIA"}},"21":{"posteam":"MIN","qtr":4,"redzone":true,"plays":{"3580":{"sp":0,"qtr":4,"down":1,"time":"01:42","yrdln":"MIN 45","ydstogo":10,"ydsnet":0,"posteam":"MIN","desc":"(1:42) (Shotgun) B.Favre pass incomplete short right to V.Shiancoe.","note":null,"players":{"00-0022054":[{"sequence":2,"clubcode":"MIN","playerName":"V.Shiancoe","statId":115,"yards":0}],"00-0005106":[{"sequence":1,"clubcode":"MIN","playerName":"B.Favre","statId":14,"yards":0},{"sequence":3,"clubcode":"MIN","playerName":"B.Favre","statId":112,"yards":9}]}},"3603":{"sp":0,"qtr":4,"down":2,"time":"01:38","yrdln":"MIN 45","ydstogo":10,"ydsnet":0,"posteam":"MIN","desc":"(1:38) (Shotgun) B.Favre pass incomplete short right to G.Lewis (V.Davis).","note":null,"players":{"00-0005106":[{"sequence":1,"clubcode":"MIN","playerName":"B.Favre","statId":14,"yards":0},{"sequence":4,"clubcode":"MIN","playerName":"B.Favre","statId":112,"yards":9}],"00-0027001":[{"sequence":3,"clubcode":"MIA","playerName":"V.Davis","statId":85,"yards":0}],"00-0021508":[{"sequence":2,"clubcode":"MIN","playerName":"G.Lewis","statId":115,"yards":0}]}},"3626":{"sp":0,"qtr":4,"down":3,"time":"01:31","yrdln":"MIN 45","ydstogo":10,"ydsnet":14,"posteam":"MIN","desc":"(1:31) (Shotgun) B.Favre pass short right to G.Lewis to MIA 41 for 14 yards (B.Sapp).","note":null,"players":{"00-0005106":[{"sequence":3,"clubcode":"MIN","playerName":"B.Favre","statId":15,"yards":14},{"sequence":4,"clubcode":"MIN","playerName":"B.Favre","statId":111,"yards":14}],"00-0022352":[{"sequence":8,"clubcode":"MIA","playerName":"B.Sapp","statId":79,"yards":0}],"0":[{"sequence":1,"clubcode":"MIN","playerName":"","statId":4,"yards":0},{"sequence":2,"clubcode":"MIN","playerName":"","statId":6,"yards":0}],"00-0021508":[{"sequence":5,"clubcode":"MIN","playerName":"G.Lewis","statId":21,"yards":14},{"sequence":6,"clubcode":"MIN","playerName":"G.Lewis","statId":115,"yards":0},{"sequence":7,"clubcode":"MIN","playerName":"G.Lewis","statId":113,"yards":0}]}},"3651":{"sp":0,"qtr":4,"down":1,"time":"01:08","yrdln":"MIA 41","ydstogo":10,"ydsnet":24,"posteam":"MIN","desc":"(1:08) (Shotgun) B.Favre pass short middle to A.Peterson to MIA 31 for 10 yards (Y.Bell).","note":null,"players":{"00-0005106":[{"sequence":2,"clubcode":"MIN","playerName":"B.Favre","statId":15,"yards":10},{"sequence":3,"clubcode":"MIN","playerName":"B.Favre","statId":111,"yards":7}],"00-0022067":[{"sequence":7,"clubcode":"MIA","playerName":"Y.Bell","statId":79,"yards":0}],"00-0025394":[{"sequence":4,"clubcode":"MIN","playerName":"A.Peterson","statId":21,"yards":10},{"sequence":5,"clubcode":"MIN","playerName":"A.Peterson","statId":115,"yards":0},{"sequence":6,"clubcode":"MIN","playerName":"A.Peterson","statId":113,"yards":3}],"0":[{"sequence":1,"clubcode":"MIN","playerName":"","statId":4,"yards":0}]}},"3676":{"sp":0,"qtr":4,"down":1,"time":"01:08","yrdln":"MIA 31","ydstogo":10,"ydsnet":28,"posteam":"MIN","desc":"(1:08) B.Favre pass short left to B.Berrian pushed ob at MIA 27 for 4 yards (J.Allen).","note":null,"players":{"00-0024231":[{"sequence":6,"clubcode":"MIA","playerName":"J.Allen","statId":79,"yards":0}],"00-0005106":[{"sequence":1,"clubcode":"MIN","playerName":"B.Favre","statId":15,"yards":4},{"sequence":2,"clubcode":"MIN","playerName":"B.Favre","statId":111,"yards":0}],"00-0022807":[{"sequence":3,"clubcode":"MIN","playerName":"B.Berrian","statId":21,"yards":4},{"sequence":4,"clubcode":"MIN","playerName":"B.Berrian","statId":115,"yards":0},{"sequence":5,"clubcode":"MIN","playerName":"B.Berrian","statId":113,"yards":4}]}},"3701":{"sp":0,"qtr":4,"down":2,"time":"00:48","yrdln":"MIA 27","ydstogo":6,"ydsnet":28,"posteam":"MIN","desc":"(:48) (Shotgun) B.Favre pass incomplete deep right to G.Lewis.","note":null,"players":{"00-0005106":[{"sequence":1,"clubcode":"MIN","playerName":"B.Favre","statId":14,"yards":0},{"sequence":3,"clubcode":"MIN","playerName":"B.Favre","statId":112,"yards":21}],"00-0021508":[{"sequence":2,"clubcode":"MIN","playerName":"G.Lewis","statId":115,"yards":0}]}},"3724":{"sp":0,"qtr":4,"down":3,"time":"00:42","yrdln":"MIA 27","ydstogo":6,"ydsnet":28,"posteam":"MIN","desc":"(:42) (Shotgun) B.Favre pass incomplete short left to A.Peterson [Q.Moses].","note":null,"players":{"00-0025452":[{"sequence":4,"clubcode":"MIA","playerName":"Q.Moses","statId":110,"yards":0}],"00-0005106":[{"sequence":2,"clubcode":"MIN","playerName":"B.Favre","statId":14,"yards":0},{"sequence":5,"clubcode":"MIN","playerName":"B.Favre","statId":112,"yards":5}],"00-0025394":[{"sequence":3,"clubcode":"MIN","playerName":"A.Peterson","statId":115,"yards":0}],"0":[{"sequence":1,"clubcode":"MIN","playerName":"","statId":7,"yards":0}]}},"3747":{"sp":0,"qtr":4,"down":4,"time":"00:38","yrdln":"MIA 27","ydstogo":6,"ydsnet":28,"posteam":"MIN","desc":"(:38) (Shotgun) B.Favre pass incomplete short middle to V.Shiancoe.","note":null,"players":{"00-0022054":[{"sequence":3,"clubcode":"MIN","playerName":"V.Shiancoe","statId":115,"yards":0}],"00-0005106":[{"sequence":2,"clubcode":"MIN","playerName":"B.Favre","statId":14,"yards":0},{"sequence":4,"clubcode":"MIN","playerName":"B.Favre","statId":112,"yards":8}],"0":[{"sequence":1,"clubcode":"MIN","playerName":"","statId":9,"yards":0}]}}},"fds":2,"result":"Downs","penyds":0,"ydsgained":28,"numplays":8,"postime":"1:09","start":{"qtr":4,"time":"01:42","yrdln":"MIN 45","team":"MIN"},"end":{"qtr":4,"time":"00:33","yrdln":"MIA 27","team":"MIN"}},"22":{"posteam":"MIA","qtr":4,"redzone":true,"plays":{"3770":{"sp":0,"qtr":4,"down":1,"time":"00:33","yrdln":"MIA 28","ydstogo":10,"ydsnet":-1,"posteam":"MIA","desc":"(:33) Change in yard line due to  change of possession. C.Henne kneels to MIA 27 for -1 yards.","note":null,"players":{"00-0026197":[{"sequence":1,"clubcode":"MIA","playerName":"C.Henne","statId":10,"yards":-1}]}},"3796":{"sp":0,"qtr":4,"down":0,"time":"00:00","yrdln":"","ydstogo":0,"ydsnet":-1,"posteam":"","desc":"END GAME","note":null,"players":{}}},"fds":0,"result":"End of Game","penyds":0,"ydsgained":-1,"numplays":2,"postime":"0:33","start":{"qtr":4,"time":"00:33","yrdln":"MIA 28","team":"MIA"},"end":{"qtr":4,"time":"00:00","yrdln":"","team":"MIA"}},"crntdrv":22},"scrsummary":{"527":{"type":"TD","desc":"B.Hartline 5 yd. pass from C.Henne (D.Carpenter kick is good) Drive: 9 plays, 73 yards in 4:47","qtr":1,"team":"MIA","players":{"":"0","C.Henne":"00-0026197","B.Hartline":"00-0027077","K.Williams":"00-0022073","D.Carpenter":"00-0026003"}},"2091":{"type":"TD","desc":"K.Misi fumble recovery in end zone (D.Carpenter kick is good)","qtr":3,"team":"MIA","players":{"":"0","B.Favre":"00-0005106","C.Wake":"00-0023368","K.Misi":"00-0027883","D.Carpenter":"00-0026003"}},"2412":{"type":"TD","desc":"A.Peterson 1 yd. run (R.Longwell kick is good) Drive: 2 plays, 1 yards in 0:10","qtr":3,"team":"MIN","players":{"":"0","A.Peterson":"00-0025394","R.Longwell":"00-0010072"}},"3027":{"type":"FG","desc":"R.Longwell 28 yd. Field Goal Drive: 13 plays, 78 yards in 6:49","qtr":4,"team":"MIN","players":{"R.Longwell":"00-0010072"}}},"weather":null,"media":null,"yl":"","qtr":"Final","note":null,"down":0,"togo":0,"redzone":true,"clock":"00:33","posteam":"MIA","stadium":null},"nextupdate":366}