{"2010120502":{"home":{"score":{"1":0,"2":0,"3":3,"4":3,"5":0,"T":6},"abbr":"TEN","to":0,"stats":{"passing":{"00-0003292":{"name":"K.Collins","att":32,"cmp":14,"yds":169,"tds":0,"ints":2,"twopta":0,"twoptm":0}},"rushing":{"00-0026164":{"name":"C.Johnson","att":13,"yds":53,"tds":0,"lng":21,"lngtd":0,"twopta":0,"twoptm":0},"00-0003292":{"name":"K.Collins","att":1,"yds":4,"tds":0,"lng":4,"lngtd":0,"twopta":0,"twoptm":0}},"receiving":{"00-0027061":{"name":"J.Cook","rec":4,"yds":47,"tds":0,"lng":18,"lngtd":0,"twopta":0,"twoptm":0},"00-0023367":{"name":"N.Washington","rec":3,"yds":40,"tds":0,"lng":21,"lngtd":0,"twopta":0,"twoptm":0},"00-0026164":{"name":"C.Johnson","rec":2,"yds":14,"tds":0,"lng":8,"lngtd":0,"twopta":0,"twoptm":0},"00-0021982":{"name":"J.Gage","rec":1,"yds":25,"tds":0,"lng":25,"lngtd":0,"twopta":0,"twoptm":0},"00-0026225":{"name":"C.Stevens","rec":1,"yds":19,"tds":0,"lng":19,"lngtd":0,"twopta":0,"twoptm":0},"00-0011754":{"name":"R.Moss","rec":1,"yds":13,"tds":0,"lng":13,"lngtd":0,"twopta":0,"twoptm":0},"00-0023612":{"name":"B.Scaife","rec":1,"yds":7,"tds":0,"lng":7,"lngtd":0,"twopta":0,"twoptm":0},"00-0027120":{"name":"J.Ringer","rec":1,"yds":4,"tds":0,"lng":4,"lngtd":0,"twopta":0,"twoptm":0}},"fumbles":{},"kicking":{"00-0020962":{"name":"R.Bironas","fgm":2,"fga":2,"fgyds":37,"totpfg":6,"xpmade":0,"xpmissed":0,"xpa":0,"xpb":0,"xptot":0}},"punting":{"00-0025825":{"name":"B.Kern","pts":2,"yds":72,"avg":36,"i20":0,"lng":40}},"kickret":{"00-0027816":{"name":"M.Mariani","ret":2,"avg":18,"tds":0,"lng":19,"lngtd":0}},"puntret":{"00-0027816":{"name":"M.Mariani","ret":1,"avg":4,"tds":0,"lng":4,"lngtd":0}},"defense":{"00-0024331":{"name":"S.Tulloch","tkl":14,"ast":3,"sk":0,"int":0,"ffum":0},"00-0021085":{"name":"W.Witherspoon","tkl":8,"ast":2,"sk":0,"int":0,"ffum":0},"00-0027095":{"name":"G.McRath","tkl":6,"ast":4,"sk":0.5,"int":0,"ffum":0},"00-0021219":{"name":"C.Hope","tkl":6,"ast":2,"sk":0.5,"int":0,"ffum":0},"00-0024429":{"name":"C.Finnegan","tkl":6,"ast":1,"sk":0,"int":0,"ffum":0},"00-0025406":{"name":"M.Griffin","tkl":3,"ast":3,"sk":0,"int":0,"ffum":0},"00-0026243":{"name":"W.Hayes","tkl":3,"ast":3,"sk":0,"int":0,"ffum":0},"00-0026194":{"name":"J.Jones","tkl":5,"ast":0,"sk":0,"int":0,"ffum":0},"00-0004472":{"name":"M.Douglas","tkl":2,"ast":1,"sk":0,"int":0,"ffum":0},"00-0021490":{"name":"T.Brown","tkl":1,"ast":2,"sk":0,"int":0,"ffum":0},"00-0027705":{"name":"A.Verner","tkl":2,"ast":0,"sk":0,"int":0,"ffum":0},"00-0022814":{"name":"D.Ball","tkl":1,"ast":1,"sk":0,"int":0,"ffum":0},"00-0025551":{"name":"T.Shaw","tkl":1,"ast":0,"sk":0,"int":0,"ffum":0},"00-0022695":{"name":"J.Babin","tkl":1,"ast":0,"sk":0,"int":0,"ffum":0},"00-0025591":{"name":"J.Ford","tkl":0,"ast":1,"sk":0,"int":0,"ffum":0}},"team":{"totfd":11,"totyds":220,"pyds":163,"ryds":57,"pen":4,"penyds":30,"trnovr":2,"pt":2,"ptyds":72,"ptavg":36,"top":"20:06"}},"players":null},"away":{"score":{"1":7,"2":10,"3":0,"4":0,"5":0,"T":17},"abbr":"JAC","to":3,"stats":{"passing":{"00-0021231":{"name":"D.Garrard","att":19,"cmp":14,"yds":126,"tds":0,"ints":0,"twopta":0,"twoptm":0}},"rushing":{"00-0024275":{"name":"M.Jones-Drew","att":31,"yds":186,"tds":0,"lng":37,"lngtd":0,"twopta":0,"twoptm":0},"00-0027155":{"name":"R.Jennings","att":10,"yds":44,"tds":1,"lng":11,"lngtd":11,"twopta":0,"twoptm":0},"00-0021231":{"name":"D.Garrard","att":10,"yds":19,"tds":1,"lng":7,"lngtd":4,"twopta":0,"twoptm":0},"00-0027125":{"name":"Z.Miller","att":2,"yds":9,"tds":0,"lng":8,"lngtd":0,"twopta":0,"twoptm":0}},"receiving":{"00-0027076":{"name":"M.Thomas","rec":4,"yds":31,"tds":0,"lng":12,"lngtd":0,"twopta":0,"twoptm":0},"00-0024243":{"name":"M.Lewis","rec":3,"yds":36,"tds":0,"lng":20,"lngtd":0,"twopta":0,"twoptm":0},"00-0027125":{"name":"Z.Miller","rec":3,"yds":34,"tds":0,"lng":18,"lngtd":0,"twopta":0,"twoptm":0},"00-0027155":{"name":"R.Jennings","rec":2,"yds":10,"tds":0,"lng":5,"lngtd":0,"twopta":0,"twoptm":0},"00-0022897":{"name":"G.Jones","rec":1,"yds":11,"tds":0,"lng":11,"lngtd":0,"twopta":0,"twoptm":0},"00-0024275":{"name":"M.Jones-Drew","rec":1,"yds":4,"tds":0,"lng":4,"lngtd":0,"twopta":0,"twoptm":0}},"fumbles":{"00-0027779":{"name":"D.Karim","tot":1,"rcv":0,"trcv":0,"yds":0,"lost":0}},"kicking":{"00-0022874":{"name":"J.Scobee","fgm":1,"fga":2,"fgyds":26,"totpfg":3,"xpmade":2,"xpmissed":0,"xpa":2,"xpb":0,"xptot":2}},"punting":{"00-0025488":{"name":"A.Podlesh","pts":2,"yds":86,"avg":31,"i20":1,"lng":46}},"kickret":{"00-0027779":{"name":"D.Karim","ret":3,"avg":24,"tds":0,"lng":31,"lngtd":0}},"puntret":{},"defense":{"00-0022080":{"name":"R.Mathis","tkl":5,"ast":1,"sk":0,"int":0,"ffum":0},"00-0022839":{"name":"Da.Smith","tkl":2,"ast":3,"sk":0,"int":0,"ffum":0},"00-0027047":{"name":"D.Cox","tkl":4,"ast":0,"sk":0,"int":1,"ffum":0},"00-0025435":{"name":"J.Durant","tkl":4,"ast":0,"sk":0,"int":0,"ffum":0},"00-0027752":{"name":"A.Lane","tkl":3,"ast":1,"sk":0,"int":0,"ffum":0},"00-0023513":{"name":"K.Morrison","tkl":3,"ast":1,"sk":0,"int":0,"ffum":0},"00-0024405":{"name":"J.Mincey","tkl":2,"ast":1,"sk":1,"int":0,"ffum":0},"00-0023537":{"name":"S.Considine","tkl":2,"ast":1,"sk":0,"int":0,"ffum":0},"00-0027124":{"name":"D.Carey","tkl":1,"ast":2,"sk":0,"int":0,"ffum":0},"00-0026960":{"name":"C.Greene","tkl":1,"ast":1,"sk":0,"int":0,"ffum":0},"00-0027862":{"name":"T.Alualu","tkl":1,"ast":0,"sk":0,"int":0,"ffum":0},"00-0026605":{"name":"R.Allen","tkl":1,"ast":0,"sk":0,"int":0,"ffum":0},"00-0026912":{"name":"W.Middleton","tkl":0,"ast":0,"sk":0,"int":1,"ffum":0}},"team":{"totfd":23,"totyds":377,"pyds":119,"ryds":258,"pen":4,"penyds":31,"trnovr":0,"pt":2,"ptyds":86,"ptavg":31,"top":"39:54"}},"players":null},"drives":{"1":{"posteam":"TEN","qtr":1,"redzone":true,"plays":{"36":{"sp":0,"qtr":1,"down":0,"time":"15:00","yrdln":"JAC 30","ydstogo":0,"ydsnet":0,"posteam":"JAC","desc":"J.Scobee kicks 75 yards from JAC 30 to TEN -5. M.Mariani, Touchback.","note":"KICKOFF","players":{"0":[{"sequence":2,"clubcode":"TEN","playerName":"","statId":51,"yards":0}],"00-0022874":[{"sequence":1,"clubcode":"JAC","playerName":"J.Scobee","statId":44,"yards":70}]}},"54":{"sp":0,"qtr":1,"down":1,"time":"15:00","yrdln":"TEN 20","ydstogo":10,"ydsnet":2,"posteam":"TEN","desc":"(15:00) C.Johnson right tackle to TEN 22 for 2 yards (A.Lane).","note":null,"players":{"00-0026164":[{"sequence":1,"clubcode":"TEN","playerName":"C.Johnson","statId":10,"yards":2}],"00-0027752":[{"sequence":2,"clubcode":"JAC","playerName":"A.Lane","statId":79,"yards":0}]}},"75":{"sp":0,"qtr":1,"down":2,"time":"14:24","yrdln":"TEN 22","ydstogo":8,"ydsnet":2,"posteam":"TEN","desc":"(14:24) K.Collins pass incomplete short right to N.Washington.","note":null,"players":{"00-0003292":[{"sequence":1,"clubcode":"TEN","playerName":"K.Collins","statId":14,"yards":0},{"sequence":3,"clubcode":"TEN","playerName":"K.Collins","statId":112,"yards":7}],"00-0023367":[{"sequence":2,"clubcode":"TEN","playerName":"N.Washington","statId":115,"yards":0}]}},"97":{"sp":0,"qtr":1,"down":3,"time":"14:19","yrdln":"TEN 22","ydstogo":8,"ydsnet":7,"posteam":"TEN","desc":"(14:19) (Shotgun) PENALTY on JAC-T.Alualu, Neutral Zone Infraction, 5 yards, enforced at TEN 22 - No Play.","note":"PENALTY","players":{"00-0027862":[{"sequence":1,"clubcode":"JAC","playerName":"T.Alualu","statId":93,"yards":5}]}},"120":{"sp":0,"qtr":1,"down":3,"time":"14:19","yrdln":"TEN 27","ydstogo":3,"ydsnet":20,"posteam":"TEN","desc":"(14:19) K.Collins pass short left to N.Washington to TEN 40 for 13 yards (D.Cox, C.Greene).","note":null,"players":{"00-0026960":[{"sequence":9,"clubcode":"JAC","playerName":"C.Greene","statId":82,"yards":0}],"00-0027047":[{"sequence":8,"clubcode":"JAC","playerName":"D.Cox","statId":80,"yards":0}],"0":[{"sequence":1,"clubcode":"TEN","playerName":"","statId":4,"yards":0},{"sequence":2,"clubcode":"TEN","playerName":"","statId":6,"yards":0}],"00-0003292":[{"sequence":3,"clubcode":"TEN","playerName":"K.Collins","statId":15,"yards":13},{"sequence":4,"clubcode":"TEN","playerName":"K.Collins","statId":111,"yards":12}],"00-0023367":[{"sequence":5,"clubcode":"TEN","playerName":"N.Washington","statId":21,"yards":13},{"sequence":6,"clubcode":"TEN","playerName":"N.Washington","statId":115,"yards":0},{"sequence":7,"clubcode":"TEN","playerName":"N.Washington","statId":113,"yards":1}]}},"144":{"sp":0,"qtr":1,"down":1,"time":"13:46","yrdln":"TEN 40","ydstogo":10,"ydsnet":22,"posteam":"TEN","desc":"(13:46) C.Johnson left guard to TEN 42 for 2 yards (C.Greene). JAC-C.Greene was injured during the play. His return is Questionable.","note":null,"players":{"00-0026164":[{"sequence":1,"clubcode":"TEN","playerName":"C.Johnson","statId":10,"yards":2}],"00-0026960":[{"sequence":2,"clubcode":"JAC","playerName":"C.Greene","statId":79,"yards":0}]}},"168":{"sp":0,"qtr":1,"down":2,"time":"13:19","yrdln":"TEN 42","ydstogo":8,"ydsnet":22,"posteam":"TEN","desc":"(13:19) K.Collins pass incomplete short right to B.Scaife.","note":null,"players":{"00-0023612":[{"sequence":2,"clubcode":"TEN","playerName":"B.Scaife","statId":115,"yards":0}],"00-0003292":[{"sequence":1,"clubcode":"TEN","playerName":"K.Collins","statId":14,"yards":0},{"sequence":3,"clubcode":"TEN","playerName":"K.Collins","statId":112,"yards":3}]}},"190":{"sp":0,"qtr":1,"down":3,"time":"13:15","yrdln":"TEN 42","ydstogo":8,"ydsnet":17,"posteam":"TEN","desc":"(13:15) (Shotgun) PENALTY on TEN-C.Johnson, False Start, 5 yards, enforced at TEN 42 - No Play.","note":"PENALTY","players":{"00-0026164":[{"sequence":1,"clubcode":"TEN","playerName":"C.Johnson","statId":93,"yards":5}]}},"213":{"sp":0,"qtr":1,"down":3,"time":"13:15","yrdln":"TEN 37","ydstogo":13,"ydsnet":25,"posteam":"TEN","desc":"(13:15) (Shotgun) K.Collins pass short left to C.Johnson to TEN 45 for 8 yards (Da.Smith, D.Carey).","note":null,"players":{"00-0026164":[{"sequence":4,"clubcode":"TEN","playerName":"C.Johnson","statId":21,"yards":8},{"sequence":5,"clubcode":"TEN","playerName":"C.Johnson","statId":115,"yards":0},{"sequence":6,"clubcode":"TEN","playerName":"C.Johnson","statId":113,"yards":3}],"00-0022839":[{"sequence":7,"clubcode":"JAC","playerName":"Da.Smith","statId":80,"yards":0}],"00-0027124":[{"sequence":8,"clubcode":"JAC","playerName":"D.Carey","statId":82,"yards":0}],"0":[{"sequence":1,"clubcode":"TEN","playerName":"","statId":7,"yards":0}],"00-0003292":[{"sequence":2,"clubcode":"TEN","playerName":"K.Collins","statId":15,"yards":8},{"sequence":3,"clubcode":"TEN","playerName":"K.Collins","statId":111,"yards":5}]}},"237":{"sp":0,"qtr":1,"down":4,"time":"12:37","yrdln":"TEN 45","ydstogo":5,"ydsnet":25,"posteam":"TEN","desc":"(12:37) (Punt formation) B.Kern punts 32 yards to JAC 23, Center-K.Amato, downed by TEN-P.Bailey.","note":"PUNT","players":{"0":[{"sequence":2,"clubcode":"JAC","playerName":"","statId":38,"yards":0}],"00-0025825":[{"sequence":1,"clubcode":"TEN","playerName":"B.Kern","statId":29,"yards":32}]}}},"fds":1,"result":"Punt","penyds":0,"ydsgained":25,"numplays":10,"postime":"2:34","start":{"qtr":1,"time":"15:00","yrdln":"TEN 20","team":"TEN"},"end":{"qtr":1,"time":"12:26","yrdln":"TEN 45","team":"TEN"}},"2":{"posteam":"JAC","qtr":1,"redzone":true,"plays":{"261":{"sp":0,"qtr":1,"down":1,"time":"12:26","yrdln":"JAC 23","ydstogo":10,"ydsnet":9,"posteam":"JAC","desc":"(12:26) M.Jones-Drew right end pushed ob at JAC 32 for 9 yards (C.Finnegan).","note":null,"players":{"00-0024275":[{"sequence":1,"clubcode":"JAC","playerName":"M.Jones-Drew","statId":10,"yards":9}],"00-0024429":[{"sequence":2,"clubcode":"TEN","playerName":"C.Finnegan","statId":79,"yards":0}]}},"287":{"sp":0,"qtr":1,"down":2,"time":"12:02","yrdln":"JAC 32","ydstogo":1,"ydsnet":15,"posteam":"JAC","desc":"(12:02) M.Jones-Drew up the middle to JAC 38 for 6 yards (C.Finnegan, G.McRath).","note":null,"players":{"00-0024275":[{"sequence":2,"clubcode":"JAC","playerName":"M.Jones-Drew","statId":10,"yards":6}],"00-0024429":[{"sequence":3,"clubcode":"TEN","playerName":"C.Finnegan","statId":80,"yards":0}],"0":[{"sequence":1,"clubcode":"JAC","playerName":"","statId":3,"yards":0}],"00-0027095":[{"sequence":4,"clubcode":"TEN","playerName":"G.McRath","statId":82,"yards":0}]}},"308":{"sp":0,"qtr":1,"down":1,"time":"11:24","yrdln":"JAC 38","ydstogo":10,"ydsnet":18,"posteam":"JAC","desc":"(11:24) M.Jones-Drew left guard to JAC 41 for 3 yards (G.McRath).","note":null,"players":{"00-0024275":[{"sequence":1,"clubcode":"JAC","playerName":"M.Jones-Drew","statId":10,"yards":3}],"00-0027095":[{"sequence":2,"clubcode":"TEN","playerName":"G.McRath","statId":79,"yards":0}]}},"329":{"sp":0,"qtr":1,"down":2,"time":"10:48","yrdln":"JAC 41","ydstogo":7,"ydsnet":24,"posteam":"JAC","desc":"(10:48) M.Jones-Drew left tackle to JAC 47 for 6 yards (S.Tulloch).","note":null,"players":{"00-0024275":[{"sequence":1,"clubcode":"JAC","playerName":"M.Jones-Drew","statId":10,"yards":6}],"00-0024331":[{"sequence":2,"clubcode":"TEN","playerName":"S.Tulloch","statId":79,"yards":0}]}},"350":{"sp":0,"qtr":1,"down":3,"time":"10:11","yrdln":"JAC 47","ydstogo":1,"ydsnet":35,"posteam":"JAC","desc":"(10:11) R.Jennings right end pushed ob at TEN 42 for 11 yards (C.Hope).","note":null,"players":{"00-0027155":[{"sequence":3,"clubcode":"JAC","playerName":"R.Jennings","statId":10,"yards":11}],"00-0021219":[{"sequence":4,"clubcode":"TEN","playerName":"C.Hope","statId":79,"yards":0}],"0":[{"sequence":1,"clubcode":"JAC","playerName":"","statId":3,"yards":0},{"sequence":2,"clubcode":"JAC","playerName":"","statId":6,"yards":0}]}},"371":{"sp":0,"qtr":1,"down":1,"time":"09:46","yrdln":"TEN 42","ydstogo":10,"ydsnet":40,"posteam":"JAC","desc":"(9:46) R.Jennings right tackle to TEN 37 for 5 yards (G.McRath, S.Tulloch).","note":null,"players":{"00-0027155":[{"sequence":1,"clubcode":"JAC","playerName":"R.Jennings","statId":10,"yards":5}],"00-0024331":[{"sequence":3,"clubcode":"TEN","playerName":"S.Tulloch","statId":82,"yards":0}],"00-0027095":[{"sequence":2,"clubcode":"TEN","playerName":"G.McRath","statId":80,"yards":0}]}},"392":{"sp":0,"qtr":1,"down":2,"time":"09:08","yrdln":"TEN 37","ydstogo":5,"ydsnet":46,"posteam":"JAC","desc":"(9:08) D.Garrard pass short right to M.Lewis pushed ob at TEN 31 for 6 yards (C.Finnegan).","note":null,"players":{"00-0024243":[{"sequence":4,"clubcode":"JAC","playerName":"M.Lewis","statId":21,"yards":6},{"sequence":5,"clubcode":"JAC","playerName":"M.Lewis","statId":115,"yards":0},{"sequence":6,"clubcode":"JAC","playerName":"M.Lewis","statId":113,"yards":8}],"00-0021231":[{"sequence":2,"clubcode":"JAC","playerName":"D.Garrard","statId":15,"yards":6},{"sequence":3,"clubcode":"JAC","playerName":"D.Garrard","statId":111,"yards":-2}],"00-0024429":[{"sequence":7,"clubcode":"TEN","playerName":"C.Finnegan","statId":79,"yards":0}],"0":[{"sequence":1,"clubcode":"JAC","playerName":"","statId":4,"yards":0}]}},"416":{"sp":0,"qtr":1,"down":1,"time":"08:38","yrdln":"TEN 31","ydstogo":10,"ydsnet":57,"posteam":"JAC","desc":"(8:38) M.Jones-Drew left guard to TEN 20 for 11 yards (C.Hope, G.McRath).","note":null,"players":{"00-0024275":[{"sequence":2,"clubcode":"JAC","playerName":"M.Jones-Drew","statId":10,"yards":11}],"00-0021219":[{"sequence":3,"clubcode":"TEN","playerName":"C.Hope","statId":80,"yards":0}],"0":[{"sequence":1,"clubcode":"JAC","playerName":"","statId":3,"yards":0}],"00-0027095":[{"sequence":4,"clubcode":"TEN","playerName":"G.McRath","statId":82,"yards":0}]}},"437":{"sp":0,"qtr":1,"down":1,"time":"08:00","yrdln":"TEN 20","ydstogo":10,"ydsnet":62,"posteam":"JAC","desc":"(8:00) M.Jones-Drew up the middle to TEN 15 for 5 yards (T.Brown).","note":null,"players":{"00-0021490":[{"sequence":2,"clubcode":"TEN","playerName":"T.Brown","statId":79,"yards":0}],"00-0024275":[{"sequence":1,"clubcode":"JAC","playerName":"M.Jones-Drew","statId":10,"yards":5}]}},"458":{"sp":0,"qtr":1,"down":2,"time":"07:27","yrdln":"TEN 15","ydstogo":5,"ydsnet":66,"posteam":"JAC","desc":"(7:27) M.Jones-Drew right end to TEN 11 for 4 yards (C.Finnegan).","note":null,"players":{"00-0024275":[{"sequence":1,"clubcode":"JAC","playerName":"M.Jones-Drew","statId":10,"yards":4}],"00-0024429":[{"sequence":2,"clubcode":"TEN","playerName":"C.Finnegan","statId":79,"yards":0}]}},"479":{"sp":0,"qtr":1,"down":3,"time":"06:43","yrdln":"TEN 11","ydstogo":1,"ydsnet":66,"posteam":"JAC","desc":"(6:43) R.Jennings right tackle to TEN 11 for no gain (S.Tulloch, T.Brown).","note":null,"players":{"00-0027155":[{"sequence":2,"clubcode":"JAC","playerName":"R.Jennings","statId":10,"yards":0}],"00-0021490":[{"sequence":4,"clubcode":"TEN","playerName":"T.Brown","statId":82,"yards":0}],"00-0024331":[{"sequence":3,"clubcode":"TEN","playerName":"S.Tulloch","statId":80,"yards":0}],"0":[{"sequence":1,"clubcode":"JAC","playerName":"","statId":7,"yards":0}]}},"500":{"sp":1,"qtr":1,"down":4,"time":"05:58","yrdln":"TEN 11","ydstogo":1,"ydsnet":77,"posteam":"JAC","desc":"(5:58) R.Jennings up the middle for 11 yards, TOUCHDOWN. Penalty on TEN-J.Jones, Defensive Offside, declined.","note":"TD","players":{"00-0027155":[{"sequence":3,"clubcode":"JAC","playerName":"R.Jennings","statId":11,"yards":11}],"0":[{"sequence":1,"clubcode":"JAC","playerName":"","statId":3,"yards":0},{"sequence":2,"clubcode":"JAC","playerName":"","statId":8,"yards":0}]}},"529":{"sp":1,"qtr":1,"down":0,"time":"05:51","yrdln":"TEN 2","ydstogo":0,"ydsnet":77,"posteam":"JAC","desc":"J.Scobee extra point is GOOD, Center-J.Cain, Holder-A.Podlesh.","note":"XP","players":{"00-0022874":[{"sequence":1,"clubcode":"JAC","playerName":"J.Scobee","statId":72,"yards":0}]}}},"fds":5,"result":"Touchdown","penyds":0,"ydsgained":77,"numplays":13,"postime":"6:35","start":{"qtr":1,"time":"12:26","yrdln":"JAC 23","team":"JAC"},"end":{"qtr":1,"time":"05:51","yrdln":"TEN 11","team":"JAC"}},"3":{"posteam":"TEN","qtr":1,"redzone":true,"plays":{"545":{"sp":0,"qtr":1,"down":0,"time":"05:51","yrdln":"JAC 30","ydstogo":0,"ydsnet":0,"posteam":"JAC","desc":"J.Scobee kicks 61 yards from JAC 30 to TEN 9. M.Mariani to TEN 28 for 19 yards (S.Norris).","note":"KICKOFF","players":{"00-0027091":[{"sequence":3,"clubcode":"JAC","playerName":"S.Norris","statId":79,"yards":0}],"00-0027816":[{"sequence":2,"clubcode":"TEN","playerName":"M.Mariani","statId":45,"yards":19}],"00-0022874":[{"sequence":1,"clubcode":"JAC","playerName":"J.Scobee","statId":41,"yards":61}]}},"567":{"sp":0,"qtr":1,"down":1,"time":"05:45","yrdln":"TEN 28","ydstogo":10,"ydsnet":-10,"posteam":"TEN","desc":"(5:45) C.Johnson right end to TEN 30 for 2 yards (K.Morrison). PENALTY on TEN-D.Stewart, Offensive Holding, 10 yards, enforced at TEN 28 - No Play.","note":"PENALTY","players":{"00-0023548":[{"sequence":1,"clubcode":"TEN","playerName":"D.Stewart","statId":93,"yards":10}]}},"599":{"sp":0,"qtr":1,"down":1,"time":"05:19","yrdln":"TEN 18","ydstogo":20,"ydsnet":-10,"posteam":"TEN","desc":"(5:19) C.Johnson up the middle to TEN 18 for no gain (K.Morrison, A.Lane).","note":null,"players":{"00-0026164":[{"sequence":1,"clubcode":"TEN","playerName":"C.Johnson","statId":10,"yards":0}],"00-0023513":[{"sequence":2,"clubcode":"JAC","playerName":"K.Morrison","statId":80,"yards":0}],"00-0027752":[{"sequence":3,"clubcode":"JAC","playerName":"A.Lane","statId":82,"yards":0}]}},"620":{"sp":0,"qtr":1,"down":2,"time":"04:39","yrdln":"TEN 18","ydstogo":20,"ydsnet":9,"posteam":"TEN","desc":"(4:39) K.Collins pass deep middle to C.Stevens to TEN 37 for 19 yards (J.Durant).","note":null,"players":{"00-0026225":[{"sequence":3,"clubcode":"TEN","playerName":"C.Stevens","statId":21,"yards":19},{"sequence":4,"clubcode":"TEN","playerName":"C.Stevens","statId":115,"yards":0},{"sequence":5,"clubcode":"TEN","playerName":"C.Stevens","statId":113,"yards":0}],"00-0003292":[{"sequence":1,"clubcode":"TEN","playerName":"K.Collins","statId":15,"yards":19},{"sequence":2,"clubcode":"TEN","playerName":"K.Collins","statId":111,"yards":19}],"00-0025435":[{"sequence":6,"clubcode":"JAC","playerName":"J.Durant","statId":79,"yards":0}]}},"644":{"sp":0,"qtr":1,"down":3,"time":"03:50","yrdln":"TEN 37","ydstogo":1,"ydsnet":9,"posteam":"TEN","desc":"(3:50) C.Johnson right guard to TEN 37 for no gain (K.Morrison, Da.Smith).","note":null,"players":{"00-0026164":[{"sequence":2,"clubcode":"TEN","playerName":"C.Johnson","statId":10,"yards":0}],"00-0023513":[{"sequence":3,"clubcode":"JAC","playerName":"K.Morrison","statId":80,"yards":0}],"00-0022839":[{"sequence":4,"clubcode":"JAC","playerName":"Da.Smith","statId":82,"yards":0}],"0":[{"sequence":1,"clubcode":"TEN","playerName":"","statId":7,"yards":0}]}},"665":{"sp":0,"qtr":1,"down":4,"time":"03:10","yrdln":"TEN 37","ydstogo":1,"ydsnet":9,"posteam":"TEN","desc":"(3:10) (Punt formation) B.Kern punts 40 yards to JAC 23, Center-K.Amato, downed by TEN-M.Mariani.","note":"PUNT","players":{"0":[{"sequence":2,"clubcode":"JAC","playerName":"","statId":38,"yards":0}],"00-0025825":[{"sequence":1,"clubcode":"TEN","playerName":"B.Kern","statId":29,"yards":40}]}}},"fds":0,"result":"Punt","penyds":-10,"ydsgained":19,"numplays":6,"postime":"2:52","start":{"qtr":1,"time":"05:51","yrdln":"TEN 28","team":"TEN"},"end":{"qtr":1,"time":"02:59","yrdln":"TEN 37","team":"TEN"}},"4":{"posteam":"JAC","qtr":2,"redzone":true,"plays":{"689":{"sp":0,"qtr":1,"down":1,"time":"02:59","yrdln":"JAC 23","ydstogo":10,"ydsnet":5,"posteam":"JAC","desc":"(2:59) M.Jones-Drew right end pushed ob at JAC 28 for 5 yards (C.Finnegan).","note":null,"players":{"00-0024275":[{"sequence":1,"clubcode":"JAC","playerName":"M.Jones-Drew","statId":10,"yards":5}],"00-0024429":[{"sequence":2,"clubcode":"TEN","playerName":"C.Finnegan","statId":79,"yards":0}]}},"710":{"sp":0,"qtr":1,"down":2,"time":"02:34","yrdln":"JAC 28","ydstogo":5,"ydsnet":9,"posteam":"JAC","desc":"(2:34) M.Jones-Drew left guard to JAC 32 for 4 yards (S.Tulloch, W.Hayes).","note":null,"players":{"00-0026243":[{"sequence":3,"clubcode":"TEN","playerName":"W.Hayes","statId":82,"yards":0}],"00-0024275":[{"sequence":1,"clubcode":"JAC","playerName":"M.Jones-Drew","statId":10,"yards":4}],"00-0024331":[{"sequence":2,"clubcode":"TEN","playerName":"S.Tulloch","statId":80,"yards":0}]}},"731":{"sp":0,"qtr":1,"down":3,"time":"01:57","yrdln":"JAC 32","ydstogo":1,"ydsnet":14,"posteam":"JAC","desc":"(1:57) (Shotgun) D.Garrard left end to JAC 37 for 5 yards (M.Griffin).","note":null,"players":{"00-0021231":[{"sequence":3,"clubcode":"JAC","playerName":"D.Garrard","statId":10,"yards":5}],"00-0025406":[{"sequence":4,"clubcode":"TEN","playerName":"M.Griffin","statId":79,"yards":0}],"0":[{"sequence":1,"clubcode":"JAC","playerName":"","statId":3,"yards":0},{"sequence":2,"clubcode":"JAC","playerName":"","statId":6,"yards":0}]}},"752":{"sp":0,"qtr":1,"down":1,"time":"01:18","yrdln":"JAC 37","ydstogo":10,"ydsnet":22,"posteam":"JAC","desc":"(1:18) D.Garrard pass short right to Z.Miller to JAC 45 for 8 yards (C.Hope).","note":null,"players":{"00-0027125":[{"sequence":3,"clubcode":"JAC","playerName":"Z.Miller","statId":21,"yards":8},{"sequence":4,"clubcode":"JAC","playerName":"Z.Miller","statId":115,"yards":0},{"sequence":5,"clubcode":"JAC","playerName":"Z.Miller","statId":113,"yards":7}],"00-0021219":[{"sequence":6,"clubcode":"TEN","playerName":"C.Hope","statId":79,"yards":0}],"00-0021231":[{"sequence":1,"clubcode":"JAC","playerName":"D.Garrard","statId":15,"yards":8},{"sequence":2,"clubcode":"JAC","playerName":"D.Garrard","statId":111,"yards":1}]}},"776":{"sp":0,"qtr":1,"down":2,"time":"00:44","yrdln":"JAC 45","ydstogo":2,"ydsnet":23,"posteam":"JAC","desc":"(:44) M.Jones-Drew up the middle to JAC 46 for 1 yard (S.Tulloch).","note":null,"players":{"00-0024275":[{"sequence":1,"clubcode":"JAC","playerName":"M.Jones-Drew","statId":10,"yards":1}],"00-0024331":[{"sequence":2,"clubcode":"TEN","playerName":"S.Tulloch","statId":79,"yards":0}]}},"797":{"sp":0,"qtr":1,"down":0,"time":"","yrdln":"","ydstogo":0,"ydsnet":23,"posteam":"","desc":"END QUARTER 1","note":null,"players":{}},"814":{"sp":0,"qtr":2,"down":3,"time":"15:00","yrdln":"JAC 46","ydstogo":1,"ydsnet":26,"posteam":"JAC","desc":"(15:00) D.Garrard up the middle to JAC 49 for 3 yards (J.Babin).","note":null,"players":{"00-0021231":[{"sequence":3,"clubcode":"JAC","playerName":"D.Garrard","statId":10,"yards":3}],"0":[{"sequence":1,"clubcode":"JAC","playerName":"","statId":3,"yards":0},{"sequence":2,"clubcode":"JAC","playerName":"","statId":6,"yards":0}],"00-0022695":[{"sequence":4,"clubcode":"TEN","playerName":"J.Babin","statId":79,"yards":0}]}},"835":{"sp":0,"qtr":2,"down":1,"time":"14:24","yrdln":"JAC 49","ydstogo":10,"ydsnet":26,"posteam":"JAC","desc":"(14:24) D.Garrard pass incomplete short right to M.Thomas.","note":null,"players":{"00-0021231":[{"sequence":1,"clubcode":"JAC","playerName":"D.Garrard","statId":14,"yards":0},{"sequence":3,"clubcode":"JAC","playerName":"D.Garrard","statId":112,"yards":5}],"00-0027076":[{"sequence":2,"clubcode":"JAC","playerName":"M.Thomas","statId":115,"yards":0}]}},"857":{"sp":0,"qtr":2,"down":2,"time":"14:20","yrdln":"JAC 49","ydstogo":10,"ydsnet":31,"posteam":"JAC","desc":"(14:20) M.Jones-Drew right tackle to TEN 46 for 5 yards (C.Hope).","note":null,"players":{"00-0024275":[{"sequence":1,"clubcode":"JAC","playerName":"M.Jones-Drew","statId":10,"yards":5}],"00-0021219":[{"sequence":2,"clubcode":"TEN","playerName":"C.Hope","statId":79,"yards":0}]}},"878":{"sp":0,"qtr":2,"down":3,"time":"13:37","yrdln":"TEN 46","ydstogo":5,"ydsnet":31,"posteam":"JAC","desc":"(13:37) (Shotgun) D.Garrard pass incomplete short left to K.Osgood.","note":null,"players":{"00-0021570":[{"sequence":3,"clubcode":"JAC","playerName":"K.Osgood","statId":115,"yards":0}],"00-0021231":[{"sequence":2,"clubcode":"JAC","playerName":"D.Garrard","statId":14,"yards":0},{"sequence":4,"clubcode":"JAC","playerName":"D.Garrard","statId":112,"yards":3}],"0":[{"sequence":1,"clubcode":"JAC","playerName":"","statId":7,"yards":0}]}},"900":{"sp":0,"qtr":2,"down":4,"time":"13:31","yrdln":"TEN 46","ydstogo":5,"ydsnet":31,"posteam":"JAC","desc":"(13:31) (Punt formation) A.Podlesh punts 46 yards to end zone, Center-J.Cain, Touchback.","note":"PUNT","players":{"00-0025488":[{"sequence":1,"clubcode":"JAC","playerName":"A.Podlesh","statId":32,"yards":46}],"0":[{"sequence":2,"clubcode":"TEN","playerName":"","statId":40,"yards":0}]}}},"fds":2,"result":"Punt","penyds":0,"ydsgained":31,"numplays":11,"postime":"4:40","start":{"qtr":1,"time":"02:59","yrdln":"JAC 23","team":"JAC"},"end":{"qtr":1,"time":"13:19","yrdln":"TEN 46","team":"JAC"}},"5":{"posteam":"TEN","qtr":2,"redzone":true,"plays":{"918":{"sp":0,"qtr":2,"down":1,"time":"13:19","yrdln":"TEN 20","ydstogo":10,"ydsnet":0,"posteam":"TEN","desc":"(13:19) K.Collins pass deep middle intended for N.Washington INTERCEPTED by D.Cox at JAC 43. D.Cox to JAC 43 for no gain (N.Washington).","note":"INT","players":{"00-0027047":[{"sequence":4,"clubcode":"JAC","playerName":"D.Cox","statId":25,"yards":0},{"sequence":5,"clubcode":"JAC","playerName":"D.Cox","statId":85,"yards":0}],"00-0003292":[{"sequence":1,"clubcode":"TEN","playerName":"K.Collins","statId":19,"yards":0},{"sequence":3,"clubcode":"TEN","playerName":"K.Collins","statId":112,"yards":37}],"00-0023367":[{"sequence":2,"clubcode":"TEN","playerName":"N.Washington","statId":115,"yards":0},{"sequence":6,"clubcode":"TEN","playerName":"N.Washington","statId":79,"yards":0}]}}},"fds":0,"result":"Interception","penyds":0,"ydsgained":0,"numplays":1,"postime":"0:08","start":{"qtr":2,"time":"13:19","yrdln":"TEN 20","team":"TEN"},"end":{"qtr":2,"time":"13:11","yrdln":"TEN 20","team":"TEN"}},"6":{"posteam":"JAC","qtr":2,"redzone":true,"plays":{"945":{"sp":0,"qtr":2,"down":1,"time":"13:11","yrdln":"JAC 43","ydstogo":10,"ydsnet":1,"posteam":"JAC","desc":"(13:11) M.Jones-Drew right end pushed ob at JAC 44 for 1 yard (G.McRath).","note":null,"players":{"00-0024275":[{"sequence":1,"clubcode":"JAC","playerName":"M.Jones-Drew","statId":10,"yards":1}],"00-0027095":[{"sequence":2,"clubcode":"TEN","playerName":"G.McRath","statId":79,"yards":0}]}},"966":{"sp":0,"qtr":2,"down":2,"time":"12:42","yrdln":"JAC 44","ydstogo":9,"ydsnet":9,"posteam":"JAC","desc":"(12:42) Z.Miller left end to TEN 48 for 8 yards (C.Hope).","note":null,"players":{"00-0027125":[{"sequence":1,"clubcode":"JAC","playerName":"Z.Miller","statId":10,"yards":8}],"00-0021219":[{"sequence":2,"clubcode":"TEN","playerName":"C.Hope","statId":79,"yards":0}]}},"987":{"sp":0,"qtr":2,"down":3,"time":"12:01","yrdln":"TEN 48","ydstogo":1,"ydsnet":20,"posteam":"JAC","desc":"(12:01) D.Garrard pass short right to G.Jones to TEN 37 for 11 yards (C.Hope).","note":null,"players":{"00-0022897":[{"sequence":5,"clubcode":"JAC","playerName":"G.Jones","statId":21,"yards":11},{"sequence":6,"clubcode":"JAC","playerName":"G.Jones","statId":115,"yards":0},{"sequence":7,"clubcode":"JAC","playerName":"G.Jones","statId":113,"yards":13}],"00-0021219":[{"sequence":8,"clubcode":"TEN","playerName":"C.Hope","statId":79,"yards":0}],"00-0021231":[{"sequence":3,"clubcode":"JAC","playerName":"D.Garrard","statId":15,"yards":11},{"sequence":4,"clubcode":"JAC","playerName":"D.Garrard","statId":111,"yards":-2}],"0":[{"sequence":1,"clubcode":"JAC","playerName":"","statId":4,"yards":0},{"sequence":2,"clubcode":"JAC","playerName":"","statId":6,"yards":0}]}},"1011":{"sp":0,"qtr":2,"down":1,"time":"11:23","yrdln":"TEN 37","ydstogo":10,"ydsnet":25,"posteam":"JAC","desc":"(11:23) M.Jones-Drew up the middle to TEN 32 for 5 yards (W.Hayes).","note":null,"players":{"00-0026243":[{"sequence":2,"clubcode":"TEN","playerName":"W.Hayes","statId":79,"yards":0}],"00-0024275":[{"sequence":1,"clubcode":"JAC","playerName":"M.Jones-Drew","statId":10,"yards":5}]}},"1032":{"sp":0,"qtr":2,"down":2,"time":"10:46","yrdln":"TEN 32","ydstogo":5,"ydsnet":28,"posteam":"JAC","desc":"(10:46) M.Jones-Drew up the middle to TEN 29 for 3 yards (G.McRath, D.Ball).","note":null,"players":{"00-0024275":[{"sequence":1,"clubcode":"JAC","playerName":"M.Jones-Drew","statId":10,"yards":3}],"00-0027095":[{"sequence":2,"clubcode":"TEN","playerName":"G.McRath","statId":80,"yards":0}],"00-0022814":[{"sequence":3,"clubcode":"TEN","playerName":"D.Ball","statId":82,"yards":0}]}},"1053":{"sp":0,"qtr":2,"down":3,"time":"10:07","yrdln":"TEN 29","ydstogo":2,"ydsnet":31,"posteam":"JAC","desc":"(10:07) R.Jennings left tackle to TEN 26 for 3 yards (S.Tulloch).","note":null,"players":{"00-0027155":[{"sequence":3,"clubcode":"JAC","playerName":"R.Jennings","statId":10,"yards":3}],"00-0024331":[{"sequence":4,"clubcode":"TEN","playerName":"S.Tulloch","statId":79,"yards":0}],"0":[{"sequence":1,"clubcode":"JAC","playerName":"","statId":3,"yards":0},{"sequence":2,"clubcode":"JAC","playerName":"","statId":6,"yards":0}]}},"1074":{"sp":0,"qtr":2,"down":1,"time":"09:29","yrdln":"TEN 26","ydstogo":10,"ydsnet":36,"posteam":"JAC","desc":"(9:29) R.Jennings left guard to TEN 21 for 5 yards (T.Shaw).","note":null,"players":{"00-0025551":[{"sequence":2,"clubcode":"TEN","playerName":"T.Shaw","statId":79,"yards":0}],"00-0027155":[{"sequence":1,"clubcode":"JAC","playerName":"R.Jennings","statId":10,"yards":5}]}},"1095":{"sp":0,"qtr":2,"down":2,"time":"08:52","yrdln":"TEN 21","ydstogo":5,"ydsnet":27,"posteam":"JAC","desc":"(8:52) Z.Miller right end pushed ob at TEN 13 for 8 yards (W.Witherspoon). PENALTY on JAC-J.Black, Offensive Holding, 10 yards, enforced at TEN 20.","note":"PENALTY","players":{"00-0027125":[{"sequence":1,"clubcode":"JAC","playerName":"Z.Miller","statId":10,"yards":1}],"00-0021085":[{"sequence":2,"clubcode":"TEN","playerName":"W.Witherspoon","statId":79,"yards":0}],"00-0021959":[{"sequence":3,"clubcode":"JAC","playerName":"J.Black","statId":93,"yards":10}]}},"1127":{"sp":0,"qtr":2,"down":2,"time":"08:24","yrdln":"TEN 30","ydstogo":14,"ydsnet":32,"posteam":"JAC","desc":"(8:24) D.Garrard pass short right to R.Jennings to TEN 25 for 5 yards (J.Jones).","note":null,"players":{"00-0027155":[{"sequence":3,"clubcode":"JAC","playerName":"R.Jennings","statId":21,"yards":5},{"sequence":4,"clubcode":"JAC","playerName":"R.Jennings","statId":115,"yards":0},{"sequence":5,"clubcode":"JAC","playerName":"R.Jennings","statId":113,"yards":6}],"00-0021231":[{"sequence":1,"clubcode":"JAC","playerName":"D.Garrard","statId":15,"yards":5},{"sequence":2,"clubcode":"JAC","playerName":"D.Garrard","statId":111,"yards":-1}],"00-0026194":[{"sequence":6,"clubcode":"TEN","playerName":"J.Jones","statId":79,"yards":0}]}},"1152":{"sp":0,"qtr":2,"down":3,"time":"07:42","yrdln":"TEN 25","ydstogo":9,"ydsnet":42,"posteam":"JAC","desc":"(7:42) D.Garrard pass short left to M.Lewis to TEN 15 for 10 yards (G.McRath).","note":null,"players":{"00-0024243":[{"sequence":5,"clubcode":"JAC","playerName":"M.Lewis","statId":21,"yards":10},{"sequence":6,"clubcode":"JAC","playerName":"M.Lewis","statId":115,"yards":0},{"sequence":7,"clubcode":"JAC","playerName":"M.Lewis","statId":113,"yards":5}],"00-0021231":[{"sequence":3,"clubcode":"JAC","playerName":"D.Garrard","statId":15,"yards":10},{"sequence":4,"clubcode":"JAC","playerName":"D.Garrard","statId":111,"yards":5}],"0":[{"sequence":1,"clubcode":"JAC","playerName":"","statId":4,"yards":0},{"sequence":2,"clubcode":"JAC","playerName":"","statId":6,"yards":0}],"00-0027095":[{"sequence":8,"clubcode":"TEN","playerName":"G.McRath","statId":79,"yards":0}]}},"1176":{"sp":0,"qtr":2,"down":1,"time":"06:59","yrdln":"TEN 15","ydstogo":10,"ydsnet":47,"posteam":"JAC","desc":"(6:59) M.Jones-Drew up the middle to TEN 10 for 5 yards (S.Tulloch, M.Griffin).","note":null,"players":{"00-0024275":[{"sequence":1,"clubcode":"JAC","playerName":"M.Jones-Drew","statId":10,"yards":5}],"00-0025406":[{"sequence":3,"clubcode":"TEN","playerName":"M.Griffin","statId":82,"yards":0}],"00-0024331":[{"sequence":2,"clubcode":"TEN","playerName":"S.Tulloch","statId":80,"yards":0}]}},"1197":{"sp":0,"qtr":2,"down":2,"time":"06:25","yrdln":"TEN 10","ydstogo":5,"ydsnet":53,"posteam":"JAC","desc":"(6:25) M.Jones-Drew right guard to TEN 4 for 6 yards (S.Tulloch, G.McRath).","note":null,"players":{"00-0024275":[{"sequence":2,"clubcode":"JAC","playerName":"M.Jones-Drew","statId":10,"yards":6}],"00-0024331":[{"sequence":3,"clubcode":"TEN","playerName":"S.Tulloch","statId":80,"yards":0}],"0":[{"sequence":1,"clubcode":"JAC","playerName":"","statId":3,"yards":0}],"00-0027095":[{"sequence":4,"clubcode":"TEN","playerName":"G.McRath","statId":82,"yards":0}]}},"1218":{"sp":1,"qtr":2,"down":1,"time":"05:44","yrdln":"TEN 4","ydstogo":4,"ydsnet":57,"posteam":"JAC","desc":"(5:44) D.Garrard left end for 4 yards, TOUCHDOWN.","note":"TD","players":{"00-0021231":[{"sequence":2,"clubcode":"JAC","playerName":"D.Garrard","statId":11,"yards":4}],"0":[{"sequence":1,"clubcode":"JAC","playerName":"","statId":3,"yards":0}]}},"1235":{"sp":1,"qtr":2,"down":0,"time":"05:38","yrdln":"TEN 2","ydstogo":0,"ydsnet":57,"posteam":"JAC","desc":"J.Scobee extra point is GOOD, Center-J.Cain, Holder-A.Podlesh.","note":"XP","players":{"00-0022874":[{"sequence":1,"clubcode":"JAC","playerName":"J.Scobee","statId":72,"yards":0}]}}},"fds":5,"result":"Touchdown","penyds":-10,"ydsgained":67,"numplays":14,"postime":"7:33","start":{"qtr":2,"time":"13:11","yrdln":"JAC 43","team":"JAC"},"end":{"qtr":2,"time":"05:38","yrdln":"TEN 4","team":"JAC"}},"7":{"posteam":"TEN","qtr":2,"redzone":true,"plays":{"1251":{"sp":0,"qtr":2,"down":0,"time":"05:38","yrdln":"JAC 30","ydstogo":0,"ydsnet":0,"posteam":"JAC","desc":"J.Scobee kicks 60 yards from JAC 30 to TEN 10. M.Mariani to TEN 28 for 18 yards (Z.Miller).","note":"KICKOFF","players":{"00-0027125":[{"sequence":3,"clubcode":"JAC","playerName":"Z.Miller","statId":79,"yards":0}],"00-0027816":[{"sequence":2,"clubcode":"TEN","playerName":"M.Mariani","statId":45,"yards":18}],"00-0022874":[{"sequence":1,"clubcode":"JAC","playerName":"J.Scobee","statId":41,"yards":60}]}},"1273":{"sp":0,"qtr":2,"down":1,"time":"05:32","yrdln":"TEN 28","ydstogo":10,"ydsnet":6,"posteam":"TEN","desc":"(5:32) C.Johnson right tackle to TEN 34 for 6 yards (T.Alualu, K.Morrison).","note":null,"players":{"00-0026164":[{"sequence":1,"clubcode":"TEN","playerName":"C.Johnson","statId":10,"yards":6}],"00-0023513":[{"sequence":3,"clubcode":"JAC","playerName":"K.Morrison","statId":82,"yards":0}],"00-0027862":[{"sequence":2,"clubcode":"JAC","playerName":"T.Alualu","statId":80,"yards":0}]}},"1295":{"sp":0,"qtr":2,"down":2,"time":"04:52","yrdln":"TEN 34","ydstogo":4,"ydsnet":27,"posteam":"TEN","desc":"(4:52) K.Collins pass deep left to N.Washington pushed ob at JAC 45 for 21 yards (D.Cox).","note":null,"players":{"00-0027047":[{"sequence":7,"clubcode":"JAC","playerName":"D.Cox","statId":79,"yards":0}],"0":[{"sequence":1,"clubcode":"TEN","playerName":"","statId":4,"yards":0}],"00-0003292":[{"sequence":2,"clubcode":"TEN","playerName":"K.Collins","statId":15,"yards":21},{"sequence":3,"clubcode":"TEN","playerName":"K.Collins","statId":111,"yards":21}],"00-0023367":[{"sequence":4,"clubcode":"TEN","playerName":"N.Washington","statId":21,"yards":21},{"sequence":5,"clubcode":"TEN","playerName":"N.Washington","statId":115,"yards":0},{"sequence":6,"clubcode":"TEN","playerName":"N.Washington","statId":113,"yards":0}]}},"1324":{"sp":0,"qtr":2,"down":1,"time":"04:15","yrdln":"JAC 45","ydstogo":10,"ydsnet":26,"posteam":"TEN","desc":"(4:15) C.Johnson left guard to JAC 46 for -1 yards (J.Mincey).","note":null,"players":{"00-0026164":[{"sequence":1,"clubcode":"TEN","playerName":"C.Johnson","statId":10,"yards":-1}],"00-0024405":[{"sequence":3,"clubcode":"JAC","playerName":"J.Mincey","statId":79,"yards":0},{"sequence":4,"clubcode":"JAC","playerName":"J.Mincey","statId":120,"yards":0}],"0":[{"sequence":2,"clubcode":"TEN","playerName":"","statId":95,"yards":-1}]}},"1345":{"sp":0,"qtr":2,"down":2,"time":"03:39","yrdln":"JAC 46","ydstogo":11,"ydsnet":30,"posteam":"TEN","desc":"(3:39) K.Collins scrambles up the middle to JAC 42 for 4 yards (K.Morrison).","note":null,"players":{"00-0023513":[{"sequence":2,"clubcode":"JAC","playerName":"K.Morrison","statId":79,"yards":0}],"00-0003292":[{"sequence":1,"clubcode":"TEN","playerName":"K.Collins","statId":10,"yards":4}]}},"1366":{"sp":0,"qtr":2,"down":3,"time":"02:54","yrdln":"JAC 42","ydstogo":7,"ydsnet":30,"posteam":"TEN","desc":"(2:54) (Shotgun) K.Collins pass incomplete short left to D.Williams.","note":null,"players":{"00-0027893":[{"sequence":3,"clubcode":"TEN","playerName":"D.Williams","statId":115,"yards":0}],"0":[{"sequence":1,"clubcode":"TEN","playerName":"","statId":7,"yards":0}],"00-0003292":[{"sequence":2,"clubcode":"TEN","playerName":"K.Collins","statId":14,"yards":0},{"sequence":4,"clubcode":"TEN","playerName":"K.Collins","statId":112,"yards":10}]}},"1388":{"sp":0,"qtr":2,"down":0,"time":"02:48","yrdln":"","ydstogo":0,"ydsnet":30,"posteam":"","desc":"Timeout #1 by TEN at 02:48.","note":"TIMEOUT","players":{"0":[{"sequence":1,"clubcode":"TEN","playerName":"","statId":68,"yards":0}]}},"1405":{"sp":0,"qtr":2,"down":4,"time":"02:48","yrdln":"JAC 42","ydstogo":7,"ydsnet":30,"posteam":"TEN","desc":"(2:48) (Shotgun) K.Collins pass incomplete deep right to R.Moss.","note":null,"players":{"0":[{"sequence":1,"clubcode":"TEN","playerName":"","statId":9,"yards":0}],"00-0003292":[{"sequence":2,"clubcode":"TEN","playerName":"K.Collins","statId":14,"yards":0},{"sequence":4,"clubcode":"TEN","playerName":"K.Collins","statId":112,"yards":36}],"00-0011754":[{"sequence":3,"clubcode":"TEN","playerName":"R.Moss","statId":115,"yards":0}]}}},"fds":1,"result":"Downs","penyds":0,"ydsgained":30,"numplays":8,"postime":"2:57","start":{"qtr":2,"time":"05:38","yrdln":"TEN 28","team":"TEN"},"end":{"qtr":2,"time":"02:41","yrdln":"JAC 42","team":"TEN"}},"8":{"posteam":"JAC","qtr":2,"redzone":true,"plays":{"1428":{"sp":0,"qtr":2,"down":1,"time":"02:41","yrdln":"JAC 43","ydstogo":10,"ydsnet":4,"posteam":"JAC","desc":"(2:41) (Shotgun) R.Jennings up the middle to JAC 47 for 4 yards (W.Witherspoon).","note":null,"players":{"00-0027155":[{"sequence":1,"clubcode":"JAC","playerName":"R.Jennings","statId":10,"yards":4}],"00-0021085":[{"sequence":2,"clubcode":"TEN","playerName":"W.Witherspoon","statId":79,"yards":0}]}},"1449":{"sp":0,"qtr":2,"down":0,"time":"02:00","yrdln":"","ydstogo":0,"ydsnet":4,"posteam":"","desc":"Two-Minute Warning","note":null,"players":{}},"1466":{"sp":0,"qtr":2,"down":2,"time":"02:00","yrdln":"JAC 47","ydstogo":6,"ydsnet":11,"posteam":"JAC","desc":"(2:00) D.Garrard scrambles left tackle to TEN 46 for 7 yards (J.Jones).","note":null,"players":{"00-0021231":[{"sequence":2,"clubcode":"JAC","playerName":"D.Garrard","statId":10,"yards":7}],"00-0026194":[{"sequence":3,"clubcode":"TEN","playerName":"J.Jones","statId":79,"yards":0}],"0":[{"sequence":1,"clubcode":"JAC","playerName":"","statId":3,"yards":0}]}},"1487":{"sp":0,"qtr":2,"down":1,"time":"01:30","yrdln":"TEN 46","ydstogo":10,"ydsnet":16,"posteam":"JAC","desc":"(1:30) R.Jennings right guard to TEN 44 for 2 yards (W.Witherspoon). PENALTY on TEN-T.Brown, Defensive Offside, 5 yards, enforced at TEN 46 - No Play.","note":"PENALTY","players":{"00-0021490":[{"sequence":1,"clubcode":"TEN","playerName":"T.Brown","statId":93,"yards":5}]}},"1519":{"sp":0,"qtr":2,"down":1,"time":"01:24","yrdln":"TEN 41","ydstogo":5,"ydsnet":16,"posteam":"JAC","desc":"(1:24) (Shotgun) D.Garrard pass incomplete short right to M.Lewis (M.Griffin).","note":null,"players":{"00-0024243":[{"sequence":2,"clubcode":"JAC","playerName":"M.Lewis","statId":115,"yards":0}],"00-0021231":[{"sequence":1,"clubcode":"JAC","playerName":"D.Garrard","statId":14,"yards":0},{"sequence":4,"clubcode":"JAC","playerName":"D.Garrard","statId":112,"yards":2}],"00-0025406":[{"sequence":3,"clubcode":"TEN","playerName":"M.Griffin","statId":85,"yards":0}]}},"1541":{"sp":0,"qtr":2,"down":2,"time":"01:19","yrdln":"TEN 41","ydstogo":5,"ydsnet":28,"posteam":"JAC","desc":"(1:19) D.Garrard pass short right to M.Thomas pushed ob at TEN 29 for 12 yards (S.Tulloch).","note":null,"players":{"00-0021231":[{"sequence":2,"clubcode":"JAC","playerName":"D.Garrard","statId":15,"yards":12},{"sequence":3,"clubcode":"JAC","playerName":"D.Garrard","statId":111,"yards":-1}],"00-0024331":[{"sequence":7,"clubcode":"TEN","playerName":"S.Tulloch","statId":79,"yards":0}],"0":[{"sequence":1,"clubcode":"JAC","playerName":"","statId":4,"yards":0}],"00-0027076":[{"sequence":4,"clubcode":"JAC","playerName":"M.Thomas","statId":21,"yards":12},{"sequence":5,"clubcode":"JAC","playerName":"M.Thomas","statId":115,"yards":0},{"sequence":6,"clubcode":"JAC","playerName":"M.Thomas","statId":113,"yards":13}]}},"1565":{"sp":0,"qtr":2,"down":1,"time":"01:12","yrdln":"TEN 29","ydstogo":10,"ydsnet":40,"posteam":"JAC","desc":"(1:12) (Shotgun) D.Garrard pass short right to M.Thomas ran ob at TEN 17 for 12 yards.","note":null,"players":{"00-0021231":[{"sequence":2,"clubcode":"JAC","playerName":"D.Garrard","statId":15,"yards":12},{"sequence":3,"clubcode":"JAC","playerName":"D.Garrard","statId":111,"yards":12}],"0":[{"sequence":1,"clubcode":"JAC","playerName":"","statId":4,"yards":0}],"00-0027076":[{"sequence":4,"clubcode":"JAC","playerName":"M.Thomas","statId":21,"yards":12},{"sequence":5,"clubcode":"JAC","playerName":"M.Thomas","statId":115,"yards":0},{"sequence":6,"clubcode":"JAC","playerName":"M.Thomas","statId":113,"yards":0}]}},"1600":{"sp":0,"qtr":2,"down":1,"time":"01:05","yrdln":"TEN 17","ydstogo":10,"ydsnet":40,"posteam":"JAC","desc":"(1:05) (Shotgun) D.Garrard pass incomplete deep right to J.Hill.","note":null,"players":{"00-0021231":[{"sequence":1,"clubcode":"JAC","playerName":"D.Garrard","statId":14,"yards":0},{"sequence":3,"clubcode":"JAC","playerName":"D.Garrard","statId":112,"yards":17}],"00-0025463":[{"sequence":2,"clubcode":"JAC","playerName":"J.Hill","statId":115,"yards":0}]}},"1622":{"sp":0,"qtr":2,"down":2,"time":"00:59","yrdln":"TEN 17","ydstogo":10,"ydsnet":41,"posteam":"JAC","desc":"(:59) (Shotgun) D.Garrard pass short left to M.Thomas to TEN 16 for 1 yard (A.Verner).","note":null,"players":{"00-0027705":[{"sequence":6,"clubcode":"TEN","playerName":"A.Verner","statId":79,"yards":0}],"00-0021231":[{"sequence":1,"clubcode":"JAC","playerName":"D.Garrard","statId":15,"yards":1},{"sequence":2,"clubcode":"JAC","playerName":"D.Garrard","statId":111,"yards":1}],"00-0027076":[{"sequence":3,"clubcode":"JAC","playerName":"M.Thomas","statId":21,"yards":1},{"sequence":4,"clubcode":"JAC","playerName":"M.Thomas","statId":115,"yards":0},{"sequence":5,"clubcode":"JAC","playerName":"M.Thomas","statId":113,"yards":0}]}},"1657":{"sp":0,"qtr":2,"down":0,"time":"00:48","yrdln":"","ydstogo":0,"ydsnet":41,"posteam":"","desc":"Timeout #1 by JAC at 00:48.","note":"TIMEOUT","players":{"0":[{"sequence":1,"clubcode":"JAC","playerName":"","statId":68,"yards":0}]}},"1674":{"sp":0,"qtr":2,"down":3,"time":"00:48","yrdln":"TEN 16","ydstogo":9,"ydsnet":49,"posteam":"JAC","desc":"(:48) (Shotgun) D.Garrard pass short right to Z.Miller to TEN 8 for 8 yards (C.Finnegan; M.Griffin).","note":null,"players":{"00-0027125":[{"sequence":4,"clubcode":"JAC","playerName":"Z.Miller","statId":21,"yards":8},{"sequence":5,"clubcode":"JAC","playerName":"Z.Miller","statId":115,"yards":0},{"sequence":6,"clubcode":"JAC","playerName":"Z.Miller","statId":113,"yards":1}],"00-0021231":[{"sequence":2,"clubcode":"JAC","playerName":"D.Garrard","statId":15,"yards":8},{"sequence":3,"clubcode":"JAC","playerName":"D.Garrard","statId":111,"yards":7}],"00-0024429":[{"sequence":7,"clubcode":"TEN","playerName":"C.Finnegan","statId":82,"yards":0}],"00-0025406":[{"sequence":8,"clubcode":"TEN","playerName":"M.Griffin","statId":82,"yards":0}],"0":[{"sequence":1,"clubcode":"JAC","playerName":"","statId":7,"yards":0}]}},"1698":{"sp":0,"qtr":2,"down":0,"time":"00:03","yrdln":"","ydstogo":0,"ydsnet":49,"posteam":"","desc":"Timeout #2 by JAC at 00:03.","note":"TIMEOUT","players":{"0":[{"sequence":1,"clubcode":"JAC","playerName":"","statId":68,"yards":0}]}},"1715":{"sp":1,"qtr":2,"down":4,"time":"00:03","yrdln":"TEN 8","ydstogo":1,"ydsnet":49,"posteam":"JAC","desc":"(:03) (Field Goal formation) J.Scobee 26 yard field goal is GOOD, Center-J.Cain, Holder-A.Podlesh.","note":"FG","players":{"00-0022874":[{"sequence":1,"clubcode":"JAC","playerName":"J.Scobee","statId":70,"yards":26}]}}},"fds":3,"result":"Field Goal","penyds":5,"ydsgained":44,"numplays":13,"postime":"2:41","start":{"qtr":2,"time":"02:41","yrdln":"JAC 43","team":"JAC"},"end":{"qtr":2,"time":"00:00","yrdln":"TEN 8","team":"JAC"}},"9":{"posteam":"JAC","qtr":3,"redzone":true,"plays":{"1749":{"sp":0,"qtr":3,"down":0,"time":"15:00","yrdln":"TEN 30","ydstogo":0,"ydsnet":24,"posteam":"TEN","desc":"R.Bironas kicks 62 yards from TEN 30 to JAC 8. D.Karim to JAC 40 for 32 yards (T.Shaw). FUMBLES (T.Shaw), ball out of bounds at JAC 40. PENALTY on JAC-G.Jones, Offensive Holding, 10 yards, enforced at JAC 26. Penalty on JAC-C.Mosley, Offensive Holding, declined.","note":"FUMBLE","players":{"00-0022897":[{"sequence":7,"clubcode":"JAC","playerName":"G.Jones","statId":93,"yards":10}],"00-0025551":[{"sequence":3,"clubcode":"TEN","playerName":"T.Shaw","statId":79,"yards":0},{"sequence":6,"clubcode":"TEN","playerName":"T.Shaw","statId":91,"yards":0}],"00-0027779":[{"sequence":2,"clubcode":"JAC","playerName":"D.Karim","statId":45,"yards":18},{"sequence":4,"clubcode":"JAC","playerName":"D.Karim","statId":52,"yards":0},{"sequence":5,"clubcode":"JAC","playerName":"D.Karim","statId":54,"yards":0}],"00-0020962":[{"sequence":1,"clubcode":"TEN","playerName":"R.Bironas","statId":41,"yards":62}]}},"1782":{"sp":0,"qtr":3,"down":1,"time":"14:52","yrdln":"JAC 16","ydstogo":10,"ydsnet":3,"posteam":"JAC","desc":"(14:52) M.Jones-Drew up the middle to JAC 19 for 3 yards (S.Tulloch, W.Witherspoon).","note":null,"players":{"00-0024275":[{"sequence":1,"clubcode":"JAC","playerName":"M.Jones-Drew","statId":10,"yards":3}],"00-0021085":[{"sequence":3,"clubcode":"TEN","playerName":"W.Witherspoon","statId":82,"yards":0}],"00-0024331":[{"sequence":2,"clubcode":"TEN","playerName":"S.Tulloch","statId":80,"yards":0}]}},"1803":{"sp":0,"qtr":3,"down":2,"time":"14:14","yrdln":"JAC 19","ydstogo":7,"ydsnet":21,"posteam":"JAC","desc":"(14:14) D.Garrard pass short right to Z.Miller to JAC 37 for 18 yards (J.Jones).","note":null,"players":{"00-0027125":[{"sequence":4,"clubcode":"JAC","playerName":"Z.Miller","statId":21,"yards":18},{"sequence":5,"clubcode":"JAC","playerName":"Z.Miller","statId":115,"yards":0},{"sequence":6,"clubcode":"JAC","playerName":"Z.Miller","statId":113,"yards":20}],"00-0021231":[{"sequence":2,"clubcode":"JAC","playerName":"D.Garrard","statId":15,"yards":18},{"sequence":3,"clubcode":"JAC","playerName":"D.Garrard","statId":111,"yards":-2}],"00-0026194":[{"sequence":7,"clubcode":"TEN","playerName":"J.Jones","statId":79,"yards":0}],"0":[{"sequence":1,"clubcode":"JAC","playerName":"","statId":4,"yards":0}]}},"1834":{"sp":0,"qtr":3,"down":1,"time":"13:32","yrdln":"JAC 37","ydstogo":10,"ydsnet":24,"posteam":"JAC","desc":"(13:32) M.Jones-Drew right tackle to JAC 40 for 3 yards (D.Ball, S.Tulloch).","note":null,"players":{"00-0024275":[{"sequence":1,"clubcode":"JAC","playerName":"M.Jones-Drew","statId":10,"yards":3}],"00-0024331":[{"sequence":3,"clubcode":"TEN","playerName":"S.Tulloch","statId":82,"yards":0}],"00-0022814":[{"sequence":2,"clubcode":"TEN","playerName":"D.Ball","statId":80,"yards":0}]}},"1858":{"sp":0,"qtr":3,"down":2,"time":"12:50","yrdln":"JAC 40","ydstogo":7,"ydsnet":30,"posteam":"JAC","desc":"(12:50) D.Garrard pass short left to M.Thomas pushed ob at JAC 46 for 6 yards (A.Verner).","note":null,"players":{"00-0027705":[{"sequence":6,"clubcode":"TEN","playerName":"A.Verner","statId":79,"yards":0}],"00-0021231":[{"sequence":1,"clubcode":"JAC","playerName":"D.Garrard","statId":15,"yards":6},{"sequence":2,"clubcode":"JAC","playerName":"D.Garrard","statId":111,"yards":-1}],"00-0027076":[{"sequence":3,"clubcode":"JAC","playerName":"M.Thomas","statId":21,"yards":6},{"sequence":4,"clubcode":"JAC","playerName":"M.Thomas","statId":115,"yards":0},{"sequence":5,"clubcode":"JAC","playerName":"M.Thomas","statId":113,"yards":7}]}},"1883":{"sp":0,"qtr":3,"down":3,"time":"12:25","yrdln":"JAC 46","ydstogo":1,"ydsnet":30,"posteam":"JAC","desc":"(12:25) D.Garrard up the middle to JAC 46 for no gain (W.Witherspoon, M.Griffin).","note":null,"players":{"00-0021085":[{"sequence":3,"clubcode":"TEN","playerName":"W.Witherspoon","statId":80,"yards":0}],"00-0021231":[{"sequence":2,"clubcode":"JAC","playerName":"D.Garrard","statId":10,"yards":0}],"00-0025406":[{"sequence":4,"clubcode":"TEN","playerName":"M.Griffin","statId":82,"yards":0}],"0":[{"sequence":1,"clubcode":"JAC","playerName":"","statId":7,"yards":0}]}},"1904":{"sp":0,"qtr":3,"down":4,"time":"12:02","yrdln":"JAC 46","ydstogo":1,"ydsnet":32,"posteam":"JAC","desc":"(12:02) D.Garrard up the middle to JAC 48 for 2 yards (M.Douglas; S.Tulloch).","note":null,"players":{"00-0004472":[{"sequence":4,"clubcode":"TEN","playerName":"M.Douglas","statId":82,"yards":0}],"00-0021231":[{"sequence":3,"clubcode":"JAC","playerName":"D.Garrard","statId":10,"yards":2}],"00-0024331":[{"sequence":5,"clubcode":"TEN","playerName":"S.Tulloch","statId":82,"yards":0}],"0":[{"sequence":1,"clubcode":"JAC","playerName":"","statId":3,"yards":0},{"sequence":2,"clubcode":"JAC","playerName":"","statId":8,"yards":0}]}},"1926":{"sp":0,"qtr":3,"down":1,"time":"11:20","yrdln":"JAC 48","ydstogo":10,"ydsnet":32,"posteam":"JAC","desc":"(11:20) M.Jones-Drew left end to JAC 48 for no gain (W.Witherspoon, J.Ford).","note":null,"players":{"00-0024275":[{"sequence":1,"clubcode":"JAC","playerName":"M.Jones-Drew","statId":10,"yards":0}],"00-0021085":[{"sequence":2,"clubcode":"TEN","playerName":"W.Witherspoon","statId":80,"yards":0}],"00-0025591":[{"sequence":3,"clubcode":"TEN","playerName":"J.Ford","statId":82,"yards":0}]}},"1947":{"sp":0,"qtr":3,"down":2,"time":"10:43","yrdln":"JAC 48","ydstogo":10,"ydsnet":36,"posteam":"JAC","desc":"(10:43) (Shotgun) D.Garrard pass short left to M.Jones-Drew to TEN 48 for 4 yards (W.Witherspoon).","note":null,"players":{"00-0024275":[{"sequence":3,"clubcode":"JAC","playerName":"M.Jones-Drew","statId":21,"yards":4},{"sequence":4,"clubcode":"JAC","playerName":"M.Jones-Drew","statId":115,"yards":0},{"sequence":5,"clubcode":"JAC","playerName":"M.Jones-Drew","statId":113,"yards":0}],"00-0021085":[{"sequence":6,"clubcode":"TEN","playerName":"W.Witherspoon","statId":79,"yards":0}],"00-0021231":[{"sequence":1,"clubcode":"JAC","playerName":"D.Garrard","statId":15,"yards":4},{"sequence":2,"clubcode":"JAC","playerName":"D.Garrard","statId":111,"yards":4}]}},"1971":{"sp":0,"qtr":3,"down":3,"time":"10:04","yrdln":"TEN 48","ydstogo":6,"ydsnet":29,"posteam":"JAC","desc":"(10:04) (Shotgun) D.Garrard sacked at JAC 45 for -7 yards (sack split by G.McRath and C.Hope).","note":null,"players":{"00-0021219":[{"sequence":4,"clubcode":"TEN","playerName":"C.Hope","statId":84,"yards":-7},{"sequence":6,"clubcode":"TEN","playerName":"C.Hope","statId":110,"yards":0},{"sequence":8,"clubcode":"TEN","playerName":"C.Hope","statId":82,"yards":0}],"00-0021231":[{"sequence":2,"clubcode":"JAC","playerName":"D.Garrard","statId":20,"yards":-7}],"0":[{"sequence":1,"clubcode":"JAC","playerName":"","statId":7,"yards":0}],"00-0027095":[{"sequence":3,"clubcode":"TEN","playerName":"G.McRath","statId":84,"yards":-7},{"sequence":5,"clubcode":"TEN","playerName":"G.McRath","statId":110,"yards":0},{"sequence":7,"clubcode":"TEN","playerName":"G.McRath","statId":82,"yards":0}]}},"1990":{"sp":0,"qtr":3,"down":4,"time":"09:39","yrdln":"JAC 45","ydstogo":13,"ydsnet":29,"posteam":"JAC","desc":"(9:39) (Punt formation) A.Podlesh punts 40 yards to TEN 15, Center-J.Cain. M.Mariani pushed ob at TEN 19 for 4 yards (M.Owens).","note":"PUNT","players":{"00-0024103":[{"sequence":4,"clubcode":"JAC","playerName":"M.Owens","statId":79,"yards":0}],"00-0025488":[{"sequence":1,"clubcode":"JAC","playerName":"A.Podlesh","statId":29,"yards":40},{"sequence":3,"clubcode":"JAC","playerName":"A.Podlesh","statId":30,"yards":0}],"00-0027816":[{"sequence":2,"clubcode":"TEN","playerName":"M.Mariani","statId":33,"yards":4}]}}},"fds":2,"result":"Punt","penyds":0,"ydsgained":29,"numplays":11,"postime":"5:31","start":{"qtr":3,"time":"15:00","yrdln":"JAC 16","team":"JAC"},"end":{"qtr":3,"time":"09:29","yrdln":"JAC 45","team":"JAC"}},"10":{"posteam":"TEN","qtr":3,"redzone":true,"plays":{"2017":{"sp":0,"qtr":3,"down":1,"time":"09:29","yrdln":"TEN 19","ydstogo":10,"ydsnet":0,"posteam":"TEN","desc":"(9:29) K.Collins pass incomplete short middle to J.Gage.","note":null,"players":{"00-0021982":[{"sequence":2,"clubcode":"TEN","playerName":"J.Gage","statId":115,"yards":0}],"00-0003292":[{"sequence":1,"clubcode":"TEN","playerName":"K.Collins","statId":14,"yards":0},{"sequence":3,"clubcode":"TEN","playerName":"K.Collins","statId":112,"yards":13}]}},"2039":{"sp":0,"qtr":3,"down":2,"time":"09:24","yrdln":"TEN 19","ydstogo":10,"ydsnet":0,"posteam":"TEN","desc":"(9:24) (Shotgun) K.Collins pass incomplete short right.","note":null,"players":{"00-0003292":[{"sequence":1,"clubcode":"TEN","playerName":"K.Collins","statId":14,"yards":0},{"sequence":2,"clubcode":"TEN","playerName":"K.Collins","statId":112,"yards":1}]}},"2061":{"sp":0,"qtr":3,"down":3,"time":"09:18","yrdln":"TEN 19","ydstogo":10,"ydsnet":25,"posteam":"TEN","desc":"(9:18) (Shotgun) K.Collins pass deep middle to J.Gage pushed ob at TEN 44 for 25 yards (R.Mathis).","note":null,"players":{"00-0022080":[{"sequence":8,"clubcode":"JAC","playerName":"R.Mathis","statId":79,"yards":0}],"00-0021982":[{"sequence":5,"clubcode":"TEN","playerName":"J.Gage","statId":21,"yards":25},{"sequence":6,"clubcode":"TEN","playerName":"J.Gage","statId":115,"yards":0},{"sequence":7,"clubcode":"TEN","playerName":"J.Gage","statId":113,"yards":8}],"0":[{"sequence":1,"clubcode":"TEN","playerName":"","statId":4,"yards":0},{"sequence":2,"clubcode":"TEN","playerName":"","statId":6,"yards":0}],"00-0003292":[{"sequence":3,"clubcode":"TEN","playerName":"K.Collins","statId":15,"yards":25},{"sequence":4,"clubcode":"TEN","playerName":"K.Collins","statId":111,"yards":17}]}},"2091":{"sp":0,"qtr":3,"down":1,"time":"08:54","yrdln":"TEN 44","ydstogo":10,"ydsnet":25,"posteam":"TEN","desc":"(8:54) K.Collins pass incomplete deep right to C.Stevens.","note":null,"players":{"00-0026225":[{"sequence":2,"clubcode":"TEN","playerName":"C.Stevens","statId":115,"yards":0}],"00-0003292":[{"sequence":1,"clubcode":"TEN","playerName":"K.Collins","statId":14,"yards":0},{"sequence":3,"clubcode":"TEN","playerName":"K.Collins","statId":112,"yards":17}]}},"2113":{"sp":0,"qtr":3,"down":2,"time":"08:48","yrdln":"TEN 44","ydstogo":10,"ydsnet":41,"posteam":"TEN","desc":"(8:48) K.Collins pass short left to J.Cook to JAC 40 for 16 yards (D.Cox, S.Considine).","note":null,"players":{"00-0027061":[{"sequence":4,"clubcode":"TEN","playerName":"J.Cook","statId":21,"yards":16},{"sequence":5,"clubcode":"TEN","playerName":"J.Cook","statId":115,"yards":0},{"sequence":6,"clubcode":"TEN","playerName":"J.Cook","statId":113,"yards":7}],"00-0023537":[{"sequence":8,"clubcode":"JAC","playerName":"S.Considine","statId":82,"yards":0}],"00-0027047":[{"sequence":7,"clubcode":"JAC","playerName":"D.Cox","statId":80,"yards":0}],"0":[{"sequence":1,"clubcode":"TEN","playerName":"","statId":4,"yards":0}],"00-0003292":[{"sequence":2,"clubcode":"TEN","playerName":"K.Collins","statId":15,"yards":16},{"sequence":3,"clubcode":"TEN","playerName":"K.Collins","statId":111,"yards":9}]}},"2137":{"sp":0,"qtr":3,"down":1,"time":"08:12","yrdln":"JAC 40","ydstogo":10,"ydsnet":62,"posteam":"TEN","desc":"(8:12) C.Johnson right tackle to JAC 19 for 21 yards (S.Considine, R.Mathis).","note":null,"players":{"00-0026164":[{"sequence":2,"clubcode":"TEN","playerName":"C.Johnson","statId":10,"yards":21}],"00-0022080":[{"sequence":4,"clubcode":"JAC","playerName":"R.Mathis","statId":82,"yards":0}],"00-0023537":[{"sequence":3,"clubcode":"JAC","playerName":"S.Considine","statId":80,"yards":0}],"0":[{"sequence":1,"clubcode":"TEN","playerName":"","statId":3,"yards":0}]}},"2158":{"sp":0,"qtr":3,"down":1,"time":"07:29","yrdln":"JAC 19","ydstogo":10,"ydsnet":67,"posteam":"TEN","desc":"(7:29) C.Johnson left guard to JAC 14 for 5 yards (A.Lane).","note":null,"players":{"00-0026164":[{"sequence":1,"clubcode":"TEN","playerName":"C.Johnson","statId":10,"yards":5}],"00-0027752":[{"sequence":2,"clubcode":"JAC","playerName":"A.Lane","statId":79,"yards":0}]}},"2179":{"sp":0,"qtr":3,"down":2,"time":"06:48","yrdln":"JAC 14","ydstogo":5,"ydsnet":62,"posteam":"TEN","desc":"(6:48) C.Johnson left end to JAC 19 for -5 yards (R.Allen, J.Mincey).","note":null,"players":{"00-0026164":[{"sequence":1,"clubcode":"TEN","playerName":"C.Johnson","statId":10,"yards":-5}],"00-0024405":[{"sequence":4,"clubcode":"JAC","playerName":"J.Mincey","statId":82,"yards":0}],"0":[{"sequence":2,"clubcode":"TEN","playerName":"","statId":95,"yards":-5}],"00-0026605":[{"sequence":3,"clubcode":"JAC","playerName":"R.Allen","statId":80,"yards":0},{"sequence":5,"clubcode":"JAC","playerName":"R.Allen","statId":120,"yards":0}]}},"2200":{"sp":0,"qtr":3,"down":3,"time":"06:08","yrdln":"JAC 19","ydstogo":10,"ydsnet":62,"posteam":"TEN","desc":"(6:08) (Shotgun) K.Collins pass incomplete deep middle to B.Scaife.","note":null,"players":{"0":[{"sequence":1,"clubcode":"TEN","playerName":"","statId":7,"yards":0}],"00-0023612":[{"sequence":3,"clubcode":"TEN","playerName":"B.Scaife","statId":115,"yards":0}],"00-0003292":[{"sequence":2,"clubcode":"TEN","playerName":"K.Collins","statId":14,"yards":0},{"sequence":4,"clubcode":"TEN","playerName":"K.Collins","statId":112,"yards":16}]}},"2222":{"sp":1,"qtr":3,"down":4,"time":"06:03","yrdln":"JAC 19","ydstogo":10,"ydsnet":62,"posteam":"TEN","desc":"(6:03) (Field Goal formation) R.Bironas 37 yard field goal is GOOD, Center-K.Amato, Holder-B.Kern.","note":"FG","players":{"00-0020962":[{"sequence":1,"clubcode":"TEN","playerName":"R.Bironas","statId":70,"yards":37}]}}},"fds":3,"result":"Field Goal","penyds":0,"ydsgained":62,"numplays":10,"postime":"3:31","start":{"qtr":3,"time":"09:29","yrdln":"TEN 19","team":"TEN"},"end":{"qtr":3,"time":"05:58","yrdln":"JAC 19","team":"TEN"}},"11":{"posteam":"JAC","qtr":3,"redzone":true,"plays":{"2242":{"sp":0,"qtr":3,"down":0,"time":"05:58","yrdln":"TEN 30","ydstogo":0,"ydsnet":0,"posteam":"TEN","desc":"R.Bironas kicks 70 yards from TEN 30 to JAC 0. D.Karim to JAC 31 for 31 yards (P.Bailey).","note":"KICKOFF","players":{"00-0027779":[{"sequence":2,"clubcode":"JAC","playerName":"D.Karim","statId":45,"yards":31}],"00-0020962":[{"sequence":1,"clubcode":"TEN","playerName":"R.Bironas","statId":43,"yards":70}],"00-0025833":[{"sequence":3,"clubcode":"TEN","playerName":"P.Bailey","statId":79,"yards":0}]}},"2264":{"sp":0,"qtr":3,"down":1,"time":"05:52","yrdln":"JAC 31","ydstogo":10,"ydsnet":20,"posteam":"JAC","desc":"(5:52) D.Garrard pass short right to M.Lewis pushed ob at TEN 49 for 20 yards (S.Tulloch).","note":null,"players":{"00-0024243":[{"sequence":4,"clubcode":"JAC","playerName":"M.Lewis","statId":21,"yards":20},{"sequence":5,"clubcode":"JAC","playerName":"M.Lewis","statId":115,"yards":0},{"sequence":6,"clubcode":"JAC","playerName":"M.Lewis","statId":113,"yards":21}],"00-0021231":[{"sequence":2,"clubcode":"JAC","playerName":"D.Garrard","statId":15,"yards":20},{"sequence":3,"clubcode":"JAC","playerName":"D.Garrard","statId":111,"yards":-1}],"00-0024331":[{"sequence":7,"clubcode":"TEN","playerName":"S.Tulloch","statId":79,"yards":0}],"0":[{"sequence":1,"clubcode":"JAC","playerName":"","statId":4,"yards":0}]}},"2288":{"sp":0,"qtr":3,"down":1,"time":"05:23","yrdln":"TEN 49","ydstogo":10,"ydsnet":32,"posteam":"JAC","desc":"(5:23) M.Jones-Drew right end to TEN 37 for 12 yards (M.Griffin).","note":null,"players":{"00-0024275":[{"sequence":2,"clubcode":"JAC","playerName":"M.Jones-Drew","statId":10,"yards":12}],"00-0025406":[{"sequence":3,"clubcode":"TEN","playerName":"M.Griffin","statId":79,"yards":0}],"0":[{"sequence":1,"clubcode":"JAC","playerName":"","statId":3,"yards":0}]}},"2309":{"sp":0,"qtr":3,"down":1,"time":"04:40","yrdln":"TEN 37","ydstogo":10,"ydsnet":33,"posteam":"JAC","desc":"(4:40) D.Garrard scrambles right end pushed ob at TEN 36 for 1 yard (S.Tulloch).","note":null,"players":{"00-0021231":[{"sequence":1,"clubcode":"JAC","playerName":"D.Garrard","statId":10,"yards":1}],"00-0024331":[{"sequence":2,"clubcode":"TEN","playerName":"S.Tulloch","statId":79,"yards":0}]}},"2330":{"sp":0,"qtr":3,"down":2,"time":"04:06","yrdln":"TEN 36","ydstogo":9,"ydsnet":33,"posteam":"JAC","desc":"(4:06) D.Garrard pass incomplete short middle to Z.Potter (S.Tulloch).","note":null,"players":{"00-0021231":[{"sequence":1,"clubcode":"JAC","playerName":"D.Garrard","statId":14,"yards":0},{"sequence":4,"clubcode":"JAC","playerName":"D.Garrard","statId":112,"yards":4}],"00-0024331":[{"sequence":3,"clubcode":"TEN","playerName":"S.Tulloch","statId":85,"yards":0}],"00-0026658":[{"sequence":2,"clubcode":"JAC","playerName":"Z.Potter","statId":115,"yards":0}]}},"2352":{"sp":0,"qtr":3,"down":3,"time":"04:00","yrdln":"TEN 36","ydstogo":9,"ydsnet":38,"posteam":"JAC","desc":"(4:00) (Shotgun) D.Garrard pass short right to R.Jennings pushed ob at TEN 31 for 5 yards (J.Jones).","note":null,"players":{"00-0027155":[{"sequence":4,"clubcode":"JAC","playerName":"R.Jennings","statId":21,"yards":5},{"sequence":5,"clubcode":"JAC","playerName":"R.Jennings","statId":115,"yards":0},{"sequence":6,"clubcode":"JAC","playerName":"R.Jennings","statId":113,"yards":5}],"00-0021231":[{"sequence":2,"clubcode":"JAC","playerName":"D.Garrard","statId":15,"yards":5},{"sequence":3,"clubcode":"JAC","playerName":"D.Garrard","statId":111,"yards":0}],"00-0026194":[{"sequence":7,"clubcode":"TEN","playerName":"J.Jones","statId":79,"yards":0}],"0":[{"sequence":1,"clubcode":"JAC","playerName":"","statId":7,"yards":0}]}},"2377":{"sp":0,"qtr":3,"down":4,"time":"03:25","yrdln":"TEN 31","ydstogo":4,"ydsnet":38,"posteam":"JAC","desc":"(3:25) (Field Goal formation) J.Scobee 49 yard field goal is BLOCKED (J.Ford), Center-J.Cain, Holder-A.Podlesh.","note":"FGB","players":{"00-0022874":[{"sequence":2,"clubcode":"JAC","playerName":"J.Scobee","statId":71,"yards":49}],"00-0025591":[{"sequence":1,"clubcode":"TEN","playerName":"J.Ford","statId":88,"yards":0}]}}},"fds":2,"result":"Missed FG","penyds":0,"ydsgained":38,"numplays":7,"postime":"2:44","start":{"qtr":3,"time":"05:58","yrdln":"JAC 31","team":"JAC"},"end":{"qtr":3,"time":"03:14","yrdln":"TEN 31","team":"JAC"}},"12":{"posteam":"TEN","qtr":4,"redzone":true,"plays":{"2399":{"sp":0,"qtr":3,"down":1,"time":"03:14","yrdln":"TEN 39","ydstogo":10,"ydsnet":12,"posteam":"TEN","desc":"(3:14) C.Johnson right tackle to JAC 49 for 12 yards (R.Mathis, D.Carey).","note":null,"players":{"00-0026164":[{"sequence":2,"clubcode":"TEN","playerName":"C.Johnson","statId":10,"yards":12}],"00-0022080":[{"sequence":3,"clubcode":"JAC","playerName":"R.Mathis","statId":80,"yards":0}],"00-0027124":[{"sequence":4,"clubcode":"JAC","playerName":"D.Carey","statId":82,"yards":0}],"0":[{"sequence":1,"clubcode":"TEN","playerName":"","statId":3,"yards":0}]}},"2420":{"sp":0,"qtr":3,"down":1,"time":"02:43","yrdln":"JAC 49","ydstogo":10,"ydsnet":25,"posteam":"TEN","desc":"(2:43) K.Collins pass short right to R.Moss to JAC 36 for 13 yards (R.Mathis).","note":null,"players":{"00-0022080":[{"sequence":7,"clubcode":"JAC","playerName":"R.Mathis","statId":79,"yards":0}],"0":[{"sequence":1,"clubcode":"TEN","playerName":"","statId":4,"yards":0}],"00-0003292":[{"sequence":2,"clubcode":"TEN","playerName":"K.Collins","statId":15,"yards":13},{"sequence":3,"clubcode":"TEN","playerName":"K.Collins","statId":111,"yards":9}],"00-0011754":[{"sequence":4,"clubcode":"TEN","playerName":"R.Moss","statId":21,"yards":13},{"sequence":5,"clubcode":"TEN","playerName":"R.Moss","statId":115,"yards":0},{"sequence":6,"clubcode":"TEN","playerName":"R.Moss","statId":113,"yards":4}]}},"2445":{"sp":0,"qtr":3,"down":1,"time":"02:07","yrdln":"JAC 36","ydstogo":10,"ydsnet":25,"posteam":"TEN","desc":"(2:07) K.Collins pass incomplete short right to C.Stevens.","note":null,"players":{"00-0026225":[{"sequence":2,"clubcode":"TEN","playerName":"C.Stevens","statId":115,"yards":0}],"00-0003292":[{"sequence":1,"clubcode":"TEN","playerName":"K.Collins","statId":14,"yards":0},{"sequence":3,"clubcode":"TEN","playerName":"K.Collins","statId":112,"yards":2}]}},"2467":{"sp":0,"qtr":3,"down":2,"time":"02:03","yrdln":"JAC 36","ydstogo":10,"ydsnet":32,"posteam":"TEN","desc":"(2:03) C.Johnson up the middle to JAC 29 for 7 yards (A.Lane).","note":null,"players":{"00-0026164":[{"sequence":1,"clubcode":"TEN","playerName":"C.Johnson","statId":10,"yards":7}],"00-0027752":[{"sequence":2,"clubcode":"JAC","playerName":"A.Lane","statId":79,"yards":0}]}},"2488":{"sp":0,"qtr":3,"down":3,"time":"01:16","yrdln":"JAC 29","ydstogo":3,"ydsnet":33,"posteam":"TEN","desc":"(1:16) (Shotgun) C.Johnson right end to JAC 28 for 1 yard (J.Durant, Da.Smith).","note":null,"players":{"00-0026164":[{"sequence":2,"clubcode":"TEN","playerName":"C.Johnson","statId":10,"yards":1}],"00-0022839":[{"sequence":4,"clubcode":"JAC","playerName":"Da.Smith","statId":82,"yards":0}],"0":[{"sequence":1,"clubcode":"TEN","playerName":"","statId":7,"yards":0}],"00-0025435":[{"sequence":3,"clubcode":"JAC","playerName":"J.Durant","statId":80,"yards":0}]}},"2509":{"sp":0,"qtr":3,"down":4,"time":"00:25","yrdln":"JAC 28","ydstogo":2,"ydsnet":39,"posteam":"TEN","desc":"(:25) (Shotgun) K.Collins pass incomplete short middle to N.Washington. PENALTY on JAC-W.Middleton, Defensive Pass Interference, 6 yards, enforced at JAC 28 - No Play.","note":"PENALTY","players":{"0":[{"sequence":1,"clubcode":"TEN","playerName":"","statId":5,"yards":0}],"00-0026912":[{"sequence":2,"clubcode":"JAC","playerName":"W.Middleton","statId":93,"yards":6}]}},"2542":{"sp":0,"qtr":3,"down":1,"time":"00:21","yrdln":"JAC 22","ydstogo":10,"ydsnet":43,"posteam":"TEN","desc":"(:21) K.Collins pass short left to J.Ringer to JAC 18 for 4 yards (D.Cox).","note":null,"players":{"00-0027047":[{"sequence":6,"clubcode":"JAC","playerName":"D.Cox","statId":79,"yards":0}],"00-0003292":[{"sequence":1,"clubcode":"TEN","playerName":"K.Collins","statId":15,"yards":4},{"sequence":2,"clubcode":"TEN","playerName":"K.Collins","statId":111,"yards":2}],"00-0027120":[{"sequence":3,"clubcode":"TEN","playerName":"J.Ringer","statId":21,"yards":4},{"sequence":4,"clubcode":"TEN","playerName":"J.Ringer","statId":115,"yards":0},{"sequence":5,"clubcode":"TEN","playerName":"J.Ringer","statId":113,"yards":2}]}},"2566":{"sp":0,"qtr":3,"down":0,"time":"","yrdln":"","ydstogo":0,"ydsnet":43,"posteam":"","desc":"END QUARTER 3","note":null,"players":{}},"2582":{"sp":0,"qtr":4,"down":2,"time":"15:00","yrdln":"JAC 18","ydstogo":6,"ydsnet":43,"posteam":"TEN","desc":"(15:00) K.Collins pass incomplete deep left to R.Moss (D.Cox).","note":null,"players":{"00-0027047":[{"sequence":3,"clubcode":"JAC","playerName":"D.Cox","statId":85,"yards":0}],"00-0003292":[{"sequence":1,"clubcode":"TEN","playerName":"K.Collins","statId":14,"yards":0},{"sequence":4,"clubcode":"TEN","playerName":"K.Collins","statId":112,"yards":16}],"00-0011754":[{"sequence":2,"clubcode":"TEN","playerName":"R.Moss","statId":115,"yards":0}]}},"2604":{"sp":0,"qtr":4,"down":3,"time":"14:55","yrdln":"JAC 18","ydstogo":6,"ydsnet":43,"posteam":"TEN","desc":"(14:55) (Shotgun) K.Collins pass incomplete short middle to J.Gage [T.Alualu].","note":null,"players":{"00-0021982":[{"sequence":3,"clubcode":"TEN","playerName":"J.Gage","statId":115,"yards":0}],"00-0027862":[{"sequence":4,"clubcode":"JAC","playerName":"T.Alualu","statId":110,"yards":0}],"0":[{"sequence":1,"clubcode":"TEN","playerName":"","statId":7,"yards":0}],"00-0003292":[{"sequence":2,"clubcode":"TEN","playerName":"K.Collins","statId":14,"yards":0},{"sequence":5,"clubcode":"TEN","playerName":"K.Collins","statId":112,"yards":5}]}},"2626":{"sp":0,"qtr":4,"down":4,"time":"14:50","yrdln":"JAC 18","ydstogo":6,"ydsnet":50,"posteam":"TEN","desc":"(14:50) (Shotgun) K.Collins pass short middle to J.Cook to JAC 11 for 7 yards (D.Carey).","note":null,"players":{"00-0027061":[{"sequence":5,"clubcode":"TEN","playerName":"J.Cook","statId":21,"yards":7},{"sequence":6,"clubcode":"TEN","playerName":"J.Cook","statId":115,"yards":0},{"sequence":7,"clubcode":"TEN","playerName":"J.Cook","statId":113,"yards":0}],"00-0027124":[{"sequence":8,"clubcode":"JAC","playerName":"D.Carey","statId":79,"yards":0}],"0":[{"sequence":1,"clubcode":"TEN","playerName":"","statId":4,"yards":0},{"sequence":2,"clubcode":"TEN","playerName":"","statId":8,"yards":0}],"00-0003292":[{"sequence":3,"clubcode":"TEN","playerName":"K.Collins","statId":15,"yards":7},{"sequence":4,"clubcode":"TEN","playerName":"K.Collins","statId":111,"yards":7}]}},"2650":{"sp":0,"qtr":4,"down":1,"time":"14:07","yrdln":"JAC 11","ydstogo":10,"ydsnet":40,"posteam":"TEN","desc":"(14:07) C.Johnson right tackle to JAC 8 for 3 yards. PENALTY on TEN-J.Scott, Offensive Holding, 10 yards, enforced at JAC 11 - No Play.","note":"PENALTY","players":{"00-0022755":[{"sequence":1,"clubcode":"TEN","playerName":"J.Scott","statId":93,"yards":10}]}},"2682":{"sp":0,"qtr":4,"down":1,"time":"13:39","yrdln":"JAC 21","ydstogo":20,"ydsnet":43,"posteam":"TEN","desc":"(13:39) C.Johnson right end to JAC 18 for 3 yards (R.Mathis, Da.Smith).","note":null,"players":{"00-0026164":[{"sequence":1,"clubcode":"TEN","playerName":"C.Johnson","statId":10,"yards":3}],"00-0022080":[{"sequence":2,"clubcode":"JAC","playerName":"R.Mathis","statId":80,"yards":0}],"00-0022839":[{"sequence":3,"clubcode":"JAC","playerName":"Da.Smith","statId":82,"yards":0}]}},"2703":{"sp":0,"qtr":4,"down":2,"time":"13:01","yrdln":"JAC 18","ydstogo":17,"ydsnet":49,"posteam":"TEN","desc":"(13:01) (Shotgun) K.Collins pass short middle to C.Johnson to JAC 12 for 6 yards (J.Durant).","note":null,"players":{"00-0026164":[{"sequence":3,"clubcode":"TEN","playerName":"C.Johnson","statId":21,"yards":6},{"sequence":4,"clubcode":"TEN","playerName":"C.Johnson","statId":115,"yards":0},{"sequence":5,"clubcode":"TEN","playerName":"C.Johnson","statId":113,"yards":6}],"00-0003292":[{"sequence":1,"clubcode":"TEN","playerName":"K.Collins","statId":15,"yards":6},{"sequence":2,"clubcode":"TEN","playerName":"K.Collins","statId":111,"yards":0}],"00-0025435":[{"sequence":6,"clubcode":"JAC","playerName":"J.Durant","statId":79,"yards":0}]}},"2727":{"sp":0,"qtr":4,"down":3,"time":"12:15","yrdln":"JAC 12","ydstogo":11,"ydsnet":49,"posteam":"TEN","desc":"(12:15) (Shotgun) K.Collins pass incomplete short middle to J.Cook.","note":null,"players":{"00-0027061":[{"sequence":3,"clubcode":"TEN","playerName":"J.Cook","statId":115,"yards":0}],"0":[{"sequence":1,"clubcode":"TEN","playerName":"","statId":7,"yards":0}],"00-0003292":[{"sequence":2,"clubcode":"TEN","playerName":"K.Collins","statId":14,"yards":0},{"sequence":4,"clubcode":"TEN","playerName":"K.Collins","statId":112,"yards":0}]}},"2749":{"sp":1,"qtr":4,"down":4,"time":"12:09","yrdln":"JAC 12","ydstogo":11,"ydsnet":49,"posteam":"TEN","desc":"(12:09) (Field Goal formation) R.Bironas 30 yard field goal is GOOD, Center-K.Amato, Holder-B.Kern.","note":"FG","players":{"00-0020962":[{"sequence":1,"clubcode":"TEN","playerName":"R.Bironas","statId":70,"yards":30}]}}},"fds":4,"result":"Field Goal","penyds":-4,"ydsgained":53,"numplays":16,"postime":"6:09","start":{"qtr":3,"time":"03:14","yrdln":"TEN 39","team":"TEN"},"end":{"qtr":3,"time":"12:05","yrdln":"JAC 12","team":"TEN"}},"13":{"posteam":"JAC","qtr":4,"redzone":true,"plays":{"2769":{"sp":0,"qtr":4,"down":0,"time":"12:05","yrdln":"TEN 30","ydstogo":0,"ydsnet":0,"posteam":"TEN","desc":"R.Bironas kicks 60 yards from TEN 30 to JAC 10. D.Karim to JAC 35 for 25 yards (M.Mariani).","note":"KICKOFF","players":{"00-0027779":[{"sequence":2,"clubcode":"JAC","playerName":"D.Karim","statId":45,"yards":25}],"00-0020962":[{"sequence":1,"clubcode":"TEN","playerName":"R.Bironas","statId":41,"yards":60}],"00-0027816":[{"sequence":3,"clubcode":"TEN","playerName":"M.Mariani","statId":79,"yards":0}]}},"2791":{"sp":0,"qtr":4,"down":1,"time":"11:59","yrdln":"JAC 35","ydstogo":10,"ydsnet":12,"posteam":"JAC","desc":"(11:59) M.Jones-Drew right guard to JAC 47 for 12 yards (W.Witherspoon).","note":null,"players":{"00-0024275":[{"sequence":2,"clubcode":"JAC","playerName":"M.Jones-Drew","statId":10,"yards":12}],"00-0021085":[{"sequence":3,"clubcode":"TEN","playerName":"W.Witherspoon","statId":79,"yards":0}],"0":[{"sequence":1,"clubcode":"JAC","playerName":"","statId":3,"yards":0}]}},"2812":{"sp":0,"qtr":4,"down":1,"time":"11:18","yrdln":"JAC 47","ydstogo":10,"ydsnet":18,"posteam":"JAC","desc":"(11:18) M.Jones-Drew left guard to TEN 47 for 6 yards (S.Tulloch).","note":null,"players":{"00-0024275":[{"sequence":1,"clubcode":"JAC","playerName":"M.Jones-Drew","statId":10,"yards":6}],"00-0024331":[{"sequence":2,"clubcode":"TEN","playerName":"S.Tulloch","statId":79,"yards":0}]}},"2833":{"sp":0,"qtr":4,"down":2,"time":"10:38","yrdln":"TEN 47","ydstogo":4,"ydsnet":28,"posteam":"JAC","desc":"(10:38) M.Jones-Drew up the middle to TEN 37 for 10 yards (M.Douglas, C.Hope).","note":null,"players":{"00-0024275":[{"sequence":2,"clubcode":"JAC","playerName":"M.Jones-Drew","statId":10,"yards":10}],"00-0021219":[{"sequence":4,"clubcode":"TEN","playerName":"C.Hope","statId":82,"yards":0}],"00-0004472":[{"sequence":3,"clubcode":"TEN","playerName":"M.Douglas","statId":80,"yards":0}],"0":[{"sequence":1,"clubcode":"JAC","playerName":"","statId":3,"yards":0}]}},"2854":{"sp":0,"qtr":4,"down":1,"time":"09:57","yrdln":"TEN 37","ydstogo":10,"ydsnet":29,"posteam":"JAC","desc":"(9:57) M.Jones-Drew left tackle to TEN 36 for 1 yard (M.Douglas).","note":null,"players":{"00-0024275":[{"sequence":1,"clubcode":"JAC","playerName":"M.Jones-Drew","statId":10,"yards":1}],"00-0004472":[{"sequence":2,"clubcode":"TEN","playerName":"M.Douglas","statId":79,"yards":0}]}},"2875":{"sp":0,"qtr":4,"down":2,"time":"09:16","yrdln":"TEN 36","ydstogo":9,"ydsnet":33,"posteam":"JAC","desc":"(9:16) R.Jennings right end to TEN 32 for 4 yards (W.Hayes).","note":null,"players":{"00-0027155":[{"sequence":1,"clubcode":"JAC","playerName":"R.Jennings","statId":10,"yards":4}],"00-0026243":[{"sequence":2,"clubcode":"TEN","playerName":"W.Hayes","statId":79,"yards":0}]}},"2896":{"sp":0,"qtr":4,"down":3,"time":"08:35","yrdln":"TEN 32","ydstogo":5,"ydsnet":35,"posteam":"JAC","desc":"(8:35) (Shotgun) R.Jennings up the middle to TEN 30 for 2 yards (S.Tulloch, W.Hayes).","note":null,"players":{"00-0027155":[{"sequence":2,"clubcode":"JAC","playerName":"R.Jennings","statId":10,"yards":2}],"00-0026243":[{"sequence":4,"clubcode":"TEN","playerName":"W.Hayes","statId":82,"yards":0}],"00-0024331":[{"sequence":3,"clubcode":"TEN","playerName":"S.Tulloch","statId":80,"yards":0}],"0":[{"sequence":1,"clubcode":"JAC","playerName":"","statId":7,"yards":0}]}},"2917":{"sp":0,"qtr":4,"down":4,"time":"07:53","yrdln":"TEN 30","ydstogo":3,"ydsnet":35,"posteam":"JAC","desc":"(7:53) (Field Goal formation) J.Scobee 48 yard field goal is No Good, Hit Right Upright, Center-J.Cain, Holder-A.Podlesh.","note":"FGM","players":{"00-0022874":[{"sequence":1,"clubcode":"JAC","playerName":"J.Scobee","statId":69,"yards":48}]}}},"fds":2,"result":"Missed FG","penyds":0,"ydsgained":35,"numplays":8,"postime":"4:18","start":{"qtr":4,"time":"12:05","yrdln":"JAC 35","team":"JAC"},"end":{"qtr":4,"time":"07:47","yrdln":"TEN 30","team":"JAC"}},"14":{"posteam":"TEN","qtr":4,"redzone":true,"plays":{"2938":{"sp":0,"qtr":4,"down":1,"time":"07:47","yrdln":"TEN 38","ydstogo":10,"ydsnet":7,"posteam":"TEN","desc":"(7:47) (Shotgun) K.Collins pass short middle to B.Scaife to TEN 45 for 7 yards (Da.Smith).","note":null,"players":{"00-0022839":[{"sequence":6,"clubcode":"JAC","playerName":"Da.Smith","statId":79,"yards":0}],"00-0023612":[{"sequence":3,"clubcode":"TEN","playerName":"B.Scaife","statId":21,"yards":7},{"sequence":4,"clubcode":"TEN","playerName":"B.Scaife","statId":115,"yards":0},{"sequence":5,"clubcode":"TEN","playerName":"B.Scaife","statId":113,"yards":0}],"00-0003292":[{"sequence":1,"clubcode":"TEN","playerName":"K.Collins","statId":15,"yards":7},{"sequence":2,"clubcode":"TEN","playerName":"K.Collins","statId":111,"yards":7}]}},"2962":{"sp":0,"qtr":4,"down":2,"time":"07:24","yrdln":"TEN 45","ydstogo":3,"ydsnet":7,"posteam":"TEN","desc":"(7:24) (No Huddle, Shotgun) K.Collins pass incomplete short middle to B.Scaife.","note":null,"players":{"00-0023612":[{"sequence":2,"clubcode":"TEN","playerName":"B.Scaife","statId":115,"yards":0}],"00-0003292":[{"sequence":1,"clubcode":"TEN","playerName":"K.Collins","statId":14,"yards":0},{"sequence":3,"clubcode":"TEN","playerName":"K.Collins","statId":112,"yards":7}]}},"2984":{"sp":0,"qtr":4,"down":3,"time":"07:18","yrdln":"TEN 45","ydstogo":3,"ydsnet":7,"posteam":"TEN","desc":"(7:18) (Shotgun) K.Collins sacked at TEN 40 for -5 yards (Da.Smith). FUMBLES (Da.Smith), and recovers at TEN 40. K.Collins to TEN 40 for no gain (Da.Smith). Jacksonville challenged the incomplete pass ruling, and the play was REVERSED. (Shotgun) K.Collins pass incomplete.","note":null,"players":{"0":[{"sequence":1,"clubcode":"TEN","playerName":"","statId":7,"yards":0}],"00-0003292":[{"sequence":2,"clubcode":"TEN","playerName":"K.Collins","statId":14,"yards":0},{"sequence":3,"clubcode":"TEN","playerName":"K.Collins","statId":112,"yards":-5}]}},"3028":{"sp":0,"qtr":4,"down":4,"time":"07:14","yrdln":"TEN 45","ydstogo":3,"ydsnet":7,"posteam":"TEN","desc":"(7:14) (Shotgun) K.Collins pass incomplete short right to N.Washington.","note":null,"players":{"0":[{"sequence":1,"clubcode":"TEN","playerName":"","statId":9,"yards":0}],"00-0003292":[{"sequence":2,"clubcode":"TEN","playerName":"K.Collins","statId":14,"yards":0},{"sequence":4,"clubcode":"TEN","playerName":"K.Collins","statId":112,"yards":12}],"00-0023367":[{"sequence":3,"clubcode":"TEN","playerName":"N.Washington","statId":115,"yards":0}]}}},"fds":0,"result":"Downs","penyds":0,"ydsgained":7,"numplays":4,"postime":"0:38","start":{"qtr":4,"time":"07:47","yrdln":"TEN 38","team":"TEN"},"end":{"qtr":4,"time":"07:09","yrdln":"TEN 45","team":"TEN"}},"15":{"posteam":"JAC","qtr":4,"redzone":true,"plays":{"3094":{"sp":0,"qtr":4,"down":1,"time":"07:09","yrdln":"TEN 45","ydstogo":10,"ydsnet":7,"posteam":"JAC","desc":"(7:09) M.Jones-Drew up the middle to TEN 38 for 7 yards (G.McRath).","note":null,"players":{"00-0024275":[{"sequence":1,"clubcode":"JAC","playerName":"M.Jones-Drew","statId":10,"yards":7}],"00-0027095":[{"sequence":2,"clubcode":"TEN","playerName":"G.McRath","statId":79,"yards":0}]}},"3115":{"sp":0,"qtr":4,"down":2,"time":"06:25","yrdln":"TEN 38","ydstogo":3,"ydsnet":17,"posteam":"JAC","desc":"(6:25) M.Jones-Drew up the middle to TEN 31 for 7 yards (C.Finnegan).","note":null,"players":{"00-0024275":[{"sequence":2,"clubcode":"JAC","playerName":"M.Jones-Drew","statId":10,"yards":7}],"00-0024429":[{"sequence":3,"clubcode":"TEN","playerName":"C.Finnegan","statId":79,"yards":0}],"0":[{"sequence":1,"clubcode":"JAC","playerName":"","statId":3,"yards":0}]}},"3136":{"sp":0,"qtr":4,"down":1,"time":"05:47","yrdln":"TEN 31","ydstogo":10,"ydsnet":17,"posteam":"JAC","desc":"(5:47) M.Jones-Drew up the middle to TEN 28 for 3 yards (W.Witherspoon).","note":null,"players":{"00-0024275":[{"sequence":1,"clubcode":"JAC","playerName":"M.Jones-Drew","statId":10,"yards":3}],"00-0021085":[{"sequence":2,"clubcode":"TEN","playerName":"W.Witherspoon","statId":79,"yards":0}]}},"3158":{"sp":0,"qtr":4,"down":2,"time":"05:06","yrdln":"TEN 28","ydstogo":7,"ydsnet":23,"posteam":"JAC","desc":"(5:06) M.Jones-Drew left guard to TEN 22 for 6 yards (M.Griffin).","note":null,"players":{"00-0024275":[{"sequence":1,"clubcode":"JAC","playerName":"M.Jones-Drew","statId":10,"yards":6}],"00-0025406":[{"sequence":2,"clubcode":"TEN","playerName":"M.Griffin","statId":79,"yards":0}]}},"3179":{"sp":0,"qtr":4,"down":3,"time":"04:24","yrdln":"TEN 22","ydstogo":1,"ydsnet":22,"posteam":"JAC","desc":"(4:24) M.Jones-Drew left guard to TEN 23 for -1 yards (J.Jones, W.Hayes).","note":null,"players":{"00-0026243":[{"sequence":5,"clubcode":"TEN","playerName":"W.Hayes","statId":82,"yards":0}],"00-0024275":[{"sequence":2,"clubcode":"JAC","playerName":"M.Jones-Drew","statId":10,"yards":-1}],"00-0026194":[{"sequence":4,"clubcode":"TEN","playerName":"J.Jones","statId":80,"yards":0},{"sequence":6,"clubcode":"TEN","playerName":"J.Jones","statId":120,"yards":0}],"0":[{"sequence":1,"clubcode":"JAC","playerName":"","statId":7,"yards":0},{"sequence":3,"clubcode":"JAC","playerName":"","statId":95,"yards":-1}]}},"3200":{"sp":0,"qtr":4,"down":0,"time":"04:10","yrdln":"","ydstogo":0,"ydsnet":22,"posteam":"","desc":"Timeout #1 by TEN at 04:10.","note":"TIMEOUT","players":{"0":[{"sequence":1,"clubcode":"TEN","playerName":"","statId":68,"yards":0}]}},"3217":{"sp":0,"qtr":4,"down":4,"time":"04:10","yrdln":"TEN 23","ydstogo":2,"ydsnet":21,"posteam":"JAC","desc":"(4:10) R.Jennings right end to TEN 24 for -1 yards (W.Hayes, T.Brown).","note":null,"players":{"00-0027155":[{"sequence":2,"clubcode":"JAC","playerName":"R.Jennings","statId":10,"yards":-1}],"00-0021490":[{"sequence":5,"clubcode":"TEN","playerName":"T.Brown","statId":82,"yards":0}],"00-0026243":[{"sequence":4,"clubcode":"TEN","playerName":"W.Hayes","statId":80,"yards":0},{"sequence":6,"clubcode":"TEN","playerName":"W.Hayes","statId":120,"yards":0}],"0":[{"sequence":1,"clubcode":"JAC","playerName":"","statId":9,"yards":0},{"sequence":3,"clubcode":"JAC","playerName":"","statId":95,"yards":-1}]}}},"fds":1,"result":"Downs","penyds":0,"ydsgained":21,"numplays":7,"postime":"3:05","start":{"qtr":4,"time":"07:09","yrdln":"TEN 45","team":"JAC"},"end":{"qtr":4,"time":"04:04","yrdln":"TEN 23","team":"JAC"}},"16":{"posteam":"TEN","qtr":4,"redzone":true,"plays":{"3238":{"sp":0,"qtr":4,"down":1,"time":"04:04","yrdln":"TEN 24","ydstogo":10,"ydsnet":6,"posteam":"TEN","desc":"(4:04) K.Collins pass short right to J.Cook to TEN 30 for 6 yards (J.Durant).","note":null,"players":{"00-0027061":[{"sequence":3,"clubcode":"TEN","playerName":"J.Cook","statId":21,"yards":6},{"sequence":4,"clubcode":"TEN","playerName":"J.Cook","statId":115,"yards":0},{"sequence":5,"clubcode":"TEN","playerName":"J.Cook","statId":113,"yards":1}],"00-0003292":[{"sequence":1,"clubcode":"TEN","playerName":"K.Collins","statId":15,"yards":6},{"sequence":2,"clubcode":"TEN","playerName":"K.Collins","statId":111,"yards":5}],"00-0025435":[{"sequence":6,"clubcode":"JAC","playerName":"J.Durant","statId":79,"yards":0}]}},"3262":{"sp":0,"qtr":4,"down":2,"time":"03:44","yrdln":"TEN 30","ydstogo":4,"ydsnet":12,"posteam":"TEN","desc":"(3:44) (No Huddle, Shotgun) K.Collins pass short right to N.Washington to TEN 36 for 6 yards (R.Mathis).","note":null,"players":{"00-0022080":[{"sequence":7,"clubcode":"JAC","playerName":"R.Mathis","statId":79,"yards":0}],"0":[{"sequence":1,"clubcode":"TEN","playerName":"","statId":4,"yards":0}],"00-0003292":[{"sequence":2,"clubcode":"TEN","playerName":"K.Collins","statId":15,"yards":6},{"sequence":3,"clubcode":"TEN","playerName":"K.Collins","statId":111,"yards":6}],"00-0023367":[{"sequence":4,"clubcode":"TEN","playerName":"N.Washington","statId":21,"yards":6},{"sequence":5,"clubcode":"TEN","playerName":"N.Washington","statId":115,"yards":0},{"sequence":6,"clubcode":"TEN","playerName":"N.Washington","statId":113,"yards":0}]}},"3286":{"sp":0,"qtr":4,"down":1,"time":"03:26","yrdln":"TEN 36","ydstogo":10,"ydsnet":30,"posteam":"TEN","desc":"(3:26) (No Huddle, Shotgun) K.Collins pass short middle to J.Cook to JAC 46 for 18 yards (S.Considine).","note":null,"players":{"00-0027061":[{"sequence":4,"clubcode":"TEN","playerName":"J.Cook","statId":21,"yards":18},{"sequence":5,"clubcode":"TEN","playerName":"J.Cook","statId":115,"yards":0},{"sequence":6,"clubcode":"TEN","playerName":"J.Cook","statId":113,"yards":9}],"00-0023537":[{"sequence":7,"clubcode":"JAC","playerName":"S.Considine","statId":79,"yards":0}],"0":[{"sequence":1,"clubcode":"TEN","playerName":"","statId":4,"yards":0}],"00-0003292":[{"sequence":2,"clubcode":"TEN","playerName":"K.Collins","statId":15,"yards":18},{"sequence":3,"clubcode":"TEN","playerName":"K.Collins","statId":111,"yards":9}]}},"3310":{"sp":0,"qtr":4,"down":1,"time":"03:06","yrdln":"JAC 46","ydstogo":10,"ydsnet":24,"posteam":"TEN","desc":"(3:06) (No Huddle, Shotgun) K.Collins sacked at TEN 48 for -6 yards (J.Mincey).","note":null,"players":{"00-0024405":[{"sequence":2,"clubcode":"JAC","playerName":"J.Mincey","statId":83,"yards":-6},{"sequence":3,"clubcode":"JAC","playerName":"J.Mincey","statId":110,"yards":0},{"sequence":4,"clubcode":"JAC","playerName":"J.Mincey","statId":79,"yards":0},{"sequence":5,"clubcode":"JAC","playerName":"J.Mincey","statId":120,"yards":0}],"00-0003292":[{"sequence":1,"clubcode":"TEN","playerName":"K.Collins","statId":20,"yards":-6}]}},"3328":{"sp":0,"qtr":4,"down":0,"time":"03:02","yrdln":"","ydstogo":0,"ydsnet":24,"posteam":"","desc":"Timeout #2 by TEN at 03:02.","note":"TIMEOUT","players":{"0":[{"sequence":1,"clubcode":"TEN","playerName":"","statId":68,"yards":0}]}},"3346":{"sp":0,"qtr":4,"down":2,"time":"03:02","yrdln":"TEN 48","ydstogo":16,"ydsnet":24,"posteam":"TEN","desc":"(3:02) (Shotgun) K.Collins pass incomplete deep left to J.Gage.","note":null,"players":{"00-0021982":[{"sequence":2,"clubcode":"TEN","playerName":"J.Gage","statId":115,"yards":0}],"00-0003292":[{"sequence":1,"clubcode":"TEN","playerName":"K.Collins","statId":14,"yards":0},{"sequence":3,"clubcode":"TEN","playerName":"K.Collins","statId":112,"yards":22}]}},"3368":{"sp":0,"qtr":4,"down":3,"time":"02:55","yrdln":"TEN 48","ydstogo":16,"ydsnet":24,"posteam":"TEN","desc":"(2:55) (Shotgun) K.Collins pass deep middle intended for J.Cook INTERCEPTED by W.Middleton (Da.Smith) at JAC 32. W.Middleton to JAC 34 for 2 yards (J.Cook).","note":"INT","players":{"00-0027061":[{"sequence":3,"clubcode":"TEN","playerName":"J.Cook","statId":115,"yards":0},{"sequence":8,"clubcode":"TEN","playerName":"J.Cook","statId":79,"yards":0}],"00-0022839":[{"sequence":4,"clubcode":"JAC","playerName":"Da.Smith","statId":85,"yards":0}],"0":[{"sequence":1,"clubcode":"TEN","playerName":"","statId":7,"yards":0}],"00-0003292":[{"sequence":2,"clubcode":"TEN","playerName":"K.Collins","statId":19,"yards":0},{"sequence":5,"clubcode":"TEN","playerName":"K.Collins","statId":112,"yards":20}],"00-0026912":[{"sequence":6,"clubcode":"JAC","playerName":"W.Middleton","statId":25,"yards":2},{"sequence":7,"clubcode":"JAC","playerName":"W.Middleton","statId":85,"yards":0}]}}},"fds":2,"result":"Interception","penyds":0,"ydsgained":24,"numplays":7,"postime":"1:17","start":{"qtr":4,"time":"04:04","yrdln":"TEN 24","team":"TEN"},"end":{"qtr":4,"time":"02:47","yrdln":"TEN 48","team":"TEN"}},"17":{"posteam":"JAC","qtr":4,"redzone":true,"plays":{"3405":{"sp":0,"qtr":4,"down":1,"time":"02:47","yrdln":"JAC 34","ydstogo":10,"ydsnet":1,"posteam":"JAC","desc":"(2:47) M.Jones-Drew left guard to JAC 35 for 1 yard (S.Tulloch, W.Witherspoon).","note":null,"players":{"00-0024275":[{"sequence":1,"clubcode":"JAC","playerName":"M.Jones-Drew","statId":10,"yards":1}],"00-0021085":[{"sequence":3,"clubcode":"TEN","playerName":"W.Witherspoon","statId":82,"yards":0}],"00-0024331":[{"sequence":2,"clubcode":"TEN","playerName":"S.Tulloch","statId":80,"yards":0}]}},"3426":{"sp":0,"qtr":4,"down":0,"time":"02:42","yrdln":"","ydstogo":0,"ydsnet":1,"posteam":"","desc":"Timeout #3 by TEN at 02:42.","note":"TIMEOUT","players":{"0":[{"sequence":1,"clubcode":"TEN","playerName":"","statId":68,"yards":0}]}},"3443":{"sp":0,"qtr":4,"down":2,"time":"02:42","yrdln":"JAC 35","ydstogo":9,"ydsnet":38,"posteam":"JAC","desc":"(2:42) M.Jones-Drew left tackle to TEN 28 for 37 yards (W.Witherspoon).","note":null,"players":{"00-0024275":[{"sequence":2,"clubcode":"JAC","playerName":"M.Jones-Drew","statId":10,"yards":37}],"00-0021085":[{"sequence":3,"clubcode":"TEN","playerName":"W.Witherspoon","statId":79,"yards":0}],"0":[{"sequence":1,"clubcode":"JAC","playerName":"","statId":3,"yards":0}]}},"3465":{"sp":0,"qtr":4,"down":0,"time":"02:00","yrdln":"","ydstogo":0,"ydsnet":38,"posteam":"","desc":"Two-Minute Warning","note":null,"players":{}},"3482":{"sp":0,"qtr":4,"down":1,"time":"02:00","yrdln":"TEN 28","ydstogo":10,"ydsnet":37,"posteam":"JAC","desc":"(2:00) D.Garrard kneels to TEN 29 for -1 yards.","note":null,"players":{"00-0021231":[{"sequence":1,"clubcode":"JAC","playerName":"D.Garrard","statId":10,"yards":-1}]}},"3503":{"sp":0,"qtr":4,"down":2,"time":"01:19","yrdln":"TEN 29","ydstogo":11,"ydsnet":36,"posteam":"JAC","desc":"(1:19) D.Garrard kneels to TEN 30 for -1 yards.","note":null,"players":{"00-0021231":[{"sequence":1,"clubcode":"JAC","playerName":"D.Garrard","statId":10,"yards":-1}]}},"3524":{"sp":0,"qtr":4,"down":3,"time":"00:38","yrdln":"TEN 30","ydstogo":12,"ydsnet":35,"posteam":"JAC","desc":"(:38) D.Garrard kneels to TEN 31 for -1 yards.","note":null,"players":{"00-0021231":[{"sequence":2,"clubcode":"JAC","playerName":"D.Garrard","statId":10,"yards":-1}],"0":[{"sequence":1,"clubcode":"JAC","playerName":"","statId":7,"yards":0}]}},"3545":{"sp":0,"qtr":4,"down":0,"time":"00:00","yrdln":"","ydstogo":0,"ydsnet":35,"posteam":"","desc":"END GAME","note":null,"players":{}}},"fds":1,"result":"End of Game","penyds":0,"ydsgained":35,"numplays":8,"postime":"2:47","start":{"qtr":4,"time":"02:47","yrdln":"JAC 34","team":"JAC"},"end":{"qtr":4,"time":"00:00","yrdln":"","team":"JAC"}},"crntdrv":17},"scrsummary":{"500":{"type":"TD","desc":"R.Jennings 11 yd. run (J.Scobee kick is good) Drive: 12 plays, 77 yards in 6:35","qtr":1,"team":"JAC","players":{"":"0","R.Jennings":"00-0027155","J.Scobee":"00-0022874"}},"1218":{"type":"TD","desc":"D.Garrard 4 yd. run (J.Scobee kick is good) Drive: 13 plays, 57 yards in 7:33","qtr":2,"team":"JAC","players":{"":"0","D.Garrard":"00-0021231","J.Scobee":"00-0022874"}},"1715":{"type":"FG","desc":"J.Scobee 26 yd. Field Goal Drive: 9 plays, 49 yards in 2:41","qtr":2,"team":"JAC","players":{"J.Scobee":"00-0022874"}},"2222":{"type":"FG","desc":"R.Bironas 37 yd. Field Goal Drive: 10 plays, 62 yards in 3:31","qtr":3,"team":"TEN","players":{"R.Bironas":"00-0020962"}},"2749":{"type":"FG","desc":"R.Bironas 30 yd. Field Goal Drive: 13 plays, 49 yards in 6:09","qtr":4,"team":"TEN","players":{"R.Bironas":"00-0020962"}}},"weather":null,"media":null,"yl":"","qtr":"Final","note":null,"down":0,"togo":0,"redzone":true,"clock":"00:38","posteam":"JAC","stadium":null},"nextupdate":275}