{"2010100311":{"home":{"score":{"1":7,"2":21,"3":10,"4":3,"5":0,"T":41},"abbr":"SD","to":2,"stats":{"passing":{"00-0022942":{"name":"P.Rivers","att":20,"cmp":15,"yds":241,"tds":2,"ints":0,"twopta":0,"twoptm":0},"00-0019041":{"name":"B.Volek","att":1,"cmp":1,"yds":8,"tds":0,"ints":0,"twopta":0,"twoptm":0}},"rushing":{"00-0026069":{"name":"M.Tolbert","att":16,"yds":100,"tds":1,"lng":23,"lngtd":5,"twopta":0,"twoptm":0},"00-0027864":{"name":"R.Mathews","att":9,"yds":55,"tds":1,"lng":20,"lngtd":15,"twopta":0,"twoptm":0},"00-0023564":{"name":"D.Sproles","att":6,"yds":17,"tds":0,"lng":8,"lngtd":0,"twopta":0,"twoptm":0},"00-0026209":{"name":"J.Hester","att":5,"yds":10,"tds":0,"lng":5,"lngtd":0,"twopta":0,"twoptm":0},"00-0019041":{"name":"B.Volek","att":2,"yds":-2,"tds":0,"lng":-1,"lngtd":0,"twopta":0,"twoptm":0}},"receiving":{"00-0021547":{"name":"A.Gates","rec":7,"yds":144,"tds":2,"lng":33,"lngtd":33,"twopta":0,"twoptm":0},"00-0026209":{"name":"J.Hester","rec":3,"yds":40,"tds":0,"lng":21,"lngtd":0,"twopta":0,"twoptm":0},"00-0022414":{"name":"M.Floyd","rec":2,"yds":45,"tds":0,"lng":31,"lngtd":0,"twopta":0,"twoptm":0},"00-0026069":{"name":"M.Tolbert","rec":2,"yds":3,"tds":0,"lng":8,"lngtd":0,"twopta":0,"twoptm":0},"00-0027864":{"name":"R.Mathews","rec":1,"yds":13,"tds":0,"lng":13,"lngtd":0,"twopta":0,"twoptm":0},"00-0025559":{"name":"L.Naanee","rec":1,"yds":4,"tds":0,"lng":4,"lngtd":0,"twopta":0,"twoptm":0}},"fumbles":{"00-0023564":{"name":"D.Sproles","tot":1,"rcv":0,"trcv":0,"yds":0,"lost":1},"00-0023463":{"name":"L.Castillo","tot":0,"rcv":0,"trcv":1,"yds":0,"lost":0}},"kicking":{"00-0022737":{"name":"N.Kaeding","fgm":2,"fga":3,"fgyds":48,"totpfg":6,"xpmade":5,"xpmissed":0,"xpa":5,"xpb":0,"xptot":5}},"punting":{"00-0022017":{"name":"M.Scifres","pts":1,"yds":67,"avg":48,"i20":0,"lng":67}},"kickret":{"00-0023564":{"name":"D.Sproles","ret":2,"avg":25,"tds":0,"lng":30,"lngtd":0}},"puntret":{"00-0023564":{"name":"D.Sproles","ret":3,"avg":6,"tds":0,"lng":13,"lngtd":0}},"defense":{"00-0023477":{"name":"K.Burnett","tkl":7,"ast":1,"sk":2,"int":0,"ffum":1},"00-0023998":{"name":"S.Gregory","tkl":6,"ast":0,"sk":0,"int":1,"ffum":0},"00-0022723":{"name":"S.Phillips","tkl":5,"ast":1,"sk":4,"int":1,"ffum":0},"00-0021544":{"name":"S.Cooper","tkl":4,"ast":1,"sk":0,"int":0,"ffum":0},"00-0024734":{"name":"A.Applewhite","tkl":3,"ast":1,"sk":0,"int":0,"ffum":0},"00-0026167":{"name":"A.Cason","tkl":3,"ast":0,"sk":0,"int":0,"ffum":0},"00-0023450":{"name":"T.Johnson","tkl":2,"ast":0,"sk":1,"int":0,"ffum":0},"00-0021381":{"name":"Q.Jammer","tkl":2,"ast":0,"sk":0,"int":0,"ffum":0},"00-0022169":{"name":"A.Garay","tkl":1,"ast":1,"sk":1,"int":0,"ffum":0},"00-0022158":{"name":"D.Strickland","tkl":1,"ast":1,"sk":0,"int":0,"ffum":0},"00-0021542":{"name":"J.Cesaire","tkl":1,"ast":1,"sk":0,"int":0,"ffum":0},"00-0024755":{"name":"J.Tucker","tkl":1,"ast":0,"sk":1,"int":0,"ffum":0},"00-0025627":{"name":"B.Siler","tkl":1,"ast":0,"sk":0,"int":0,"ffum":0},"00-0025424":{"name":"E.Weddle","tkl":1,"ast":0,"sk":0,"int":0,"ffum":0},"00-0025788":{"name":"P.Oliver","tkl":0,"ast":1,"sk":0,"int":0,"ffum":0}},"team":{"totfd":23,"totyds":419,"pyds":239,"ryds":180,"pen":5,"penyds":44,"trnovr":1,"pt":1,"ptyds":67,"ptavg":48,"top":"34:58"}},"players":null},"away":{"score":{"1":0,"2":7,"3":0,"4":3,"5":0,"T":10},"abbr":"ARI","to":2,"stats":{"passing":{"00-0027347":{"name":"M.Hall","att":14,"cmp":8,"yds":82,"tds":0,"ints":0,"twopta":0,"twoptm":0},"00-0023645":{"name":"D.Anderson","att":14,"cmp":7,"yds":64,"tds":0,"ints":2,"twopta":0,"twoptm":0}},"rushing":{"00-0026289":{"name":"T.Hightower","att":7,"yds":24,"tds":0,"lng":7,"lngtd":0,"twopta":0,"twoptm":0},"00-0027007":{"name":"C.Wells","att":5,"yds":19,"tds":0,"lng":7,"lngtd":0,"twopta":0,"twoptm":0},"00-0026956":{"name":"L.Stephens-Howling","att":2,"yds":4,"tds":0,"lng":4,"lngtd":0,"twopta":0,"twoptm":0}},"receiving":{"00-0022921":{"name":"L.Fitzgerald","rec":7,"yds":56,"tds":0,"lng":13,"lngtd":0,"twopta":0,"twoptm":0},"00-0027349":{"name":"S.Williams","rec":3,"yds":32,"tds":0,"lng":17,"lngtd":0,"twopta":0,"twoptm":0},"00-0025602":{"name":"B.Patrick","rec":2,"yds":12,"tds":0,"lng":7,"lngtd":0,"twopta":0,"twoptm":0},"00-0027825":{"name":"J.Dray","rec":1,"yds":24,"tds":0,"lng":24,"lngtd":0,"twopta":0,"twoptm":0},"00-0027352":{"name":"M.Komar","rec":1,"yds":16,"tds":0,"lng":16,"lngtd":0,"twopta":0,"twoptm":0},"00-0027007":{"name":"C.Wells","rec":1,"yds":6,"tds":0,"lng":6,"lngtd":0,"twopta":0,"twoptm":0}},"fumbles":{"00-0027347":{"name":"M.Hall","tot":1,"rcv":0,"trcv":0,"yds":0,"lost":1},"00-0023557":{"name":"K.Rhodes","tot":0,"rcv":0,"trcv":1,"yds":42,"lost":0}},"kicking":{"00-0019770":{"name":"J.Feely","fgm":1,"fga":1,"fgyds":53,"totpfg":3,"xpmade":1,"xpmissed":0,"xpa":1,"xpb":0,"xptot":1}},"punting":{"00-0022954":{"name":"B.Graham","pts":5,"yds":214,"avg":39,"i20":1,"lng":57}},"kickret":{"00-0026956":{"name":"L.Stephens-Howling","ret":7,"avg":17,"tds":0,"lng":26,"lngtd":0}},"puntret":{"00-0027691":{"name":"A.Roberts","ret":1,"avg":19,"tds":0,"lng":19,"lngtd":0}},"defense":{"00-0019104":{"name":"P.Lenon","tkl":8,"ast":3,"sk":0,"int":0,"ffum":0},"00-0019538":{"name":"C.Haggans","tkl":6,"ast":2,"sk":0,"int":0,"ffum":0},"00-0023557":{"name":"K.Rhodes","tkl":6,"ast":1,"sk":0,"int":0,"ffum":0},"00-0026910":{"name":"G.Toler","tkl":5,"ast":2,"sk":1,"int":0,"ffum":1},"00-0020505":{"name":"A.Wilson","tkl":5,"ast":1,"sk":0,"int":0,"ffum":0},"00-0013126":{"name":"J.Porter","tkl":3,"ast":1,"sk":0,"int":0,"ffum":0},"00-0026190":{"name":"C.Campbell","tkl":3,"ast":1,"sk":0,"int":0,"ffum":0},"00-0027886":{"name":"D.Washington","tkl":2,"ast":2,"sk":0,"int":0,"ffum":0},"00-0025420":{"name":"A.Branch","tkl":3,"ast":0,"sk":0,"int":0,"ffum":0},"00-0026727":{"name":"R.Walker","tkl":2,"ast":0,"sk":0,"int":0,"ffum":0},"00-0013845":{"name":"B.Robinson","tkl":2,"ast":0,"sk":0,"int":0,"ffum":0},"00-0026156":{"name":"D.Rodgers-Cromarti","tkl":2,"ast":0,"sk":0,"int":0,"ffum":0},"00-0022786":{"name":"M.Ware","tkl":1,"ast":0,"sk":0,"int":0,"ffum":0},"00-0027067":{"name":"R.Johnson","tkl":1,"ast":0,"sk":0,"int":0,"ffum":0}},"team":{"totfd":10,"totyds":124,"pyds":77,"ryds":47,"pen":5,"penyds":34,"trnovr":3,"pt":5,"ptyds":214,"ptavg":39,"top":"25:02"}},"players":null},"drives":{"1":{"posteam":"ARI","qtr":1,"redzone":true,"plays":{"35":{"sp":0,"qtr":1,"down":0,"time":"15:00","yrdln":"SD 30","ydstogo":0,"ydsnet":0,"posteam":"SD","desc":"N.Kaeding kicks 61 yards from SD 30 to ARI 9. L.Stephens-Howling to ARI 25 for 16 yards ([36]).","note":"KICKOFF","players":{"00-0022737":[{"sequence":1,"clubcode":"SD","playerName":"N.Kaeding","statId":41,"yards":61}],"0":[{"sequence":2,"clubcode":"SD","playerName":null,"statId":79,"yards":0}],"00-0026956":[{"sequence":3,"clubcode":"ARI","playerName":"L.Stephens-Howling","statId":45,"yards":16}]}},"57":{"sp":0,"qtr":1,"down":1,"time":"14:52","yrdln":"ARI 25","ydstogo":10,"ydsnet":7,"posteam":"ARI","desc":"(14:52) D.Anderson pass short right to L.Fitzgerald pushed ob at ARI 32 for 7 yards (Q.Jammer).","note":null,"players":{"00-0022921":[{"sequence":1,"clubcode":"ARI","playerName":"L.Fitzgerald","statId":115,"yards":0},{"sequence":2,"clubcode":"ARI","playerName":"L.Fitzgerald","statId":21,"yards":7},{"sequence":6,"clubcode":"ARI","playerName":"L.Fitzgerald","statId":113,"yards":1}],"00-0023645":[{"sequence":4,"clubcode":"ARI","playerName":"D.Anderson","statId":111,"yards":6},{"sequence":5,"clubcode":"ARI","playerName":"D.Anderson","statId":15,"yards":7}],"00-0021381":[{"sequence":3,"clubcode":"SD","playerName":"Q.Jammer","statId":79,"yards":0}]}},"81":{"sp":0,"qtr":1,"down":2,"time":"14:22","yrdln":"ARI 32","ydstogo":3,"ydsnet":10,"posteam":"ARI","desc":"(14:22) (Shotgun) D.Anderson pass short middle to L.Fitzgerald to ARI 35 for 3 yards (S.Cooper).","note":null,"players":{"00-0021544":[{"sequence":3,"clubcode":"SD","playerName":"S.Cooper","statId":79,"yards":0}],"00-0022921":[{"sequence":1,"clubcode":"ARI","playerName":"L.Fitzgerald","statId":115,"yards":0},{"sequence":5,"clubcode":"ARI","playerName":"L.Fitzgerald","statId":21,"yards":3},{"sequence":6,"clubcode":"ARI","playerName":"L.Fitzgerald","statId":113,"yards":0}],"0":[{"sequence":7,"clubcode":"ARI","playerName":null,"statId":4,"yards":0}],"00-0023645":[{"sequence":2,"clubcode":"ARI","playerName":"D.Anderson","statId":15,"yards":3},{"sequence":4,"clubcode":"ARI","playerName":"D.Anderson","statId":111,"yards":3}]}},"105":{"sp":0,"qtr":1,"down":1,"time":"13:45","yrdln":"ARI 35","ydstogo":10,"ydsnet":15,"posteam":"ARI","desc":"(13:45) T.Hightower right tackle to ARI 40 for 5 yards (A.Applewhite).","note":null,"players":{"00-0024734":[{"sequence":1,"clubcode":"SD","playerName":"A.Applewhite","statId":79,"yards":0}],"00-0026289":[{"sequence":2,"clubcode":"ARI","playerName":"T.Hightower","statId":10,"yards":5}]}},"126":{"sp":0,"qtr":1,"down":2,"time":"13:02","yrdln":"ARI 40","ydstogo":5,"ydsnet":43,"posteam":"ARI","desc":"(13:02) (Shotgun) D.Anderson pass incomplete short left (K.Burnett).","note":null,"players":{"00-0023645":[{"sequence":1,"clubcode":"ARI","playerName":"D.Anderson","statId":112,"yards":0},{"sequence":3,"clubcode":"ARI","playerName":"D.Anderson","statId":14,"yards":0}],"00-0023477":[{"sequence":4,"clubcode":"SD","playerName":"K.Burnett","statId":85,"yards":0}],"00-0022288":[{"sequence":2,"clubcode":"ARI","playerName":"J.Wright","statId":115,"yards":0}]}},"148":{"sp":0,"qtr":1,"down":3,"time":"12:55","yrdln":"ARI 40","ydstogo":5,"ydsnet":31,"posteam":"ARI","desc":"(12:55) (Shotgun) D.Anderson pass short middle to M.Komar to SD 44 for 16 yards (S.Gregory).","note":null,"players":{"00-0023998":[{"sequence":8,"clubcode":"SD","playerName":"S.Gregory","statId":79,"yards":0}],"0":[{"sequence":1,"clubcode":"ARI","playerName":null,"statId":6,"yards":0},{"sequence":2,"clubcode":"ARI","playerName":null,"statId":4,"yards":0}],"00-0023645":[{"sequence":4,"clubcode":"ARI","playerName":"D.Anderson","statId":15,"yards":16},{"sequence":6,"clubcode":"ARI","playerName":"D.Anderson","statId":111,"yards":11}],"00-0027352":[{"sequence":3,"clubcode":"ARI","playerName":"M.Komar","statId":115,"yards":0},{"sequence":5,"clubcode":"ARI","playerName":"M.Komar","statId":113,"yards":5},{"sequence":7,"clubcode":"ARI","playerName":"M.Komar","statId":21,"yards":16}]}},"172":{"sp":0,"qtr":1,"down":0,"time":"12:20","yrdln":"","ydstogo":0,"ydsnet":31,"posteam":"","desc":"Timeout #1 by SD at 12:20.","note":"TIMEOUT","players":{"0":[{"sequence":1,"clubcode":"SD","playerName":null,"statId":68,"yards":0}]}},"189":{"sp":0,"qtr":1,"down":1,"time":"12:20","yrdln":"SD 44","ydstogo":10,"ydsnet":35,"posteam":"ARI","desc":"(12:20) T.Hightower right tackle to SD 40 for 4 yards (S.Cooper, A.Garay).","note":null,"players":{"00-0021544":[{"sequence":1,"clubcode":"SD","playerName":"S.Cooper","statId":80,"yards":0}],"00-0022169":[{"sequence":2,"clubcode":"SD","playerName":"A.Garay","statId":82,"yards":0}],"00-0026289":[{"sequence":3,"clubcode":"ARI","playerName":"T.Hightower","statId":10,"yards":4}]}},"210":{"sp":0,"qtr":1,"down":2,"time":"11:39","yrdln":"SD 40","ydstogo":6,"ydsnet":39,"posteam":"ARI","desc":"(11:39) (Shotgun) L.Stephens-Howling up the middle to SD 36 for 4 yards (K.Burnett, D.Strickland).","note":null,"players":{"00-0022158":[{"sequence":2,"clubcode":"SD","playerName":"D.Strickland","statId":82,"yards":0}],"00-0023477":[{"sequence":3,"clubcode":"SD","playerName":"K.Burnett","statId":80,"yards":0}],"00-0026956":[{"sequence":1,"clubcode":"ARI","playerName":"L.Stephens-Howling","statId":10,"yards":4}]}},"231":{"sp":0,"qtr":1,"down":3,"time":"11:39","yrdln":"SD 36","ydstogo":2,"ydsnet":46,"posteam":"ARI","desc":"(11:39) T.Hightower up the middle to SD 29 for 7 yards (E.Weddle).","note":null,"players":{"00-0025424":[{"sequence":2,"clubcode":"SD","playerName":"E.Weddle","statId":79,"yards":0}],"0":[{"sequence":1,"clubcode":"ARI","playerName":null,"statId":6,"yards":0},{"sequence":3,"clubcode":"ARI","playerName":null,"statId":3,"yards":0}],"00-0026289":[{"sequence":4,"clubcode":"ARI","playerName":"T.Hightower","statId":10,"yards":7}]}},"252":{"sp":0,"qtr":1,"down":1,"time":"11:39","yrdln":"SD 29","ydstogo":10,"ydsnet":53,"posteam":"ARI","desc":"(11:39) D.Anderson pass short right to L.Fitzgerald to SD 22 for 7 yards (D.Strickland).","note":null,"players":{"00-0022921":[{"sequence":1,"clubcode":"ARI","playerName":"L.Fitzgerald","statId":21,"yards":7},{"sequence":2,"clubcode":"ARI","playerName":"L.Fitzgerald","statId":113,"yards":0},{"sequence":4,"clubcode":"ARI","playerName":"L.Fitzgerald","statId":115,"yards":0}],"00-0023645":[{"sequence":3,"clubcode":"ARI","playerName":"D.Anderson","statId":111,"yards":7},{"sequence":6,"clubcode":"ARI","playerName":"D.Anderson","statId":15,"yards":7}],"00-0022158":[{"sequence":5,"clubcode":"SD","playerName":"D.Strickland","statId":79,"yards":0}]}},"276":{"sp":0,"qtr":1,"down":2,"time":"09:42","yrdln":"SD 22","ydstogo":3,"ydsnet":43,"posteam":"ARI","desc":"(9:42) T.Hightower right tackle for 22 yards, TOUCHDOWN NULLIFIED by Penalty. PENALTY on ARI-R.Maui'a, Offensive Holding, 10 yards, enforced at SD 22 - No Play.","note":"PENALTY","players":{"00-0025568":[{"sequence":1,"clubcode":"ARI","playerName":"R.Maui'a","statId":93,"yards":10}]}},"304":{"sp":0,"qtr":1,"down":2,"time":"09:36","yrdln":"SD 32","ydstogo":13,"ydsnet":43,"posteam":"ARI","desc":"(9:36) D.Anderson pass deep left intended for L.Fitzgerald INTERCEPTED by S.Gregory at SD 11. S.Gregory to SD 11 for no gain (L.Fitzgerald).","note":"INT","players":{"00-0022921":[{"sequence":3,"clubcode":"ARI","playerName":"L.Fitzgerald","statId":115,"yards":0},{"sequence":4,"clubcode":"ARI","playerName":"L.Fitzgerald","statId":79,"yards":0}],"00-0023998":[{"sequence":1,"clubcode":"SD","playerName":"S.Gregory","statId":25,"yards":0},{"sequence":2,"clubcode":"SD","playerName":"S.Gregory","statId":85,"yards":0}],"00-0023645":[{"sequence":5,"clubcode":"ARI","playerName":"D.Anderson","statId":112,"yards":21},{"sequence":6,"clubcode":"ARI","playerName":"D.Anderson","statId":19,"yards":0}]}}},"fds":3,"result":"Interception","penyds":-10,"ydsgained":53,"numplays":13,"postime":"5:30","start":{"qtr":1,"time":"15:00","yrdln":"ARI 25","team":"ARI"},"end":{"qtr":1,"time":"09:30","yrdln":"SD 32","team":"ARI"}},"2":{"posteam":"SD","qtr":1,"redzone":true,"plays":{"331":{"sp":0,"qtr":1,"down":1,"time":"09:30","yrdln":"SD 11","ydstogo":10,"ydsnet":2,"posteam":"SD","desc":"(9:30) M.Tolbert up the middle to SD 13 for 2 yards (A.Wilson).","note":null,"players":{"00-0026069":[{"sequence":1,"clubcode":"SD","playerName":"M.Tolbert","statId":10,"yards":2}],"00-0020505":[{"sequence":2,"clubcode":"ARI","playerName":"A.Wilson","statId":79,"yards":0}]}},"352":{"sp":0,"qtr":1,"down":2,"time":"08:51","yrdln":"SD 13","ydstogo":8,"ydsnet":15,"posteam":"SD","desc":"(8:51) M.Tolbert left tackle to SD 26 for 13 yards (J.Porter). Penalty on ARI-B.Robinson, Defensive Offside, declined.","note":null,"players":{"00-0026069":[{"sequence":3,"clubcode":"SD","playerName":"M.Tolbert","statId":10,"yards":13}],"0":[{"sequence":1,"clubcode":"SD","playerName":null,"statId":3,"yards":0}],"00-0013126":[{"sequence":2,"clubcode":"ARI","playerName":"J.Porter","statId":79,"yards":0}]}},"384":{"sp":0,"qtr":1,"down":1,"time":"08:26","yrdln":"SD 26","ydstogo":10,"ydsnet":28,"posteam":"SD","desc":"(8:26) P.Rivers pass short right to R.Mathews to SD 39 for 13 yards (P.Lenon).","note":null,"players":{"00-0019104":[{"sequence":6,"clubcode":"ARI","playerName":"P.Lenon","statId":79,"yards":0}],"00-0022942":[{"sequence":2,"clubcode":"SD","playerName":"P.Rivers","statId":15,"yards":13},{"sequence":7,"clubcode":"SD","playerName":"P.Rivers","statId":111,"yards":-6}],"0":[{"sequence":1,"clubcode":"SD","playerName":null,"statId":4,"yards":0}],"00-0027864":[{"sequence":3,"clubcode":"SD","playerName":"R.Mathews","statId":21,"yards":13},{"sequence":4,"clubcode":"SD","playerName":"R.Mathews","statId":113,"yards":19},{"sequence":5,"clubcode":"SD","playerName":"R.Mathews","statId":115,"yards":0}]}},"408":{"sp":0,"qtr":1,"down":1,"time":"07:40","yrdln":"SD 39","ydstogo":10,"ydsnet":36,"posteam":"SD","desc":"(7:40) P.Rivers pass short middle to M.Tolbert to SD 47 for 8 yards (C.Haggans, D.Washington).","note":null,"players":{"00-0022942":[{"sequence":1,"clubcode":"SD","playerName":"P.Rivers","statId":15,"yards":8},{"sequence":3,"clubcode":"SD","playerName":"P.Rivers","statId":111,"yards":2}],"00-0026069":[{"sequence":4,"clubcode":"SD","playerName":"M.Tolbert","statId":21,"yards":8},{"sequence":5,"clubcode":"SD","playerName":"M.Tolbert","statId":115,"yards":0},{"sequence":7,"clubcode":"SD","playerName":"M.Tolbert","statId":113,"yards":6}],"00-0027886":[{"sequence":6,"clubcode":"ARI","playerName":"D.Washington","statId":82,"yards":0}],"00-0019538":[{"sequence":2,"clubcode":"ARI","playerName":"C.Haggans","statId":80,"yards":0}]}},"432":{"sp":0,"qtr":1,"down":2,"time":"06:55","yrdln":"SD 47","ydstogo":2,"ydsnet":36,"posteam":"SD","desc":"(6:55) M.Tolbert left tackle to SD 47 for no gain (J.Porter).","note":null,"players":{"00-0026069":[{"sequence":1,"clubcode":"SD","playerName":"M.Tolbert","statId":10,"yards":0}],"00-0013126":[{"sequence":2,"clubcode":"ARI","playerName":"J.Porter","statId":79,"yards":0}]}},"453":{"sp":0,"qtr":1,"down":3,"time":"06:13","yrdln":"SD 47","ydstogo":2,"ydsnet":49,"posteam":"SD","desc":"(6:13) P.Rivers pass short right to A.Gates to ARI 40 for 13 yards (A.Wilson).","note":null,"players":{"00-0022942":[{"sequence":2,"clubcode":"SD","playerName":"P.Rivers","statId":111,"yards":3},{"sequence":3,"clubcode":"SD","playerName":"P.Rivers","statId":15,"yards":13}],"00-0021547":[{"sequence":6,"clubcode":"SD","playerName":"A.Gates","statId":115,"yards":0},{"sequence":7,"clubcode":"SD","playerName":"A.Gates","statId":21,"yards":13},{"sequence":8,"clubcode":"SD","playerName":"A.Gates","statId":113,"yards":10}],"0":[{"sequence":1,"clubcode":"SD","playerName":null,"statId":6,"yards":0},{"sequence":5,"clubcode":"SD","playerName":null,"statId":4,"yards":0}],"00-0020505":[{"sequence":4,"clubcode":"ARI","playerName":"A.Wilson","statId":79,"yards":0}]}},"477":{"sp":0,"qtr":1,"down":1,"time":"05:32","yrdln":"ARI 40","ydstogo":10,"ydsnet":56,"posteam":"SD","desc":"(5:32) R.Mathews left end to ARI 33 for 7 yards (C.Haggans).","note":null,"players":{"00-0019538":[{"sequence":1,"clubcode":"ARI","playerName":"C.Haggans","statId":79,"yards":0}],"00-0027864":[{"sequence":2,"clubcode":"SD","playerName":"R.Mathews","statId":10,"yards":7}]}},"498":{"sp":1,"qtr":1,"down":2,"time":"04:52","yrdln":"ARI 33","ydstogo":3,"ydsnet":89,"posteam":"SD","desc":"(4:52) P.Rivers pass deep right to A.Gates for 33 yards, TOUCHDOWN.","note":"TD","players":{"00-0022942":[{"sequence":1,"clubcode":"SD","playerName":"P.Rivers","statId":111,"yards":28},{"sequence":6,"clubcode":"SD","playerName":"P.Rivers","statId":16,"yards":33}],"0":[{"sequence":5,"clubcode":"SD","playerName":null,"statId":4,"yards":0}],"00-0021547":[{"sequence":2,"clubcode":"SD","playerName":"A.Gates","statId":22,"yards":33},{"sequence":3,"clubcode":"SD","playerName":"A.Gates","statId":113,"yards":5},{"sequence":4,"clubcode":"SD","playerName":"A.Gates","statId":115,"yards":0}]}},"519":{"sp":1,"qtr":1,"down":0,"time":"04:45","yrdln":"ARI 2","ydstogo":0,"ydsnet":89,"posteam":"SD","desc":"N.Kaeding extra point is GOOD, Center-[64], Holder-M.Scifres.","note":"XP","players":{"00-0022737":[{"sequence":1,"clubcode":"SD","playerName":"N.Kaeding","statId":72,"yards":0}]}}},"fds":4,"result":"Touchdown","penyds":0,"ydsgained":89,"numplays":9,"postime":"4:45","start":{"qtr":1,"time":"09:30","yrdln":"SD 11","team":"SD"},"end":{"qtr":1,"time":"04:45","yrdln":"ARI 33","team":"SD"}},"3":{"posteam":"ARI","qtr":1,"redzone":true,"plays":{"535":{"sp":0,"qtr":1,"down":0,"time":"04:45","yrdln":"SD 30","ydstogo":0,"ydsnet":0,"posteam":"SD","desc":"N.Kaeding kicks 52 yards from SD 30 to ARI 18. L.Stephens-Howling to ARI 32 for 14 yards (K.Wilson).","note":"KICKOFF","players":{"00-0022737":[{"sequence":2,"clubcode":"SD","playerName":"N.Kaeding","statId":41,"yards":52}],"00-0026956":[{"sequence":3,"clubcode":"ARI","playerName":"L.Stephens-Howling","statId":45,"yards":14}],"00-0022714":[{"sequence":1,"clubcode":"SD","playerName":"K.Wilson","statId":79,"yards":0}]}},"557":{"sp":0,"qtr":1,"down":1,"time":"04:39","yrdln":"ARI 32","ydstogo":10,"ydsnet":0,"posteam":"ARI","desc":"(4:39) D.Anderson pass incomplete short right to S.Williams (Q.Jammer).","note":null,"players":{"00-0027349":[{"sequence":1,"clubcode":"ARI","playerName":"S.Williams","statId":115,"yards":0}],"00-0023645":[{"sequence":2,"clubcode":"ARI","playerName":"D.Anderson","statId":112,"yards":3},{"sequence":4,"clubcode":"ARI","playerName":"D.Anderson","statId":14,"yards":0}],"00-0021381":[{"sequence":3,"clubcode":"SD","playerName":"Q.Jammer","statId":85,"yards":0}]}},"579":{"sp":0,"qtr":1,"down":2,"time":"04:33","yrdln":"ARI 32","ydstogo":10,"ydsnet":2,"posteam":"ARI","desc":"(4:33) T.Hightower left end to ARI 34 for 2 yards (J.Cesaire).","note":null,"players":{"00-0021542":[{"sequence":2,"clubcode":"SD","playerName":"J.Cesaire","statId":79,"yards":0}],"00-0026289":[{"sequence":1,"clubcode":"ARI","playerName":"T.Hightower","statId":10,"yards":2}]}},"600":{"sp":0,"qtr":1,"down":3,"time":"03:53","yrdln":"ARI 34","ydstogo":8,"ydsnet":15,"posteam":"ARI","desc":"(3:53) (Shotgun) D.Anderson pass short right to L.Fitzgerald pushed ob at ARI 47 for 13 yards (S.Gregory).","note":null,"players":{"00-0022921":[{"sequence":3,"clubcode":"ARI","playerName":"L.Fitzgerald","statId":113,"yards":0},{"sequence":4,"clubcode":"ARI","playerName":"L.Fitzgerald","statId":115,"yards":0},{"sequence":7,"clubcode":"ARI","playerName":"L.Fitzgerald","statId":21,"yards":13}],"00-0023998":[{"sequence":2,"clubcode":"SD","playerName":"S.Gregory","statId":79,"yards":0}],"0":[{"sequence":1,"clubcode":"ARI","playerName":null,"statId":6,"yards":0},{"sequence":6,"clubcode":"ARI","playerName":null,"statId":4,"yards":0}],"00-0023645":[{"sequence":5,"clubcode":"ARI","playerName":"D.Anderson","statId":15,"yards":13},{"sequence":8,"clubcode":"ARI","playerName":"D.Anderson","statId":111,"yards":13}]}},"624":{"sp":0,"qtr":1,"down":1,"time":"03:11","yrdln":"ARI 47","ydstogo":10,"ydsnet":28,"posteam":"ARI","desc":"(3:11) D.Anderson pass short right to L.Fitzgerald pushed ob at SD 40 for 13 yards (S.Cooper).","note":null,"players":{"00-0021544":[{"sequence":4,"clubcode":"SD","playerName":"S.Cooper","statId":79,"yards":0}],"00-0022921":[{"sequence":1,"clubcode":"ARI","playerName":"L.Fitzgerald","statId":21,"yards":13},{"sequence":5,"clubcode":"ARI","playerName":"L.Fitzgerald","statId":115,"yards":0},{"sequence":7,"clubcode":"ARI","playerName":"L.Fitzgerald","statId":113,"yards":7}],"0":[{"sequence":3,"clubcode":"ARI","playerName":null,"statId":4,"yards":0}],"00-0023645":[{"sequence":2,"clubcode":"ARI","playerName":"D.Anderson","statId":15,"yards":13},{"sequence":6,"clubcode":"ARI","playerName":"D.Anderson","statId":111,"yards":6}]}},"648":{"sp":0,"qtr":1,"down":1,"time":"02:39","yrdln":"SD 40","ydstogo":10,"ydsnet":28,"posteam":"ARI","desc":"(2:39) D.Anderson pass incomplete deep middle to S.Williams.","note":null,"players":{"00-0027349":[{"sequence":3,"clubcode":"ARI","playerName":"S.Williams","statId":115,"yards":0}],"00-0023645":[{"sequence":1,"clubcode":"ARI","playerName":"D.Anderson","statId":112,"yards":40},{"sequence":2,"clubcode":"ARI","playerName":"D.Anderson","statId":14,"yards":0}]}},"670":{"sp":0,"qtr":1,"down":2,"time":"02:33","yrdln":"SD 40","ydstogo":10,"ydsnet":33,"posteam":"ARI","desc":"(2:33) (Shotgun) D.Anderson pass short middle to B.Patrick to SD 35 for 5 yards (S.Cooper).","note":null,"players":{"00-0021544":[{"sequence":4,"clubcode":"SD","playerName":"S.Cooper","statId":79,"yards":0}],"00-0025602":[{"sequence":2,"clubcode":"ARI","playerName":"B.Patrick","statId":113,"yards":1},{"sequence":3,"clubcode":"ARI","playerName":"B.Patrick","statId":21,"yards":5},{"sequence":5,"clubcode":"ARI","playerName":"B.Patrick","statId":115,"yards":0}],"00-0023645":[{"sequence":1,"clubcode":"ARI","playerName":"D.Anderson","statId":15,"yards":5},{"sequence":6,"clubcode":"ARI","playerName":"D.Anderson","statId":111,"yards":4}]}},"694":{"sp":0,"qtr":1,"down":3,"time":"01:47","yrdln":"SD 35","ydstogo":5,"ydsnet":24,"posteam":"ARI","desc":"(1:47) (Shotgun) D.Anderson sacked at SD 44 for -9 yards (K.Burnett).","note":null,"players":{"0":[{"sequence":3,"clubcode":"ARI","playerName":null,"statId":7,"yards":0}],"00-0023645":[{"sequence":4,"clubcode":"ARI","playerName":"D.Anderson","statId":20,"yards":-9}],"00-0023477":[{"sequence":1,"clubcode":"SD","playerName":"K.Burnett","statId":83,"yards":-9},{"sequence":2,"clubcode":"SD","playerName":"K.Burnett","statId":110,"yards":0},{"sequence":5,"clubcode":"SD","playerName":"K.Burnett","statId":120,"yards":0},{"sequence":6,"clubcode":"SD","playerName":"K.Burnett","statId":79,"yards":0}]}},"713":{"sp":0,"qtr":1,"down":4,"time":"01:47","yrdln":"SD 44","ydstogo":14,"ydsnet":24,"posteam":"ARI","desc":"(1:47) B.Graham punts 30 yards to SD 14, Center-M.Leach, fair catch by D.Sproles.","note":"PUNT","players":{"00-0023564":[{"sequence":2,"clubcode":"SD","playerName":"D.Sproles","statId":39,"yards":0}],"00-0022954":[{"sequence":1,"clubcode":"ARI","playerName":"B.Graham","statId":29,"yards":30},{"sequence":3,"clubcode":"ARI","playerName":"B.Graham","statId":30,"yards":0}]}}},"fds":2,"result":"Punt","penyds":0,"ydsgained":24,"numplays":9,"postime":"3:36","start":{"qtr":1,"time":"04:45","yrdln":"ARI 32","team":"ARI"},"end":{"qtr":1,"time":"01:09","yrdln":"SD 44","team":"ARI"}},"4":{"posteam":"SD","qtr":2,"redzone":true,"plays":{"733":{"sp":0,"qtr":1,"down":1,"time":"01:09","yrdln":"SD 14","ydstogo":10,"ydsnet":3,"posteam":"SD","desc":"(1:09) M.Tolbert up the middle to SD 17 for 3 yards (C.Haggans).","note":null,"players":{"00-0026069":[{"sequence":2,"clubcode":"SD","playerName":"M.Tolbert","statId":10,"yards":3}],"00-0019538":[{"sequence":1,"clubcode":"ARI","playerName":"C.Haggans","statId":79,"yards":0}]}},"754":{"sp":0,"qtr":1,"down":2,"time":"00:32","yrdln":"SD 17","ydstogo":7,"ydsnet":16,"posteam":"SD","desc":"(:32) M.Tolbert left end pushed ob at SD 30 for 13 yards (D.Washington).","note":null,"players":{"00-0026069":[{"sequence":3,"clubcode":"SD","playerName":"M.Tolbert","statId":10,"yards":13}],"0":[{"sequence":2,"clubcode":"SD","playerName":null,"statId":3,"yards":0}],"00-0027886":[{"sequence":1,"clubcode":"ARI","playerName":"D.Washington","statId":79,"yards":0}]}},"798":{"sp":0,"qtr":2,"down":1,"time":"15:00","yrdln":"SD 30","ydstogo":10,"ydsnet":24,"posteam":"SD","desc":"(15:00) D.Sproles up the middle to SD 38 for 8 yards (J.Porter, P.Lenon).","note":null,"players":{"00-0019104":[{"sequence":2,"clubcode":"ARI","playerName":"P.Lenon","statId":82,"yards":0}],"00-0023564":[{"sequence":3,"clubcode":"SD","playerName":"D.Sproles","statId":10,"yards":8}],"00-0013126":[{"sequence":1,"clubcode":"ARI","playerName":"J.Porter","statId":80,"yards":0}]}},"819":{"sp":0,"qtr":2,"down":2,"time":"14:19","yrdln":"SD 38","ydstogo":2,"ydsnet":29,"posteam":"SD","desc":"(14:19) (Shotgun) M.Tolbert up the middle to SD 38 for no gain (A.Wilson). PENALTY on ARI-J.Porter, Defensive Offside, 5 yards, enforced at SD 38 - No Play.","note":"PENALTY","players":{"0":[{"sequence":1,"clubcode":"SD","playerName":null,"statId":5,"yards":0}],"00-0013126":[{"sequence":2,"clubcode":"ARI","playerName":"J.Porter","statId":93,"yards":5}]}},"851":{"sp":0,"qtr":2,"down":1,"time":"13:55","yrdln":"SD 43","ydstogo":10,"ydsnet":29,"posteam":"SD","desc":"(13:55) P.Rivers pass incomplete short right.","note":null,"players":{"00-0022942":[{"sequence":1,"clubcode":"SD","playerName":"P.Rivers","statId":112,"yards":2},{"sequence":2,"clubcode":"SD","playerName":"P.Rivers","statId":14,"yards":0}]}},"873":{"sp":1,"qtr":2,"down":2,"time":"13:48","yrdln":"SD 43","ydstogo":10,"ydsnet":28,"posteam":"SD","desc":"(13:48) (Shotgun) D.Sproles left end to SD 45 for 2 yards (G.Toler). FUMBLES (G.Toler), RECOVERED by ARI-K.Rhodes at SD 42. K.Rhodes for 42 yards, TOUCHDOWN.","note":"TD","players":{"00-0026910":[{"sequence":2,"clubcode":"ARI","playerName":"G.Toler","statId":79,"yards":0},{"sequence":6,"clubcode":"ARI","playerName":"G.Toler","statId":91,"yards":0}],"00-0023564":[{"sequence":3,"clubcode":"SD","playerName":"D.Sproles","statId":106,"yards":0},{"sequence":5,"clubcode":"SD","playerName":"D.Sproles","statId":10,"yards":-1},{"sequence":7,"clubcode":"SD","playerName":"D.Sproles","statId":52,"yards":0}],"0":[{"sequence":4,"clubcode":"SD","playerName":null,"statId":95,"yards":-1}],"00-0023557":[{"sequence":1,"clubcode":"ARI","playerName":"K.Rhodes","statId":60,"yards":42}]}}},"fds":2,"result":"Fumble","penyds":5,"ydsgained":23,"numplays":6,"postime":"2:35","start":{"qtr":1,"time":"01:09","yrdln":"SD 14","team":"SD"},"end":{"qtr":1,"time":"13:34","yrdln":"SD 43","team":"SD"}},"5":{"posteam":"SD","qtr":2,"redzone":true,"plays":{"922":{"sp":0,"qtr":2,"down":0,"time":"13:34","yrdln":"ARI 30","ydstogo":0,"ydsnet":0,"posteam":"ARI","desc":"J.Feely kicks 63 yards from ARI 30 to SD 7. D.Sproles pushed ob at SD 37 for 30 yards (J.Feely).","note":"KICKOFF","players":{"00-0019770":[{"sequence":2,"clubcode":"ARI","playerName":"J.Feely","statId":41,"yards":63},{"sequence":3,"clubcode":"ARI","playerName":"J.Feely","statId":79,"yards":0}],"00-0023564":[{"sequence":1,"clubcode":"SD","playerName":"D.Sproles","statId":45,"yards":30}]}},"944":{"sp":0,"qtr":2,"down":1,"time":"13:28","yrdln":"SD 37","ydstogo":10,"ydsnet":23,"posteam":"SD","desc":"(13:28) M.Tolbert left end pushed ob at ARI 40 for 23 yards (K.Rhodes).","note":null,"players":{"00-0026069":[{"sequence":3,"clubcode":"SD","playerName":"M.Tolbert","statId":10,"yards":23}],"0":[{"sequence":1,"clubcode":"SD","playerName":null,"statId":3,"yards":0}],"00-0023557":[{"sequence":2,"clubcode":"ARI","playerName":"K.Rhodes","statId":79,"yards":0}]}},"965":{"sp":0,"qtr":2,"down":1,"time":"12:55","yrdln":"ARI 40","ydstogo":10,"ydsnet":35,"posteam":"SD","desc":"(12:55) M.Tolbert up the middle to ARI 28 for 12 yards (P.Lenon, D.Washington).","note":null,"players":{"00-0019104":[{"sequence":1,"clubcode":"ARI","playerName":"P.Lenon","statId":80,"yards":0}],"00-0026069":[{"sequence":4,"clubcode":"SD","playerName":"M.Tolbert","statId":10,"yards":12}],"0":[{"sequence":3,"clubcode":"SD","playerName":null,"statId":3,"yards":0}],"00-0027886":[{"sequence":2,"clubcode":"ARI","playerName":"D.Washington","statId":82,"yards":0}]}},"986":{"sp":0,"qtr":2,"down":1,"time":"12:16","yrdln":"ARI 28","ydstogo":10,"ydsnet":30,"posteam":"SD","desc":"(12:16) PENALTY on SD-B.Dombrowski, False Start, 5 yards, enforced at ARI 28 - No Play.","note":"PENALTY","players":{"00-0026061":[{"sequence":1,"clubcode":"SD","playerName":"B.Dombrowski","statId":93,"yards":5}]}},"1009":{"sp":0,"qtr":2,"down":1,"time":"11:55","yrdln":"ARI 33","ydstogo":15,"ydsnet":52,"posteam":"SD","desc":"(11:55) P.Rivers pass short middle to A.Gates to ARI 11 for 22 yards (K.Rhodes).","note":null,"players":{"00-0022942":[{"sequence":2,"clubcode":"SD","playerName":"P.Rivers","statId":111,"yards":5},{"sequence":4,"clubcode":"SD","playerName":"P.Rivers","statId":15,"yards":22}],"00-0021547":[{"sequence":5,"clubcode":"SD","playerName":"A.Gates","statId":21,"yards":22},{"sequence":6,"clubcode":"SD","playerName":"A.Gates","statId":115,"yards":0},{"sequence":7,"clubcode":"SD","playerName":"A.Gates","statId":113,"yards":17}],"0":[{"sequence":1,"clubcode":"SD","playerName":null,"statId":4,"yards":0}],"00-0023557":[{"sequence":3,"clubcode":"ARI","playerName":"K.Rhodes","statId":79,"yards":0}]}},"1033":{"sp":0,"qtr":2,"down":1,"time":"11:11","yrdln":"ARI 11","ydstogo":10,"ydsnet":58,"posteam":"SD","desc":"(11:11) R.Mathews left end pushed ob at ARI 5 for 6 yards (K.Rhodes).","note":null,"players":{"00-0027864":[{"sequence":2,"clubcode":"SD","playerName":"R.Mathews","statId":10,"yards":6}],"00-0023557":[{"sequence":1,"clubcode":"ARI","playerName":"K.Rhodes","statId":79,"yards":0}]}},"1054":{"sp":1,"qtr":2,"down":2,"time":"10:36","yrdln":"ARI 5","ydstogo":4,"ydsnet":63,"posteam":"SD","desc":"(10:36) M.Tolbert left end for 5 yards, TOUCHDOWN.","note":"TD","players":{"00-0026069":[{"sequence":2,"clubcode":"SD","playerName":"M.Tolbert","statId":11,"yards":5}],"0":[{"sequence":1,"clubcode":"SD","playerName":null,"statId":3,"yards":0}]}},"1072":{"sp":1,"qtr":2,"down":0,"time":"10:31","yrdln":"ARI 2","ydstogo":0,"ydsnet":63,"posteam":"SD","desc":"N.Kaeding extra point is GOOD, Center-[64], Holder-M.Scifres.","note":"XP","players":{"00-0022737":[{"sequence":1,"clubcode":"SD","playerName":"N.Kaeding","statId":72,"yards":0}]}}},"fds":4,"result":"Touchdown","penyds":-5,"ydsgained":68,"numplays":8,"postime":"3:03","start":{"qtr":2,"time":"13:34","yrdln":"SD 37","team":"SD"},"end":{"qtr":2,"time":"10:31","yrdln":"ARI 5","team":"SD"}},"6":{"posteam":"ARI","qtr":2,"redzone":true,"plays":{"1088":{"sp":0,"qtr":2,"down":0,"time":"10:31","yrdln":"SD 30","ydstogo":0,"ydsnet":0,"posteam":"SD","desc":"N.Kaeding kicks 56 yards from SD 30 to ARI 14. L.Stephens-Howling to ARI 28 for 14 yards (Q.Teal).","note":"KICKOFF","players":{"00-0022737":[{"sequence":1,"clubcode":"SD","playerName":"N.Kaeding","statId":41,"yards":56}],"00-0024663":[{"sequence":2,"clubcode":"SD","playerName":"Q.Teal","statId":79,"yards":0}],"00-0026956":[{"sequence":3,"clubcode":"ARI","playerName":"L.Stephens-Howling","statId":45,"yards":14}]}},"1110":{"sp":0,"qtr":2,"down":1,"time":"10:27","yrdln":"ARI 28","ydstogo":10,"ydsnet":7,"posteam":"ARI","desc":"(10:27) C.Wells up the middle to ARI 35 for 7 yards (A.Applewhite, K.Burnett).","note":null,"players":{"00-0027007":[{"sequence":3,"clubcode":"ARI","playerName":"C.Wells","statId":10,"yards":7}],"00-0024734":[{"sequence":2,"clubcode":"SD","playerName":"A.Applewhite","statId":80,"yards":0}],"00-0023477":[{"sequence":1,"clubcode":"SD","playerName":"K.Burnett","statId":82,"yards":0}]}},"1131":{"sp":0,"qtr":2,"down":2,"time":"09:51","yrdln":"ARI 35","ydstogo":3,"ydsnet":14,"posteam":"ARI","desc":"(9:51) C.Wells up the middle to ARI 42 for 7 yards (S.Gregory).","note":null,"players":{"00-0023998":[{"sequence":2,"clubcode":"SD","playerName":"S.Gregory","statId":79,"yards":0}],"00-0027007":[{"sequence":3,"clubcode":"ARI","playerName":"C.Wells","statId":10,"yards":7}],"0":[{"sequence":1,"clubcode":"ARI","playerName":null,"statId":3,"yards":0}]}},"1152":{"sp":0,"qtr":2,"down":1,"time":"09:09","yrdln":"ARI 42","ydstogo":10,"ydsnet":12,"posteam":"ARI","desc":"(9:09) C.Wells left end to ARI 40 for -2 yards (K.Burnett).","note":null,"players":{"0":[{"sequence":2,"clubcode":"ARI","playerName":null,"statId":95,"yards":-2}],"00-0027007":[{"sequence":1,"clubcode":"ARI","playerName":"C.Wells","statId":10,"yards":-2}],"00-0023477":[{"sequence":3,"clubcode":"SD","playerName":"K.Burnett","statId":120,"yards":0},{"sequence":4,"clubcode":"SD","playerName":"K.Burnett","statId":79,"yards":0}]}},"1173":{"sp":0,"qtr":2,"down":2,"time":"08:22","yrdln":"ARI 40","ydstogo":12,"ydsnet":12,"posteam":"ARI","desc":"(8:22) D.Anderson pass incomplete short right to S.Williams.","note":null,"players":{"00-0027349":[{"sequence":3,"clubcode":"ARI","playerName":"S.Williams","statId":115,"yards":0}],"00-0023645":[{"sequence":1,"clubcode":"ARI","playerName":"D.Anderson","statId":14,"yards":0},{"sequence":2,"clubcode":"ARI","playerName":"D.Anderson","statId":112,"yards":5}]}},"1195":{"sp":0,"qtr":2,"down":3,"time":"08:17","yrdln":"ARI 40","ydstogo":12,"ydsnet":4,"posteam":"ARI","desc":"(8:17) (Shotgun) D.Anderson sacked at ARI 32 for -8 yards (S.Phillips).","note":null,"players":{"0":[{"sequence":6,"clubcode":"ARI","playerName":null,"statId":7,"yards":0}],"00-0022723":[{"sequence":1,"clubcode":"SD","playerName":"S.Phillips","statId":120,"yards":0},{"sequence":3,"clubcode":"SD","playerName":"S.Phillips","statId":83,"yards":-8},{"sequence":4,"clubcode":"SD","playerName":"S.Phillips","statId":110,"yards":0},{"sequence":5,"clubcode":"SD","playerName":"S.Phillips","statId":79,"yards":0}],"00-0023645":[{"sequence":2,"clubcode":"ARI","playerName":"D.Anderson","statId":20,"yards":-8}]}},"1214":{"sp":0,"qtr":2,"down":4,"time":"07:51","yrdln":"ARI 32","ydstogo":20,"ydsnet":4,"posteam":"ARI","desc":"(7:51) B.Graham punts 33 yards to SD 35, Center-M.Leach, out of bounds.","note":"PUNT","players":{"0":[{"sequence":2,"clubcode":"SD","playerName":null,"statId":37,"yards":0}],"00-0022954":[{"sequence":1,"clubcode":"ARI","playerName":"B.Graham","statId":29,"yards":33}]}}},"fds":1,"result":"Punt","penyds":0,"ydsgained":4,"numplays":7,"postime":"2:47","start":{"qtr":2,"time":"10:31","yrdln":"ARI 28","team":"ARI"},"end":{"qtr":2,"time":"07:44","yrdln":"ARI 32","team":"ARI"}},"7":{"posteam":"SD","qtr":2,"redzone":true,"plays":{"1232":{"sp":0,"qtr":2,"down":1,"time":"07:44","yrdln":"SD 35","ydstogo":10,"ydsnet":65,"posteam":"SD","desc":"(7:44) M.Tolbert left guard to SD 36 for 1 yard (B.Robinson).","note":null,"players":{"00-0026069":[{"sequence":1,"clubcode":"SD","playerName":"M.Tolbert","statId":10,"yards":1}],"00-0013845":[{"sequence":2,"clubcode":"ARI","playerName":"B.Robinson","statId":79,"yards":0}]}},"1265":{"sp":0,"qtr":2,"down":2,"time":"07:06","yrdln":"SD 36","ydstogo":9,"ydsnet":12,"posteam":"SD","desc":"(7:06) P.Rivers pass short right to J.Hester to SD 47 for 11 yards (D.Washington, C.Haggans).","note":null,"players":{"00-0022942":[{"sequence":3,"clubcode":"SD","playerName":"P.Rivers","statId":111,"yards":3},{"sequence":7,"clubcode":"SD","playerName":"P.Rivers","statId":15,"yards":11}],"0":[{"sequence":8,"clubcode":"SD","playerName":null,"statId":4,"yards":0}],"00-0027886":[{"sequence":5,"clubcode":"ARI","playerName":"D.Washington","statId":80,"yards":0}],"00-0019538":[{"sequence":2,"clubcode":"ARI","playerName":"C.Haggans","statId":82,"yards":0}],"00-0026209":[{"sequence":1,"clubcode":"SD","playerName":"J.Hester","statId":113,"yards":8},{"sequence":4,"clubcode":"SD","playerName":"J.Hester","statId":115,"yards":0},{"sequence":6,"clubcode":"SD","playerName":"J.Hester","statId":21,"yards":11}]}},"1289":{"sp":0,"qtr":2,"down":1,"time":"06:23","yrdln":"SD 47","ydstogo":10,"ydsnet":22,"posteam":"SD","desc":"(6:23) M.Tolbert up the middle to ARI 43 for 10 yards (K.Rhodes).","note":null,"players":{"00-0026069":[{"sequence":3,"clubcode":"SD","playerName":"M.Tolbert","statId":10,"yards":10}],"0":[{"sequence":2,"clubcode":"SD","playerName":null,"statId":3,"yards":0}],"00-0023557":[{"sequence":1,"clubcode":"ARI","playerName":"K.Rhodes","statId":79,"yards":0}]}},"1310":{"sp":0,"qtr":2,"down":1,"time":"05:42","yrdln":"ARI 43","ydstogo":10,"ydsnet":19,"posteam":"SD","desc":"(5:42) R.Mathews left end to ARI 36 for 7 yards (G.Toler, K.Rhodes). PENALTY on SD-L.Naanee, Offensive Holding, 10 yards, enforced at ARI 36.","note":"PENALTY","players":{"00-0026910":[{"sequence":3,"clubcode":"ARI","playerName":"G.Toler","statId":80,"yards":0}],"00-0025559":[{"sequence":1,"clubcode":"SD","playerName":"L.Naanee","statId":93,"yards":10}],"00-0027864":[{"sequence":2,"clubcode":"SD","playerName":"R.Mathews","statId":10,"yards":7}],"00-0023557":[{"sequence":4,"clubcode":"ARI","playerName":"K.Rhodes","statId":82,"yards":0}]}},"1342":{"sp":0,"qtr":2,"down":1,"time":"05:42","yrdln":"ARI 46","ydstogo":13,"ydsnet":19,"posteam":"SD","desc":"(5:42) P.Rivers pass incomplete short right to L.Naanee.","note":null,"players":{"00-0022942":[{"sequence":1,"clubcode":"SD","playerName":"P.Rivers","statId":112,"yards":0},{"sequence":3,"clubcode":"SD","playerName":"P.Rivers","statId":14,"yards":0}],"00-0025559":[{"sequence":2,"clubcode":"SD","playerName":"L.Naanee","statId":115,"yards":0}]}},"1364":{"sp":0,"qtr":2,"down":2,"time":"05:42","yrdln":"ARI 46","ydstogo":13,"ydsnet":31,"posteam":"SD","desc":"(5:42) P.Rivers pass short right to A.Gates to ARI 34 for 12 yards (R.Johnson).","note":null,"players":{"00-0022942":[{"sequence":5,"clubcode":"SD","playerName":"P.Rivers","statId":15,"yards":12},{"sequence":6,"clubcode":"SD","playerName":"P.Rivers","statId":111,"yards":12}],"00-0027067":[{"sequence":1,"clubcode":"ARI","playerName":"R.Johnson","statId":79,"yards":0}],"00-0021547":[{"sequence":2,"clubcode":"SD","playerName":"A.Gates","statId":113,"yards":0},{"sequence":3,"clubcode":"SD","playerName":"A.Gates","statId":115,"yards":0},{"sequence":4,"clubcode":"SD","playerName":"A.Gates","statId":21,"yards":12}]}},"1388":{"sp":0,"qtr":2,"down":3,"time":"04:48","yrdln":"ARI 34","ydstogo":1,"ydsnet":36,"posteam":"SD","desc":"(4:48) J.Hester right guard to ARI 29 for 5 yards (P.Lenon, C.Haggans).","note":null,"players":{"00-0019104":[{"sequence":5,"clubcode":"ARI","playerName":"P.Lenon","statId":80,"yards":0}],"0":[{"sequence":2,"clubcode":"SD","playerName":null,"statId":6,"yards":0},{"sequence":3,"clubcode":"SD","playerName":null,"statId":3,"yards":0}],"00-0019538":[{"sequence":1,"clubcode":"ARI","playerName":"C.Haggans","statId":82,"yards":0}],"00-0026209":[{"sequence":4,"clubcode":"SD","playerName":"J.Hester","statId":10,"yards":5}]}},"1409":{"sp":0,"qtr":2,"down":1,"time":"04:14","yrdln":"ARI 29","ydstogo":10,"ydsnet":39,"posteam":"SD","desc":"(4:14) M.Tolbert up the middle to ARI 26 for 3 yards (A.Wilson).","note":null,"players":{"00-0026069":[{"sequence":1,"clubcode":"SD","playerName":"M.Tolbert","statId":10,"yards":3}],"00-0020505":[{"sequence":2,"clubcode":"ARI","playerName":"A.Wilson","statId":79,"yards":0}]}},"1430":{"sp":1,"qtr":2,"down":2,"time":"03:35","yrdln":"ARI 26","ydstogo":7,"ydsnet":65,"posteam":"SD","desc":"(3:35) P.Rivers pass deep middle to A.Gates for 26 yards, TOUCHDOWN.","note":"TD","players":{"00-0022942":[{"sequence":3,"clubcode":"SD","playerName":"P.Rivers","statId":16,"yards":26},{"sequence":6,"clubcode":"SD","playerName":"P.Rivers","statId":111,"yards":22}],"0":[{"sequence":5,"clubcode":"SD","playerName":null,"statId":4,"yards":0}],"00-0021547":[{"sequence":1,"clubcode":"SD","playerName":"A.Gates","statId":113,"yards":4},{"sequence":2,"clubcode":"SD","playerName":"A.Gates","statId":22,"yards":26},{"sequence":4,"clubcode":"SD","playerName":"A.Gates","statId":115,"yards":0}]}},"1450":{"sp":1,"qtr":2,"down":0,"time":"03:30","yrdln":"ARI 2","ydstogo":0,"ydsnet":65,"posteam":"SD","desc":"N.Kaeding extra point is GOOD, Center-[64], Holder-M.Scifres.","note":"XP","players":{"00-0022737":[{"sequence":1,"clubcode":"SD","playerName":"N.Kaeding","statId":72,"yards":0}]}}},"fds":4,"result":"Touchdown","penyds":-10,"ydsgained":75,"numplays":10,"postime":"4:14","start":{"qtr":2,"time":"07:44","yrdln":"SD 35","team":"SD"},"end":{"qtr":2,"time":"03:30","yrdln":"ARI 26","team":"SD"}},"8":{"posteam":"ARI","qtr":2,"redzone":true,"plays":{"1466":{"sp":0,"qtr":2,"down":0,"time":"03:30","yrdln":"SD 30","ydstogo":0,"ydsnet":0,"posteam":"SD","desc":"N.Kaeding kicks 67 yards from SD 30 to ARI 3. L.Stephens-Howling to ARI 26 for 23 yards (B.Siler).","note":"KICKOFF","players":{"00-0022737":[{"sequence":2,"clubcode":"SD","playerName":"N.Kaeding","statId":41,"yards":67}],"00-0025627":[{"sequence":3,"clubcode":"SD","playerName":"B.Siler","statId":79,"yards":0}],"00-0026956":[{"sequence":1,"clubcode":"ARI","playerName":"L.Stephens-Howling","statId":45,"yards":23}]}},"1488":{"sp":0,"qtr":2,"down":1,"time":"03:22","yrdln":"ARI 26","ydstogo":10,"ydsnet":0,"posteam":"ARI","desc":"(3:22) D.Anderson pass incomplete left to L.Fitzgerald (A.Cason).","note":null,"players":{"00-0022921":[{"sequence":1,"clubcode":"ARI","playerName":"L.Fitzgerald","statId":115,"yards":0}],"00-0026167":[{"sequence":3,"clubcode":"SD","playerName":"A.Cason","statId":85,"yards":0}],"00-0023645":[{"sequence":2,"clubcode":"ARI","playerName":"D.Anderson","statId":14,"yards":0}]}},"1510":{"sp":0,"qtr":2,"down":2,"time":"03:17","yrdln":"ARI 26","ydstogo":10,"ydsnet":-3,"posteam":"ARI","desc":"(3:17) D.Anderson sacked at ARI 23 for -3 yards (S.Phillips).","note":null,"players":{"00-0022723":[{"sequence":1,"clubcode":"SD","playerName":"S.Phillips","statId":120,"yards":0},{"sequence":3,"clubcode":"SD","playerName":"S.Phillips","statId":79,"yards":0},{"sequence":4,"clubcode":"SD","playerName":"S.Phillips","statId":110,"yards":0},{"sequence":5,"clubcode":"SD","playerName":"S.Phillips","statId":83,"yards":-3}],"00-0023645":[{"sequence":2,"clubcode":"ARI","playerName":"D.Anderson","statId":20,"yards":-3}]}},"1529":{"sp":1,"qtr":2,"down":3,"time":"02:39","yrdln":"ARI 23","ydstogo":13,"ydsnet":-3,"posteam":"ARI","desc":"(2:39) (Shotgun) D.Anderson pass short left intended for M.Komar INTERCEPTED by S.Phillips at ARI 31. S.Phillips for 31 yards, TOUCHDOWN.","note":"TD","players":{"00-0022942":[{"sequence":1,"clubcode":"SD","playerName":"P.Rivers","statId":85,"yards":0},{"sequence":5,"clubcode":"SD","playerName":"P.Rivers","statId":26,"yards":31}],"0":[{"sequence":7,"clubcode":"ARI","playerName":null,"statId":7,"yards":0}],"00-0022723":[{"sequence":6,"clubcode":"SD","playerName":"S.Phillips","statId":85,"yards":0},{"sequence":8,"clubcode":"SD","playerName":"S.Phillips","statId":26,"yards":31}],"00-0027352":[{"sequence":4,"clubcode":"ARI","playerName":"M.Komar","statId":115,"yards":0}],"00-0023645":[{"sequence":2,"clubcode":"ARI","playerName":"D.Anderson","statId":112,"yards":8},{"sequence":3,"clubcode":"ARI","playerName":"D.Anderson","statId":19,"yards":0}]}}},"fds":0,"result":"Interception","penyds":0,"ydsgained":-3,"numplays":4,"postime":"1:00","start":{"qtr":2,"time":"03:30","yrdln":"ARI 26","team":"ARI"},"end":{"qtr":2,"time":"02:30","yrdln":"ARI 23","team":"ARI"}},"9":{"posteam":"ARI","qtr":2,"redzone":true,"plays":{"1567":{"sp":0,"qtr":2,"down":0,"time":"02:30","yrdln":"SD 30","ydstogo":0,"ydsnet":0,"posteam":"SD","desc":"N.Kaeding kicks 65 yards from SD 30 to ARI 5, out of bounds.","note":"KICKOFF","players":{"00-0022737":[{"sequence":2,"clubcode":"SD","playerName":"N.Kaeding","statId":41,"yards":30}],"0":[{"sequence":1,"clubcode":"ARI","playerName":null,"statId":49,"yards":0}]}},"1582":{"sp":0,"qtr":2,"down":1,"time":"02:30","yrdln":"ARI 40","ydstogo":10,"ydsnet":5,"posteam":"ARI","desc":"(2:30) (Shotgun) M.Hall pass to L.Fitzgerald to ARI 45 for 5 yards (S.Gregory, S.Cooper).","note":null,"players":{"00-0021544":[{"sequence":7,"clubcode":"SD","playerName":"S.Cooper","statId":82,"yards":0}],"00-0022921":[{"sequence":1,"clubcode":"ARI","playerName":"L.Fitzgerald","statId":115,"yards":0},{"sequence":2,"clubcode":"ARI","playerName":"L.Fitzgerald","statId":21,"yards":5},{"sequence":4,"clubcode":"ARI","playerName":"L.Fitzgerald","statId":113,"yards":0}],"00-0023998":[{"sequence":6,"clubcode":"SD","playerName":"S.Gregory","statId":80,"yards":0}],"00-0027347":[{"sequence":3,"clubcode":"ARI","playerName":"M.Hall","statId":111,"yards":5},{"sequence":5,"clubcode":"ARI","playerName":"M.Hall","statId":15,"yards":5}]}},"1623":{"sp":0,"qtr":2,"down":2,"time":"02:00","yrdln":"ARI 45","ydstogo":5,"ydsnet":15,"posteam":"ARI","desc":"(2:00) (Shotgun) M.Hall pass to S.Williams to SD 45 for 10 yards (A.Cason).","note":null,"players":{"00-0026167":[{"sequence":4,"clubcode":"SD","playerName":"A.Cason","statId":79,"yards":0}],"00-0027349":[{"sequence":2,"clubcode":"ARI","playerName":"S.Williams","statId":21,"yards":10},{"sequence":5,"clubcode":"ARI","playerName":"S.Williams","statId":113,"yards":0},{"sequence":6,"clubcode":"ARI","playerName":"S.Williams","statId":115,"yards":0}],"0":[{"sequence":7,"clubcode":"ARI","playerName":null,"statId":4,"yards":0}],"00-0027347":[{"sequence":1,"clubcode":"ARI","playerName":"M.Hall","statId":15,"yards":10},{"sequence":3,"clubcode":"ARI","playerName":"M.Hall","statId":111,"yards":10}]}},"1647":{"sp":0,"qtr":2,"down":1,"time":"01:35","yrdln":"SD 45","ydstogo":10,"ydsnet":6,"posteam":"ARI","desc":"(1:35) (Shotgun) M.Hall sacked at ARI 46 for -9 yards (A.Garay).","note":null,"players":{"00-0022169":[{"sequence":1,"clubcode":"SD","playerName":"A.Garay","statId":83,"yards":-9},{"sequence":2,"clubcode":"SD","playerName":"A.Garay","statId":79,"yards":0},{"sequence":3,"clubcode":"SD","playerName":"A.Garay","statId":110,"yards":0},{"sequence":4,"clubcode":"SD","playerName":"A.Garay","statId":120,"yards":0}],"00-0027347":[{"sequence":5,"clubcode":"ARI","playerName":"M.Hall","statId":20,"yards":-9}]}},"1666":{"sp":0,"qtr":2,"down":0,"time":"01:25","yrdln":"","ydstogo":0,"ydsnet":6,"posteam":"","desc":"Timeout #1 by ARI at 01:25.","note":"TIMEOUT","players":{"0":[{"sequence":1,"clubcode":"ARI","playerName":null,"statId":68,"yards":0}]}},"1683":{"sp":0,"qtr":2,"down":2,"time":"01:25","yrdln":"ARI 46","ydstogo":19,"ydsnet":6,"posteam":"ARI","desc":"(1:25) (Shotgun) M.Hall sacked at ARI 46 for 0 yards (T.Johnson).","note":null,"players":{"00-0023450":[{"sequence":1,"clubcode":"SD","playerName":"T.Johnson","statId":79,"yards":0},{"sequence":3,"clubcode":"SD","playerName":"T.Johnson","statId":110,"yards":0},{"sequence":4,"clubcode":"SD","playerName":"T.Johnson","statId":83,"yards":0}],"00-0027347":[{"sequence":2,"clubcode":"ARI","playerName":"M.Hall","statId":20,"yards":0}]}},"1706":{"sp":0,"qtr":2,"down":3,"time":"00:41","yrdln":"ARI 46","ydstogo":19,"ydsnet":23,"posteam":"ARI","desc":"(:41) (Shotgun) M.Hall pass deep right to S.Williams to SD 37 for 17 yards (S.Gregory).","note":null,"players":{"00-0023998":[{"sequence":6,"clubcode":"SD","playerName":"S.Gregory","statId":79,"yards":0}],"00-0027349":[{"sequence":1,"clubcode":"ARI","playerName":"S.Williams","statId":113,"yards":0},{"sequence":4,"clubcode":"ARI","playerName":"S.Williams","statId":21,"yards":17},{"sequence":7,"clubcode":"ARI","playerName":"S.Williams","statId":115,"yards":0}],"0":[{"sequence":5,"clubcode":"ARI","playerName":null,"statId":7,"yards":0}],"00-0027347":[{"sequence":2,"clubcode":"ARI","playerName":"M.Hall","statId":15,"yards":17},{"sequence":3,"clubcode":"ARI","playerName":"M.Hall","statId":111,"yards":17}]}},"1730":{"sp":0,"qtr":2,"down":0,"time":"00:29","yrdln":"","ydstogo":0,"ydsnet":23,"posteam":"","desc":"Timeout #2 by ARI at 00:29.","note":"TIMEOUT","players":{"0":[{"sequence":1,"clubcode":"ARI","playerName":null,"statId":68,"yards":0}]}},"1747":{"sp":0,"qtr":2,"down":0,"time":"00:29","yrdln":"","ydstogo":0,"ydsnet":23,"posteam":"","desc":"Timeout #2 by SD at 00:29.","note":"TIMEOUT","players":{"0":[{"sequence":1,"clubcode":"SD","playerName":null,"statId":68,"yards":0}]}},"1764":{"sp":0,"qtr":2,"down":4,"time":"00:29","yrdln":"SD 37","ydstogo":2,"ydsnet":23,"posteam":"ARI","desc":"(:29) (Shotgun) M.Hall pass incomplete short left to M.Komar.","note":null,"players":{"0":[{"sequence":1,"clubcode":"ARI","playerName":null,"statId":9,"yards":0}],"00-0027352":[{"sequence":2,"clubcode":"ARI","playerName":"M.Komar","statId":115,"yards":0}],"00-0027347":[{"sequence":3,"clubcode":"ARI","playerName":"M.Hall","statId":14,"yards":0},{"sequence":4,"clubcode":"ARI","playerName":"M.Hall","statId":112,"yards":7}]}}},"fds":1,"result":"Downs","penyds":0,"ydsgained":23,"numplays":10,"postime":"2:05","start":{"qtr":2,"time":"02:30","yrdln":"ARI 40","team":"ARI"},"end":{"qtr":2,"time":"00:25","yrdln":"SD 37","team":"ARI"}},"10":{"posteam":"SD","qtr":2,"redzone":true,"plays":{"1787":{"sp":0,"qtr":2,"down":1,"time":"00:25","yrdln":"SD 37","ydstogo":10,"ydsnet":3,"posteam":"SD","desc":"(:25) (Shotgun) D.Sproles left guard to SD 40 for 3 yards (C.Haggans, C.Campbell).","note":null,"players":{"00-0026190":[{"sequence":2,"clubcode":"ARI","playerName":"C.Campbell","statId":82,"yards":0}],"00-0023564":[{"sequence":1,"clubcode":"SD","playerName":"D.Sproles","statId":10,"yards":3}],"00-0019538":[{"sequence":3,"clubcode":"ARI","playerName":"C.Haggans","statId":80,"yards":0}]}}},"fds":0,"result":"End of Half","penyds":0,"ydsgained":3,"numplays":1,"postime":"0:25","start":{"qtr":2,"time":"00:25","yrdln":"SD 37","team":"SD"},"end":{"qtr":2,"time":"00:00","yrdln":"SD 37","team":"SD"}},"11":{"posteam":"SD","qtr":3,"redzone":true,"plays":{"1824":{"sp":0,"qtr":3,"down":0,"time":"15:00","yrdln":"ARI 30","ydstogo":0,"ydsnet":0,"posteam":"ARI","desc":"J.Feely kicks 75 yards from ARI 30 to SD -5. D.Sproles to SD 16 for 21 yards (R.Walker).","note":"KICKOFF","players":{"00-0019770":[{"sequence":2,"clubcode":"ARI","playerName":"J.Feely","statId":42,"yards":0},{"sequence":4,"clubcode":"ARI","playerName":"J.Feely","statId":43,"yards":75}],"00-0026727":[{"sequence":1,"clubcode":"ARI","playerName":"R.Walker","statId":79,"yards":0}],"00-0023564":[{"sequence":3,"clubcode":"SD","playerName":"D.Sproles","statId":45,"yards":21}]}},"1846":{"sp":0,"qtr":3,"down":1,"time":"14:56","yrdln":"SD 16","ydstogo":10,"ydsnet":3,"posteam":"SD","desc":"(14:56) M.Tolbert up the middle to SD 19 for 3 yards (B.Robinson).","note":null,"players":{"00-0026069":[{"sequence":1,"clubcode":"SD","playerName":"M.Tolbert","statId":10,"yards":3}],"00-0013845":[{"sequence":2,"clubcode":"ARI","playerName":"B.Robinson","statId":79,"yards":0}]}},"1867":{"sp":0,"qtr":3,"down":2,"time":"14:16","yrdln":"SD 19","ydstogo":7,"ydsnet":24,"posteam":"SD","desc":"(14:16) P.Rivers pass short right to J.Hester to SD 40 for 21 yards (A.Wilson).","note":null,"players":{"00-0022942":[{"sequence":2,"clubcode":"SD","playerName":"P.Rivers","statId":15,"yards":21},{"sequence":3,"clubcode":"SD","playerName":"P.Rivers","statId":111,"yards":-5}],"0":[{"sequence":1,"clubcode":"SD","playerName":null,"statId":4,"yards":0}],"00-0020505":[{"sequence":6,"clubcode":"ARI","playerName":"A.Wilson","statId":79,"yards":0}],"00-0026209":[{"sequence":4,"clubcode":"SD","playerName":"J.Hester","statId":21,"yards":21},{"sequence":5,"clubcode":"SD","playerName":"J.Hester","statId":113,"yards":26},{"sequence":7,"clubcode":"SD","playerName":"J.Hester","statId":115,"yards":0}]}},"1891":{"sp":0,"qtr":3,"down":1,"time":"13:32","yrdln":"SD 40","ydstogo":10,"ydsnet":27,"posteam":"SD","desc":"(13:32) M.Tolbert up the middle to SD 43 for 3 yards (C.Campbell, P.Lenon).","note":null,"players":{"00-0019104":[{"sequence":3,"clubcode":"ARI","playerName":"P.Lenon","statId":82,"yards":0}],"00-0026190":[{"sequence":1,"clubcode":"ARI","playerName":"C.Campbell","statId":80,"yards":0}],"00-0026069":[{"sequence":2,"clubcode":"SD","playerName":"M.Tolbert","statId":10,"yards":3}]}},"1912":{"sp":0,"qtr":3,"down":0,"time":"12:52","yrdln":"","ydstogo":0,"ydsnet":27,"posteam":"","desc":"Timeout #1 by SD at 12:52.","note":"TIMEOUT","players":{"0":[{"sequence":1,"clubcode":"SD","playerName":null,"statId":68,"yards":0}]}},"1929":{"sp":0,"qtr":3,"down":2,"time":"12:52","yrdln":"SD 43","ydstogo":7,"ydsnet":27,"posteam":"SD","desc":"(12:52) M.Tolbert left end to SD 43 for no gain (A.Wilson, P.Lenon).","note":null,"players":{"00-0019104":[{"sequence":3,"clubcode":"ARI","playerName":"P.Lenon","statId":82,"yards":0}],"00-0026069":[{"sequence":2,"clubcode":"SD","playerName":"M.Tolbert","statId":10,"yards":0}],"00-0020505":[{"sequence":1,"clubcode":"ARI","playerName":"A.Wilson","statId":80,"yards":0}]}},"1950":{"sp":0,"qtr":3,"down":3,"time":"12:15","yrdln":"SD 43","ydstogo":7,"ydsnet":58,"posteam":"SD","desc":"(12:15) (Shotgun) P.Rivers pass deep left to M.Floyd to ARI 26 for 31 yards (M.Ware).","note":null,"players":{"00-0022942":[{"sequence":4,"clubcode":"SD","playerName":"P.Rivers","statId":111,"yards":31},{"sequence":5,"clubcode":"SD","playerName":"P.Rivers","statId":15,"yards":31}],"00-0022414":[{"sequence":2,"clubcode":"SD","playerName":"M.Floyd","statId":113,"yards":0},{"sequence":6,"clubcode":"SD","playerName":"M.Floyd","statId":115,"yards":0},{"sequence":7,"clubcode":"SD","playerName":"M.Floyd","statId":21,"yards":31}],"00-0022786":[{"sequence":3,"clubcode":"ARI","playerName":"M.Ware","statId":79,"yards":0}],"0":[{"sequence":1,"clubcode":"SD","playerName":null,"statId":6,"yards":0},{"sequence":8,"clubcode":"SD","playerName":null,"statId":4,"yards":0}]}},"1974":{"sp":0,"qtr":3,"down":1,"time":"11:32","yrdln":"ARI 26","ydstogo":10,"ydsnet":58,"posteam":"SD","desc":"(11:32) D.Sproles right end to ARI 26 for no gain (G.Toler).","note":null,"players":{"00-0026910":[{"sequence":1,"clubcode":"ARI","playerName":"G.Toler","statId":79,"yards":0}],"00-0023564":[{"sequence":2,"clubcode":"SD","playerName":"D.Sproles","statId":10,"yards":0}]}},"1995":{"sp":0,"qtr":3,"down":2,"time":"10:49","yrdln":"ARI 26","ydstogo":10,"ydsnet":72,"posteam":"SD","desc":"(10:49) P.Rivers pass short middle to M.Floyd to ARI 12 for 14 yards (D.Rodgers-Cromartie).","note":null,"players":{"00-0022942":[{"sequence":3,"clubcode":"SD","playerName":"P.Rivers","statId":15,"yards":14},{"sequence":7,"clubcode":"SD","playerName":"P.Rivers","statId":111,"yards":13}],"00-0022414":[{"sequence":2,"clubcode":"SD","playerName":"M.Floyd","statId":113,"yards":1},{"sequence":4,"clubcode":"SD","playerName":"M.Floyd","statId":115,"yards":0},{"sequence":5,"clubcode":"SD","playerName":"M.Floyd","statId":21,"yards":14}],"00-0026156":[{"sequence":1,"clubcode":"ARI","playerName":"D.Rodgers-Cromartie","statId":79,"yards":0}],"0":[{"sequence":6,"clubcode":"SD","playerName":null,"statId":4,"yards":0}]}},"2019":{"sp":0,"qtr":3,"down":1,"time":"10:06","yrdln":"ARI 12","ydstogo":10,"ydsnet":76,"posteam":"SD","desc":"(10:06) PENALTY on ARI-A.Wilson, Defensive Offside, 4 yards, enforced at ARI 12 - No Play.","note":"PENALTY","players":{"00-0020505":[{"sequence":1,"clubcode":"ARI","playerName":"A.Wilson","statId":93,"yards":4}]}},"2046":{"sp":0,"qtr":3,"down":1,"time":"09:42","yrdln":"ARI 8","ydstogo":6,"ydsnet":78,"posteam":"SD","desc":"(9:42) M.Tolbert right end to ARI 6 for 2 yards (C.Haggans).","note":null,"players":{"00-0026069":[{"sequence":2,"clubcode":"SD","playerName":"M.Tolbert","statId":10,"yards":2}],"00-0019538":[{"sequence":1,"clubcode":"ARI","playerName":"C.Haggans","statId":79,"yards":0}]}},"2067":{"sp":0,"qtr":3,"down":2,"time":"08:56","yrdln":"ARI 6","ydstogo":4,"ydsnet":78,"posteam":"SD","desc":"(8:56) P.Rivers pass incomplete short left to M.Floyd (P.Lenon).","note":null,"players":{"00-0019104":[{"sequence":4,"clubcode":"ARI","playerName":"P.Lenon","statId":85,"yards":0}],"00-0022942":[{"sequence":1,"clubcode":"SD","playerName":"P.Rivers","statId":112,"yards":0},{"sequence":2,"clubcode":"SD","playerName":"P.Rivers","statId":14,"yards":0}],"00-0022414":[{"sequence":3,"clubcode":"SD","playerName":"M.Floyd","statId":115,"yards":0}]}},"2089":{"sp":0,"qtr":3,"down":3,"time":"08:52","yrdln":"ARI 6","ydstogo":4,"ydsnet":64,"posteam":"SD","desc":"(8:52) (Shotgun) P.Rivers pass incomplete short right. PENALTY on SD-P.Rivers, Intentional Grounding, 14 yards, enforced at ARI 6.","note":"PENALTY","players":{"00-0022942":[{"sequence":1,"clubcode":"SD","playerName":"P.Rivers","statId":93,"yards":14},{"sequence":3,"clubcode":"SD","playerName":"P.Rivers","statId":14,"yards":0},{"sequence":4,"clubcode":"SD","playerName":"P.Rivers","statId":112,"yards":-4}],"0":[{"sequence":2,"clubcode":"SD","playerName":null,"statId":7,"yards":0}]}},"2123":{"sp":0,"qtr":3,"down":4,"time":"08:43","yrdln":"ARI 20","ydstogo":18,"ydsnet":64,"posteam":"SD","desc":"(8:43) N.Kaeding 38 yard field goal is No Good, Wide Right, Center-E.Albright, Holder-M.Scifres.","note":"FGM","players":{"00-0022737":[{"sequence":1,"clubcode":"SD","playerName":"N.Kaeding","statId":69,"yards":38}]}}},"fds":3,"result":"Missed FG","penyds":-10,"ydsgained":74,"numplays":14,"postime":"6:19","start":{"qtr":3,"time":"15:00","yrdln":"SD 16","team":"SD"},"end":{"qtr":3,"time":"08:41","yrdln":"ARI 20","team":"SD"}},"12":{"posteam":"ARI","qtr":3,"redzone":true,"plays":{"2143":{"sp":0,"qtr":3,"down":1,"time":"08:41","yrdln":"ARI 28","ydstogo":10,"ydsnet":4,"posteam":"ARI","desc":"(8:41) C.Wells left guard to ARI 32 for 4 yards (S.Phillips, J.Cesaire).","note":null,"players":{"00-0021542":[{"sequence":3,"clubcode":"SD","playerName":"J.Cesaire","statId":82,"yards":0}],"00-0027007":[{"sequence":2,"clubcode":"ARI","playerName":"C.Wells","statId":10,"yards":4}],"00-0022723":[{"sequence":1,"clubcode":"SD","playerName":"S.Phillips","statId":80,"yards":0}]}},"2164":{"sp":0,"qtr":3,"down":2,"time":"08:03","yrdln":"ARI 32","ydstogo":6,"ydsnet":4,"posteam":"ARI","desc":"(8:03) M.Hall pass incomplete short right to L.Fitzgerald (Q.Jammer).","note":null,"players":{"00-0022921":[{"sequence":2,"clubcode":"ARI","playerName":"L.Fitzgerald","statId":115,"yards":0}],"00-0021381":[{"sequence":4,"clubcode":"SD","playerName":"Q.Jammer","statId":85,"yards":0}],"00-0027347":[{"sequence":1,"clubcode":"ARI","playerName":"M.Hall","statId":112,"yards":13},{"sequence":3,"clubcode":"ARI","playerName":"M.Hall","statId":14,"yards":0}]}},"2186":{"sp":0,"qtr":3,"down":3,"time":"07:59","yrdln":"ARI 32","ydstogo":6,"ydsnet":-2,"posteam":"ARI","desc":"(7:59) (Shotgun) M.Hall sacked at ARI 26 for -6 yards (J.Tucker).","note":null,"players":{"0":[{"sequence":2,"clubcode":"ARI","playerName":null,"statId":7,"yards":0}],"00-0024755":[{"sequence":1,"clubcode":"SD","playerName":"J.Tucker","statId":110,"yards":0},{"sequence":3,"clubcode":"SD","playerName":"J.Tucker","statId":83,"yards":-6},{"sequence":4,"clubcode":"SD","playerName":"J.Tucker","statId":79,"yards":0},{"sequence":6,"clubcode":"SD","playerName":"J.Tucker","statId":120,"yards":0}],"00-0027347":[{"sequence":5,"clubcode":"ARI","playerName":"M.Hall","statId":20,"yards":-6}]}},"2205":{"sp":0,"qtr":3,"down":4,"time":"07:46","yrdln":"ARI 26","ydstogo":12,"ydsnet":-2,"posteam":"ARI","desc":"(7:46) B.Graham punts 39 yards to SD 35, Center-M.Leach. D.Sproles to SD 38 for 3 yards (M.Leach, T.McBride).","note":"PUNT","players":{"00-0023564":[{"sequence":4,"clubcode":"SD","playerName":"D.Sproles","statId":33,"yards":3}],"00-0025608":[{"sequence":3,"clubcode":"ARI","playerName":"T.McBride","statId":82,"yards":0}],"00-0022954":[{"sequence":1,"clubcode":"ARI","playerName":"B.Graham","statId":29,"yards":39}],"00-0019435":[{"sequence":2,"clubcode":"ARI","playerName":"M.Leach","statId":80,"yards":0}]}}},"fds":0,"result":"Punt","penyds":0,"ydsgained":-2,"numplays":4,"postime":"1:05","start":{"qtr":3,"time":"08:41","yrdln":"ARI 28","team":"ARI"},"end":{"qtr":3,"time":"07:36","yrdln":"ARI 26","team":"ARI"}},"13":{"posteam":"SD","qtr":3,"redzone":true,"plays":{"2231":{"sp":0,"qtr":3,"down":1,"time":"07:36","yrdln":"SD 38","ydstogo":10,"ydsnet":28,"posteam":"SD","desc":"(7:36) P.Rivers pass deep left to A.Gates to ARI 34 for 28 yards (G.Toler, J.Porter).","note":null,"players":{"00-0026910":[{"sequence":3,"clubcode":"ARI","playerName":"G.Toler","statId":80,"yards":0}],"00-0022942":[{"sequence":2,"clubcode":"SD","playerName":"P.Rivers","statId":15,"yards":28},{"sequence":8,"clubcode":"SD","playerName":"P.Rivers","statId":111,"yards":22}],"0":[{"sequence":5,"clubcode":"SD","playerName":null,"statId":4,"yards":0}],"00-0021547":[{"sequence":1,"clubcode":"SD","playerName":"A.Gates","statId":113,"yards":6},{"sequence":6,"clubcode":"SD","playerName":"A.Gates","statId":21,"yards":28},{"sequence":7,"clubcode":"SD","playerName":"A.Gates","statId":115,"yards":0}],"00-0013126":[{"sequence":4,"clubcode":"ARI","playerName":"J.Porter","statId":82,"yards":0}]}},"2255":{"sp":0,"qtr":3,"down":1,"time":"06:55","yrdln":"ARI 34","ydstogo":10,"ydsnet":35,"posteam":"SD","desc":"(6:55) M.Tolbert right tackle to ARI 27 for 7 yards (P.Lenon).","note":null,"players":{"00-0019104":[{"sequence":2,"clubcode":"ARI","playerName":"P.Lenon","statId":79,"yards":0}],"00-0026069":[{"sequence":1,"clubcode":"SD","playerName":"M.Tolbert","statId":10,"yards":7}]}},"2276":{"sp":0,"qtr":3,"down":2,"time":"06:16","yrdln":"ARI 27","ydstogo":3,"ydsnet":40,"posteam":"SD","desc":"(6:16) PENALTY on ARI-D.Dockett, Defensive Offside, 5 yards, enforced at ARI 27 - No Play.","note":"PENALTY","players":{"00-0022930":[{"sequence":2,"clubcode":"ARI","playerName":"D.Dockett","statId":93,"yards":5}],"0":[{"sequence":1,"clubcode":"SD","playerName":null,"statId":5,"yards":0}]}},"2303":{"sp":0,"qtr":3,"down":1,"time":"05:51","yrdln":"ARI 22","ydstogo":10,"ydsnet":35,"posteam":"SD","desc":"(5:51) (Shotgun) P.Rivers pass short right to M.Tolbert to ARI 27 for -5 yards (P.Lenon).","note":null,"players":{"00-0019104":[{"sequence":2,"clubcode":"ARI","playerName":"P.Lenon","statId":120,"yards":0},{"sequence":3,"clubcode":"ARI","playerName":"P.Lenon","statId":79,"yards":0}],"00-0022942":[{"sequence":4,"clubcode":"SD","playerName":"P.Rivers","statId":111,"yards":-5},{"sequence":7,"clubcode":"SD","playerName":"P.Rivers","statId":15,"yards":-5}],"00-0026069":[{"sequence":1,"clubcode":"SD","playerName":"M.Tolbert","statId":21,"yards":-5},{"sequence":5,"clubcode":"SD","playerName":"M.Tolbert","statId":115,"yards":0},{"sequence":6,"clubcode":"SD","playerName":"M.Tolbert","statId":113,"yards":0}]}},"2327":{"sp":0,"qtr":3,"down":2,"time":"05:09","yrdln":"ARI 27","ydstogo":15,"ydsnet":42,"posteam":"SD","desc":"(5:09) (Shotgun) D.Sproles left end to ARI 20 for 7 yards (P.Lenon, G.Toler).","note":null,"players":{"00-0019104":[{"sequence":1,"clubcode":"ARI","playerName":"P.Lenon","statId":80,"yards":0}],"00-0026910":[{"sequence":2,"clubcode":"ARI","playerName":"G.Toler","statId":82,"yards":0}],"00-0023564":[{"sequence":3,"clubcode":"SD","playerName":"D.Sproles","statId":10,"yards":7}]}},"2348":{"sp":0,"qtr":3,"down":3,"time":"04:29","yrdln":"ARI 20","ydstogo":8,"ydsnet":32,"posteam":"SD","desc":"(4:29) (Shotgun) P.Rivers sacked at ARI 30 for -10 yards (G.Toler).","note":null,"players":{"00-0026910":[{"sequence":3,"clubcode":"ARI","playerName":"G.Toler","statId":83,"yards":-10},{"sequence":4,"clubcode":"ARI","playerName":"G.Toler","statId":120,"yards":0},{"sequence":5,"clubcode":"ARI","playerName":"G.Toler","statId":79,"yards":0},{"sequence":6,"clubcode":"ARI","playerName":"G.Toler","statId":110,"yards":0}],"00-0022942":[{"sequence":2,"clubcode":"SD","playerName":"P.Rivers","statId":20,"yards":-10}],"0":[{"sequence":1,"clubcode":"SD","playerName":null,"statId":7,"yards":0}]}},"2367":{"sp":1,"qtr":3,"down":4,"time":"03:59","yrdln":"ARI 30","ydstogo":18,"ydsnet":32,"posteam":"SD","desc":"(3:59) N.Kaeding 48 yard field goal is GOOD, Center-E.Albright, Holder-M.Scifres.","note":"FG","players":{"00-0022737":[{"sequence":1,"clubcode":"SD","playerName":"N.Kaeding","statId":70,"yards":48}]}}},"fds":2,"result":"Field Goal","penyds":5,"ydsgained":27,"numplays":7,"postime":"3:41","start":{"qtr":3,"time":"07:36","yrdln":"SD 38","team":"SD"},"end":{"qtr":3,"time":"03:55","yrdln":"ARI 30","team":"SD"}},"14":{"posteam":"ARI","qtr":3,"redzone":true,"plays":{"2387":{"sp":0,"qtr":3,"down":0,"time":"03:55","yrdln":"SD 30","ydstogo":0,"ydsnet":0,"posteam":"SD","desc":"N.Kaeding kicks 62 yards from SD 30 to ARI 8. L.Stephens-Howling to ARI 34 for 26 yards (P.Oliver). PENALTY on ARI-R.Walker, Offensive Holding, 10 yards, enforced at ARI 34.","note":"KICKOFF","players":{"00-0025788":[{"sequence":1,"clubcode":"SD","playerName":"P.Oliver","statId":79,"yards":0}],"00-0026727":[{"sequence":2,"clubcode":"ARI","playerName":"R.Walker","statId":93,"yards":10}],"00-0022737":[{"sequence":4,"clubcode":"SD","playerName":"N.Kaeding","statId":41,"yards":62}],"00-0026956":[{"sequence":3,"clubcode":"ARI","playerName":"L.Stephens-Howling","statId":45,"yards":26}]}},"2420":{"sp":0,"qtr":3,"down":1,"time":"03:48","yrdln":"ARI 24","ydstogo":10,"ydsnet":3,"posteam":"ARI","desc":"(3:48) C.Wells right end to ARI 27 for 3 yards (T.Johnson).","note":null,"players":{"00-0023450":[{"sequence":1,"clubcode":"SD","playerName":"T.Johnson","statId":79,"yards":0}],"00-0027007":[{"sequence":2,"clubcode":"ARI","playerName":"C.Wells","statId":10,"yards":3}]}},"2441":{"sp":0,"qtr":3,"down":2,"time":"03:10","yrdln":"ARI 27","ydstogo":7,"ydsnet":3,"posteam":"ARI","desc":"(3:10) (Shotgun) L.Stephens-Howling up the middle to ARI 27 for no gain (B.Siler).","note":null,"players":{"00-0026956":[{"sequence":2,"clubcode":"ARI","playerName":"L.Stephens-Howling","statId":10,"yards":0}],"00-0025627":[{"sequence":1,"clubcode":"SD","playerName":"B.Siler","statId":79,"yards":0}]}},"2462":{"sp":0,"qtr":3,"down":3,"time":"02:25","yrdln":"ARI 27","ydstogo":7,"ydsnet":11,"posteam":"ARI","desc":"(2:25) (Shotgun) M.Hall pass short right to L.Fitzgerald to ARI 35 for 8 yards (K.Burnett).","note":null,"players":{"00-0022921":[{"sequence":4,"clubcode":"ARI","playerName":"L.Fitzgerald","statId":21,"yards":8},{"sequence":5,"clubcode":"ARI","playerName":"L.Fitzgerald","statId":115,"yards":0},{"sequence":7,"clubcode":"ARI","playerName":"L.Fitzgerald","statId":113,"yards":0}],"0":[{"sequence":2,"clubcode":"ARI","playerName":null,"statId":4,"yards":0},{"sequence":3,"clubcode":"ARI","playerName":null,"statId":6,"yards":0}],"00-0023477":[{"sequence":8,"clubcode":"SD","playerName":"K.Burnett","statId":79,"yards":0}],"00-0027347":[{"sequence":1,"clubcode":"ARI","playerName":"M.Hall","statId":111,"yards":8},{"sequence":6,"clubcode":"ARI","playerName":"M.Hall","statId":15,"yards":8}]}},"2486":{"sp":0,"qtr":3,"down":1,"time":"01:47","yrdln":"ARI 35","ydstogo":10,"ydsnet":-9,"posteam":"ARI","desc":"(1:47) M.Hall sacked at ARI 23 for -12 yards (K.Burnett). FUMBLES (K.Burnett), RECOVERED by SD-L.Castillo at ARI 15. L.Castillo to ARI 15 for no gain (L.Sendlein).","note":"FUMBLE","players":{"00-0023463":[{"sequence":7,"clubcode":"SD","playerName":"L.Castillo","statId":59,"yards":0}],"00-0025682":[{"sequence":8,"clubcode":"ARI","playerName":"L.Sendlein","statId":79,"yards":0}],"00-0023477":[{"sequence":2,"clubcode":"SD","playerName":"K.Burnett","statId":83,"yards":-20},{"sequence":3,"clubcode":"SD","playerName":"K.Burnett","statId":79,"yards":0},{"sequence":6,"clubcode":"SD","playerName":"K.Burnett","statId":91,"yards":0}],"00-0027347":[{"sequence":1,"clubcode":"ARI","playerName":"M.Hall","statId":20,"yards":-20},{"sequence":4,"clubcode":"ARI","playerName":"M.Hall","statId":52,"yards":0},{"sequence":5,"clubcode":"ARI","playerName":"M.Hall","statId":106,"yards":0}]}}},"fds":1,"result":"Fumble","penyds":0,"ydsgained":-9,"numplays":5,"postime":"2:17","start":{"qtr":3,"time":"03:55","yrdln":"ARI 24","team":"ARI"},"end":{"qtr":3,"time":"01:38","yrdln":"ARI 35","team":"ARI"}},"15":{"posteam":"SD","qtr":3,"redzone":true,"plays":{"2516":{"sp":1,"qtr":3,"down":1,"time":"01:38","yrdln":"ARI 15","ydstogo":10,"ydsnet":15,"posteam":"SD","desc":"(1:38) R.Mathews right end for 15 yards, TOUCHDOWN.","note":"TD","players":{"0":[{"sequence":1,"clubcode":"SD","playerName":"","statId":3,"yards":0}],"00-0027864":[{"sequence":2,"clubcode":"SD","playerName":"R.Mathews","statId":11,"yards":15}]}},"2533":{"sp":1,"qtr":3,"down":0,"time":"01:31","yrdln":"ARI 2","ydstogo":0,"ydsnet":15,"posteam":"SD","desc":"N.Kaeding extra point is GOOD, Center-E.Albright, Holder-M.Scifres.","note":"XP","players":{"00-0022737":[{"sequence":1,"clubcode":"SD","playerName":"N.Kaeding","statId":72,"yards":0}]}}},"fds":1,"result":"Touchdown","penyds":0,"ydsgained":15,"numplays":2,"postime":"0:07","start":{"qtr":3,"time":"01:38","yrdln":"ARI 15","team":"SD"},"end":{"qtr":3,"time":"01:31","yrdln":"ARI 15","team":"SD"}},"16":{"posteam":"ARI","qtr":3,"redzone":true,"plays":{"2549":{"sp":0,"qtr":3,"down":0,"time":"01:31","yrdln":"SD 30","ydstogo":0,"ydsnet":0,"posteam":"SD","desc":"N.Kaeding kicks 64 yards from SD 30 to ARI 6. L.Stephens-Howling to ARI 21 for 15 yards (Q.Teal, M.Tolbert).","note":"KICKOFF","players":{"00-0022737":[{"sequence":1,"clubcode":"SD","playerName":"N.Kaeding","statId":41,"yards":64}],"00-0026069":[{"sequence":4,"clubcode":"SD","playerName":"M.Tolbert","statId":82,"yards":0}],"00-0024663":[{"sequence":3,"clubcode":"SD","playerName":"Q.Teal","statId":80,"yards":0}],"00-0026956":[{"sequence":2,"clubcode":"ARI","playerName":"L.Stephens-Howling","statId":45,"yards":15}]}},"2571":{"sp":0,"qtr":3,"down":1,"time":"01:26","yrdln":"ARI 21","ydstogo":10,"ydsnet":0,"posteam":"ARI","desc":"(1:26) M.Hall pass incomplete short right to S.Williams.","note":null,"players":{"00-0027349":[{"sequence":2,"clubcode":"ARI","playerName":"S.Williams","statId":115,"yards":0}],"00-0027347":[{"sequence":1,"clubcode":"ARI","playerName":"M.Hall","statId":14,"yards":0},{"sequence":3,"clubcode":"ARI","playerName":"M.Hall","statId":112,"yards":0}]}},"2593":{"sp":0,"qtr":3,"down":2,"time":"01:21","yrdln":"ARI 21","ydstogo":10,"ydsnet":5,"posteam":"ARI","desc":"(1:21) M.Hall pass short left to S.Williams to ARI 26 for 5 yards (A.Applewhite, P.Oliver).","note":null,"players":{"00-0025788":[{"sequence":7,"clubcode":"SD","playerName":"P.Oliver","statId":82,"yards":0}],"00-0027349":[{"sequence":3,"clubcode":"ARI","playerName":"S.Williams","statId":21,"yards":5},{"sequence":4,"clubcode":"ARI","playerName":"S.Williams","statId":115,"yards":0},{"sequence":5,"clubcode":"ARI","playerName":"S.Williams","statId":113,"yards":5}],"00-0024734":[{"sequence":6,"clubcode":"SD","playerName":"A.Applewhite","statId":80,"yards":0}],"00-0027347":[{"sequence":1,"clubcode":"ARI","playerName":"M.Hall","statId":15,"yards":5},{"sequence":2,"clubcode":"ARI","playerName":"M.Hall","statId":111,"yards":0}]}},"2617":{"sp":0,"qtr":3,"down":3,"time":"00:36","yrdln":"ARI 26","ydstogo":5,"ydsnet":-1,"posteam":"ARI","desc":"(:36) (Shotgun) M.Hall sacked at ARI 20 for -6 yards (S.Phillips).","note":null,"players":{"0":[{"sequence":1,"clubcode":"ARI","playerName":"","statId":7,"yards":0}],"00-0022723":[{"sequence":3,"clubcode":"SD","playerName":"S.Phillips","statId":83,"yards":-6},{"sequence":4,"clubcode":"SD","playerName":"S.Phillips","statId":110,"yards":0},{"sequence":5,"clubcode":"SD","playerName":"S.Phillips","statId":79,"yards":0},{"sequence":6,"clubcode":"SD","playerName":"S.Phillips","statId":120,"yards":0}],"00-0027347":[{"sequence":2,"clubcode":"ARI","playerName":"M.Hall","statId":20,"yards":-6}]}},"2636":{"sp":0,"qtr":3,"down":4,"time":"00:09","yrdln":"ARI 20","ydstogo":11,"ydsnet":-1,"posteam":"ARI","desc":"(:09) B.Graham punts 57 yards to SD 23, Center-M.Leach. D.Sproles to SD 36 for 13 yards (J.Wright).","note":"PUNT","players":{"00-0023564":[{"sequence":2,"clubcode":"SD","playerName":"D.Sproles","statId":33,"yards":13}],"00-0022954":[{"sequence":1,"clubcode":"ARI","playerName":"B.Graham","statId":29,"yards":57}],"00-0022288":[{"sequence":3,"clubcode":"ARI","playerName":"J.Wright","statId":79,"yards":0}]}}},"fds":0,"result":"Punt","penyds":0,"ydsgained":-1,"numplays":5,"postime":"1:31","start":{"qtr":3,"time":"01:31","yrdln":"ARI 21","team":"ARI"},"end":{"qtr":3,"time":"00:00","yrdln":"ARI 20","team":"ARI"}},"17":{"posteam":"SD","qtr":4,"redzone":true,"plays":{"2678":{"sp":0,"qtr":4,"down":1,"time":"15:00","yrdln":"SD 36","ydstogo":10,"ydsnet":2,"posteam":"SD","desc":"(15:00) R.Mathews right tackle to SD 38 for 2 yards (P.Lenon).","note":null,"players":{"00-0019104":[{"sequence":2,"clubcode":"ARI","playerName":"P.Lenon","statId":79,"yards":0}],"00-0027864":[{"sequence":1,"clubcode":"SD","playerName":"R.Mathews","statId":10,"yards":2}]}},"2699":{"sp":0,"qtr":4,"down":2,"time":"14:26","yrdln":"SD 38","ydstogo":8,"ydsnet":6,"posteam":"SD","desc":"(14:26) (Shotgun) P.Rivers pass short left to L.Naanee to SD 42 for 4 yards (D.Rodgers-Cromartie).","note":null,"players":{"00-0022942":[{"sequence":1,"clubcode":"SD","playerName":"P.Rivers","statId":15,"yards":4},{"sequence":2,"clubcode":"SD","playerName":"P.Rivers","statId":111,"yards":0}],"00-0026156":[{"sequence":6,"clubcode":"ARI","playerName":"D.Rodgers-Cromartie","statId":79,"yards":0}],"00-0025559":[{"sequence":3,"clubcode":"SD","playerName":"L.Naanee","statId":21,"yards":4},{"sequence":4,"clubcode":"SD","playerName":"L.Naanee","statId":115,"yards":0},{"sequence":5,"clubcode":"SD","playerName":"L.Naanee","statId":113,"yards":4}]}},"2723":{"sp":0,"qtr":4,"down":3,"time":"13:43","yrdln":"SD 42","ydstogo":4,"ydsnet":16,"posteam":"SD","desc":"(13:43) (Shotgun) P.Rivers pass short left to A.Gates to ARI 48 for 10 yards (K.Rhodes).","note":null,"players":{"00-0022942":[{"sequence":3,"clubcode":"SD","playerName":"P.Rivers","statId":15,"yards":10},{"sequence":4,"clubcode":"SD","playerName":"P.Rivers","statId":111,"yards":5}],"00-0021547":[{"sequence":5,"clubcode":"SD","playerName":"A.Gates","statId":21,"yards":10},{"sequence":6,"clubcode":"SD","playerName":"A.Gates","statId":115,"yards":0},{"sequence":7,"clubcode":"SD","playerName":"A.Gates","statId":113,"yards":5}],"0":[{"sequence":1,"clubcode":"SD","playerName":"","statId":4,"yards":0},{"sequence":2,"clubcode":"SD","playerName":"","statId":6,"yards":0}],"00-0023557":[{"sequence":8,"clubcode":"ARI","playerName":"K.Rhodes","statId":79,"yards":0}]}},"2747":{"sp":0,"qtr":4,"down":1,"time":"13:08","yrdln":"ARI 48","ydstogo":10,"ydsnet":36,"posteam":"SD","desc":"(13:08) R.Mathews left end to ARI 28 for 20 yards (K.Rhodes, G.Toler).","note":null,"players":{"00-0026910":[{"sequence":4,"clubcode":"ARI","playerName":"G.Toler","statId":82,"yards":0}],"0":[{"sequence":1,"clubcode":"SD","playerName":"","statId":3,"yards":0}],"00-0027864":[{"sequence":2,"clubcode":"SD","playerName":"R.Mathews","statId":10,"yards":20}],"00-0023557":[{"sequence":3,"clubcode":"ARI","playerName":"K.Rhodes","statId":80,"yards":0}]}},"2768":{"sp":0,"qtr":4,"down":1,"time":"12:23","yrdln":"ARI 28","ydstogo":10,"ydsnet":37,"posteam":"SD","desc":"(12:23) R.Mathews up the middle to ARI 27 for 1 yard (C.Haggans).","note":null,"players":{"00-0019538":[{"sequence":2,"clubcode":"ARI","playerName":"C.Haggans","statId":79,"yards":0}],"00-0027864":[{"sequence":1,"clubcode":"SD","playerName":"R.Mathews","statId":10,"yards":1}]}},"2789":{"sp":0,"qtr":4,"down":2,"time":"11:41","yrdln":"ARI 27","ydstogo":9,"ydsnet":35,"posteam":"SD","desc":"(11:41) R.Mathews right end to ARI 29 for -2 yards (A.Branch).","note":null,"players":{"0":[{"sequence":2,"clubcode":"SD","playerName":"","statId":95,"yards":-2}],"00-0027864":[{"sequence":1,"clubcode":"SD","playerName":"R.Mathews","statId":10,"yards":-2}],"00-0025420":[{"sequence":3,"clubcode":"ARI","playerName":"A.Branch","statId":79,"yards":0},{"sequence":4,"clubcode":"ARI","playerName":"A.Branch","statId":120,"yards":0}]}},"2810":{"sp":0,"qtr":4,"down":3,"time":"10:58","yrdln":"ARI 29","ydstogo":11,"ydsnet":35,"posteam":"SD","desc":"(10:58) (Shotgun) P.Rivers pass incomplete deep middle to C.Davis.","note":null,"players":{"00-0022942":[{"sequence":2,"clubcode":"SD","playerName":"P.Rivers","statId":14,"yards":0},{"sequence":4,"clubcode":"SD","playerName":"P.Rivers","statId":112,"yards":19}],"0":[{"sequence":1,"clubcode":"SD","playerName":"","statId":7,"yards":0}],"00-0025417":[{"sequence":3,"clubcode":"SD","playerName":"C.Davis","statId":115,"yards":0}]}},"2832":{"sp":1,"qtr":4,"down":4,"time":"10:53","yrdln":"ARI 29","ydstogo":11,"ydsnet":35,"posteam":"SD","desc":"(10:53) N.Kaeding 47 yard field goal is GOOD, Center-E.Albright, Holder-M.Scifres.","note":"FG","players":{"00-0022737":[{"sequence":1,"clubcode":"SD","playerName":"N.Kaeding","statId":70,"yards":47}]}}},"fds":2,"result":"Field Goal","penyds":0,"ydsgained":35,"numplays":8,"postime":"4:11","start":{"qtr":4,"time":"15:00","yrdln":"SD 36","team":"SD"},"end":{"qtr":4,"time":"10:49","yrdln":"ARI 29","team":"SD"}},"18":{"posteam":"ARI","qtr":4,"redzone":true,"plays":{"2851":{"sp":0,"qtr":4,"down":0,"time":"10:49","yrdln":"SD 30","ydstogo":0,"ydsnet":0,"posteam":"SD","desc":"N.Kaeding kicks 69 yards from SD 30 to ARI 1. L.Stephens-Howling to ARI 12 for 11 yards (Claude Spillman, M.Tolbert).","note":"KICKOFF","players":{"00-0022737":[{"sequence":1,"clubcode":"SD","playerName":"N.Kaeding","statId":41,"yards":69},{"sequence":3,"clubcode":"SD","playerName":"N.Kaeding","statId":42,"yards":0}],"00-0026069":[{"sequence":5,"clubcode":"SD","playerName":"M.Tolbert","statId":82,"yards":0}],"00-0026758":[{"sequence":4,"clubcode":"SD","playerName":"Claude Spillman","statId":80,"yards":0}],"00-0026956":[{"sequence":2,"clubcode":"ARI","playerName":"L.Stephens-Howling","statId":45,"yards":11}]}},"2873":{"sp":0,"qtr":4,"down":1,"time":"10:43","yrdln":"ARI 12","ydstogo":10,"ydsnet":0,"posteam":"ARI","desc":"(10:43) M.Hall pass incomplete short right to S.Williams (Q.Jammer).","note":null,"players":{"00-0027349":[{"sequence":2,"clubcode":"ARI","playerName":"S.Williams","statId":115,"yards":0}],"00-0021381":[{"sequence":3,"clubcode":"SD","playerName":"Q.Jammer","statId":85,"yards":0}],"00-0027347":[{"sequence":1,"clubcode":"ARI","playerName":"M.Hall","statId":14,"yards":0},{"sequence":4,"clubcode":"ARI","playerName":"M.Hall","statId":112,"yards":4}]}},"2895":{"sp":0,"qtr":4,"down":2,"time":"10:39","yrdln":"ARI 12","ydstogo":10,"ydsnet":6,"posteam":"ARI","desc":"(10:39) (Shotgun) M.Hall pass short left to C.Wells to ARI 18 for 6 yards (A.Cason).","note":null,"players":{"00-0026167":[{"sequence":6,"clubcode":"SD","playerName":"A.Cason","statId":79,"yards":0}],"00-0027007":[{"sequence":3,"clubcode":"ARI","playerName":"C.Wells","statId":21,"yards":6},{"sequence":4,"clubcode":"ARI","playerName":"C.Wells","statId":115,"yards":0},{"sequence":5,"clubcode":"ARI","playerName":"C.Wells","statId":113,"yards":0}],"00-0027347":[{"sequence":1,"clubcode":"ARI","playerName":"M.Hall","statId":15,"yards":6},{"sequence":2,"clubcode":"ARI","playerName":"M.Hall","statId":111,"yards":6}]}},"2919":{"sp":0,"qtr":4,"down":3,"time":"10:00","yrdln":"ARI 18","ydstogo":4,"ydsnet":6,"posteam":"ARI","desc":"(10:00) (Shotgun) M.Hall pass incomplete short left to T.Hightower.","note":null,"players":{"0":[{"sequence":1,"clubcode":"ARI","playerName":"","statId":7,"yards":0}],"00-0026289":[{"sequence":3,"clubcode":"ARI","playerName":"T.Hightower","statId":115,"yards":0}],"00-0027347":[{"sequence":2,"clubcode":"ARI","playerName":"M.Hall","statId":14,"yards":0},{"sequence":4,"clubcode":"ARI","playerName":"M.Hall","statId":112,"yards":12}]}},"2941":{"sp":0,"qtr":4,"down":4,"time":"09:55","yrdln":"ARI 18","ydstogo":4,"ydsnet":6,"posteam":"ARI","desc":"(9:55) B.Graham punts 55 yards to SD 27, Center-M.Leach. D.Sproles to SD 48 for 21 yards (M.Ware). PENALTY on SD-F.Bennett, Illegal Block Above the Waist, 10 yards, enforced at SD 30.","note":"PUNT","players":{"00-0023564":[{"sequence":2,"clubcode":"SD","playerName":"D.Sproles","statId":33,"yards":3}],"00-0022786":[{"sequence":3,"clubcode":"ARI","playerName":"M.Ware","statId":79,"yards":0}],"00-0025510":[{"sequence":4,"clubcode":"SD","playerName":"F.Bennett","statId":93,"yards":10}],"00-0022954":[{"sequence":1,"clubcode":"ARI","playerName":"B.Graham","statId":29,"yards":55}]}}},"fds":0,"result":"Punt","penyds":0,"ydsgained":6,"numplays":5,"postime":"1:06","start":{"qtr":4,"time":"10:49","yrdln":"ARI 12","team":"ARI"},"end":{"qtr":4,"time":"09:43","yrdln":"ARI 18","team":"ARI"}},"19":{"posteam":"SD","qtr":4,"redzone":true,"plays":{"2978":{"sp":0,"qtr":4,"down":1,"time":"09:43","yrdln":"SD 20","ydstogo":10,"ydsnet":-1,"posteam":"SD","desc":"(9:43) R.Mathews left end to SD 19 for -1 yards (C.Campbell).","note":null,"players":{"00-0026190":[{"sequence":3,"clubcode":"ARI","playerName":"C.Campbell","statId":79,"yards":0},{"sequence":4,"clubcode":"ARI","playerName":"C.Campbell","statId":120,"yards":0}],"0":[{"sequence":2,"clubcode":"SD","playerName":"","statId":95,"yards":-1}],"00-0027864":[{"sequence":1,"clubcode":"SD","playerName":"R.Mathews","statId":10,"yards":-1}]}},"2999":{"sp":0,"qtr":4,"down":2,"time":"09:07","yrdln":"SD 19","ydstogo":11,"ydsnet":1,"posteam":"SD","desc":"(9:07) J.Hester up the middle to SD 21 for 2 yards (A.Branch, A.Wilson).","note":null,"players":{"00-0025420":[{"sequence":2,"clubcode":"ARI","playerName":"A.Branch","statId":80,"yards":0}],"00-0020505":[{"sequence":3,"clubcode":"ARI","playerName":"A.Wilson","statId":82,"yards":0}],"00-0026209":[{"sequence":1,"clubcode":"SD","playerName":"J.Hester","statId":10,"yards":2}]}},"3020":{"sp":0,"qtr":4,"down":3,"time":"08:27","yrdln":"SD 21","ydstogo":9,"ydsnet":-4,"posteam":"SD","desc":"(8:27) (Shotgun) PENALTY on SD-A.Terry, False Start, 5 yards, enforced at SD 21 - No Play.","note":"PENALTY","players":{"00-0023499":[{"sequence":1,"clubcode":"SD","playerName":"A.Terry","statId":93,"yards":5}]}},"3043":{"sp":0,"qtr":4,"down":3,"time":"08:15","yrdln":"SD 16","ydstogo":14,"ydsnet":-4,"posteam":"SD","desc":"(8:15) (Shotgun) D.Sproles up the middle to SD 16 for no gain (A.Branch).","note":null,"players":{"00-0023564":[{"sequence":2,"clubcode":"SD","playerName":"D.Sproles","statId":10,"yards":0}],"0":[{"sequence":1,"clubcode":"SD","playerName":"","statId":7,"yards":0}],"00-0025420":[{"sequence":3,"clubcode":"ARI","playerName":"A.Branch","statId":79,"yards":0}]}},"3064":{"sp":0,"qtr":4,"down":4,"time":"07:37","yrdln":"SD 16","ydstogo":14,"ydsnet":-4,"posteam":"SD","desc":"(7:37) M.Scifres punts 67 yards to ARI 17, Center-E.Albright. A.Roberts to ARI 36 for 19 yards (Kion).","note":"PUNT","players":{"00-0027691":[{"sequence":2,"clubcode":"ARI","playerName":"A.Roberts","statId":33,"yards":19}],"00-0022017":[{"sequence":1,"clubcode":"SD","playerName":"M.Scifres","statId":29,"yards":67}],"00-0027597":[{"sequence":3,"clubcode":"SD","playerName":"Kion","statId":79,"yards":0}]}}},"fds":0,"result":"Punt","penyds":-5,"ydsgained":1,"numplays":5,"postime":"2:21","start":{"qtr":4,"time":"09:43","yrdln":"SD 20","team":"SD"},"end":{"qtr":4,"time":"07:22","yrdln":"SD 16","team":"SD"}},"20":{"posteam":"ARI","qtr":4,"redzone":true,"plays":{"3090":{"sp":0,"qtr":4,"down":1,"time":"07:22","yrdln":"ARI 36","ydstogo":10,"ydsnet":1,"posteam":"ARI","desc":"(7:22) T.Hightower left end to ARI 37 for 1 yard (K.Burnett).","note":null,"players":{"00-0023477":[{"sequence":2,"clubcode":"SD","playerName":"K.Burnett","statId":79,"yards":0}],"00-0026289":[{"sequence":1,"clubcode":"ARI","playerName":"T.Hightower","statId":10,"yards":1}]}},"3111":{"sp":0,"qtr":4,"down":2,"time":"06:40","yrdln":"ARI 37","ydstogo":9,"ydsnet":25,"posteam":"ARI","desc":"(6:40) M.Hall pass short middle to J.Dray to SD 39 for 24 yards (S.Gregory).","note":null,"players":{"00-0027825":[{"sequence":4,"clubcode":"ARI","playerName":"J.Dray","statId":21,"yards":24},{"sequence":5,"clubcode":"ARI","playerName":"J.Dray","statId":115,"yards":0},{"sequence":6,"clubcode":"ARI","playerName":"J.Dray","statId":113,"yards":9}],"00-0023998":[{"sequence":7,"clubcode":"SD","playerName":"S.Gregory","statId":79,"yards":0}],"0":[{"sequence":1,"clubcode":"ARI","playerName":"","statId":4,"yards":0}],"00-0027347":[{"sequence":2,"clubcode":"ARI","playerName":"M.Hall","statId":15,"yards":24},{"sequence":3,"clubcode":"ARI","playerName":"M.Hall","statId":111,"yards":15}]}},"3135":{"sp":0,"qtr":4,"down":1,"time":"05:57","yrdln":"SD 39","ydstogo":10,"ydsnet":32,"posteam":"ARI","desc":"(5:57) M.Hall pass short right to B.Patrick to SD 32 for 7 yards (A.Cason, S.Phillips).","note":null,"players":{"00-0026167":[{"sequence":6,"clubcode":"SD","playerName":"A.Cason","statId":80,"yards":0}],"00-0025602":[{"sequence":3,"clubcode":"ARI","playerName":"B.Patrick","statId":21,"yards":7},{"sequence":4,"clubcode":"ARI","playerName":"B.Patrick","statId":115,"yards":0},{"sequence":5,"clubcode":"ARI","playerName":"B.Patrick","statId":113,"yards":0}],"00-0022723":[{"sequence":7,"clubcode":"SD","playerName":"S.Phillips","statId":82,"yards":0}],"00-0027347":[{"sequence":1,"clubcode":"ARI","playerName":"M.Hall","statId":15,"yards":7},{"sequence":2,"clubcode":"ARI","playerName":"M.Hall","statId":111,"yards":7}]}},"3159":{"sp":0,"qtr":4,"down":2,"time":"05:16","yrdln":"SD 32","ydstogo":3,"ydsnet":36,"posteam":"ARI","desc":"(5:16) T.Hightower left end to SD 28 for 4 yards (Q.Jammer, A.Applewhite).","note":null,"players":{"0":[{"sequence":1,"clubcode":"ARI","playerName":"","statId":3,"yards":0}],"00-0024734":[{"sequence":4,"clubcode":"SD","playerName":"A.Applewhite","statId":82,"yards":0}],"00-0021381":[{"sequence":3,"clubcode":"SD","playerName":"Q.Jammer","statId":80,"yards":0}],"00-0026289":[{"sequence":2,"clubcode":"ARI","playerName":"T.Hightower","statId":10,"yards":4}]}},"3180":{"sp":0,"qtr":4,"down":1,"time":"04:38","yrdln":"SD 28","ydstogo":10,"ydsnet":37,"posteam":"ARI","desc":"(4:38) T.Hightower up the middle to SD 27 for 1 yard (K.Burnett).","note":null,"players":{"00-0023477":[{"sequence":2,"clubcode":"SD","playerName":"K.Burnett","statId":79,"yards":0}],"00-0026289":[{"sequence":1,"clubcode":"ARI","playerName":"T.Hightower","statId":10,"yards":1}]}},"3201":{"sp":0,"qtr":4,"down":2,"time":"03:53","yrdln":"SD 27","ydstogo":9,"ydsnet":37,"posteam":"ARI","desc":"(3:53) (Shotgun) M.Hall pass incomplete short right to L.Fitzgerald (S.Phillips).","note":null,"players":{"00-0022921":[{"sequence":2,"clubcode":"ARI","playerName":"L.Fitzgerald","statId":115,"yards":0}],"00-0022723":[{"sequence":3,"clubcode":"SD","playerName":"S.Phillips","statId":85,"yards":0}],"00-0027347":[{"sequence":1,"clubcode":"ARI","playerName":"M.Hall","statId":14,"yards":0},{"sequence":4,"clubcode":"ARI","playerName":"M.Hall","statId":112,"yards":0}]}},"3223":{"sp":0,"qtr":4,"down":3,"time":"03:50","yrdln":"SD 27","ydstogo":9,"ydsnet":29,"posteam":"ARI","desc":"(3:50) (Shotgun) M.Hall sacked at SD 35 for -8 yards (S.Phillips).","note":null,"players":{"0":[{"sequence":1,"clubcode":"ARI","playerName":"","statId":7,"yards":0}],"00-0022723":[{"sequence":3,"clubcode":"SD","playerName":"S.Phillips","statId":83,"yards":-8},{"sequence":4,"clubcode":"SD","playerName":"S.Phillips","statId":110,"yards":0},{"sequence":5,"clubcode":"SD","playerName":"S.Phillips","statId":79,"yards":0},{"sequence":6,"clubcode":"SD","playerName":"S.Phillips","statId":120,"yards":0}],"00-0027347":[{"sequence":2,"clubcode":"ARI","playerName":"M.Hall","statId":20,"yards":-8}]}},"3242":{"sp":1,"qtr":4,"down":4,"time":"03:22","yrdln":"SD 35","ydstogo":17,"ydsnet":29,"posteam":"ARI","desc":"(3:22) J.Feely 53 yard field goal is GOOD, Center-M.Leach, Holder-B.Graham.","note":"FG","players":{"00-0019770":[{"sequence":1,"clubcode":"ARI","playerName":"J.Feely","statId":70,"yards":53}]}}},"fds":2,"result":"Field Goal","penyds":0,"ydsgained":29,"numplays":8,"postime":"4:05","start":{"qtr":4,"time":"07:22","yrdln":"ARI 36","team":"ARI"},"end":{"qtr":4,"time":"03:17","yrdln":"SD 35","team":"ARI"}},"21":{"posteam":"SD","qtr":4,"redzone":true,"plays":{"3261":{"sp":0,"qtr":4,"down":0,"time":"03:17","yrdln":"ARI 30","ydstogo":0,"ydsnet":0,"posteam":"ARI","desc":"J.Feely kicks 70 yards from ARI 30 to end zone, Touchback.","note":"KICKOFF","players":{"00-0019770":[{"sequence":1,"clubcode":"ARI","playerName":"J.Feely","statId":44,"yards":70}],"0":[{"sequence":2,"clubcode":"SD","playerName":"","statId":51,"yards":0}]}},"3275":{"sp":0,"qtr":4,"down":1,"time":"03:17","yrdln":"SD 20","ydstogo":10,"ydsnet":4,"posteam":"SD","desc":"(3:17) J.Hester up the middle to SD 24 for 4 yards (C.Campbell).","note":null,"players":{"00-0026190":[{"sequence":2,"clubcode":"ARI","playerName":"C.Campbell","statId":79,"yards":0}],"00-0026209":[{"sequence":1,"clubcode":"SD","playerName":"J.Hester","statId":10,"yards":4}]}},"3296":{"sp":0,"qtr":4,"down":2,"time":"02:35","yrdln":"SD 24","ydstogo":6,"ydsnet":3,"posteam":"SD","desc":"(2:35) J.Hester left guard to SD 23 for -1 yards (R.Walker).","note":null,"players":{"00-0026727":[{"sequence":3,"clubcode":"ARI","playerName":"R.Walker","statId":79,"yards":0},{"sequence":4,"clubcode":"ARI","playerName":"R.Walker","statId":120,"yards":0}],"0":[{"sequence":2,"clubcode":"SD","playerName":"","statId":95,"yards":-1}],"00-0026209":[{"sequence":1,"clubcode":"SD","playerName":"J.Hester","statId":10,"yards":-1}]}},"3317":{"sp":0,"qtr":4,"down":0,"time":"02:25","yrdln":"","ydstogo":0,"ydsnet":3,"posteam":"","desc":"Timeout #1 by ARI at 02:25.","note":"TIMEOUT","players":{"0":[{"sequence":1,"clubcode":"ARI","playerName":"","statId":68,"yards":0}]}},"3334":{"sp":0,"qtr":4,"down":3,"time":"02:07","yrdln":"SD 23","ydstogo":7,"ydsnet":9,"posteam":"SD","desc":"(2:07) B.Volek pass to J.Hester to SD 31 for 8 yards (P.Lenon).","note":null,"players":{"00-0019104":[{"sequence":8,"clubcode":"ARI","playerName":"P.Lenon","statId":79,"yards":0}],"0":[{"sequence":1,"clubcode":"SD","playerName":"","statId":4,"yards":0},{"sequence":2,"clubcode":"SD","playerName":"","statId":6,"yards":0}],"00-0019041":[{"sequence":3,"clubcode":"SD","playerName":"B.Volek","statId":15,"yards":8},{"sequence":4,"clubcode":"SD","playerName":"B.Volek","statId":111,"yards":8}],"00-0026209":[{"sequence":5,"clubcode":"SD","playerName":"J.Hester","statId":21,"yards":8},{"sequence":6,"clubcode":"SD","playerName":"J.Hester","statId":115,"yards":0},{"sequence":7,"clubcode":"SD","playerName":"J.Hester","statId":113,"yards":0}]}},"3358":{"sp":0,"qtr":4,"down":0,"time":"02:00","yrdln":"","ydstogo":0,"ydsnet":11,"posteam":"","desc":"Two-Minute Warning","note":null,"players":{}},"3375":{"sp":0,"qtr":4,"down":1,"time":"02:00","yrdln":"SD 31","ydstogo":10,"ydsnet":11,"posteam":"SD","desc":"(2:00) J.Hester right end to SD 31 for no gain (R.Walker).","note":null,"players":{"00-0026727":[{"sequence":2,"clubcode":"ARI","playerName":"R.Walker","statId":79,"yards":0}],"00-0026209":[{"sequence":1,"clubcode":"SD","playerName":"J.Hester","statId":10,"yards":0}]}},"3396":{"sp":0,"qtr":4,"down":2,"time":"01:19","yrdln":"SD 31","ydstogo":10,"ydsnet":10,"posteam":"SD","desc":"(1:19) B.Volek kneels, dead ball declared at SD 30 for -1 yards.","note":null,"players":{"00-0019041":[{"sequence":1,"clubcode":"SD","playerName":"B.Volek","statId":10,"yards":-1}]}},"3416":{"sp":0,"qtr":4,"down":3,"time":"00:38","yrdln":"SD 30","ydstogo":11,"ydsnet":9,"posteam":"SD","desc":"(:38) B.Volek kneels, dead ball declared at SD 29 for -1 yards.","note":null,"players":{"0":[{"sequence":1,"clubcode":"SD","playerName":"","statId":7,"yards":0}],"00-0019041":[{"sequence":2,"clubcode":"SD","playerName":"B.Volek","statId":10,"yards":-1}]}},"3436":{"sp":0,"qtr":4,"down":0,"time":"00:00","yrdln":"","ydstogo":0,"ydsnet":9,"posteam":"","desc":"END GAME","note":null,"players":{}}},"fds":1,"result":"End of Game","penyds":0,"ydsgained":9,"numplays":10,"postime":"3:17","start":{"qtr":4,"time":"03:17","yrdln":"SD 20","team":"SD"},"end":{"qtr":4,"time":"00:00","yrdln":"","team":"SD"}},"crntdrv":21},"scrsummary":{"498":{"type":"TD","desc":"A.Gates 33 yd. pass from P.Rivers (N.Kaeding kick is good) Drive: 8 plays, 89 yards in 4:45","qtr":1,"team":"SD","players":{"P.Rivers":"00-0022942","A.Gates":"00-0021547","":"0","N.Kaeding":"00-0022737"}},"873":{"type":"TD","desc":"K.Rhodes 42 yd. fumble return (J.Feely kick is good)","qtr":2,"team":"ARI","players":{"K.Rhodes":"00-0023557","G.Toler":"00-0026910","D.Sproles":"00-0023564","":"0","J.Feely":"00-0019770"}},"1054":{"type":"TD","desc":"M.Tolbert 5 yd. run (N.Kaeding kick is good) Drive: 5 plays, 63 yards in 3:03","qtr":2,"team":"SD","players":{"":"0","M.Tolbert":"00-0026069","N.Kaeding":"00-0022737"}},"1430":{"type":"TD","desc":"A.Gates 26 yd. pass from P.Rivers (N.Kaeding kick is good) Drive: 9 plays, 65 yards in 4:14","qtr":2,"team":"SD","players":{"A.Gates":"00-0021547","P.Rivers":"00-0022942","":"0","N.Kaeding":"00-0022737"}},"1529":{"type":"TD","desc":"S.Phillips 31 yd. interception return (N.Kaeding kick is good)","qtr":2,"team":"SD","players":{"P.Rivers":"00-0022942","D.Anderson":"00-0023645","M.Komar":"00-0027352","S.Phillips":"00-0022723","":"0","N.Kaeding":"00-0022737"}},"2367":{"type":"FG","desc":"N.Kaeding 48 yd. Field Goal Drive: 6 plays, 32 yards in 3:41","qtr":3,"team":"SD","players":{"N.Kaeding":"00-0022737"}},"2516":{"type":"TD","desc":"R.Mathews 15 yd. run (N.Kaeding kick is good) Drive: 1 plays, 15 yards in 0:07","qtr":3,"team":"SD","players":{"":"0","R.Mathews":"00-0027864","N.Kaeding":"00-0022737"}},"2832":{"type":"FG","desc":"N.Kaeding 47 yd. Field Goal Drive: 8 plays, 35 yards in 4:11","qtr":4,"team":"SD","players":{"N.Kaeding":"00-0022737"}},"3242":{"type":"FG","desc":"J.Feely 53 yd. Field Goal Drive: 8 plays, 29 yards in 4:05","qtr":4,"team":"ARI","players":{"J.Feely":"00-0019770"}}},"weather":null,"media":null,"yl":"","qtr":"Final","note":null,"down":0,"togo":0,"redzone":true,"clock":"00:38","posteam":"SD","stadium":null},"nextupdate":206}