{"2010112900":{"home":{"score":{"1":3,"2":3,"3":0,"4":0,"5":0,"T":6},"abbr":"ARI","to":2,"stats":{"passing":{"00-0023645":{"name":"D.Anderson","att":35,"cmp":16,"yds":196,"tds":0,"ints":1,"twopta":0,"twoptm":0}},"rushing":{"00-0027007":{"name":"C.Wells","att":5,"yds":13,"tds":0,"lng":8,"lngtd":0,"twopta":0,"twoptm":0},"00-0026289":{"name":"T.Hightower","att":5,"yds":0,"tds":0,"lng":5,"lngtd":0,"twopta":0,"twoptm":0},"00-0023645":{"name":"D.Anderson","att":1,"yds":0,"tds":0,"lng":0,"lngtd":0,"twopta":0,"twoptm":0}},"receiving":{"00-0026221":{"name":"E.Doucet","rec":5,"yds":60,"tds":0,"lng":23,"lngtd":0,"twopta":0,"twoptm":0},"00-0022921":{"name":"L.Fitzgerald","rec":4,"yds":37,"tds":0,"lng":14,"lngtd":0,"twopta":0,"twoptm":0},"00-0025529":{"name":"S.Breaston","rec":2,"yds":22,"tds":0,"lng":15,"lngtd":0,"twopta":0,"twoptm":0},"00-0027691":{"name":"A.Roberts","rec":2,"yds":21,"tds":0,"lng":12,"lngtd":0,"twopta":0,"twoptm":0},"00-0026956":{"name":"L.Stephens-Howling","rec":2,"yds":13,"tds":0,"lng":8,"lngtd":0,"twopta":0,"twoptm":0},"00-0027007":{"name":"C.Wells","rec":1,"yds":43,"tds":0,"lng":43,"lngtd":0,"twopta":0,"twoptm":0}},"fumbles":{"00-0023645":{"name":"D.Anderson","tot":1,"rcv":0,"trcv":0,"yds":0,"lost":1}},"kicking":{"00-0019770":{"name":"J.Feely","fgm":2,"fga":2,"fgyds":39,"totpfg":6,"xpmade":0,"xpmissed":0,"xpa":0,"xpb":0,"xptot":0}},"punting":{"00-0022954":{"name":"B.Graham","pts":6,"yds":283,"avg":35,"i20":0,"lng":65}},"kickret":{"00-0026956":{"name":"L.Stephens-Howling","ret":4,"avg":26,"tds":0,"lng":30,"lngtd":0},"00-0023108":{"name":"S.Spach","ret":2,"avg":13,"tds":0,"lng":15,"lngtd":0}},"puntret":{"00-0027691":{"name":"A.Roberts","ret":2,"avg":2,"tds":0,"lng":8,"lngtd":0}},"defense":{"00-0019104":{"name":"P.Lenon","tkl":7,"ast":3,"sk":0,"int":0,"ffum":0},"00-0025668":{"name":"M.Adams","tkl":6,"ast":3,"sk":0,"int":1,"ffum":0},"00-0020505":{"name":"A.Wilson","tkl":6,"ast":3,"sk":0,"int":0,"ffum":0},"00-0021941":{"name":"G.Hayes","tkl":5,"ast":2,"sk":0,"int":0,"ffum":0},"00-0027877":{"name":"D.Williams","tkl":6,"ast":0,"sk":0,"int":0,"ffum":0},"00-0019538":{"name":"C.Haggans","tkl":4,"ast":0,"sk":1,"int":0,"ffum":0},"00-0023557":{"name":"K.Rhodes","tkl":4,"ast":0,"sk":0,"int":0,"ffum":0},"00-0022930":{"name":"D.Dockett","tkl":3,"ast":1,"sk":0,"int":0,"ffum":0},"00-0013126":{"name":"J.Porter","tkl":3,"ast":0,"sk":0,"int":0,"ffum":0},"00-0027886":{"name":"D.Washington","tkl":3,"ast":0,"sk":0,"int":0,"ffum":0},"00-0024322":{"name":"G.Watson","tkl":2,"ast":0,"sk":0,"int":0,"ffum":0},"00-0013845":{"name":"B.Robinson","tkl":1,"ast":1,"sk":0,"int":0,"ffum":0},"00-0025608":{"name":"T.McBride","tkl":1,"ast":0,"sk":0,"int":0,"ffum":0},"00-0027067":{"name":"R.Johnson","tkl":1,"ast":0,"sk":0,"int":0,"ffum":0},"00-0026156":{"name":"D.Rodgers-Cromarti","tkl":1,"ast":0,"sk":0,"int":0,"ffum":0},"00-0025420":{"name":"A.Branch","tkl":1,"ast":0,"sk":0,"int":0,"ffum":0}},"team":{"totfd":8,"totyds":203,"pyds":190,"ryds":13,"pen":6,"penyds":61,"trnovr":2,"pt":6,"ptyds":283,"ptavg":35,"top":"20:59"}},"players":null},"away":{"score":{"1":14,"2":7,"3":3,"4":3,"5":0,"T":27},"abbr":"SF","to":2,"stats":{"passing":{"00-0025561":{"name":"T.Smith","att":23,"cmp":11,"yds":129,"tds":1,"ints":1,"twopta":0,"twoptm":0}},"rushing":{"00-0021216":{"name":"B.Westbrook","att":23,"yds":136,"tds":1,"lng":19,"lngtd":8,"twopta":0,"twoptm":0},"00-0027772":{"name":"A.Dixon","att":14,"yds":54,"tds":1,"lng":9,"lngtd":1,"twopta":0,"twoptm":0},"00-0023500":{"name":"F.Gore","att":5,"yds":52,"tds":0,"lng":25,"lngtd":0,"twopta":0,"twoptm":0},"00-0026314":{"name":"J.Morgan","att":1,"yds":13,"tds":0,"lng":13,"lngtd":0,"twopta":0,"twoptm":0},"00-0025561":{"name":"T.Smith","att":3,"yds":6,"tds":0,"lng":7,"lngtd":0,"twopta":0,"twoptm":0},"00-0020508":{"name":"M.Norris","att":1,"yds":0,"tds":0,"lng":0,"lngtd":0,"twopta":0,"twoptm":0}},"receiving":{"00-0026314":{"name":"J.Morgan","rec":3,"yds":28,"tds":0,"lng":13,"lngtd":0,"twopta":0,"twoptm":0},"00-0026986":{"name":"M.Crabtree","rec":2,"yds":48,"tds":1,"lng":38,"lngtd":38,"twopta":0,"twoptm":0},"00-0024221":{"name":"V.Davis","rec":2,"yds":32,"tds":0,"lng":16,"lngtd":0,"twopta":0,"twoptm":0},"00-0025396":{"name":"T.Ginn","rec":1,"yds":11,"tds":0,"lng":11,"lngtd":0,"twopta":0,"twoptm":0},"00-0024687":{"name":"D.Zeigler","rec":1,"yds":10,"tds":0,"lng":10,"lngtd":0,"twopta":0,"twoptm":0},"00-0020508":{"name":"M.Norris","rec":1,"yds":5,"tds":0,"lng":5,"lngtd":0,"twopta":0,"twoptm":0},"00-0027772":{"name":"A.Dixon","rec":1,"yds":-5,"tds":0,"lng":-5,"lngtd":0,"twopta":0,"twoptm":0}},"fumbles":{"00-0025561":{"name":"T.Smith","tot":1,"rcv":0,"trcv":0,"yds":-1,"lost":0},"00-0027772":{"name":"A.Dixon","tot":0,"rcv":1,"trcv":1,"yds":0,"lost":0},"00-0022147":{"name":"A.Franklin","tot":0,"rcv":0,"trcv":1,"yds":0,"lost":0}},"kicking":{"00-0023728":{"name":"S.Andrus","fgm":2,"fga":3,"fgyds":38,"totpfg":6,"xpmade":3,"xpmissed":0,"xpa":3,"xpb":0,"xptot":3}},"punting":{"00-0022824":{"name":"A.Lee","pts":2,"yds":106,"avg":51,"i20":1,"lng":54}},"kickret":{"00-0025396":{"name":"T.Ginn","ret":2,"avg":31,"tds":0,"lng":41,"lngtd":0}},"puntret":{"00-0025396":{"name":"T.Ginn","ret":2,"avg":27,"tds":0,"lng":42,"lngtd":0}},"defense":{"00-0025398":{"name":"P.Willis","tkl":4,"ast":1,"sk":1,"int":0,"ffum":0},"00-0025534":{"name":"T.Brown","tkl":4,"ast":0,"sk":0,"int":0,"ffum":0},"00-0020495":{"name":"N.Clements","tkl":3,"ast":0,"sk":0,"int":0,"ffum":0},"00-0015474":{"name":"T.Spikes","tkl":2,"ast":1,"sk":0,"int":1,"ffum":0},"00-0020535":{"name":"J.Smith","tkl":2,"ast":0,"sk":0,"int":0,"ffum":0},"00-0022147":{"name":"A.Franklin","tkl":2,"ast":0,"sk":0,"int":0,"ffum":0},"00-0026215":{"name":"R.Smith","tkl":2,"ast":0,"sk":0,"int":0,"ffum":0},"00-0022894":{"name":"T.LaBoy","tkl":1,"ast":0,"sk":0,"int":0,"ffum":0},"00-0027610":{"name":"P.Adams","tkl":1,"ast":0,"sk":0,"int":0,"ffum":0},"00-0022843":{"name":"S.Spencer","tkl":1,"ast":0,"sk":0,"int":0,"ffum":0},"00-0024354":{"name":"P.Haralson","tkl":1,"ast":0,"sk":0,"int":0,"ffum":0},"00-0025513":{"name":"D.Goldson","tkl":1,"ast":0,"sk":0,"int":0,"ffum":0},"00-0024495":{"name":"A.Brooks","tkl":1,"ast":0,"sk":0,"int":0,"ffum":0}},"team":{"totfd":26,"totyds":386,"pyds":125,"ryds":261,"pen":6,"penyds":40,"trnovr":1,"pt":2,"ptyds":106,"ptavg":51,"top":"39:01"}},"players":null},"drives":{"1":{"posteam":"SF","qtr":1,"redzone":true,"plays":{"36":{"sp":0,"qtr":1,"down":0,"time":"15:00","yrdln":"ARI 30","ydstogo":0,"ydsnet":0,"posteam":"ARI","desc":"J.Feely kicks 70 yards from ARI 30 to end zone, Touchback.","note":"KICKOFF","players":{"00-0019770":[{"sequence":2,"clubcode":"ARI","playerName":"J.Feely","statId":44,"yards":70}],"0":[{"sequence":1,"clubcode":"SF","playerName":null,"statId":51,"yards":0}]}},"50":{"sp":0,"qtr":1,"down":1,"time":"15:00","yrdln":"SF 20","ydstogo":10,"ydsnet":25,"posteam":"SF","desc":"(15:00) F.Gore right tackle to SF 45 for 25 yards (K.Rhodes).","note":null,"players":{"0":[{"sequence":1,"clubcode":"SF","playerName":null,"statId":3,"yards":0}],"00-0023557":[{"sequence":3,"clubcode":"ARI","playerName":"K.Rhodes","statId":79,"yards":0}],"00-0023500":[{"sequence":2,"clubcode":"SF","playerName":"F.Gore","statId":10,"yards":25}]}},"71":{"sp":0,"qtr":1,"down":1,"time":"14:18","yrdln":"SF 45","ydstogo":10,"ydsnet":25,"posteam":"SF","desc":"(14:18) T.Smith pass incomplete short right to F.Gore.","note":null,"players":{"00-0025561":[{"sequence":2,"clubcode":"SF","playerName":"T.Smith","statId":14,"yards":0},{"sequence":3,"clubcode":"SF","playerName":"T.Smith","statId":112,"yards":1}],"00-0023500":[{"sequence":1,"clubcode":"SF","playerName":"F.Gore","statId":115,"yards":0}]}},"93":{"sp":0,"qtr":1,"down":2,"time":"14:13","yrdln":"SF 45","ydstogo":10,"ydsnet":25,"posteam":"SF","desc":"(14:13) T.Smith pass incomplete short right to Del.Walker [J.Porter].","note":null,"players":{"00-0025561":[{"sequence":2,"clubcode":"SF","playerName":"T.Smith","statId":112,"yards":10},{"sequence":4,"clubcode":"SF","playerName":"T.Smith","statId":14,"yards":0}],"00-0013126":[{"sequence":3,"clubcode":"ARI","playerName":"J.Porter","statId":110,"yards":0}],"00-0024389":[{"sequence":1,"clubcode":"SF","playerName":"Del.Walker","statId":115,"yards":0}]}},"115":{"sp":0,"qtr":1,"down":3,"time":"14:07","yrdln":"SF 45","ydstogo":10,"ydsnet":20,"posteam":"SF","desc":"(14:07) (Shotgun) PENALTY on SF-A.Davis, False Start, 5 yards, enforced at SF 45 - No Play.","note":"PENALTY","players":{"00-0027863":[{"sequence":1,"clubcode":"SF","playerName":"A.Davis","statId":93,"yards":5}]}},"138":{"sp":0,"qtr":1,"down":3,"time":"14:07","yrdln":"SF 40","ydstogo":15,"ydsnet":35,"posteam":"SF","desc":"(14:07) (Shotgun) F.Gore left tackle to ARI 45 for 15 yards (P.Lenon).","note":null,"players":{"00-0019104":[{"sequence":2,"clubcode":"ARI","playerName":"P.Lenon","statId":79,"yards":0}],"0":[{"sequence":1,"clubcode":"SF","playerName":null,"statId":3,"yards":0},{"sequence":3,"clubcode":"SF","playerName":null,"statId":6,"yards":0}],"00-0023500":[{"sequence":4,"clubcode":"SF","playerName":"F.Gore","statId":10,"yards":15}]}},"159":{"sp":0,"qtr":1,"down":1,"time":"13:24","yrdln":"ARI 45","ydstogo":10,"ydsnet":39,"posteam":"SF","desc":"(13:24) F.Gore left end to ARI 41 for 4 yards (J.Porter).","note":null,"players":{"00-0023500":[{"sequence":2,"clubcode":"SF","playerName":"F.Gore","statId":10,"yards":4}],"00-0013126":[{"sequence":1,"clubcode":"ARI","playerName":"J.Porter","statId":79,"yards":0}]}},"180":{"sp":0,"qtr":1,"down":2,"time":"12:44","yrdln":"ARI 41","ydstogo":6,"ydsnet":41,"posteam":"SF","desc":"(12:44) B.Westbrook up the middle to ARI 39 for 2 yards (D.Dockett, P.Lenon).","note":null,"players":{"00-0019104":[{"sequence":2,"clubcode":"ARI","playerName":"P.Lenon","statId":82,"yards":0}],"00-0022930":[{"sequence":1,"clubcode":"ARI","playerName":"D.Dockett","statId":80,"yards":0}],"00-0021216":[{"sequence":3,"clubcode":"SF","playerName":"B.Westbrook","statId":10,"yards":2}]}},"201":{"sp":0,"qtr":1,"down":3,"time":"12:04","yrdln":"ARI 39","ydstogo":4,"ydsnet":48,"posteam":"SF","desc":"(12:04) T.Smith scrambles right end to ARI 32 for 7 yards (M.Adams).","note":null,"players":{"00-0025561":[{"sequence":2,"clubcode":"SF","playerName":"T.Smith","statId":10,"yards":7}],"0":[{"sequence":1,"clubcode":"SF","playerName":null,"statId":3,"yards":0},{"sequence":3,"clubcode":"SF","playerName":null,"statId":6,"yards":0}],"00-0025668":[{"sequence":4,"clubcode":"ARI","playerName":"M.Adams","statId":79,"yards":0}]}},"222":{"sp":0,"qtr":1,"down":1,"time":"11:20","yrdln":"ARI 32","ydstogo":10,"ydsnet":48,"posteam":"SF","desc":"(11:20) (Shotgun) T.Smith pass incomplete short right to M.Crabtree.","note":null,"players":{"00-0025561":[{"sequence":1,"clubcode":"SF","playerName":"T.Smith","statId":112,"yards":2},{"sequence":2,"clubcode":"SF","playerName":"T.Smith","statId":14,"yards":0}],"00-0026986":[{"sequence":3,"clubcode":"SF","playerName":"M.Crabtree","statId":115,"yards":0}]}},"244":{"sp":0,"qtr":1,"down":2,"time":"11:14","yrdln":"ARI 32","ydstogo":10,"ydsnet":47,"posteam":"SF","desc":"(11:14) F.Gore left tackle to ARI 33 for -1 yards (B.Robinson).","note":null,"players":{"0":[{"sequence":1,"clubcode":"SF","playerName":null,"statId":95,"yards":-1}],"00-0023500":[{"sequence":2,"clubcode":"SF","playerName":"F.Gore","statId":10,"yards":-1}],"00-0013845":[{"sequence":3,"clubcode":"ARI","playerName":"B.Robinson","statId":79,"yards":0},{"sequence":4,"clubcode":"ARI","playerName":"B.Robinson","statId":120,"yards":0}]}},"265":{"sp":0,"qtr":1,"down":3,"time":"10:34","yrdln":"ARI 33","ydstogo":11,"ydsnet":50,"posteam":"SF","desc":"(10:34) B.Westbrook left tackle to ARI 30 for 3 yards (D.Dockett).","note":null,"players":{"00-0022930":[{"sequence":1,"clubcode":"ARI","playerName":"D.Dockett","statId":79,"yards":0}],"0":[{"sequence":2,"clubcode":"SF","playerName":null,"statId":7,"yards":0}],"00-0021216":[{"sequence":3,"clubcode":"SF","playerName":"B.Westbrook","statId":10,"yards":3}]}},"286":{"sp":0,"qtr":1,"down":4,"time":"09:55","yrdln":"ARI 30","ydstogo":8,"ydsnet":50,"posteam":"SF","desc":"(9:55) S.Andrus 47 yard field goal is No Good, Wide Right, Center-B.Jennings, Holder-A.Lee.","note":"FGM","players":{"00-0023728":[{"sequence":1,"clubcode":"SF","playerName":"S.Andrus","statId":69,"yards":47}]}}},"fds":3,"result":"Missed FG","penyds":-5,"ydsgained":55,"numplays":13,"postime":"5:12","start":{"qtr":1,"time":"15:00","yrdln":"SF 20","team":"SF"},"end":{"qtr":1,"time":"09:48","yrdln":"ARI 30","team":"SF"}},"2":{"posteam":"ARI","qtr":1,"redzone":true,"plays":{"325":{"sp":0,"qtr":1,"down":1,"time":"09:48","yrdln":"ARI 38","ydstogo":10,"ydsnet":0,"posteam":"ARI","desc":"(9:48) (Shotgun) D.Anderson FUMBLES (Aborted) at ARI 35, RECOVERED by SF-A.Franklin at ARI 38.","note":"FUMBLE","players":{"00-0022147":[{"sequence":3,"clubcode":"SF","playerName":"A.Franklin","statId":59,"yards":0}],"00-0023645":[{"sequence":1,"clubcode":"ARI","playerName":"D.Anderson","statId":106,"yards":0},{"sequence":2,"clubcode":"ARI","playerName":"D.Anderson","statId":10,"yards":0},{"sequence":4,"clubcode":"ARI","playerName":"D.Anderson","statId":53,"yards":0}]}}},"fds":0,"result":"Fumble","penyds":0,"ydsgained":0,"numplays":1,"postime":"0:06","start":{"qtr":1,"time":"09:48","yrdln":"ARI 38","team":"ARI"},"end":{"qtr":1,"time":"09:42","yrdln":"ARI 38","team":"ARI"}},"3":{"posteam":"SF","qtr":1,"redzone":true,"plays":{"345":{"sp":1,"qtr":1,"down":1,"time":"09:42","yrdln":"ARI 38","ydstogo":10,"ydsnet":38,"posteam":"SF","desc":"(9:42) T.Smith pass deep middle to M.Crabtree for 38 yards, TOUCHDOWN.","note":"TD","players":{"00-0025561":[{"sequence":3,"clubcode":"SF","playerName":"T.Smith","statId":16,"yards":38},{"sequence":5,"clubcode":"SF","playerName":"T.Smith","statId":111,"yards":38}],"0":[{"sequence":2,"clubcode":"SF","playerName":null,"statId":4,"yards":0}],"00-0026986":[{"sequence":1,"clubcode":"SF","playerName":"M.Crabtree","statId":22,"yards":38},{"sequence":4,"clubcode":"SF","playerName":"M.Crabtree","statId":113,"yards":0},{"sequence":6,"clubcode":"SF","playerName":"M.Crabtree","statId":115,"yards":0}]}},"366":{"sp":1,"qtr":1,"down":0,"time":"09:35","yrdln":"ARI 2","ydstogo":0,"ydsnet":38,"posteam":"SF","desc":"S.Andrus extra point is GOOD, Center-B.Jennings, Holder-A.Lee.","note":"XP","players":{"00-0023728":[{"sequence":1,"clubcode":"SF","playerName":"S.Andrus","statId":72,"yards":0}]}}},"fds":1,"result":"Touchdown","penyds":0,"ydsgained":38,"numplays":2,"postime":"0:07","start":{"qtr":1,"time":"09:42","yrdln":"ARI 38","team":"SF"},"end":{"qtr":1,"time":"09:35","yrdln":"ARI 38","team":"SF"}},"4":{"posteam":"ARI","qtr":1,"redzone":true,"plays":{"397":{"sp":0,"qtr":1,"down":0,"time":"09:35","yrdln":"SF 30","ydstogo":0,"ydsnet":0,"posteam":"SF","desc":"S.Andrus kicks 49 yards from SF 30 to ARI 21. S.Spach to ARI 32 for 11 yards (D.Zeigler).","note":"KICKOFF","players":{"00-0023728":[{"sequence":3,"clubcode":"SF","playerName":"S.Andrus","statId":41,"yards":49}],"00-0024687":[{"sequence":2,"clubcode":"SF","playerName":"D.Zeigler","statId":79,"yards":0}],"00-0023108":[{"sequence":1,"clubcode":"ARI","playerName":"S.Spach","statId":45,"yards":11}]}},"437":{"sp":0,"qtr":1,"down":1,"time":"09:29","yrdln":"ARI 32","ydstogo":10,"ydsnet":6,"posteam":"ARI","desc":"(9:29) D.Anderson pass short left to L.Fitzgerald to ARI 38 for 6 yards (P.Haralson).","note":null,"players":{"00-0022921":[{"sequence":1,"clubcode":"ARI","playerName":"L.Fitzgerald","statId":21,"yards":6},{"sequence":2,"clubcode":"ARI","playerName":"L.Fitzgerald","statId":115,"yards":0},{"sequence":4,"clubcode":"ARI","playerName":"L.Fitzgerald","statId":113,"yards":7}],"00-0024354":[{"sequence":5,"clubcode":"SF","playerName":"P.Haralson","statId":79,"yards":0}],"00-0023645":[{"sequence":3,"clubcode":"ARI","playerName":"D.Anderson","statId":15,"yards":6},{"sequence":6,"clubcode":"ARI","playerName":"D.Anderson","statId":111,"yards":-1}]}},"461":{"sp":0,"qtr":1,"down":2,"time":"08:54","yrdln":"ARI 38","ydstogo":4,"ydsnet":5,"posteam":"ARI","desc":"(8:54) T.Hightower up the middle to ARI 37 for -1 yards (T.Spikes).","note":null,"players":{"00-0015474":[{"sequence":1,"clubcode":"SF","playerName":"T.Spikes","statId":79,"yards":0},{"sequence":4,"clubcode":"SF","playerName":"T.Spikes","statId":120,"yards":0}],"0":[{"sequence":2,"clubcode":"ARI","playerName":null,"statId":95,"yards":-1}],"00-0026289":[{"sequence":3,"clubcode":"ARI","playerName":"T.Hightower","statId":10,"yards":-1}]}},"482":{"sp":0,"qtr":1,"down":3,"time":"08:10","yrdln":"ARI 37","ydstogo":5,"ydsnet":48,"posteam":"ARI","desc":"(8:10) D.Anderson pass deep right to C.Wells to SF 20 for 43 yards (T.Spikes).","note":null,"players":{"00-0015474":[{"sequence":3,"clubcode":"SF","playerName":"T.Spikes","statId":79,"yards":0}],"0":[{"sequence":2,"clubcode":"ARI","playerName":null,"statId":6,"yards":0},{"sequence":6,"clubcode":"ARI","playerName":null,"statId":4,"yards":0}],"00-0027007":[{"sequence":1,"clubcode":"ARI","playerName":"C.Wells","statId":21,"yards":43},{"sequence":4,"clubcode":"ARI","playerName":"C.Wells","statId":113,"yards":9},{"sequence":7,"clubcode":"ARI","playerName":"C.Wells","statId":115,"yards":0}],"00-0023645":[{"sequence":5,"clubcode":"ARI","playerName":"D.Anderson","statId":15,"yards":43},{"sequence":8,"clubcode":"ARI","playerName":"D.Anderson","statId":111,"yards":34}]}},"506":{"sp":0,"qtr":1,"down":1,"time":"07:23","yrdln":"SF 20","ydstogo":10,"ydsnet":53,"posteam":"ARI","desc":"(7:23) (Shotgun) D.Anderson pass short left to L.Stephens-Howling to SF 15 for 5 yards (J.Smith).","note":null,"players":{"00-0020535":[{"sequence":2,"clubcode":"SF","playerName":"J.Smith","statId":79,"yards":0}],"00-0023645":[{"sequence":1,"clubcode":"ARI","playerName":"D.Anderson","statId":15,"yards":5},{"sequence":3,"clubcode":"ARI","playerName":"D.Anderson","statId":111,"yards":0}],"00-0026956":[{"sequence":4,"clubcode":"ARI","playerName":"L.Stephens-Howling","statId":21,"yards":5},{"sequence":5,"clubcode":"ARI","playerName":"L.Stephens-Howling","statId":113,"yards":5},{"sequence":6,"clubcode":"ARI","playerName":"L.Stephens-Howling","statId":115,"yards":0}]}},"530":{"sp":0,"qtr":1,"down":2,"time":"06:48","yrdln":"SF 15","ydstogo":5,"ydsnet":55,"posteam":"ARI","desc":"(6:48) T.Hightower up the middle to SF 13 for 2 yards (A.Franklin, P.Willis).","note":null,"players":{"00-0025398":[{"sequence":1,"clubcode":"SF","playerName":"P.Willis","statId":82,"yards":0}],"00-0022147":[{"sequence":3,"clubcode":"SF","playerName":"A.Franklin","statId":80,"yards":0}],"00-0026289":[{"sequence":2,"clubcode":"ARI","playerName":"T.Hightower","statId":10,"yards":2}]}},"551":{"sp":0,"qtr":1,"down":3,"time":"06:06","yrdln":"SF 13","ydstogo":3,"ydsnet":55,"posteam":"ARI","desc":"(6:06) (Shotgun) D.Anderson pass incomplete short right to T.Hightower.","note":null,"players":{"0":[{"sequence":3,"clubcode":"ARI","playerName":null,"statId":7,"yards":0}],"00-0023645":[{"sequence":2,"clubcode":"ARI","playerName":"D.Anderson","statId":14,"yards":0},{"sequence":4,"clubcode":"ARI","playerName":"D.Anderson","statId":112,"yards":-1}],"00-0026289":[{"sequence":1,"clubcode":"ARI","playerName":"T.Hightower","statId":115,"yards":0}]}},"573":{"sp":1,"qtr":1,"down":4,"time":"06:01","yrdln":"SF 13","ydstogo":3,"ydsnet":55,"posteam":"ARI","desc":"(6:01) J.Feely 31 yard field goal is GOOD, Center-M.Leach, Holder-B.Graham.","note":"FG","players":{"00-0019770":[{"sequence":1,"clubcode":"ARI","playerName":"J.Feely","statId":70,"yards":31}]}}},"fds":1,"result":"Field Goal","penyds":0,"ydsgained":55,"numplays":8,"postime":"3:39","start":{"qtr":1,"time":"09:35","yrdln":"ARI 32","team":"ARI"},"end":{"qtr":1,"time":"05:56","yrdln":"SF 13","team":"ARI"}},"5":{"posteam":"SF","qtr":1,"redzone":true,"plays":{"592":{"sp":0,"qtr":1,"down":0,"time":"05:56","yrdln":"ARI 30","ydstogo":0,"ydsnet":0,"posteam":"ARI","desc":"J.Feely kicks 66 yards from ARI 30 to SF 4. T.Ginn pushed ob at SF 45 for 41 yards (T.McBride).","note":"KICKOFF","players":{"00-0019770":[{"sequence":3,"clubcode":"ARI","playerName":"J.Feely","statId":41,"yards":66}],"00-0025608":[{"sequence":2,"clubcode":"ARI","playerName":"T.McBride","statId":79,"yards":0}],"00-0025396":[{"sequence":1,"clubcode":"SF","playerName":"T.Ginn","statId":45,"yards":41}]}},"615":{"sp":0,"qtr":1,"down":1,"time":"05:48","yrdln":"SF 45","ydstogo":10,"ydsnet":9,"posteam":"SF","desc":"(5:48) F.Gore up the middle to ARI 46 for 9 yards (P.Lenon).","note":null,"players":{"00-0019104":[{"sequence":2,"clubcode":"ARI","playerName":"P.Lenon","statId":79,"yards":0}],"00-0023500":[{"sequence":1,"clubcode":"SF","playerName":"F.Gore","statId":10,"yards":9}]}},"636":{"sp":0,"qtr":1,"down":2,"time":"05:11","yrdln":"ARI 46","ydstogo":1,"ydsnet":15,"posteam":"SF","desc":"(5:11) F.Gore up the middle to ARI 41 for 5 yards (G.Hayes). PENALTY on ARI-C.Haggans, Defensive Offside, 6 yards, enforced at ARI 46 - No Play.","note":"PENALTY","players":{"0":[{"sequence":2,"clubcode":"SF","playerName":null,"statId":5,"yards":0}],"00-0019538":[{"sequence":1,"clubcode":"ARI","playerName":"C.Haggans","statId":93,"yards":6}]}},"669":{"sp":0,"qtr":1,"down":1,"time":"04:55","yrdln":"ARI 40","ydstogo":10,"ydsnet":24,"posteam":"SF","desc":"(4:55) T.Smith pass short left to J.Morgan ran ob at ARI 31 for 9 yards.","note":null,"players":{"00-0025561":[{"sequence":2,"clubcode":"SF","playerName":"T.Smith","statId":15,"yards":9},{"sequence":5,"clubcode":"SF","playerName":"T.Smith","statId":111,"yards":9}],"00-0026314":[{"sequence":1,"clubcode":"SF","playerName":"J.Morgan","statId":113,"yards":0},{"sequence":3,"clubcode":"SF","playerName":"J.Morgan","statId":115,"yards":0},{"sequence":4,"clubcode":"SF","playerName":"J.Morgan","statId":21,"yards":9}]}},"693":{"sp":0,"qtr":1,"down":2,"time":"04:30","yrdln":"ARI 31","ydstogo":1,"ydsnet":26,"posteam":"SF","desc":"(4:30) A.Dixon up the middle to ARI 29 for 2 yards (G.Hayes).","note":null,"players":{"00-0027772":[{"sequence":3,"clubcode":"SF","playerName":"A.Dixon","statId":10,"yards":2}],"0":[{"sequence":2,"clubcode":"SF","playerName":null,"statId":3,"yards":0}],"00-0021941":[{"sequence":1,"clubcode":"ARI","playerName":"G.Hayes","statId":79,"yards":0}]}},"720":{"sp":0,"qtr":1,"down":1,"time":"03:48","yrdln":"ARI 29","ydstogo":10,"ydsnet":26,"posteam":"SF","desc":"(3:48) T.Smith pass incomplete short right.","note":null,"players":{"00-0025561":[{"sequence":1,"clubcode":"SF","playerName":"T.Smith","statId":112,"yards":9},{"sequence":2,"clubcode":"SF","playerName":"T.Smith","statId":14,"yards":0}]}},"742":{"sp":0,"qtr":1,"down":2,"time":"03:42","yrdln":"ARI 29","ydstogo":10,"ydsnet":42,"posteam":"SF","desc":"(3:42) T.Smith pass deep right to V.Davis pushed ob at ARI 13 for 16 yards (D.Rodgers-Cromartie).","note":null,"players":{"00-0025561":[{"sequence":2,"clubcode":"SF","playerName":"T.Smith","statId":111,"yards":16},{"sequence":6,"clubcode":"SF","playerName":"T.Smith","statId":15,"yards":16}],"00-0026156":[{"sequence":1,"clubcode":"ARI","playerName":"D.Rodgers-Cromartie","statId":79,"yards":0}],"0":[{"sequence":4,"clubcode":"SF","playerName":null,"statId":4,"yards":0}],"00-0024221":[{"sequence":3,"clubcode":"SF","playerName":"V.Davis","statId":113,"yards":0},{"sequence":5,"clubcode":"SF","playerName":"V.Davis","statId":21,"yards":16},{"sequence":7,"clubcode":"SF","playerName":"V.Davis","statId":115,"yards":0}]}},"766":{"sp":0,"qtr":1,"down":1,"time":"03:09","yrdln":"ARI 13","ydstogo":10,"ydsnet":50,"posteam":"SF","desc":"(3:09) B.Westbrook up the middle to ARI 5 for 8 yards (P.Lenon).","note":null,"players":{"00-0019104":[{"sequence":2,"clubcode":"ARI","playerName":"P.Lenon","statId":79,"yards":0}],"00-0021216":[{"sequence":1,"clubcode":"SF","playerName":"B.Westbrook","statId":10,"yards":8}]}},"787":{"sp":0,"qtr":1,"down":2,"time":"02:24","yrdln":"ARI 5","ydstogo":2,"ydsnet":52,"posteam":"SF","desc":"(2:24) B.Westbrook up the middle to ARI 3 for 2 yards (A.Wilson).","note":null,"players":{"0":[{"sequence":2,"clubcode":"SF","playerName":null,"statId":3,"yards":0}],"00-0021216":[{"sequence":3,"clubcode":"SF","playerName":"B.Westbrook","statId":10,"yards":2}],"00-0020505":[{"sequence":1,"clubcode":"ARI","playerName":"A.Wilson","statId":79,"yards":0}]}},"808":{"sp":0,"qtr":1,"down":0,"time":"01:36","yrdln":"","ydstogo":0,"ydsnet":52,"posteam":"","desc":"Timeout #1 by SF at 01:36.","note":"TIMEOUT","players":{"0":[{"sequence":1,"clubcode":"SF","playerName":null,"statId":68,"yards":0}]}},"836":{"sp":0,"qtr":1,"down":1,"time":"01:36","yrdln":"ARI 3","ydstogo":3,"ydsnet":54,"posteam":"SF","desc":"(1:36) B.Westbrook left end pushed ob at ARI 1 for 2 yards (K.Rhodes).","note":null,"players":{"00-0023557":[{"sequence":2,"clubcode":"ARI","playerName":"K.Rhodes","statId":79,"yards":0}],"00-0021216":[{"sequence":1,"clubcode":"SF","playerName":"B.Westbrook","statId":10,"yards":2}]}},"857":{"sp":0,"qtr":1,"down":2,"time":"01:14","yrdln":"ARI 1","ydstogo":1,"ydsnet":54,"posteam":"SF","desc":"(1:14) A.Dixon left tackle to ARI 1 for no gain (G.Hayes, P.Lenon).","note":null,"players":{"00-0019104":[{"sequence":1,"clubcode":"ARI","playerName":"P.Lenon","statId":82,"yards":0}],"00-0027772":[{"sequence":3,"clubcode":"SF","playerName":"A.Dixon","statId":10,"yards":0}],"00-0021941":[{"sequence":2,"clubcode":"ARI","playerName":"G.Hayes","statId":80,"yards":0}]}},"878":{"sp":1,"qtr":1,"down":3,"time":"00:34","yrdln":"ARI 1","ydstogo":1,"ydsnet":55,"posteam":"SF","desc":"(:34) A.Dixon right tackle for 1 yard, TOUCHDOWN.","note":"TD","players":{"00-0027772":[{"sequence":1,"clubcode":"SF","playerName":"A.Dixon","statId":11,"yards":1}],"0":[{"sequence":2,"clubcode":"SF","playerName":null,"statId":6,"yards":0},{"sequence":3,"clubcode":"SF","playerName":null,"statId":3,"yards":0}]}},"896":{"sp":1,"qtr":1,"down":0,"time":"00:29","yrdln":"ARI 2","ydstogo":0,"ydsnet":55,"posteam":"SF","desc":"S.Andrus extra point is GOOD, Center-B.Jennings, Holder-A.Lee.","note":"XP","players":{"00-0023728":[{"sequence":1,"clubcode":"SF","playerName":"S.Andrus","statId":72,"yards":0}]}}},"fds":5,"result":"Touchdown","penyds":6,"ydsgained":49,"numplays":14,"postime":"5:27","start":{"qtr":1,"time":"05:56","yrdln":"SF 45","team":"SF"},"end":{"qtr":1,"time":"00:29","yrdln":"ARI 1","team":"SF"}},"6":{"posteam":"ARI","qtr":2,"redzone":true,"plays":{"912":{"sp":0,"qtr":1,"down":0,"time":"00:29","yrdln":"SF 30","ydstogo":0,"ydsnet":0,"posteam":"SF","desc":"S.Andrus kicks 68 yards from SF 30 to ARI 2. L.Stephens-Howling to ARI 31 for 29 yards (N.Bowman).","note":"KICKOFF","players":{"00-0027894":[{"sequence":3,"clubcode":"SF","playerName":"N.Bowman","statId":79,"yards":0}],"00-0023728":[{"sequence":2,"clubcode":"SF","playerName":"S.Andrus","statId":41,"yards":68}],"00-0026956":[{"sequence":1,"clubcode":"ARI","playerName":"L.Stephens-Howling","statId":45,"yards":29}]}},"934":{"sp":0,"qtr":1,"down":1,"time":"00:22","yrdln":"ARI 31","ydstogo":10,"ydsnet":-3,"posteam":"ARI","desc":"(:22) T.Hightower right tackle to ARI 28 for -3 yards (R.Smith).","note":null,"players":{"00-0026215":[{"sequence":3,"clubcode":"SF","playerName":"R.Smith","statId":79,"yards":0},{"sequence":4,"clubcode":"SF","playerName":"R.Smith","statId":120,"yards":0}],"0":[{"sequence":1,"clubcode":"ARI","playerName":null,"statId":95,"yards":-3}],"00-0026289":[{"sequence":2,"clubcode":"ARI","playerName":"T.Hightower","statId":10,"yards":-3}]}},"971":{"sp":0,"qtr":2,"down":2,"time":"15:00","yrdln":"ARI 28","ydstogo":13,"ydsnet":0,"posteam":"ARI","desc":"(15:00) (Shotgun) D.Anderson pass short right to E.Doucet to ARI 31 for 3 yards (N.Clements).","note":null,"players":{"00-0020495":[{"sequence":1,"clubcode":"SF","playerName":"N.Clements","statId":79,"yards":0}],"00-0026221":[{"sequence":2,"clubcode":"ARI","playerName":"E.Doucet","statId":113,"yards":0},{"sequence":3,"clubcode":"ARI","playerName":"E.Doucet","statId":115,"yards":0},{"sequence":5,"clubcode":"ARI","playerName":"E.Doucet","statId":21,"yards":3}],"00-0023645":[{"sequence":4,"clubcode":"ARI","playerName":"D.Anderson","statId":111,"yards":3},{"sequence":6,"clubcode":"ARI","playerName":"D.Anderson","statId":15,"yards":3}]}},"995":{"sp":0,"qtr":2,"down":3,"time":"14:18","yrdln":"ARI 31","ydstogo":10,"ydsnet":9,"posteam":"ARI","desc":"(14:18) (Shotgun) D.Anderson pass short left to A.Roberts to ARI 40 for 9 yards (P.Willis).","note":null,"players":{"00-0027691":[{"sequence":4,"clubcode":"ARI","playerName":"A.Roberts","statId":113,"yards":6},{"sequence":5,"clubcode":"ARI","playerName":"A.Roberts","statId":115,"yards":0},{"sequence":6,"clubcode":"ARI","playerName":"A.Roberts","statId":21,"yards":9}],"00-0025398":[{"sequence":1,"clubcode":"SF","playerName":"P.Willis","statId":79,"yards":0}],"0":[{"sequence":2,"clubcode":"ARI","playerName":null,"statId":7,"yards":0}],"00-0023645":[{"sequence":3,"clubcode":"ARI","playerName":"D.Anderson","statId":111,"yards":3},{"sequence":7,"clubcode":"ARI","playerName":"D.Anderson","statId":15,"yards":9}]}},"1019":{"sp":0,"qtr":2,"down":4,"time":"13:40","yrdln":"ARI 40","ydstogo":1,"ydsnet":9,"posteam":"ARI","desc":"(13:40) B.Graham punts 50 yards to SF 10, Center-M.Leach. T.Ginn pushed ob at SF 22 for 12 yards (R.Johnson).","note":"PUNT","players":{"00-0025396":[{"sequence":3,"clubcode":"SF","playerName":"T.Ginn","statId":33,"yards":12}],"00-0027067":[{"sequence":2,"clubcode":"ARI","playerName":"R.Johnson","statId":79,"yards":0}],"00-0022954":[{"sequence":1,"clubcode":"ARI","playerName":"B.Graham","statId":29,"yards":50}]}}},"fds":0,"result":"Punt","penyds":0,"ydsgained":9,"numplays":5,"postime":"2:04","start":{"qtr":1,"time":"00:29","yrdln":"ARI 31","team":"ARI"},"end":{"qtr":1,"time":"13:25","yrdln":"ARI 40","team":"ARI"}},"7":{"posteam":"SF","qtr":2,"redzone":true,"plays":{"1067":{"sp":0,"qtr":2,"down":1,"time":"13:25","yrdln":"SF 22","ydstogo":10,"ydsnet":7,"posteam":"SF","desc":"(13:25) B.Westbrook up the middle to SF 29 for 7 yards (A.Wilson).","note":null,"players":{"00-0021216":[{"sequence":1,"clubcode":"SF","playerName":"B.Westbrook","statId":10,"yards":7}],"00-0020505":[{"sequence":2,"clubcode":"ARI","playerName":"A.Wilson","statId":79,"yards":0}]}},"1088":{"sp":0,"qtr":2,"down":2,"time":"12:45","yrdln":"SF 29","ydstogo":3,"ydsnet":2,"posteam":"SF","desc":"(12:45) T.Smith pass short right to A.Dixon to SF 24 for -5 yards (G.Hayes).","note":null,"players":{"00-0025561":[{"sequence":3,"clubcode":"SF","playerName":"T.Smith","statId":15,"yards":-5},{"sequence":4,"clubcode":"SF","playerName":"T.Smith","statId":111,"yards":-5}],"00-0027772":[{"sequence":1,"clubcode":"SF","playerName":"A.Dixon","statId":21,"yards":-5},{"sequence":2,"clubcode":"SF","playerName":"A.Dixon","statId":115,"yards":0},{"sequence":5,"clubcode":"SF","playerName":"A.Dixon","statId":113,"yards":0}],"00-0021941":[{"sequence":6,"clubcode":"ARI","playerName":"G.Hayes","statId":79,"yards":0},{"sequence":7,"clubcode":"ARI","playerName":"G.Hayes","statId":120,"yards":0}]}},"1112":{"sp":0,"qtr":2,"down":3,"time":"12:00","yrdln":"SF 24","ydstogo":8,"ydsnet":6,"posteam":"SF","desc":"(12:00) (Shotgun) B.Westbrook up the middle to SF 28 for 4 yards (A.Wilson).","note":null,"players":{"0":[{"sequence":3,"clubcode":"SF","playerName":null,"statId":7,"yards":0}],"00-0021216":[{"sequence":2,"clubcode":"SF","playerName":"B.Westbrook","statId":10,"yards":4}],"00-0020505":[{"sequence":1,"clubcode":"ARI","playerName":"A.Wilson","statId":79,"yards":0}]}},"1133":{"sp":0,"qtr":2,"down":4,"time":"11:29","yrdln":"SF 28","ydstogo":4,"ydsnet":6,"posteam":"SF","desc":"(11:29) A.Lee punts 52 yards to ARI 20, Center-B.Jennings. A.Roberts to ARI 17 for -3 yards (R.Smith).","note":"PUNT","players":{"00-0026215":[{"sequence":3,"clubcode":"SF","playerName":"R.Smith","statId":79,"yards":0}],"00-0027691":[{"sequence":2,"clubcode":"ARI","playerName":"A.Roberts","statId":33,"yards":-3}],"00-0022824":[{"sequence":1,"clubcode":"SF","playerName":"A.Lee","statId":29,"yards":52},{"sequence":4,"clubcode":"SF","playerName":"A.Lee","statId":30,"yards":0}]}}},"fds":0,"result":"Punt","penyds":0,"ydsgained":6,"numplays":4,"postime":"2:09","start":{"qtr":2,"time":"13:25","yrdln":"SF 22","team":"SF"},"end":{"qtr":2,"time":"11:16","yrdln":"SF 28","team":"SF"}},"8":{"posteam":"ARI","qtr":2,"redzone":true,"plays":{"1176":{"sp":0,"qtr":2,"down":1,"time":"11:16","yrdln":"ARI 17","ydstogo":10,"ydsnet":2,"posteam":"ARI","desc":"(11:16) D.Anderson pass incomplete short right to R.Maui'a [T.LaBoy].","note":null,"players":{"00-0025568":[{"sequence":1,"clubcode":"ARI","playerName":"R.Maui'a","statId":115,"yards":0}],"00-0022894":[{"sequence":4,"clubcode":"SF","playerName":"T.LaBoy","statId":110,"yards":0}],"00-0023645":[{"sequence":2,"clubcode":"ARI","playerName":"D.Anderson","statId":14,"yards":0},{"sequence":3,"clubcode":"ARI","playerName":"D.Anderson","statId":112,"yards":8}]}},"1198":{"sp":0,"qtr":2,"down":2,"time":"11:10","yrdln":"ARI 17","ydstogo":10,"ydsnet":2,"posteam":"ARI","desc":"(11:10) (Shotgun) C.Wells right end to ARI 19 for 2 yards (R.Smith, T.Spikes).","note":null,"players":{"00-0026215":[{"sequence":2,"clubcode":"SF","playerName":"R.Smith","statId":80,"yards":0}],"00-0015474":[{"sequence":1,"clubcode":"SF","playerName":"T.Spikes","statId":82,"yards":0}],"00-0027007":[{"sequence":3,"clubcode":"ARI","playerName":"C.Wells","statId":10,"yards":2}]}},"1219":{"sp":0,"qtr":2,"down":3,"time":"10:26","yrdln":"ARI 19","ydstogo":8,"ydsnet":2,"posteam":"ARI","desc":"(10:26) (Shotgun) D.Anderson pass incomplete short right to S.Breaston (P.Adams).","note":null,"players":{"00-0027610":[{"sequence":5,"clubcode":"SF","playerName":"P.Adams","statId":85,"yards":0}],"00-0025529":[{"sequence":3,"clubcode":"ARI","playerName":"S.Breaston","statId":115,"yards":0}],"0":[{"sequence":2,"clubcode":"ARI","playerName":null,"statId":7,"yards":0}],"00-0023645":[{"sequence":1,"clubcode":"ARI","playerName":"D.Anderson","statId":14,"yards":0},{"sequence":4,"clubcode":"ARI","playerName":"D.Anderson","statId":112,"yards":10}]}},"1241":{"sp":0,"qtr":2,"down":4,"time":"10:22","yrdln":"ARI 19","ydstogo":8,"ydsnet":2,"posteam":"ARI","desc":"(10:22) B.Graham punts 65 yards to SF 16, Center-M.Leach. T.Ginn to ARI 42 for 42 yards (D.Washington).","note":"PUNT","players":{"00-0025396":[{"sequence":2,"clubcode":"SF","playerName":"T.Ginn","statId":33,"yards":42}],"00-0027886":[{"sequence":3,"clubcode":"ARI","playerName":"D.Washington","statId":79,"yards":0}],"00-0022954":[{"sequence":1,"clubcode":"ARI","playerName":"B.Graham","statId":29,"yards":65}]}}},"fds":0,"result":"Punt","penyds":0,"ydsgained":2,"numplays":4,"postime":"1:09","start":{"qtr":2,"time":"11:16","yrdln":"ARI 17","team":"ARI"},"end":{"qtr":2,"time":"10:07","yrdln":"ARI 19","team":"ARI"}},"9":{"posteam":"SF","qtr":2,"redzone":true,"plays":{"1284":{"sp":0,"qtr":2,"down":1,"time":"10:07","yrdln":"ARI 42","ydstogo":10,"ydsnet":5,"posteam":"SF","desc":"(10:07) T.Smith pass short right to M.Norris to ARI 37 for 5 yards (C.Haggans).","note":null,"players":{"00-0025561":[{"sequence":5,"clubcode":"SF","playerName":"T.Smith","statId":15,"yards":5},{"sequence":6,"clubcode":"SF","playerName":"T.Smith","statId":111,"yards":2}],"00-0020508":[{"sequence":1,"clubcode":"SF","playerName":"M.Norris","statId":113,"yards":3},{"sequence":3,"clubcode":"SF","playerName":"M.Norris","statId":115,"yards":0},{"sequence":4,"clubcode":"SF","playerName":"M.Norris","statId":21,"yards":5}],"00-0019538":[{"sequence":2,"clubcode":"ARI","playerName":"C.Haggans","statId":79,"yards":0}]}},"1308":{"sp":0,"qtr":2,"down":2,"time":"09:25","yrdln":"ARI 37","ydstogo":5,"ydsnet":5,"posteam":"SF","desc":"(9:25) T.Smith pass incomplete deep left to J.Morgan.","note":null,"players":{"00-0025561":[{"sequence":1,"clubcode":"SF","playerName":"T.Smith","statId":112,"yards":17},{"sequence":2,"clubcode":"SF","playerName":"T.Smith","statId":14,"yards":0}],"00-0026314":[{"sequence":3,"clubcode":"SF","playerName":"J.Morgan","statId":115,"yards":0}]}},"1330":{"sp":0,"qtr":2,"down":3,"time":"09:20","yrdln":"ARI 37","ydstogo":5,"ydsnet":21,"posteam":"SF","desc":"(9:20) (Shotgun) T.Smith pass deep middle to V.Davis to ARI 21 for 16 yards (R.Johnson).","note":null,"players":{"00-0025561":[{"sequence":2,"clubcode":"SF","playerName":"T.Smith","statId":15,"yards":16},{"sequence":6,"clubcode":"SF","playerName":"T.Smith","statId":111,"yards":16}],"00-0027067":[{"sequence":4,"clubcode":"ARI","playerName":"R.Johnson","statId":79,"yards":0}],"00-0024221":[{"sequence":3,"clubcode":"SF","playerName":"V.Davis","statId":21,"yards":16},{"sequence":7,"clubcode":"SF","playerName":"V.Davis","statId":113,"yards":0},{"sequence":8,"clubcode":"SF","playerName":"V.Davis","statId":115,"yards":0}],"0":[{"sequence":1,"clubcode":"SF","playerName":null,"statId":4,"yards":0},{"sequence":5,"clubcode":"SF","playerName":null,"statId":6,"yards":0}]}},"1354":{"sp":0,"qtr":2,"down":1,"time":"08:40","yrdln":"ARI 21","ydstogo":10,"ydsnet":27,"posteam":"SF","desc":"(8:40) (Shotgun) T.Smith pass short left to J.Morgan to ARI 15 for 6 yards (M.Adams, A.Wilson).","note":null,"players":{"00-0025561":[{"sequence":3,"clubcode":"SF","playerName":"T.Smith","statId":111,"yards":1},{"sequence":4,"clubcode":"SF","playerName":"T.Smith","statId":15,"yards":6}],"00-0026314":[{"sequence":1,"clubcode":"SF","playerName":"J.Morgan","statId":113,"yards":5},{"sequence":5,"clubcode":"SF","playerName":"J.Morgan","statId":21,"yards":6},{"sequence":6,"clubcode":"SF","playerName":"J.Morgan","statId":115,"yards":0}],"00-0020505":[{"sequence":2,"clubcode":"ARI","playerName":"A.Wilson","statId":82,"yards":0}],"00-0025668":[{"sequence":7,"clubcode":"ARI","playerName":"M.Adams","statId":80,"yards":0}]}},"1379":{"sp":0,"qtr":2,"down":2,"time":"08:05","yrdln":"ARI 15","ydstogo":4,"ydsnet":34,"posteam":"SF","desc":"(8:05) B.Westbrook left tackle pushed ob at ARI 8 for 7 yards (J.Porter).","note":null,"players":{"0":[{"sequence":1,"clubcode":"SF","playerName":null,"statId":3,"yards":0}],"00-0021216":[{"sequence":3,"clubcode":"SF","playerName":"B.Westbrook","statId":10,"yards":7}],"00-0013126":[{"sequence":2,"clubcode":"ARI","playerName":"J.Porter","statId":79,"yards":0}]}},"1400":{"sp":1,"qtr":2,"down":1,"time":"07:29","yrdln":"ARI 8","ydstogo":8,"ydsnet":42,"posteam":"SF","desc":"(7:29) B.Westbrook up the middle for 8 yards, TOUCHDOWN.","note":"TD","players":{"0":[{"sequence":2,"clubcode":"SF","playerName":null,"statId":3,"yards":0}],"00-0021216":[{"sequence":1,"clubcode":"SF","playerName":"B.Westbrook","statId":11,"yards":8}]}},"1418":{"sp":1,"qtr":2,"down":0,"time":"07:23","yrdln":"ARI 2","ydstogo":0,"ydsnet":42,"posteam":"SF","desc":"S.Andrus extra point is GOOD, Center-B.Jennings, Holder-A.Lee.","note":"XP","players":{"00-0023728":[{"sequence":1,"clubcode":"SF","playerName":"S.Andrus","statId":72,"yards":0}]}}},"fds":3,"result":"Touchdown","penyds":0,"ydsgained":42,"numplays":7,"postime":"2:44","start":{"qtr":2,"time":"10:07","yrdln":"ARI 42","team":"SF"},"end":{"qtr":2,"time":"07:23","yrdln":"ARI 8","team":"SF"}},"10":{"posteam":"ARI","qtr":2,"redzone":true,"plays":{"1449":{"sp":0,"qtr":2,"down":0,"time":"07:23","yrdln":"SF 30","ydstogo":0,"ydsnet":0,"posteam":"SF","desc":"S.Andrus kicks 61 yards from SF 30 to ARI 9. L.Stephens-Howling pushed ob at ARI 39 for 30 yards (T.Brown).","note":"KICKOFF","players":{"00-0023728":[{"sequence":1,"clubcode":"SF","playerName":"S.Andrus","statId":41,"yards":61}],"00-0026956":[{"sequence":2,"clubcode":"ARI","playerName":"L.Stephens-Howling","statId":45,"yards":30}],"00-0025534":[{"sequence":3,"clubcode":"SF","playerName":"T.Brown","statId":79,"yards":0}]}},"1471":{"sp":0,"qtr":2,"down":1,"time":"07:15","yrdln":"ARI 39","ydstogo":10,"ydsnet":5,"posteam":"ARI","desc":"(7:15) C.Wells right tackle to ARI 44 for 5 yards (J.Smith).","note":null,"players":{"00-0020535":[{"sequence":1,"clubcode":"SF","playerName":"J.Smith","statId":79,"yards":0}],"00-0027007":[{"sequence":2,"clubcode":"ARI","playerName":"C.Wells","statId":10,"yards":5}]}},"1492":{"sp":0,"qtr":2,"down":2,"time":"06:33","yrdln":"ARI 44","ydstogo":5,"ydsnet":19,"posteam":"ARI","desc":"(6:33) D.Anderson pass short left to L.Fitzgerald pushed ob at SF 42 for 14 yards (D.Goldson).","note":null,"players":{"00-0022921":[{"sequence":1,"clubcode":"ARI","playerName":"L.Fitzgerald","statId":115,"yards":0},{"sequence":2,"clubcode":"ARI","playerName":"L.Fitzgerald","statId":113,"yards":0},{"sequence":6,"clubcode":"ARI","playerName":"L.Fitzgerald","statId":21,"yards":14}],"00-0025513":[{"sequence":5,"clubcode":"SF","playerName":"D.Goldson","statId":79,"yards":0}],"0":[{"sequence":7,"clubcode":"ARI","playerName":null,"statId":4,"yards":0}],"00-0023645":[{"sequence":3,"clubcode":"ARI","playerName":"D.Anderson","statId":111,"yards":14},{"sequence":4,"clubcode":"ARI","playerName":"D.Anderson","statId":15,"yards":14}]}},"1517":{"sp":0,"qtr":2,"down":1,"time":"05:55","yrdln":"SF 42","ydstogo":10,"ydsnet":27,"posteam":"ARI","desc":"(5:55) C.Wells right tackle to SF 34 for 8 yards (A.Franklin).","note":null,"players":{"00-0027007":[{"sequence":1,"clubcode":"ARI","playerName":"C.Wells","statId":10,"yards":8}],"00-0022147":[{"sequence":2,"clubcode":"SF","playerName":"A.Franklin","statId":79,"yards":0}]}},"1544":{"sp":0,"qtr":2,"down":2,"time":"05:16","yrdln":"SF 34","ydstogo":2,"ydsnet":17,"posteam":"ARI","desc":"(5:16) C.Wells left tackle to SF 30 for 4 yards (T.Spikes). PENALTY on ARI-L.Brown, Offensive Holding, 10 yards, enforced at SF 34 - No Play.","note":"PENALTY","players":{"00-0025392":[{"sequence":1,"clubcode":"ARI","playerName":"L.Brown","statId":93,"yards":10}]}},"1576":{"sp":0,"qtr":2,"down":2,"time":"04:50","yrdln":"SF 44","ydstogo":12,"ydsnet":17,"posteam":"ARI","desc":"(4:50) (Shotgun) D.Anderson pass incomplete short right to S.Breaston (M.Lawson).","note":null,"players":{"00-0025529":[{"sequence":4,"clubcode":"ARI","playerName":"S.Breaston","statId":115,"yards":0}],"00-0024237":[{"sequence":1,"clubcode":"SF","playerName":"M.Lawson","statId":85,"yards":0}],"00-0023645":[{"sequence":2,"clubcode":"ARI","playerName":"D.Anderson","statId":14,"yards":0},{"sequence":3,"clubcode":"ARI","playerName":"D.Anderson","statId":112,"yards":-4}]}},"1598":{"sp":0,"qtr":2,"down":3,"time":"04:45","yrdln":"SF 44","ydstogo":12,"ydsnet":32,"posteam":"ARI","desc":"(4:45) (Shotgun) D.Anderson pass short middle to S.Breaston to SF 29 for 15 yards (T.Brown).","note":null,"players":{"00-0025529":[{"sequence":5,"clubcode":"ARI","playerName":"S.Breaston","statId":115,"yards":0},{"sequence":7,"clubcode":"ARI","playerName":"S.Breaston","statId":21,"yards":15},{"sequence":8,"clubcode":"ARI","playerName":"S.Breaston","statId":113,"yards":0}],"0":[{"sequence":4,"clubcode":"ARI","playerName":null,"statId":4,"yards":0},{"sequence":6,"clubcode":"ARI","playerName":null,"statId":6,"yards":0}],"00-0023645":[{"sequence":2,"clubcode":"ARI","playerName":"D.Anderson","statId":111,"yards":15},{"sequence":3,"clubcode":"ARI","playerName":"D.Anderson","statId":15,"yards":15}],"00-0025534":[{"sequence":1,"clubcode":"SF","playerName":"T.Brown","statId":79,"yards":0}]}},"1622":{"sp":0,"qtr":2,"down":1,"time":"03:57","yrdln":"SF 29","ydstogo":10,"ydsnet":43,"posteam":"ARI","desc":"(3:57) D.Anderson pass short left to L.Fitzgerald to SF 18 for 11 yards (S.Spencer).","note":null,"players":{"00-0022921":[{"sequence":4,"clubcode":"ARI","playerName":"L.Fitzgerald","statId":115,"yards":0},{"sequence":5,"clubcode":"ARI","playerName":"L.Fitzgerald","statId":21,"yards":11},{"sequence":6,"clubcode":"ARI","playerName":"L.Fitzgerald","statId":113,"yards":0}],"00-0022843":[{"sequence":1,"clubcode":"SF","playerName":"S.Spencer","statId":79,"yards":0}],"0":[{"sequence":2,"clubcode":"ARI","playerName":null,"statId":4,"yards":0}],"00-0023645":[{"sequence":3,"clubcode":"ARI","playerName":"D.Anderson","statId":15,"yards":11},{"sequence":7,"clubcode":"ARI","playerName":"D.Anderson","statId":111,"yards":11}]}},"1646":{"sp":0,"qtr":2,"down":1,"time":"03:11","yrdln":"SF 18","ydstogo":10,"ydsnet":43,"posteam":"ARI","desc":"(3:11) (Shotgun) D.Anderson pass incomplete deep right to L.Fitzgerald.","note":null,"players":{"00-0022921":[{"sequence":3,"clubcode":"ARI","playerName":"L.Fitzgerald","statId":115,"yards":0}],"00-0023645":[{"sequence":1,"clubcode":"ARI","playerName":"D.Anderson","statId":112,"yards":18},{"sequence":2,"clubcode":"ARI","playerName":"D.Anderson","statId":14,"yards":0}]}},"1668":{"sp":0,"qtr":2,"down":2,"time":"03:05","yrdln":"SF 18","ydstogo":10,"ydsnet":40,"posteam":"ARI","desc":"(3:05) C.Wells right tackle to SF 21 for -3 yards (A.Brooks).","note":null,"players":{"00-0024495":[{"sequence":2,"clubcode":"SF","playerName":"A.Brooks","statId":120,"yards":0},{"sequence":3,"clubcode":"SF","playerName":"A.Brooks","statId":79,"yards":0}],"0":[{"sequence":4,"clubcode":"ARI","playerName":null,"statId":95,"yards":-3}],"00-0027007":[{"sequence":1,"clubcode":"ARI","playerName":"C.Wells","statId":10,"yards":-3}]}},"1689":{"sp":0,"qtr":2,"down":3,"time":"02:25","yrdln":"SF 21","ydstogo":13,"ydsnet":40,"posteam":"ARI","desc":"(2:25) (Shotgun) D.Anderson pass incomplete short left to E.Doucet.","note":null,"players":{"00-0026221":[{"sequence":1,"clubcode":"ARI","playerName":"E.Doucet","statId":115,"yards":0}],"0":[{"sequence":3,"clubcode":"ARI","playerName":null,"statId":7,"yards":0}],"00-0023645":[{"sequence":2,"clubcode":"ARI","playerName":"D.Anderson","statId":112,"yards":-4},{"sequence":4,"clubcode":"ARI","playerName":"D.Anderson","statId":14,"yards":0}]}},"1711":{"sp":1,"qtr":2,"down":4,"time":"02:21","yrdln":"SF 21","ydstogo":13,"ydsnet":40,"posteam":"ARI","desc":"(2:21) J.Feely 39 yard field goal is GOOD, Center-M.Leach, Holder-B.Graham.","note":"FG","players":{"00-0019770":[{"sequence":1,"clubcode":"ARI","playerName":"J.Feely","statId":70,"yards":39}]}}},"fds":3,"result":"Field Goal","penyds":-10,"ydsgained":50,"numplays":12,"postime":"5:07","start":{"qtr":2,"time":"07:23","yrdln":"ARI 39","team":"ARI"},"end":{"qtr":2,"time":"02:16","yrdln":"SF 21","team":"ARI"}},"11":{"posteam":"SF","qtr":2,"redzone":true,"plays":{"1731":{"sp":0,"qtr":2,"down":0,"time":"02:16","yrdln":"ARI 30","ydstogo":0,"ydsnet":0,"posteam":"ARI","desc":"J.Feely kicks 70 yards from ARI 30 to SF 0. T.Ginn ran ob at SF 49 for 49 yards (O.Schofield). PENALTY on SF-C.Spillman, Offensive Holding, 10 yards, enforced at SF 21.","note":"KICKOFF","players":{"00-0019770":[{"sequence":1,"clubcode":"ARI","playerName":"J.Feely","statId":43,"yards":70}],"00-0025396":[{"sequence":2,"clubcode":"SF","playerName":"T.Ginn","statId":45,"yards":21}],"00-0027730":[{"sequence":4,"clubcode":"ARI","playerName":"O.Schofield","statId":79,"yards":0}],"00-0026758":[{"sequence":3,"clubcode":"SF","playerName":"C.Spillman","statId":93,"yards":10}]}},"1769":{"sp":0,"qtr":2,"down":1,"time":"02:06","yrdln":"SF 11","ydstogo":10,"ydsnet":7,"posteam":"SF","desc":"(2:06) B.Westbrook left tackle to SF 18 for 7 yards (M.Adams).","note":null,"players":{"00-0021216":[{"sequence":1,"clubcode":"SF","playerName":"B.Westbrook","statId":10,"yards":7}],"00-0025668":[{"sequence":2,"clubcode":"ARI","playerName":"M.Adams","statId":79,"yards":0}]}},"1807":{"sp":0,"qtr":2,"down":2,"time":"02:00","yrdln":"SF 18","ydstogo":3,"ydsnet":13,"posteam":"SF","desc":"(2:00) B.Westbrook right tackle to SF 24 for 6 yards (D.Williams).","note":null,"players":{"0":[{"sequence":3,"clubcode":"SF","playerName":null,"statId":3,"yards":0}],"00-0027877":[{"sequence":2,"clubcode":"ARI","playerName":"D.Williams","statId":79,"yards":0}],"00-0021216":[{"sequence":1,"clubcode":"SF","playerName":"B.Westbrook","statId":10,"yards":6}]}},"1828":{"sp":0,"qtr":2,"down":1,"time":"01:20","yrdln":"SF 24","ydstogo":10,"ydsnet":13,"posteam":"SF","desc":"(1:20) T.Smith pass deep middle intended for M.Crabtree INTERCEPTED by M.Adams at SF 42. M.Adams to SF 42 for no gain (M.Crabtree).","note":"INT","players":{"00-0025561":[{"sequence":1,"clubcode":"SF","playerName":"T.Smith","statId":19,"yards":0},{"sequence":4,"clubcode":"SF","playerName":"T.Smith","statId":112,"yards":18}],"00-0026986":[{"sequence":3,"clubcode":"SF","playerName":"M.Crabtree","statId":115,"yards":0},{"sequence":6,"clubcode":"SF","playerName":"M.Crabtree","statId":79,"yards":0}],"00-0025668":[{"sequence":2,"clubcode":"ARI","playerName":"M.Adams","statId":25,"yards":0},{"sequence":5,"clubcode":"ARI","playerName":"M.Adams","statId":85,"yards":0}]}}},"fds":1,"result":"Interception","penyds":0,"ydsgained":13,"numplays":4,"postime":"1:03","start":{"qtr":2,"time":"02:16","yrdln":"SF 11","team":"SF"},"end":{"qtr":2,"time":"01:13","yrdln":"SF 24","team":"SF"}},"12":{"posteam":"ARI","qtr":2,"redzone":true,"plays":{"1855":{"sp":0,"qtr":2,"down":1,"time":"01:13","yrdln":"SF 42","ydstogo":10,"ydsnet":0,"posteam":"ARI","desc":"(1:13) D.Anderson pass incomplete short right to S.Spach [J.Smith].","note":null,"players":{"00-0020535":[{"sequence":3,"clubcode":"SF","playerName":"J.Smith","statId":110,"yards":0}],"00-0023108":[{"sequence":4,"clubcode":"ARI","playerName":"S.Spach","statId":115,"yards":0}],"00-0023645":[{"sequence":1,"clubcode":"ARI","playerName":"D.Anderson","statId":112,"yards":3},{"sequence":2,"clubcode":"ARI","playerName":"D.Anderson","statId":14,"yards":0}]}},"1877":{"sp":0,"qtr":2,"down":2,"time":"01:08","yrdln":"SF 42","ydstogo":10,"ydsnet":0,"posteam":"ARI","desc":"(1:08) (Shotgun) D.Anderson pass incomplete short right to L.Fitzgerald (S.Spencer).","note":null,"players":{"00-0022921":[{"sequence":2,"clubcode":"ARI","playerName":"L.Fitzgerald","statId":115,"yards":0}],"00-0022843":[{"sequence":4,"clubcode":"SF","playerName":"S.Spencer","statId":85,"yards":0}],"00-0023645":[{"sequence":1,"clubcode":"ARI","playerName":"D.Anderson","statId":112,"yards":6},{"sequence":3,"clubcode":"ARI","playerName":"D.Anderson","statId":14,"yards":0}]}},"1899":{"sp":0,"qtr":2,"down":3,"time":"01:03","yrdln":"SF 42","ydstogo":10,"ydsnet":0,"posteam":"ARI","desc":"(1:03) (Shotgun) D.Anderson pass incomplete short right.","note":null,"players":{"0":[{"sequence":2,"clubcode":"ARI","playerName":null,"statId":7,"yards":0}],"00-0023645":[{"sequence":1,"clubcode":"ARI","playerName":"D.Anderson","statId":14,"yards":0},{"sequence":3,"clubcode":"ARI","playerName":"D.Anderson","statId":112,"yards":7}]}},"1921":{"sp":0,"qtr":2,"down":4,"time":"00:56","yrdln":"SF 42","ydstogo":10,"ydsnet":0,"posteam":"ARI","desc":"(:56) B.Graham punts 42 yards to end zone, Center-M.Leach, Touchback.","note":"PUNT","players":{"00-0022954":[{"sequence":2,"clubcode":"ARI","playerName":"B.Graham","statId":32,"yards":42}],"0":[{"sequence":1,"clubcode":"SF","playerName":null,"statId":40,"yards":0}]}}},"fds":0,"result":"Punt","penyds":0,"ydsgained":0,"numplays":4,"postime":"0:25","start":{"qtr":2,"time":"01:13","yrdln":"SF 42","team":"ARI"},"end":{"qtr":2,"time":"00:48","yrdln":"SF 42","team":"ARI"}},"13":{"posteam":"SF","qtr":2,"redzone":true,"plays":{"1939":{"sp":0,"qtr":2,"down":1,"time":"00:48","yrdln":"SF 20","ydstogo":10,"ydsnet":5,"posteam":"SF","desc":"(:48) B.Westbrook up the middle to SF 25 for 5 yards (D.Williams).","note":null,"players":{"00-0021216":[{"sequence":2,"clubcode":"SF","playerName":"B.Westbrook","statId":10,"yards":5}],"00-0027877":[{"sequence":1,"clubcode":"ARI","playerName":"D.Williams","statId":79,"yards":0}]}},"1960":{"sp":0,"qtr":2,"down":0,"time":"00:41","yrdln":"","ydstogo":0,"ydsnet":5,"posteam":"","desc":"Timeout #1 by ARI at 00:41.","note":"TIMEOUT","players":{"0":[{"sequence":1,"clubcode":"ARI","playerName":null,"statId":68,"yards":0}]}},"1977":{"sp":0,"qtr":2,"down":2,"time":"00:41","yrdln":"SF 25","ydstogo":5,"ydsnet":10,"posteam":"SF","desc":"(:41) B.Westbrook right tackle to SF 30 for 5 yards (P.Lenon, G.Hayes).","note":null,"players":{"00-0019104":[{"sequence":1,"clubcode":"ARI","playerName":"P.Lenon","statId":80,"yards":0}],"0":[{"sequence":2,"clubcode":"SF","playerName":null,"statId":3,"yards":0}],"00-0021941":[{"sequence":3,"clubcode":"ARI","playerName":"G.Hayes","statId":82,"yards":0}],"00-0021216":[{"sequence":4,"clubcode":"SF","playerName":"B.Westbrook","statId":10,"yards":5}]}}},"fds":1,"result":"End of Half","penyds":0,"ydsgained":10,"numplays":3,"postime":"0:48","start":{"qtr":2,"time":"00:48","yrdln":"SF 20","team":"SF"},"end":{"qtr":2,"time":"00:00","yrdln":"SF 25","team":"SF"}},"14":{"posteam":"ARI","qtr":3,"redzone":true,"plays":{"2015":{"sp":0,"qtr":3,"down":0,"time":"15:00","yrdln":"SF 30","ydstogo":0,"ydsnet":0,"posteam":"SF","desc":"S.Andrus kicks 65 yards from SF 30 to ARI 5. L.Stephens-Howling pushed ob at SF 12 for 83 yards (T.Brown). PENALTY on ARI-D.Washington, Offensive Holding, 10 yards, enforced at ARI 28.","note":"KICKOFF","players":{"00-0023728":[{"sequence":1,"clubcode":"SF","playerName":"S.Andrus","statId":41,"yards":65}],"00-0027886":[{"sequence":3,"clubcode":"ARI","playerName":"D.Washington","statId":93,"yards":10}],"00-0026956":[{"sequence":4,"clubcode":"ARI","playerName":"L.Stephens-Howling","statId":45,"yards":23}],"00-0025534":[{"sequence":2,"clubcode":"SF","playerName":"T.Brown","statId":79,"yards":0}]}},"2049":{"sp":0,"qtr":3,"down":1,"time":"14:47","yrdln":"ARI 18","ydstogo":10,"ydsnet":5,"posteam":"ARI","desc":"(14:47) T.Hightower right tackle to ARI 23 for 5 yards (P.Willis).","note":null,"players":{"00-0025398":[{"sequence":2,"clubcode":"SF","playerName":"P.Willis","statId":79,"yards":0}],"00-0026289":[{"sequence":1,"clubcode":"ARI","playerName":"T.Hightower","statId":10,"yards":5}]}},"2070":{"sp":0,"qtr":3,"down":2,"time":"14:14","yrdln":"ARI 23","ydstogo":5,"ydsnet":2,"posteam":"ARI","desc":"(14:14) T.Hightower right tackle to ARI 20 for -3 yards (N.Clements).","note":null,"players":{"00-0020495":[{"sequence":2,"clubcode":"SF","playerName":"N.Clements","statId":120,"yards":0},{"sequence":3,"clubcode":"SF","playerName":"N.Clements","statId":79,"yards":0}],"0":[{"sequence":1,"clubcode":"ARI","playerName":null,"statId":95,"yards":-3}],"00-0026289":[{"sequence":4,"clubcode":"ARI","playerName":"T.Hightower","statId":10,"yards":-3}]}},"2091":{"sp":0,"qtr":3,"down":3,"time":"13:31","yrdln":"ARI 20","ydstogo":8,"ydsnet":2,"posteam":"ARI","desc":"(13:31) (Shotgun) D.Anderson pass incomplete short middle to E.Doucet (N.Clements).","note":null,"players":{"00-0020495":[{"sequence":1,"clubcode":"SF","playerName":"N.Clements","statId":85,"yards":0}],"00-0026221":[{"sequence":4,"clubcode":"ARI","playerName":"E.Doucet","statId":115,"yards":0}],"0":[{"sequence":3,"clubcode":"ARI","playerName":null,"statId":7,"yards":0}],"00-0023645":[{"sequence":2,"clubcode":"ARI","playerName":"D.Anderson","statId":112,"yards":15},{"sequence":5,"clubcode":"ARI","playerName":"D.Anderson","statId":14,"yards":0}]}},"2113":{"sp":0,"qtr":3,"down":4,"time":"13:26","yrdln":"ARI 20","ydstogo":8,"ydsnet":2,"posteam":"ARI","desc":"(13:26) B.Graham punts 50 yards to SF 30, Center-M.Leach, downed by ARI-T.McBride.","note":"PUNT","players":{"00-0022954":[{"sequence":2,"clubcode":"ARI","playerName":"B.Graham","statId":29,"yards":50}],"0":[{"sequence":1,"clubcode":"SF","playerName":null,"statId":38,"yards":0}]}}},"fds":0,"result":"Punt","penyds":0,"ydsgained":2,"numplays":5,"postime":"1:45","start":{"qtr":3,"time":"15:00","yrdln":"ARI 18","team":"ARI"},"end":{"qtr":3,"time":"13:15","yrdln":"ARI 20","team":"ARI"}},"15":{"posteam":"SF","qtr":3,"redzone":true,"plays":{"2150":{"sp":0,"qtr":3,"down":1,"time":"13:15","yrdln":"SF 30","ydstogo":10,"ydsnet":10,"posteam":"SF","desc":"(13:15) T.Smith pass short left to M.Crabtree pushed ob at SF 40 for 10 yards (M.Adams).","note":null,"players":{"00-0025561":[{"sequence":1,"clubcode":"SF","playerName":"T.Smith","statId":111,"yards":6},{"sequence":7,"clubcode":"SF","playerName":"T.Smith","statId":15,"yards":10}],"0":[{"sequence":4,"clubcode":"SF","playerName":null,"statId":4,"yards":0}],"00-0026986":[{"sequence":2,"clubcode":"SF","playerName":"M.Crabtree","statId":113,"yards":4},{"sequence":3,"clubcode":"SF","playerName":"M.Crabtree","statId":115,"yards":0},{"sequence":5,"clubcode":"SF","playerName":"M.Crabtree","statId":21,"yards":10}],"00-0025668":[{"sequence":6,"clubcode":"ARI","playerName":"M.Adams","statId":79,"yards":0}]}},"2174":{"sp":0,"qtr":3,"down":1,"time":"12:47","yrdln":"SF 40","ydstogo":10,"ydsnet":25,"posteam":"SF","desc":"(12:47) M.Norris up the middle to SF 40 for no gain (J.Porter). PENALTY on ARI-C.Haggans, Unnecessary Roughness, 15 yards, enforced at SF 40.","note":"PENALTY","players":{"00-0020508":[{"sequence":3,"clubcode":"SF","playerName":"M.Norris","statId":10,"yards":0}],"00-0019538":[{"sequence":4,"clubcode":"ARI","playerName":"C.Haggans","statId":93,"yards":15}],"0":[{"sequence":2,"clubcode":"SF","playerName":null,"statId":5,"yards":0}],"00-0013126":[{"sequence":1,"clubcode":"ARI","playerName":"J.Porter","statId":79,"yards":0}]}},"2206":{"sp":0,"qtr":3,"down":1,"time":"12:25","yrdln":"ARI 45","ydstogo":10,"ydsnet":36,"posteam":"SF","desc":"(12:25) (Shotgun) T.Smith pass short right to T.Ginn to ARI 34 for 11 yards (P.Lenon).","note":null,"players":{"00-0019104":[{"sequence":7,"clubcode":"ARI","playerName":"P.Lenon","statId":79,"yards":0}],"00-0025396":[{"sequence":4,"clubcode":"SF","playerName":"T.Ginn","statId":21,"yards":11},{"sequence":5,"clubcode":"SF","playerName":"T.Ginn","statId":115,"yards":0},{"sequence":6,"clubcode":"SF","playerName":"T.Ginn","statId":113,"yards":2}],"00-0025561":[{"sequence":2,"clubcode":"SF","playerName":"T.Smith","statId":15,"yards":11},{"sequence":3,"clubcode":"SF","playerName":"T.Smith","statId":111,"yards":9}],"0":[{"sequence":1,"clubcode":"SF","playerName":"","statId":4,"yards":0}]}},"2230":{"sp":0,"qtr":3,"down":1,"time":"11:44","yrdln":"ARI 34","ydstogo":10,"ydsnet":41,"posteam":"SF","desc":"(11:44) PENALTY on ARI-C.Haggans, Encroachment, 5 yards, enforced at ARI 34 - No Play.","note":"PENALTY","players":{"00-0019538":[{"sequence":1,"clubcode":"ARI","playerName":"C.Haggans","statId":93,"yards":5}]}},"2253":{"sp":0,"qtr":3,"down":1,"time":"11:37","yrdln":"ARI 29","ydstogo":5,"ydsnet":44,"posteam":"SF","desc":"(11:37) B.Westbrook right tackle to ARI 26 for 3 yards (G.Hayes).","note":null,"players":{"00-0021941":[{"sequence":2,"clubcode":"ARI","playerName":"G.Hayes","statId":79,"yards":0}],"00-0021216":[{"sequence":1,"clubcode":"SF","playerName":"B.Westbrook","statId":10,"yards":3}]}},"2275":{"sp":0,"qtr":3,"down":2,"time":"10:51","yrdln":"ARI 26","ydstogo":2,"ydsnet":39,"posteam":"SF","desc":"(10:51) PENALTY on SF-D.Baas, False Start, 5 yards, enforced at ARI 26 - No Play.","note":"PENALTY","players":{"00-0023468":[{"sequence":1,"clubcode":"SF","playerName":"D.Baas","statId":93,"yards":5}]}},"2298":{"sp":0,"qtr":3,"down":2,"time":"10:41","yrdln":"ARI 31","ydstogo":7,"ydsnet":51,"posteam":"SF","desc":"(10:41) B.Westbrook left tackle to ARI 19 for 12 yards (A.Wilson, M.Adams).","note":null,"players":{"0":[{"sequence":1,"clubcode":"SF","playerName":"","statId":3,"yards":0}],"00-0021216":[{"sequence":2,"clubcode":"SF","playerName":"B.Westbrook","statId":10,"yards":12}],"00-0020505":[{"sequence":3,"clubcode":"ARI","playerName":"A.Wilson","statId":80,"yards":0}],"00-0025668":[{"sequence":4,"clubcode":"ARI","playerName":"M.Adams","statId":82,"yards":0}]}},"2319":{"sp":0,"qtr":3,"down":1,"time":"10:41","yrdln":"ARI 19","ydstogo":10,"ydsnet":46,"posteam":"SF","desc":"(10:41) PENALTY on SF-M.Iupati, False Start, 5 yards, enforced at ARI 19 - No Play.","note":"PENALTY","players":{"00-0027869":[{"sequence":1,"clubcode":"SF","playerName":"M.Iupati","statId":93,"yards":5}]}},"2342":{"sp":0,"qtr":3,"down":1,"time":"09:41","yrdln":"ARI 24","ydstogo":15,"ydsnet":46,"posteam":"SF","desc":"(9:41) (Shotgun) T.Smith pass incomplete short middle to J.Morgan (K.Rhodes).","note":null,"players":{"00-0025561":[{"sequence":1,"clubcode":"SF","playerName":"T.Smith","statId":14,"yards":0},{"sequence":4,"clubcode":"SF","playerName":"T.Smith","statId":112,"yards":6}],"00-0026314":[{"sequence":2,"clubcode":"SF","playerName":"J.Morgan","statId":115,"yards":0}],"00-0023557":[{"sequence":3,"clubcode":"ARI","playerName":"K.Rhodes","statId":85,"yards":0}]}},"2364":{"sp":0,"qtr":3,"down":0,"time":"09:36","yrdln":"","ydstogo":0,"ydsnet":46,"posteam":"","desc":"Timeout #1 by SF at 09:36.","note":"TIMEOUT","players":{"0":[{"sequence":1,"clubcode":"SF","playerName":"","statId":68,"yards":0}]}},"2381":{"sp":0,"qtr":3,"down":2,"time":"09:36","yrdln":"ARI 24","ydstogo":15,"ydsnet":42,"posteam":"SF","desc":"(9:36) T.Smith sacked at ARI 28 for -4 yards (C.Haggans).","note":null,"players":{"00-0025561":[{"sequence":1,"clubcode":"SF","playerName":"T.Smith","statId":20,"yards":-4}],"00-0019538":[{"sequence":2,"clubcode":"ARI","playerName":"C.Haggans","statId":83,"yards":-4},{"sequence":3,"clubcode":"ARI","playerName":"C.Haggans","statId":110,"yards":0},{"sequence":4,"clubcode":"ARI","playerName":"C.Haggans","statId":79,"yards":0},{"sequence":5,"clubcode":"ARI","playerName":"C.Haggans","statId":120,"yards":0}]}},"2400":{"sp":0,"qtr":3,"down":3,"time":"09:15","yrdln":"ARI 28","ydstogo":19,"ydsnet":52,"posteam":"SF","desc":"(9:15) (Shotgun) T.Smith pass short right to D.Zeigler to ARI 18 for 10 yards (P.Lenon).","note":null,"players":{"00-0019104":[{"sequence":7,"clubcode":"ARI","playerName":"P.Lenon","statId":79,"yards":0}],"00-0025561":[{"sequence":2,"clubcode":"SF","playerName":"T.Smith","statId":15,"yards":10},{"sequence":3,"clubcode":"SF","playerName":"T.Smith","statId":111,"yards":5}],"0":[{"sequence":1,"clubcode":"SF","playerName":"","statId":7,"yards":0}],"00-0024687":[{"sequence":4,"clubcode":"SF","playerName":"D.Zeigler","statId":21,"yards":10},{"sequence":5,"clubcode":"SF","playerName":"D.Zeigler","statId":115,"yards":0},{"sequence":6,"clubcode":"SF","playerName":"D.Zeigler","statId":113,"yards":5}]}},"2424":{"sp":0,"qtr":3,"down":4,"time":"08:34","yrdln":"ARI 18","ydstogo":9,"ydsnet":52,"posteam":"SF","desc":"(8:34) S.Andrus 37 yard field goal is BLOCKED (D.Rodgers-Cromartie), Center-B.Jennings, Holder-A.Lee.","note":"FGB","players":{"00-0026156":[{"sequence":1,"clubcode":"ARI","playerName":"D.Rodgers-Cromartie","statId":88,"yards":0}],"00-0023728":[{"sequence":2,"clubcode":"SF","playerName":"S.Andrus","statId":71,"yards":37}]}}},"fds":4,"result":"Missed FG","penyds":10,"ydsgained":42,"numplays":13,"postime":"4:46","start":{"qtr":3,"time":"13:15","yrdln":"SF 30","team":"SF"},"end":{"qtr":3,"time":"08:29","yrdln":"ARI 18","team":"SF"}},"16":{"posteam":"ARI","qtr":3,"redzone":true,"plays":{"2462":{"sp":0,"qtr":3,"down":1,"time":"08:29","yrdln":"ARI 27","ydstogo":10,"ydsnet":-6,"posteam":"ARI","desc":"(8:29) D.Anderson sacked at ARI 21 for -6 yards (P.Willis).","note":null,"players":{"00-0025398":[{"sequence":2,"clubcode":"SF","playerName":"P.Willis","statId":83,"yards":-6},{"sequence":3,"clubcode":"SF","playerName":"P.Willis","statId":110,"yards":0},{"sequence":4,"clubcode":"SF","playerName":"P.Willis","statId":79,"yards":0},{"sequence":5,"clubcode":"SF","playerName":"P.Willis","statId":120,"yards":0}],"00-0023645":[{"sequence":1,"clubcode":"ARI","playerName":"D.Anderson","statId":20,"yards":-6}]}},"2481":{"sp":0,"qtr":3,"down":2,"time":"08:01","yrdln":"ARI 21","ydstogo":16,"ydsnet":-5,"posteam":"ARI","desc":"(8:01) C.Wells up the middle to ARI 22 for 1 yard (T.LaBoy).","note":null,"players":{"00-0022894":[{"sequence":2,"clubcode":"SF","playerName":"T.LaBoy","statId":79,"yards":0}],"00-0027007":[{"sequence":1,"clubcode":"ARI","playerName":"C.Wells","statId":10,"yards":1}]}},"2502":{"sp":0,"qtr":3,"down":3,"time":"07:19","yrdln":"ARI 22","ydstogo":15,"ydsnet":3,"posteam":"ARI","desc":"(7:19) (Shotgun) D.Anderson pass short right to E.Doucet to ARI 30 for 8 yards (T.Brown).","note":null,"players":{"00-0026221":[{"sequence":4,"clubcode":"ARI","playerName":"E.Doucet","statId":21,"yards":8},{"sequence":5,"clubcode":"ARI","playerName":"E.Doucet","statId":115,"yards":0},{"sequence":6,"clubcode":"ARI","playerName":"E.Doucet","statId":113,"yards":0}],"0":[{"sequence":1,"clubcode":"ARI","playerName":"","statId":7,"yards":0}],"00-0023645":[{"sequence":2,"clubcode":"ARI","playerName":"D.Anderson","statId":15,"yards":8},{"sequence":3,"clubcode":"ARI","playerName":"D.Anderson","statId":111,"yards":8}],"00-0025534":[{"sequence":7,"clubcode":"SF","playerName":"T.Brown","statId":79,"yards":0}]}},"2526":{"sp":0,"qtr":3,"down":4,"time":"06:45","yrdln":"ARI 30","ydstogo":7,"ydsnet":3,"posteam":"ARI","desc":"(6:45) B.Graham punts 34 yards to SF 36, Center-M.Leach, downed by ARI-T.McBride.","note":"PUNT","players":{"0":[{"sequence":2,"clubcode":"SF","playerName":"","statId":38,"yards":0}],"00-0022954":[{"sequence":1,"clubcode":"ARI","playerName":"B.Graham","statId":29,"yards":34}]}}},"fds":0,"result":"Punt","penyds":0,"ydsgained":3,"numplays":4,"postime":"1:58","start":{"qtr":3,"time":"08:29","yrdln":"ARI 27","team":"ARI"},"end":{"qtr":3,"time":"06:31","yrdln":"ARI 30","team":"ARI"}},"17":{"posteam":"SF","qtr":3,"redzone":true,"plays":{"2563":{"sp":0,"qtr":3,"down":1,"time":"06:31","yrdln":"SF 36","ydstogo":10,"ydsnet":13,"posteam":"SF","desc":"(6:31) J.Morgan left end to SF 49 for 13 yards (M.Adams, A.Wilson).","note":null,"players":{"00-0026314":[{"sequence":2,"clubcode":"SF","playerName":"J.Morgan","statId":10,"yards":13}],"0":[{"sequence":1,"clubcode":"SF","playerName":"","statId":3,"yards":0}],"00-0020505":[{"sequence":4,"clubcode":"ARI","playerName":"A.Wilson","statId":82,"yards":0}],"00-0025668":[{"sequence":3,"clubcode":"ARI","playerName":"M.Adams","statId":80,"yards":0}]}},"2584":{"sp":0,"qtr":3,"down":1,"time":"05:47","yrdln":"SF 49","ydstogo":10,"ydsnet":19,"posteam":"SF","desc":"(5:47) B.Westbrook up the middle to ARI 45 for 6 yards (D.Williams).","note":null,"players":{"00-0027877":[{"sequence":2,"clubcode":"ARI","playerName":"D.Williams","statId":79,"yards":0}],"00-0021216":[{"sequence":1,"clubcode":"SF","playerName":"B.Westbrook","statId":10,"yards":6}]}},"2605":{"sp":0,"qtr":3,"down":2,"time":"05:03","yrdln":"ARI 45","ydstogo":4,"ydsnet":38,"posteam":"SF","desc":"(5:03) B.Westbrook up the middle to ARI 26 for 19 yards (K.Rhodes, P.Lenon).","note":null,"players":{"00-0019104":[{"sequence":4,"clubcode":"ARI","playerName":"P.Lenon","statId":82,"yards":0}],"0":[{"sequence":1,"clubcode":"SF","playerName":"","statId":3,"yards":0}],"00-0023557":[{"sequence":3,"clubcode":"ARI","playerName":"K.Rhodes","statId":80,"yards":0}],"00-0021216":[{"sequence":2,"clubcode":"SF","playerName":"B.Westbrook","statId":10,"yards":19}]}},"2626":{"sp":0,"qtr":3,"down":1,"time":"04:17","yrdln":"ARI 26","ydstogo":10,"ydsnet":42,"posteam":"SF","desc":"(4:17) A.Dixon right tackle to ARI 22 for 4 yards (G.Watson).","note":null,"players":{"00-0027772":[{"sequence":1,"clubcode":"SF","playerName":"A.Dixon","statId":10,"yards":4}],"00-0024322":[{"sequence":2,"clubcode":"ARI","playerName":"G.Watson","statId":79,"yards":0}]}},"2647":{"sp":0,"qtr":3,"down":2,"time":"03:33","yrdln":"ARI 22","ydstogo":6,"ydsnet":44,"posteam":"SF","desc":"(3:33) A.Dixon left tackle to ARI 20 for 2 yards (D.Washington).","note":null,"players":{"00-0027772":[{"sequence":1,"clubcode":"SF","playerName":"A.Dixon","statId":10,"yards":2}],"00-0027886":[{"sequence":2,"clubcode":"ARI","playerName":"D.Washington","statId":79,"yards":0}]}},"2668":{"sp":0,"qtr":3,"down":3,"time":"02:47","yrdln":"ARI 20","ydstogo":4,"ydsnet":44,"posteam":"SF","desc":"(2:47) (Shotgun) T.Smith pass incomplete short right to M.Crabtree.","note":null,"players":{"00-0025561":[{"sequence":2,"clubcode":"SF","playerName":"T.Smith","statId":14,"yards":0},{"sequence":4,"clubcode":"SF","playerName":"T.Smith","statId":112,"yards":15}],"0":[{"sequence":1,"clubcode":"SF","playerName":"","statId":7,"yards":0}],"00-0026986":[{"sequence":3,"clubcode":"SF","playerName":"M.Crabtree","statId":115,"yards":0}]}},"2690":{"sp":1,"qtr":3,"down":4,"time":"02:43","yrdln":"ARI 20","ydstogo":4,"ydsnet":44,"posteam":"SF","desc":"(2:43) S.Andrus 38 yard field goal is GOOD, Center-B.Jennings, Holder-A.Lee.","note":"FG","players":{"00-0023728":[{"sequence":1,"clubcode":"SF","playerName":"S.Andrus","statId":70,"yards":38}]}}},"fds":2,"result":"Field Goal","penyds":0,"ydsgained":44,"numplays":7,"postime":"3:53","start":{"qtr":3,"time":"06:31","yrdln":"SF 36","team":"SF"},"end":{"qtr":3,"time":"02:38","yrdln":"ARI 20","team":"SF"}},"18":{"posteam":"ARI","qtr":3,"redzone":true,"plays":{"2725":{"sp":0,"qtr":3,"down":0,"time":"02:38","yrdln":"SF 30","ydstogo":0,"ydsnet":0,"posteam":"SF","desc":"S.Andrus kicks 48 yards from SF 30 to ARI 22. S.Spach to ARI 37 for 15 yards (N.Bowman).","note":"KICKOFF","players":{"00-0027894":[{"sequence":3,"clubcode":"SF","playerName":"N.Bowman","statId":79,"yards":0}],"00-0023728":[{"sequence":1,"clubcode":"SF","playerName":"S.Andrus","statId":41,"yards":48}],"00-0023108":[{"sequence":2,"clubcode":"ARI","playerName":"S.Spach","statId":45,"yards":15}]}},"2747":{"sp":0,"qtr":3,"down":1,"time":"02:33","yrdln":"ARI 37","ydstogo":10,"ydsnet":0,"posteam":"ARI","desc":"(2:33) D.Anderson pass incomplete short right to T.Hightower.","note":null,"players":{"00-0023645":[{"sequence":1,"clubcode":"ARI","playerName":"D.Anderson","statId":14,"yards":0},{"sequence":3,"clubcode":"ARI","playerName":"D.Anderson","statId":112,"yards":-2}],"00-0026289":[{"sequence":2,"clubcode":"ARI","playerName":"T.Hightower","statId":115,"yards":0}]}},"2769":{"sp":0,"qtr":3,"down":0,"time":"02:29","yrdln":"","ydstogo":0,"ydsnet":0,"posteam":"","desc":"Timeout #1 by ARI at 02:29.","note":"TIMEOUT","players":{"0":[{"sequence":1,"clubcode":"ARI","playerName":"","statId":68,"yards":0}]}},"2786":{"sp":0,"qtr":3,"down":2,"time":"02:29","yrdln":"ARI 37","ydstogo":10,"ydsnet":23,"posteam":"ARI","desc":"(2:29) D.Anderson pass deep left to E.Doucet to SF 40 for 23 yards (N.Clements).","note":null,"players":{"00-0020495":[{"sequence":7,"clubcode":"SF","playerName":"N.Clements","statId":79,"yards":0}],"00-0026221":[{"sequence":4,"clubcode":"ARI","playerName":"E.Doucet","statId":21,"yards":23},{"sequence":5,"clubcode":"ARI","playerName":"E.Doucet","statId":115,"yards":0},{"sequence":6,"clubcode":"ARI","playerName":"E.Doucet","statId":113,"yards":0}],"0":[{"sequence":1,"clubcode":"ARI","playerName":"","statId":4,"yards":0}],"00-0023645":[{"sequence":2,"clubcode":"ARI","playerName":"D.Anderson","statId":15,"yards":23},{"sequence":3,"clubcode":"ARI","playerName":"D.Anderson","statId":111,"yards":23}]}},"2811":{"sp":0,"qtr":3,"down":1,"time":"01:50","yrdln":"SF 40","ydstogo":10,"ydsnet":23,"posteam":"ARI","desc":"(1:50) D.Anderson pass short right intended for E.Doucet INTERCEPTED by T.Spikes at SF 35. T.Spikes to ARI 45 for 20 yards. Lateral to N.Clements to ARI 12 for 33 yards (T.Hightower). Arizona challenged the runner was down by contact ruling, and the play was REVERSED. D.Anderson pass short right intended for E.Doucet INTERCEPTED by T.Spikes at SF 35. T.Spikes to SF 35 for no gain (E.Doucet). PENALTY on ARI-J.Bridges, Unnecessary Roughness, 15 yards, enforced between downs.","note":"INT","players":{"00-0015474":[{"sequence":4,"clubcode":"SF","playerName":"T.Spikes","statId":25,"yards":0},{"sequence":5,"clubcode":"SF","playerName":"T.Spikes","statId":85,"yards":0}],"00-0021974":[{"sequence":7,"clubcode":"ARI","playerName":"J.Bridges","statId":93,"yards":15}],"00-0026221":[{"sequence":2,"clubcode":"ARI","playerName":"E.Doucet","statId":115,"yards":0},{"sequence":6,"clubcode":"ARI","playerName":"E.Doucet","statId":79,"yards":0}],"00-0023645":[{"sequence":1,"clubcode":"ARI","playerName":"D.Anderson","statId":19,"yards":0},{"sequence":3,"clubcode":"ARI","playerName":"D.Anderson","statId":112,"yards":5}]}}},"fds":1,"result":"Interception","penyds":0,"ydsgained":23,"numplays":5,"postime":"0:52","start":{"qtr":3,"time":"02:38","yrdln":"ARI 37","team":"ARI"},"end":{"qtr":3,"time":"01:46","yrdln":"SF 40","team":"ARI"}},"19":{"posteam":"SF","qtr":4,"redzone":true,"plays":{"2854":{"sp":0,"qtr":3,"down":1,"time":"01:46","yrdln":"50","ydstogo":10,"ydsnet":42,"posteam":"SF","desc":"(1:46) T.Smith pass incomplete deep left to M.Crabtree.","note":null,"players":{"00-0025561":[{"sequence":1,"clubcode":"SF","playerName":"T.Smith","statId":14,"yards":0},{"sequence":3,"clubcode":"SF","playerName":"T.Smith","statId":112,"yards":16}],"00-0026986":[{"sequence":2,"clubcode":"SF","playerName":"M.Crabtree","statId":115,"yards":0}]}},"2964":{"sp":0,"qtr":3,"down":2,"time":"01:42","yrdln":"50","ydstogo":10,"ydsnet":42,"posteam":"SF","desc":"(1:42) B.Westbrook left tackle to ARI 35 for 15 yards (A.Wilson, M.Adams).","note":null,"players":{"0":[{"sequence":1,"clubcode":"SF","playerName":"","statId":3,"yards":0}],"00-0021216":[{"sequence":2,"clubcode":"SF","playerName":"B.Westbrook","statId":10,"yards":15}],"00-0020505":[{"sequence":3,"clubcode":"ARI","playerName":"A.Wilson","statId":80,"yards":0}],"00-0025668":[{"sequence":4,"clubcode":"ARI","playerName":"M.Adams","statId":82,"yards":0}]}},"2985":{"sp":0,"qtr":3,"down":1,"time":"01:00","yrdln":"ARI 35","ydstogo":10,"ydsnet":42,"posteam":"SF","desc":"(1:00) B.Westbrook up the middle to ARI 28 for 7 yards (P.Lenon).","note":null,"players":{"00-0019104":[{"sequence":2,"clubcode":"ARI","playerName":"P.Lenon","statId":79,"yards":0}],"00-0021216":[{"sequence":1,"clubcode":"SF","playerName":"B.Westbrook","statId":10,"yards":7}]}},"3006":{"sp":0,"qtr":3,"down":2,"time":"00:18","yrdln":"ARI 28","ydstogo":3,"ydsnet":42,"posteam":"SF","desc":"(:18) B.Westbrook right tackle to ARI 25 for 3 yards (C.Haggans).","note":null,"players":{"00-0019538":[{"sequence":3,"clubcode":"ARI","playerName":"C.Haggans","statId":79,"yards":0}],"0":[{"sequence":1,"clubcode":"SF","playerName":"","statId":3,"yards":0}],"00-0021216":[{"sequence":2,"clubcode":"SF","playerName":"B.Westbrook","statId":10,"yards":3}]}},"3028":{"sp":0,"qtr":3,"down":0,"time":"","yrdln":"","ydstogo":0,"ydsnet":25,"posteam":"","desc":"END QUARTER 3","note":null,"players":{}},"3044":{"sp":0,"qtr":4,"down":1,"time":"15:00","yrdln":"ARI 25","ydstogo":10,"ydsnet":25,"posteam":"SF","desc":"(15:00) (Shotgun) T.Smith pass incomplete short left to V.Davis.","note":null,"players":{"00-0025561":[{"sequence":1,"clubcode":"SF","playerName":"T.Smith","statId":14,"yards":0},{"sequence":3,"clubcode":"SF","playerName":"T.Smith","statId":112,"yards":-4}],"00-0024221":[{"sequence":2,"clubcode":"SF","playerName":"V.Davis","statId":115,"yards":0}]}},"3066":{"sp":0,"qtr":4,"down":2,"time":"14:56","yrdln":"ARI 25","ydstogo":10,"ydsnet":25,"posteam":"SF","desc":"(14:56) B.Westbrook right tackle to ARI 25 for no gain (D.Dockett, A.Wilson).","note":null,"players":{"00-0022930":[{"sequence":2,"clubcode":"ARI","playerName":"D.Dockett","statId":80,"yards":0}],"00-0021216":[{"sequence":1,"clubcode":"SF","playerName":"B.Westbrook","statId":10,"yards":0}],"00-0020505":[{"sequence":3,"clubcode":"ARI","playerName":"A.Wilson","statId":82,"yards":0}]}},"3087":{"sp":0,"qtr":4,"down":3,"time":"14:14","yrdln":"ARI 25","ydstogo":10,"ydsnet":38,"posteam":"SF","desc":"(14:14) T.Smith pass short left to J.Morgan to ARI 12 for 13 yards (M.Adams).","note":null,"players":{"00-0025561":[{"sequence":3,"clubcode":"SF","playerName":"T.Smith","statId":15,"yards":13},{"sequence":4,"clubcode":"SF","playerName":"T.Smith","statId":111,"yards":5}],"00-0026314":[{"sequence":5,"clubcode":"SF","playerName":"J.Morgan","statId":21,"yards":13},{"sequence":6,"clubcode":"SF","playerName":"J.Morgan","statId":115,"yards":0},{"sequence":7,"clubcode":"SF","playerName":"J.Morgan","statId":113,"yards":8}],"0":[{"sequence":1,"clubcode":"SF","playerName":"","statId":4,"yards":0},{"sequence":2,"clubcode":"SF","playerName":"","statId":6,"yards":0}],"00-0025668":[{"sequence":8,"clubcode":"ARI","playerName":"M.Adams","statId":79,"yards":0}]}},"3111":{"sp":0,"qtr":4,"down":1,"time":"13:41","yrdln":"ARI 12","ydstogo":10,"ydsnet":42,"posteam":"SF","desc":"(13:41) B.Westbrook left tackle to ARI 8 for 4 yards (T.McBride, G.Hayes).","note":null,"players":{"00-0025608":[{"sequence":2,"clubcode":"ARI","playerName":"T.McBride","statId":80,"yards":0}],"00-0021941":[{"sequence":3,"clubcode":"ARI","playerName":"G.Hayes","statId":82,"yards":0}],"00-0021216":[{"sequence":1,"clubcode":"SF","playerName":"B.Westbrook","statId":10,"yards":4}]}},"3132":{"sp":0,"qtr":4,"down":2,"time":"12:57","yrdln":"ARI 8","ydstogo":6,"ydsnet":42,"posteam":"SF","desc":"(12:57) T.Smith pass incomplete short right to V.Davis.","note":null,"players":{"00-0025561":[{"sequence":1,"clubcode":"SF","playerName":"T.Smith","statId":14,"yards":0},{"sequence":3,"clubcode":"SF","playerName":"T.Smith","statId":112,"yards":8}],"00-0024221":[{"sequence":2,"clubcode":"SF","playerName":"V.Davis","statId":115,"yards":0}]}},"3154":{"sp":0,"qtr":4,"down":3,"time":"12:51","yrdln":"ARI 8","ydstogo":6,"ydsnet":42,"posteam":"SF","desc":"(12:51) T.Smith sacked at ARI 17 for -9 yards (P.Lenon). FUMBLES (P.Lenon), RECOVERED by ARI-K.Rhodes at ARI 15. K.Rhodes to ARI 22 for 7 yards (D.Zeigler). San Francisco challenged the backward pass ruling, and the play was REVERSED. T.Smith pass incomplete short right [P.Lenon]. No penalty for intentional grounding because play originally ruled a backward pass.","note":null,"players":{"00-0019104":[{"sequence":3,"clubcode":"ARI","playerName":"P.Lenon","statId":110,"yards":0}],"00-0025561":[{"sequence":2,"clubcode":"SF","playerName":"T.Smith","statId":14,"yards":0},{"sequence":4,"clubcode":"SF","playerName":"T.Smith","statId":112,"yards":-7}],"0":[{"sequence":1,"clubcode":"SF","playerName":"","statId":7,"yards":0}]}},"3184":{"sp":0,"qtr":4,"down":0,"time":"12:48","yrdln":"","ydstogo":0,"ydsnet":42,"posteam":"","desc":"Timeout at 12:48.","note":"Timeout","players":{}},"3201":{"sp":1,"qtr":4,"down":4,"time":"12:48","yrdln":"ARI 8","ydstogo":6,"ydsnet":42,"posteam":"SF","desc":"(12:48) S.Andrus 26 yard field goal is GOOD, Center-B.Jennings, Holder-A.Lee.","note":"FG","players":{"00-0023728":[{"sequence":1,"clubcode":"SF","playerName":"S.Andrus","statId":70,"yards":26}]}}},"fds":3,"result":"Field Goal","penyds":0,"ydsgained":42,"numplays":13,"postime":"4:03","start":{"qtr":3,"time":"01:46","yrdln":"50","team":"SF"},"end":{"qtr":3,"time":"12:43","yrdln":"ARI 8","team":"SF"}},"20":{"posteam":"ARI","qtr":4,"redzone":true,"plays":{"3319":{"sp":0,"qtr":4,"down":0,"time":"12:43","yrdln":"SF 30","ydstogo":0,"ydsnet":0,"posteam":"SF","desc":"S.Andrus kicks 68 yards from SF 30 to ARI 2. L.Stephens-Howling to ARI 27 for 25 yards (C.Spillman).","note":"KICKOFF","players":{"00-0023728":[{"sequence":1,"clubcode":"SF","playerName":"S.Andrus","statId":41,"yards":68}],"00-0026758":[{"sequence":3,"clubcode":"SF","playerName":"C.Spillman","statId":79,"yards":0}],"00-0026956":[{"sequence":2,"clubcode":"ARI","playerName":"L.Stephens-Howling","statId":45,"yards":25}]}},"3345":{"sp":0,"qtr":4,"down":0,"time":"12:34","yrdln":"","ydstogo":0,"ydsnet":0,"posteam":"","desc":"Timeout at 12:34.","note":"Timeout","players":{}},"3362":{"sp":0,"qtr":4,"down":1,"time":"12:34","yrdln":"ARI 27","ydstogo":10,"ydsnet":6,"posteam":"ARI","desc":"(12:34) (Shotgun) D.Anderson pass short right to L.Fitzgerald to ARI 33 for 6 yards (T.Brown).","note":null,"players":{"00-0022921":[{"sequence":3,"clubcode":"ARI","playerName":"L.Fitzgerald","statId":21,"yards":6},{"sequence":4,"clubcode":"ARI","playerName":"L.Fitzgerald","statId":115,"yards":0},{"sequence":5,"clubcode":"ARI","playerName":"L.Fitzgerald","statId":113,"yards":2}],"00-0023645":[{"sequence":1,"clubcode":"ARI","playerName":"D.Anderson","statId":15,"yards":6},{"sequence":2,"clubcode":"ARI","playerName":"D.Anderson","statId":111,"yards":4}],"00-0025534":[{"sequence":6,"clubcode":"SF","playerName":"T.Brown","statId":79,"yards":0}]}},"3386":{"sp":0,"qtr":4,"down":2,"time":"12:04","yrdln":"ARI 33","ydstogo":4,"ydsnet":14,"posteam":"ARI","desc":"(12:04) (No Huddle, Shotgun) D.Anderson pass short right to L.Stephens-Howling ran ob at ARI 41 for 8 yards.","note":null,"players":{"0":[{"sequence":1,"clubcode":"ARI","playerName":"","statId":4,"yards":0}],"00-0023645":[{"sequence":2,"clubcode":"ARI","playerName":"D.Anderson","statId":15,"yards":8},{"sequence":3,"clubcode":"ARI","playerName":"D.Anderson","statId":111,"yards":6}],"00-0026956":[{"sequence":4,"clubcode":"ARI","playerName":"L.Stephens-Howling","statId":21,"yards":8},{"sequence":5,"clubcode":"ARI","playerName":"L.Stephens-Howling","statId":115,"yards":0},{"sequence":6,"clubcode":"ARI","playerName":"L.Stephens-Howling","statId":113,"yards":2}]}},"3415":{"sp":0,"qtr":4,"down":1,"time":"11:41","yrdln":"ARI 41","ydstogo":10,"ydsnet":20,"posteam":"ARI","desc":"(11:41) (No Huddle, Shotgun) D.Anderson pass short left to E.Doucet to ARI 47 for 6 yards (T.Brown).","note":null,"players":{"00-0026221":[{"sequence":3,"clubcode":"ARI","playerName":"E.Doucet","statId":21,"yards":6},{"sequence":4,"clubcode":"ARI","playerName":"E.Doucet","statId":115,"yards":0},{"sequence":5,"clubcode":"ARI","playerName":"E.Doucet","statId":113,"yards":0}],"00-0023645":[{"sequence":1,"clubcode":"ARI","playerName":"D.Anderson","statId":15,"yards":6},{"sequence":2,"clubcode":"ARI","playerName":"D.Anderson","statId":111,"yards":6}],"00-0025534":[{"sequence":6,"clubcode":"SF","playerName":"T.Brown","statId":79,"yards":0}]}},"3439":{"sp":0,"qtr":4,"down":2,"time":"11:14","yrdln":"ARI 47","ydstogo":4,"ydsnet":40,"posteam":"ARI","desc":"(11:14) (No Huddle, Shotgun) D.Anderson pass deep right to E.Doucet to SF 33 for 20 yards (P.Adams).","note":null,"players":{"00-0027610":[{"sequence":7,"clubcode":"SF","playerName":"P.Adams","statId":79,"yards":0}],"00-0026221":[{"sequence":4,"clubcode":"ARI","playerName":"E.Doucet","statId":21,"yards":20},{"sequence":5,"clubcode":"ARI","playerName":"E.Doucet","statId":115,"yards":0},{"sequence":6,"clubcode":"ARI","playerName":"E.Doucet","statId":113,"yards":2}],"0":[{"sequence":1,"clubcode":"ARI","playerName":"","statId":4,"yards":0}],"00-0023645":[{"sequence":2,"clubcode":"ARI","playerName":"D.Anderson","statId":15,"yards":20},{"sequence":3,"clubcode":"ARI","playerName":"D.Anderson","statId":111,"yards":18}]}},"3463":{"sp":0,"qtr":4,"down":1,"time":"10:40","yrdln":"SF 33","ydstogo":10,"ydsnet":47,"posteam":"ARI","desc":"(10:40) (No Huddle, Shotgun) D.Anderson pass short right to S.Breaston ran ob at SF 26 for 7 yards.","note":null,"players":{"00-0025529":[{"sequence":3,"clubcode":"ARI","playerName":"S.Breaston","statId":21,"yards":7},{"sequence":4,"clubcode":"ARI","playerName":"S.Breaston","statId":115,"yards":0},{"sequence":5,"clubcode":"ARI","playerName":"S.Breaston","statId":113,"yards":0}],"00-0023645":[{"sequence":1,"clubcode":"ARI","playerName":"D.Anderson","statId":15,"yards":7},{"sequence":2,"clubcode":"ARI","playerName":"D.Anderson","statId":111,"yards":7}]}},"3487":{"sp":0,"qtr":4,"down":2,"time":"10:04","yrdln":"SF 26","ydstogo":3,"ydsnet":59,"posteam":"ARI","desc":"(10:04) (Shotgun) D.Anderson pass short middle to A.Roberts to SF 14 for 12 yards (P.Willis).","note":null,"players":{"00-0027691":[{"sequence":4,"clubcode":"ARI","playerName":"A.Roberts","statId":21,"yards":12},{"sequence":5,"clubcode":"ARI","playerName":"A.Roberts","statId":115,"yards":0},{"sequence":6,"clubcode":"ARI","playerName":"A.Roberts","statId":113,"yards":7}],"00-0025398":[{"sequence":7,"clubcode":"SF","playerName":"P.Willis","statId":79,"yards":0}],"0":[{"sequence":1,"clubcode":"ARI","playerName":"","statId":4,"yards":0}],"00-0023645":[{"sequence":2,"clubcode":"ARI","playerName":"D.Anderson","statId":15,"yards":12},{"sequence":3,"clubcode":"ARI","playerName":"D.Anderson","statId":111,"yards":5}]}},"3511":{"sp":0,"qtr":4,"down":1,"time":"09:35","yrdln":"SF 14","ydstogo":10,"ydsnet":59,"posteam":"ARI","desc":"(9:35) (No Huddle, Shotgun) D.Anderson pass incomplete short left to E.Doucet (M.Lawson).","note":null,"players":{"00-0024237":[{"sequence":3,"clubcode":"SF","playerName":"M.Lawson","statId":85,"yards":0}],"00-0026221":[{"sequence":2,"clubcode":"ARI","playerName":"E.Doucet","statId":115,"yards":0}],"00-0023645":[{"sequence":1,"clubcode":"ARI","playerName":"D.Anderson","statId":14,"yards":0},{"sequence":4,"clubcode":"ARI","playerName":"D.Anderson","statId":112,"yards":6}]}},"3533":{"sp":0,"qtr":4,"down":2,"time":"09:30","yrdln":"SF 14","ydstogo":10,"ydsnet":59,"posteam":"ARI","desc":"(9:30) (Shotgun) D.Anderson pass incomplete short middle to L.Fitzgerald (J.Smith).","note":null,"players":{"00-0022921":[{"sequence":2,"clubcode":"ARI","playerName":"L.Fitzgerald","statId":115,"yards":0}],"00-0020535":[{"sequence":3,"clubcode":"SF","playerName":"J.Smith","statId":85,"yards":0}],"00-0023645":[{"sequence":1,"clubcode":"ARI","playerName":"D.Anderson","statId":14,"yards":0},{"sequence":4,"clubcode":"ARI","playerName":"D.Anderson","statId":112,"yards":4}]}},"3555":{"sp":0,"qtr":4,"down":3,"time":"09:25","yrdln":"SF 14","ydstogo":10,"ydsnet":59,"posteam":"ARI","desc":"(9:25) (Shotgun) D.Anderson pass incomplete short left to L.Fitzgerald.","note":null,"players":{"00-0022921":[{"sequence":3,"clubcode":"ARI","playerName":"L.Fitzgerald","statId":115,"yards":0}],"0":[{"sequence":1,"clubcode":"ARI","playerName":"","statId":7,"yards":0}],"00-0023645":[{"sequence":2,"clubcode":"ARI","playerName":"D.Anderson","statId":14,"yards":0},{"sequence":4,"clubcode":"ARI","playerName":"D.Anderson","statId":112,"yards":14}]}},"3577":{"sp":0,"qtr":4,"down":4,"time":"09:19","yrdln":"SF 14","ydstogo":10,"ydsnet":59,"posteam":"ARI","desc":"(9:19) (Shotgun) D.Anderson pass incomplete short middle to E.Doucet (N.Clements).","note":null,"players":{"00-0020495":[{"sequence":4,"clubcode":"SF","playerName":"N.Clements","statId":85,"yards":0}],"00-0026221":[{"sequence":3,"clubcode":"ARI","playerName":"E.Doucet","statId":115,"yards":0}],"0":[{"sequence":1,"clubcode":"ARI","playerName":"","statId":9,"yards":0}],"00-0023645":[{"sequence":2,"clubcode":"ARI","playerName":"D.Anderson","statId":14,"yards":0},{"sequence":5,"clubcode":"ARI","playerName":"D.Anderson","statId":112,"yards":14}]}}},"fds":3,"result":"Downs","penyds":0,"ydsgained":59,"numplays":12,"postime":"3:29","start":{"qtr":4,"time":"12:43","yrdln":"ARI 27","team":"ARI"},"end":{"qtr":4,"time":"09:14","yrdln":"SF 14","team":"ARI"}},"21":{"posteam":"SF","qtr":4,"redzone":true,"plays":{"3617":{"sp":0,"qtr":4,"down":1,"time":"09:14","yrdln":"SF 14","ydstogo":10,"ydsnet":4,"posteam":"SF","desc":"(9:14) A.Dixon up the middle to SF 18 for 4 yards (D.Williams, D.Dockett).","note":null,"players":{"00-0022930":[{"sequence":3,"clubcode":"ARI","playerName":"D.Dockett","statId":82,"yards":0}],"00-0027772":[{"sequence":1,"clubcode":"SF","playerName":"A.Dixon","statId":10,"yards":4}],"00-0027877":[{"sequence":2,"clubcode":"ARI","playerName":"D.Williams","statId":80,"yards":0}]}},"3638":{"sp":0,"qtr":4,"down":2,"time":"08:35","yrdln":"SF 18","ydstogo":6,"ydsnet":7,"posteam":"SF","desc":"(8:35) A.Dixon left tackle to SF 21 for 3 yards (D.Williams).","note":null,"players":{"00-0027772":[{"sequence":1,"clubcode":"SF","playerName":"A.Dixon","statId":10,"yards":3}],"00-0027877":[{"sequence":2,"clubcode":"ARI","playerName":"D.Williams","statId":79,"yards":0}]}},"3659":{"sp":0,"qtr":4,"down":3,"time":"07:50","yrdln":"SF 21","ydstogo":3,"ydsnet":14,"posteam":"SF","desc":"(7:50) A.Dixon right end to SF 28 for 7 yards (G.Hayes).","note":null,"players":{"00-0027772":[{"sequence":3,"clubcode":"SF","playerName":"A.Dixon","statId":10,"yards":7}],"0":[{"sequence":1,"clubcode":"SF","playerName":"","statId":3,"yards":0},{"sequence":2,"clubcode":"SF","playerName":"","statId":6,"yards":0}],"00-0021941":[{"sequence":4,"clubcode":"ARI","playerName":"G.Hayes","statId":79,"yards":0}]}},"3680":{"sp":0,"qtr":4,"down":0,"time":"07:24","yrdln":"","ydstogo":0,"ydsnet":14,"posteam":"","desc":"Timeout at 07:24.","note":"Timeout","players":{}},"3697":{"sp":0,"qtr":4,"down":1,"time":"07:09","yrdln":"SF 28","ydstogo":10,"ydsnet":23,"posteam":"SF","desc":"(7:09) A.Dixon right tackle to SF 37 for 9 yards (K.Rhodes).","note":null,"players":{"00-0027772":[{"sequence":1,"clubcode":"SF","playerName":"A.Dixon","statId":10,"yards":9}],"00-0023557":[{"sequence":2,"clubcode":"ARI","playerName":"K.Rhodes","statId":79,"yards":0}]}},"3718":{"sp":0,"qtr":4,"down":2,"time":"06:24","yrdln":"SF 37","ydstogo":1,"ydsnet":8,"posteam":"SF","desc":"(6:24) T.Smith FUMBLES (Aborted) at SF 35, recovered by SF-A.Dixon at SF 36. A.Dixon to SF 36 for no gain (A.Branch).","note":"FUMBLE","players":{"00-0025561":[{"sequence":1,"clubcode":"SF","playerName":"T.Smith","statId":10,"yards":0},{"sequence":2,"clubcode":"SF","playerName":"T.Smith","statId":57,"yards":-1},{"sequence":3,"clubcode":"SF","playerName":"T.Smith","statId":53,"yards":0}],"00-0027772":[{"sequence":4,"clubcode":"SF","playerName":"A.Dixon","statId":55,"yards":0}],"00-0025420":[{"sequence":5,"clubcode":"ARI","playerName":"A.Branch","statId":79,"yards":0},{"sequence":6,"clubcode":"ARI","playerName":"A.Branch","statId":120,"yards":0}]}},"3745":{"sp":0,"qtr":4,"down":3,"time":"05:38","yrdln":"SF 36","ydstogo":2,"ydsnet":12,"posteam":"SF","desc":"(5:38) B.Westbrook right end to SF 42 for 6 yards (D.Washington). PENALTY on SF-A.Davis, Offensive Holding, 10 yards, enforced at SF 36 - No Play.","note":"PENALTY","players":{"00-0027863":[{"sequence":1,"clubcode":"SF","playerName":"A.Davis","statId":93,"yards":10}]}},"3783":{"sp":0,"qtr":4,"down":3,"time":"05:19","yrdln":"SF 26","ydstogo":12,"ydsnet":13,"posteam":"SF","desc":"(5:19) B.Westbrook left tackle to SF 27 for 1 yard (D.Williams).","note":null,"players":{"0":[{"sequence":1,"clubcode":"SF","playerName":"","statId":7,"yards":0}],"00-0027877":[{"sequence":3,"clubcode":"ARI","playerName":"D.Williams","statId":79,"yards":0}],"00-0021216":[{"sequence":2,"clubcode":"SF","playerName":"B.Westbrook","statId":10,"yards":1}]}},"3804":{"sp":0,"qtr":4,"down":4,"time":"04:32","yrdln":"SF 27","ydstogo":11,"ydsnet":8,"posteam":"SF","desc":"(4:32) (Punt formation) PENALTY on SF-A.Brooks, False Start, 5 yards, enforced at SF 27 - No Play.","note":"PENALTY","players":{"00-0024495":[{"sequence":1,"clubcode":"SF","playerName":"A.Brooks","statId":93,"yards":5}]}},"3831":{"sp":0,"qtr":4,"down":4,"time":"04:31","yrdln":"SF 22","ydstogo":16,"ydsnet":8,"posteam":"SF","desc":"(4:31) A.Lee punts 54 yards to ARI 24, Center-B.Jennings. A.Roberts to ARI 32 for 8 yards (C.Spillman).","note":"PUNT","players":{"00-0027691":[{"sequence":2,"clubcode":"ARI","playerName":"A.Roberts","statId":33,"yards":8}],"00-0026758":[{"sequence":3,"clubcode":"SF","playerName":"C.Spillman","statId":79,"yards":0}],"00-0022824":[{"sequence":1,"clubcode":"SF","playerName":"A.Lee","statId":29,"yards":54}]}}},"fds":1,"result":"Punt","penyds":-15,"ydsgained":23,"numplays":10,"postime":"4:56","start":{"qtr":4,"time":"09:14","yrdln":"SF 14","team":"SF"},"end":{"qtr":4,"time":"04:18","yrdln":"SF 22","team":"SF"}},"22":{"posteam":"ARI","qtr":4,"redzone":true,"plays":{"3857":{"sp":0,"qtr":4,"down":1,"time":"04:18","yrdln":"ARI 32","ydstogo":10,"ydsnet":0,"posteam":"ARI","desc":"(4:18) D.Anderson pass incomplete short left to L.Fitzgerald.","note":null,"players":{"00-0022921":[{"sequence":2,"clubcode":"ARI","playerName":"L.Fitzgerald","statId":115,"yards":0}],"00-0023645":[{"sequence":1,"clubcode":"ARI","playerName":"D.Anderson","statId":14,"yards":0},{"sequence":3,"clubcode":"ARI","playerName":"D.Anderson","statId":112,"yards":14}]}},"3879":{"sp":0,"qtr":4,"down":2,"time":"04:12","yrdln":"ARI 32","ydstogo":10,"ydsnet":0,"posteam":"ARI","desc":"(4:12) (No Huddle, Shotgun) D.Anderson pass incomplete short right to T.Hightower (P.Willis).","note":null,"players":{"00-0025398":[{"sequence":3,"clubcode":"SF","playerName":"P.Willis","statId":85,"yards":0}],"00-0023645":[{"sequence":1,"clubcode":"ARI","playerName":"D.Anderson","statId":14,"yards":0},{"sequence":4,"clubcode":"ARI","playerName":"D.Anderson","statId":112,"yards":6}],"00-0026289":[{"sequence":2,"clubcode":"ARI","playerName":"T.Hightower","statId":115,"yards":0}]}},"3901":{"sp":0,"qtr":4,"down":3,"time":"04:07","yrdln":"ARI 32","ydstogo":10,"ydsnet":0,"posteam":"ARI","desc":"(4:07) (Shotgun) D.Anderson pass incomplete short right to S.Breaston.","note":null,"players":{"00-0025529":[{"sequence":3,"clubcode":"ARI","playerName":"S.Breaston","statId":115,"yards":0}],"0":[{"sequence":1,"clubcode":"ARI","playerName":"","statId":7,"yards":0}],"00-0023645":[{"sequence":2,"clubcode":"ARI","playerName":"D.Anderson","statId":14,"yards":0},{"sequence":4,"clubcode":"ARI","playerName":"D.Anderson","statId":112,"yards":15}]}},"3923":{"sp":0,"qtr":4,"down":4,"time":"04:01","yrdln":"ARI 32","ydstogo":10,"ydsnet":0,"posteam":"ARI","desc":"(4:01) B.Graham punts 42 yards to SF 26, Center-M.Leach, fair catch by T.Ginn.","note":"PUNT","players":{"00-0025396":[{"sequence":2,"clubcode":"SF","playerName":"T.Ginn","statId":39,"yards":0}],"00-0022954":[{"sequence":1,"clubcode":"ARI","playerName":"B.Graham","statId":29,"yards":42}]}}},"fds":0,"result":"Punt","penyds":0,"ydsgained":0,"numplays":4,"postime":"0:25","start":{"qtr":4,"time":"04:18","yrdln":"ARI 32","team":"ARI"},"end":{"qtr":4,"time":"03:53","yrdln":"ARI 32","team":"ARI"}},"23":{"posteam":"SF","qtr":4,"redzone":true,"plays":{"3943":{"sp":0,"qtr":4,"down":1,"time":"03:53","yrdln":"SF 26","ydstogo":10,"ydsnet":4,"posteam":"SF","desc":"(3:53) A.Dixon up the middle to SF 30 for 4 yards (A.Wilson).","note":null,"players":{"00-0027772":[{"sequence":1,"clubcode":"SF","playerName":"A.Dixon","statId":10,"yards":4}],"00-0020505":[{"sequence":2,"clubcode":"ARI","playerName":"A.Wilson","statId":79,"yards":0}]}},"3964":{"sp":0,"qtr":4,"down":2,"time":"03:10","yrdln":"SF 30","ydstogo":6,"ydsnet":11,"posteam":"SF","desc":"(3:10) A.Dixon right end to SF 37 for 7 yards (D.Washington, M.Adams).","note":null,"players":{"00-0027772":[{"sequence":2,"clubcode":"SF","playerName":"A.Dixon","statId":10,"yards":7}],"00-0027886":[{"sequence":3,"clubcode":"ARI","playerName":"D.Washington","statId":80,"yards":0}],"0":[{"sequence":1,"clubcode":"SF","playerName":"","statId":3,"yards":0}],"00-0025668":[{"sequence":4,"clubcode":"ARI","playerName":"M.Adams","statId":82,"yards":0}]}},"3985":{"sp":0,"qtr":4,"down":1,"time":"02:25","yrdln":"SF 37","ydstogo":10,"ydsnet":14,"posteam":"SF","desc":"(2:25) A.Dixon up the middle to SF 40 for 3 yards (C.Haggans).","note":null,"players":{"00-0027772":[{"sequence":1,"clubcode":"SF","playerName":"A.Dixon","statId":10,"yards":3}],"00-0019538":[{"sequence":2,"clubcode":"ARI","playerName":"C.Haggans","statId":79,"yards":0}]}},"4006":{"sp":0,"qtr":4,"down":0,"time":"02:00","yrdln":"","ydstogo":0,"ydsnet":14,"posteam":"","desc":"Two-Minute Warning","note":null,"players":{}},"4023":{"sp":0,"qtr":4,"down":2,"time":"02:00","yrdln":"SF 40","ydstogo":7,"ydsnet":20,"posteam":"SF","desc":"(2:00) A.Dixon left tackle to SF 46 for 6 yards (D.Washington).","note":null,"players":{"00-0027772":[{"sequence":1,"clubcode":"SF","playerName":"A.Dixon","statId":10,"yards":6}],"00-0027886":[{"sequence":2,"clubcode":"ARI","playerName":"D.Washington","statId":79,"yards":0}]}},"4045":{"sp":0,"qtr":4,"down":3,"time":"01:21","yrdln":"SF 46","ydstogo":1,"ydsnet":22,"posteam":"SF","desc":"(1:21) A.Dixon up the middle to SF 48 for 2 yards (G.Watson, B.Robinson).","note":null,"players":{"00-0027772":[{"sequence":3,"clubcode":"SF","playerName":"A.Dixon","statId":10,"yards":2}],"0":[{"sequence":1,"clubcode":"SF","playerName":"","statId":3,"yards":0},{"sequence":2,"clubcode":"SF","playerName":"","statId":6,"yards":0}],"00-0024322":[{"sequence":4,"clubcode":"ARI","playerName":"G.Watson","statId":80,"yards":0}],"00-0013845":[{"sequence":5,"clubcode":"ARI","playerName":"B.Robinson","statId":82,"yards":0}]}},"4066":{"sp":0,"qtr":4,"down":1,"time":"00:41","yrdln":"SF 48","ydstogo":10,"ydsnet":21,"posteam":"SF","desc":"(:41) T.Smith kneels to SF 47 for -1 yards.","note":null,"players":{"00-0025561":[{"sequence":1,"clubcode":"SF","playerName":"T.Smith","statId":10,"yards":-1}]}},"4087":{"sp":0,"qtr":4,"down":0,"time":"00:00","yrdln":"","ydstogo":0,"ydsnet":21,"posteam":"","desc":"END GAME","note":null,"players":{}}},"fds":2,"result":"End of Game","penyds":0,"ydsgained":21,"numplays":8,"postime":"3:53","start":{"qtr":4,"time":"03:53","yrdln":"SF 26","team":"SF"},"end":{"qtr":4,"time":"00:00","yrdln":"","team":"SF"}},"crntdrv":23},"scrsummary":{"345":{"type":"TD","desc":"M.Crabtree 38 yd. pass from T.Smith (S.Andrus kick is good) Drive: 1 plays, 38 yards in 0:07","qtr":1,"team":"SF","players":{"M.Crabtree":"00-0026986","":"0","T.Smith":"00-0025561","S.Andrus":"00-0023728"}},"573":{"type":"FG","desc":"J.Feely 31 yd. Field Goal Drive: 7 plays, 55 yards in 3:39","qtr":1,"team":"ARI","players":{"J.Feely":"00-0019770"}},"878":{"type":"TD","desc":"A.Dixon 1 yd. run (S.Andrus kick is good) Drive: 10 plays, 55 yards in 5:27","qtr":1,"team":"SF","players":{"A.Dixon":"00-0027772","":"0","S.Andrus":"00-0023728"}},"1400":{"type":"TD","desc":"B.Westbrook 8 yd. run (S.Andrus kick is good) Drive: 6 plays, 42 yards in 2:44","qtr":2,"team":"SF","players":{"B.Westbrook":"00-0021216","":"0","S.Andrus":"00-0023728"}},"1711":{"type":"FG","desc":"J.Feely 39 yd. Field Goal Drive: 10 plays, 40 yards in 5:07","qtr":2,"team":"ARI","players":{"J.Feely":"00-0019770"}},"2690":{"type":"FG","desc":"S.Andrus 38 yd. Field Goal Drive: 7 plays, 44 yards in 3:53","qtr":3,"team":"SF","players":{"S.Andrus":"00-0023728"}},"3201":{"type":"FG","desc":"S.Andrus 26 yd. Field Goal Drive: 11 plays, 42 yards in 4:03","qtr":4,"team":"SF","players":{"S.Andrus":"00-0023728"}}},"weather":null,"media":null,"yl":"","qtr":"Final","note":null,"down":0,"togo":0,"redzone":true,"clock":"00:41","posteam":"SF","stadium":null},"nextupdate":301}